{"type":"FeatureCollection","features":[{"id":"0","type":"Feature","properties":{},"geometry":{"type":"Point","coordinates":[-6.252481,53.34039]}},{"id":"1","type":"Feature","properties":{},"geometry":{"type":"Point","coordinates":[-6.286355,53.403449]}},{"id":"2","type":"Feature","properties":{},"geometry":{"type":"Point","coordinates":[-6.154823,53.364357]}},{"id":"3","type":"Feature","properties":{},"geometry":{"type":"Point","coordinates":[-6.164223,53.387593]}},{"id":"4","type":"Feature","properties":{},"geometry":{"type":"Point","coordinates":[-6.226831,53.360263]}},{"id":"5","type":"Feature","properties":{},"geometry":{"type":"Point","coordinates":[-6.231425,53.33922]}},{"id":"6","type":"Feature","properties":{},"geometry":{"type":"Point","coordinates":[-6.22377,53.396901]}},{"id":"7","type":"Feature","properties":{},"geometry":{"type":"Point","coordinates":[-6.309099,53.384105]}},{"id":"8","type":"Feature","properties":{},"geometry":{"type":"Point","coordinates":[-6.349915,53.359777]}},{"id":"9","type":"Feature","properties":{},"geometry":{"type":"Point","coordinates":[-6.320251,53.330145]}},{"id":"10","type":"Feature","properties":{},"geometry":{"type":"Point","coordinates":[-6.293281,53.378825]}},{"id":"11","type":"Feature","properties":{},"geometry":{"type":"Point","coordinates":[-6.187922,53.339054]}},{"id":"12","type":"Feature","properties":{},"geometry":{"type":"Point","coordinates":[-6.161001,53.386975]}},{"id":"13","type":"Feature","properties":{},"geometry":{"type":"Point","coordinates":[-6.181749,53.369645]}},{"id":"14","type":"Feature","properties":{},"geometry":{"type":"Point","coordinates":[-6.318214,53.32832]}},{"id":"15","type":"Feature","properties":{},"geometry":{"type":"Point","coordinates":[-6.381033,53.343427]}},{"id":"16","type":"Feature","properties":{},"geometry":{"type":"Point","coordinates":[-6.304295,53.382966]}},{"id":"17","type":"Feature","properties":{},"geometry":{"type":"Point","coordinates":[-6.288869,53.301965]}},{"id":"18","type":"Feature","properties":{},"geometry":{"type":"Point","coordinates":[-6.246356,53.367047]}},{"id":"19","type":"Feature","properties":{},"geometry":{"type":"Point","coordinates":[-6.239801,53.354305]}},{"id":"20","type":"Feature","properties":{},"geometry":{"type":"Point","coordinates":[-6.234083,53.342564]}},{"id":"21","type":"Feature","properties":{},"geometry":{"type":"Point","coordinates":[-6.344723,53.340984]}},{"id":"22","type":"Feature","properties":{},"geometry":{"type":"Point","coordinates":[-6.205525,53.366552]}},{"id":"23","type":"Feature","properties":{},"geometry":{"type":"Point","coordinates":[-6.197941,53.402533]}},{"id":"24","type":"Feature","properties":{},"geometry":{"type":"Point","coordinates":[-6.354233,53.341187]}},{"id":"25","type":"Feature","properties":{},"geometry":{"type":"Point","coordinates":[-6.290938,53.323225]}},{"id":"26","type":"Feature","properties":{},"geometry":{"type":"Point","coordinates":[-6.164057,53.382826]}},{"id":"27","type":"Feature","properties":{},"geometry":{"type":"Point","coordinates":[-6.280785,53.334898]}},{"id":"28","type":"Feature","properties":{},"geometry":{"type":"Point","coordinates":[-6.197617,53.342391]}},{"id":"29","type":"Feature","properties":{},"geometry":{"type":"Point","coordinates":[-6.273569,53.397944]}},{"id":"30","type":"Feature","properties":{},"geometry":{"type":"Point","coordinates":[-6.270893,53.405174]}},{"id":"31","type":"Feature","properties":{},"geometry":{"type":"Point","coordinates":[-6.203792,53.37055]}},{"id":"32","type":"Feature","properties":{},"geometry":{"type":"Point","coordinates":[-6.333022,53.352066]}},{"id":"33","type":"Feature","properties":{},"geometry":{"type":"Point","coordinates":[-6.275717,53.399766]}},{"id":"34","type":"Feature","properties":{},"geometry":{"type":"Point","coordinates":[-6.278739,53.382938]}},{"id":"35","type":"Feature","properties":{},"geometry":{"type":"Point","coordinates":[-6.178451,53.364481]}},{"id":"36","type":"Feature","properties":{},"geometry":{"type":"Point","coordinates":[-6.221017,53.379202]}},{"id":"37","type":"Feature","properties":{},"geometry":{"type":"Point","coordinates":[-6.349822,53.361377]}},{"id":"38","type":"Feature","properties":{},"geometry":{"type":"Point","coordinates":[-6.271671,53.349354]}},{"id":"39","type":"Feature","properties":{},"geometry":{"type":"Point","coordinates":[-6.273405,53.322514]}},{"id":"40","type":"Feature","properties":{},"geometry":{"type":"Point","coordinates":[-6.162196,53.38345]}},{"id":"41","type":"Feature","properties":{},"geometry":{"type":"Point","coordinates":[-6.181385,53.388895]}},{"id":"42","type":"Feature","properties":{},"geometry":{"type":"Point","coordinates":[-6.297982,53.355223]}},{"id":"43","type":"Feature","properties":{},"geometry":{"type":"Point","coordinates":[-6.244092,53.312966]}},{"id":"44","type":"Feature","properties":{},"geometry":{"type":"Point","coordinates":[-6.296521,53.340248]}},{"id":"45","type":"Feature","properties":{},"geometry":{"type":"Point","coordinates":[-6.241263,53.370632]}},{"id":"46","type":"Feature","properties":{},"geometry":{"type":"Point","coordinates":[-6.250388,53.358365]}},{"id":"47","type":"Feature","properties":{},"geometry":{"type":"Point","coordinates":[-6.292298,53.374469]}},{"id":"48","type":"Feature","properties":{},"geometry":{"type":"Point","coordinates":[-6.324698,53.357669]}},{"id":"49","type":"Feature","properties":{},"geometry":{"type":"Point","coordinates":[-6.14993,53.405907]}},{"id":"50","type":"Feature","properties":{},"geometry":{"type":"Point","coordinates":[-6.177826,53.378961]}},{"id":"51","type":"Feature","properties":{},"geometry":{"type":"Point","coordinates":[-6.348312,53.369046]}},{"id":"52","type":"Feature","properties":{},"geometry":{"type":"Point","coordinates":[-6.314976,53.371827]}},{"id":"53","type":"Feature","properties":{},"geometry":{"type":"Point","coordinates":[-6.28108,53.315324]}},{"id":"54","type":"Feature","properties":{},"geometry":{"type":"Point","coordinates":[-6.342514,53.361542]}},{"id":"55","type":"Feature","properties":{},"geometry":{"type":"Point","coordinates":[-6.221959,53.391766]}},{"id":"56","type":"Feature","properties":{},"geometry":{"type":"Point","coordinates":[-6.346384,53.356906]}},{"id":"57","type":"Feature","properties":{},"geometry":{"type":"Point","coordinates":[-6.217794,53.369791]}},{"id":"58","type":"Feature","properties":{},"geometry":{"type":"Point","coordinates":[-6.286005,53.314784]}},{"id":"59","type":"Feature","properties":{},"geometry":{"type":"Point","coordinates":[-6.158412,53.364118]}},{"id":"60","type":"Feature","properties":{},"geometry":{"type":"Point","coordinates":[-6.301587,53.361863]}},{"id":"61","type":"Feature","properties":{},"geometry":{"type":"Point","coordinates":[-6.209352,53.311463]}},{"id":"62","type":"Feature","properties":{},"geometry":{"type":"Point","coordinates":[-6.299112,53.357693]}},{"id":"63","type":"Feature","properties":{},"geometry":{"type":"Point","coordinates":[-6.3645,53.338607]}},{"id":"64","type":"Feature","properties":{},"geometry":{"type":"Point","coordinates":[-6.231989,53.327831]}},{"id":"65","type":"Feature","properties":{},"geometry":{"type":"Point","coordinates":[-6.293502,53.366608]}},{"id":"66","type":"Feature","properties":{},"geometry":{"type":"Point","coordinates":[-6.185238,53.38878]}},{"id":"67","type":"Feature","properties":{},"geometry":{"type":"Point","coordinates":[-6.261554,53.382086]}},{"id":"68","type":"Feature","properties":{},"geometry":{"type":"Point","coordinates":[-6.236708,53.355614]}},{"id":"69","type":"Feature","properties":{},"geometry":{"type":"Point","coordinates":[-6.360071,53.343395]}},{"id":"70","type":"Feature","properties":{},"geometry":{"type":"Point","coordinates":[-6.268009,53.389953]}},{"id":"71","type":"Feature","properties":{},"geometry":{"type":"Point","coordinates":[-6.26387,53.387495]}},{"id":"72","type":"Feature","properties":{},"geometry":{"type":"Point","coordinates":[-6.173374,53.356507]}},{"id":"73","type":"Feature","properties":{},"geometry":{"type":"Point","coordinates":[-6.281521,53.305643]}},{"id":"74","type":"Feature","properties":{},"geometry":{"type":"Point","coordinates":[-6.253368,53.376641]}},{"id":"75","type":"Feature","properties":{},"geometry":{"type":"Point","coordinates":[-6.277242,53.307103]}},{"id":"76","type":"Feature","properties":{},"geometry":{"type":"Point","coordinates":[-6.308581,53.350408]}},{"id":"77","type":"Feature","properties":{},"geometry":{"type":"Point","coordinates":[-6.327696,53.333299]}},{"id":"78","type":"Feature","properties":{},"geometry":{"type":"Point","coordinates":[-6.276356,53.393568]}},{"id":"79","type":"Feature","properties":{},"geometry":{"type":"Point","coordinates":[-6.234702,53.380654]}},{"id":"80","type":"Feature","properties":{},"geometry":{"type":"Point","coordinates":[-6.276042,53.391665]}},{"id":"81","type":"Feature","properties":{},"geometry":{"type":"Point","coordinates":[-6.231434,53.352568]}},{"id":"82","type":"Feature","properties":{},"geometry":{"type":"Point","coordinates":[-6.230582,53.331622]}},{"id":"83","type":"Feature","properties":{},"geometry":{"type":"Point","coordinates":[-6.340906,53.366762]}},{"id":"84","type":"Feature","properties":{},"geometry":{"type":"Point","coordinates":[-6.265862,53.31252]}},{"id":"85","type":"Feature","properties":{},"geometry":{"type":"Point","coordinates":[-6.251903,53.375807]}},{"id":"86","type":"Feature","properties":{},"geometry":{"type":"Point","coordinates":[-6.248934,53.366413]}},{"id":"87","type":"Feature","properties":{},"geometry":{"type":"Point","coordinates":[-6.278004,53.405222]}},{"id":"88","type":"Feature","properties":{},"geometry":{"type":"Point","coordinates":[-6.132539,53.379047]}},{"id":"89","type":"Feature","properties":{},"geometry":{"type":"Point","coordinates":[-6.292306,53.367347]}},{"id":"90","type":"Feature","properties":{},"geometry":{"type":"Point","coordinates":[-6.211397,53.372855]}},{"id":"91","type":"Feature","properties":{},"geometry":{"type":"Point","coordinates":[-6.292173,53.326502]}},{"id":"92","type":"Feature","properties":{},"geometry":{"type":"Point","coordinates":[-6.211934,53.369648]}},{"id":"93","type":"Feature","properties":{},"geometry":{"type":"Point","coordinates":[-6.170565,53.407187]}},{"id":"94","type":"Feature","properties":{},"geometry":{"type":"Point","coordinates":[-6.288607,53.322828]}},{"id":"95","type":"Feature","properties":{},"geometry":{"type":"Point","coordinates":[-6.297144,53.395415]}},{"id":"96","type":"Feature","properties":{},"geometry":{"type":"Point","coordinates":[-6.335249,53.346028]}},{"id":"97","type":"Feature","properties":{},"geometry":{"type":"Point","coordinates":[-6.312237,53.343865]}},{"id":"98","type":"Feature","properties":{},"geometry":{"type":"Point","coordinates":[-6.238536,53.320246]}},{"id":"99","type":"Feature","properties":{},"geometry":{"type":"Point","coordinates":[-6.289597,53.310833]}},{"id":"100","type":"Feature","properties":{},"geometry":{"type":"Point","coordinates":[-6.162533,53.365025]}},{"id":"101","type":"Feature","properties":{},"geometry":{"type":"Point","coordinates":[-6.311488,53.318823]}},{"id":"102","type":"Feature","properties":{},"geometry":{"type":"Point","coordinates":[-6.328496,53.359944]}},{"id":"103","type":"Feature","properties":{},"geometry":{"type":"Point","coordinates":[-6.277313,53.381411]}},{"id":"104","type":"Feature","properties":{},"geometry":{"type":"Point","coordinates":[-6.228059,53.339235]}},{"id":"105","type":"Feature","properties":{},"geometry":{"type":"Point","coordinates":[-6.228442,53.394836]}},{"id":"106","type":"Feature","properties":{},"geometry":{"type":"Point","coordinates":[-6.243701,53.363891]}},{"id":"107","type":"Feature","properties":{},"geometry":{"type":"Point","coordinates":[-6.329289,53.35653]}},{"id":"108","type":"Feature","properties":{},"geometry":{"type":"Point","coordinates":[-6.283826,53.332938]}},{"id":"109","type":"Feature","properties":{},"geometry":{"type":"Point","coordinates":[-6.180369,53.368971]}},{"id":"110","type":"Feature","properties":{},"geometry":{"type":"Point","coordinates":[-6.259527,53.326149]}},{"id":"111","type":"Feature","properties":{},"geometry":{"type":"Point","coordinates":[-6.15459,53.399894]}},{"id":"112","type":"Feature","properties":{},"geometry":{"type":"Point","coordinates":[-6.164686,53.396082]}},{"id":"113","type":"Feature","properties":{},"geometry":{"type":"Point","coordinates":[-6.300147,53.389828]}},{"id":"114","type":"Feature","properties":{},"geometry":{"type":"Point","coordinates":[-6.267157,53.32003]}},{"id":"115","type":"Feature","properties":{},"geometry":{"type":"Point","coordinates":[-6.289492,53.308761]}},{"id":"116","type":"Feature","properties":{},"geometry":{"type":"Point","coordinates":[-6.230592,53.32715]}},{"id":"117","type":"Feature","properties":{},"geometry":{"type":"Point","coordinates":[-6.290336,53.325592]}},{"id":"118","type":"Feature","properties":{},"geometry":{"type":"Point","coordinates":[-6.248019,53.395748]}},{"id":"119","type":"Feature","properties":{},"geometry":{"type":"Point","coordinates":[-6.167144,53.372657]}},{"id":"120","type":"Feature","properties":{},"geometry":{"type":"Point","coordinates":[-6.371168,53.3314]}},{"id":"121","type":"Feature","properties":{},"geometry":{"type":"Point","coordinates":[-6.363108,53.344313]}},{"id":"122","type":"Feature","properties":{},"geometry":{"type":"Point","coordinates":[-6.310965,53.389735]}},{"id":"123","type":"Feature","properties":{},"geometry":{"type":"Point","coordinates":[-6.260045,53.381819]}},{"id":"124","type":"Feature","properties":{},"geometry":{"type":"Point","coordinates":[-6.20598,53.353114]}},{"id":"125","type":"Feature","properties":{},"geometry":{"type":"Point","coordinates":[-6.328535,53.335235]}},{"id":"126","type":"Feature","properties":{},"geometry":{"type":"Point","coordinates":[-6.238634,53.345456]}},{"id":"127","type":"Feature","properties":{},"geometry":{"type":"Point","coordinates":[-6.239872,53.316478]}},{"id":"128","type":"Feature","properties":{},"geometry":{"type":"Point","coordinates":[-6.203177,53.361726]}},{"id":"129","type":"Feature","properties":{},"geometry":{"type":"Point","coordinates":[-6.166369,53.38765]}},{"id":"130","type":"Feature","properties":{},"geometry":{"type":"Point","coordinates":[-6.337382,53.360884]}},{"id":"131","type":"Feature","properties":{},"geometry":{"type":"Point","coordinates":[-6.157055,53.398409]}},{"id":"132","type":"Feature","properties":{},"geometry":{"type":"Point","coordinates":[-6.374003,53.341101]}},{"id":"133","type":"Feature","properties":{},"geometry":{"type":"Point","coordinates":[-6.289787,53.34774]}},{"id":"134","type":"Feature","properties":{},"geometry":{"type":"Point","coordinates":[-6.315521,53.360433]}},{"id":"135","type":"Feature","properties":{},"geometry":{"type":"Point","coordinates":[-6.222342,53.34046]}},{"id":"136","type":"Feature","properties":{},"geometry":{"type":"Point","coordinates":[-6.270897,53.323333]}},{"id":"137","type":"Feature","properties":{},"geometry":{"type":"Point","coordinates":[-6.232738,53.386335]}},{"id":"138","type":"Feature","properties":{},"geometry":{"type":"Point","coordinates":[-6.275535,53.372539]}},{"id":"139","type":"Feature","properties":{},"geometry":{"type":"Point","coordinates":[-6.30613,53.376952]}},{"id":"140","type":"Feature","properties":{},"geometry":{"type":"Point","coordinates":[-6.272712,53.399888]}},{"id":"141","type":"Feature","properties":{},"geometry":{"type":"Point","coordinates":[-6.235283,53.362528]}},{"id":"142","type":"Feature","properties":{},"geometry":{"type":"Point","coordinates":[-6.159481,53.385169]}},{"id":"143","type":"Feature","properties":{},"geometry":{"type":"Point","coordinates":[-6.332124,53.322308]}},{"id":"144","type":"Feature","properties":{},"geometry":{"type":"Point","coordinates":[-6.300532,53.397174]}},{"id":"145","type":"Feature","properties":{},"geometry":{"type":"Point","coordinates":[-6.2285,53.381442]}},{"id":"146","type":"Feature","properties":{},"geometry":{"type":"Point","coordinates":[-6.25552,53.326484]}},{"id":"147","type":"Feature","properties":{},"geometry":{"type":"Point","coordinates":[-6.213352,53.367717]}},{"id":"148","type":"Feature","properties":{},"geometry":{"type":"Point","coordinates":[-6.241452,53.323042]}},{"id":"149","type":"Feature","properties":{},"geometry":{"type":"Point","coordinates":[-6.256408,53.326347]}},{"id":"150","type":"Feature","properties":{},"geometry":{"type":"Point","coordinates":[-6.270196,53.400597]}},{"id":"151","type":"Feature","properties":{},"geometry":{"type":"Point","coordinates":[-6.22045,53.320704]}},{"id":"152","type":"Feature","properties":{},"geometry":{"type":"Point","coordinates":[-6.315588,53.316834]}},{"id":"153","type":"Feature","properties":{},"geometry":{"type":"Point","coordinates":[-6.294751,53.372531]}},{"id":"154","type":"Feature","properties":{},"geometry":{"type":"Point","coordinates":[-6.295404,53.369512]}},{"id":"155","type":"Feature","properties":{},"geometry":{"type":"Point","coordinates":[-6.277175,53.318859]}},{"id":"156","type":"Feature","properties":{},"geometry":{"type":"Point","coordinates":[-6.247564,53.339545]}},{"id":"157","type":"Feature","properties":{},"geometry":{"type":"Point","coordinates":[-6.303289,53.322045]}},{"id":"158","type":"Feature","properties":{},"geometry":{"type":"Point","coordinates":[-6.159188,53.370079]}},{"id":"159","type":"Feature","properties":{},"geometry":{"type":"Point","coordinates":[-6.220091,53.405442]}},{"id":"160","type":"Feature","properties":{},"geometry":{"type":"Point","coordinates":[-6.186303,53.366435]}},{"id":"161","type":"Feature","properties":{},"geometry":{"type":"Point","coordinates":[-6.228036,53.363175]}},{"id":"162","type":"Feature","properties":{},"geometry":{"type":"Point","coordinates":[-6.151084,53.387437]}},{"id":"163","type":"Feature","properties":{},"geometry":{"type":"Point","coordinates":[-6.247464,53.315499]}},{"id":"164","type":"Feature","properties":{},"geometry":{"type":"Point","coordinates":[-6.256435,53.368439]}},{"id":"165","type":"Feature","properties":{},"geometry":{"type":"Point","coordinates":[-6.299738,53.349787]}},{"id":"166","type":"Feature","properties":{},"geometry":{"type":"Point","coordinates":[-6.242569,53.362637]}},{"id":"167","type":"Feature","properties":{},"geometry":{"type":"Point","coordinates":[-6.296277,53.331243]}},{"id":"168","type":"Feature","properties":{},"geometry":{"type":"Point","coordinates":[-6.140544,53.377886]}},{"id":"169","type":"Feature","properties":{},"geometry":{"type":"Point","coordinates":[-6.314814,53.39609]}},{"id":"170","type":"Feature","properties":{},"geometry":{"type":"Point","coordinates":[-6.290176,53.312859]}},{"id":"171","type":"Feature","properties":{},"geometry":{"type":"Point","coordinates":[-6.293556,53.351361]}},{"id":"172","type":"Feature","properties":{},"geometry":{"type":"Point","coordinates":[-6.274792,53.402369]}},{"id":"173","type":"Feature","properties":{},"geometry":{"type":"Point","coordinates":[-6.296806,53.366986]}},{"id":"174","type":"Feature","properties":{},"geometry":{"type":"Point","coordinates":[-6.318726,53.381603]}},{"id":"175","type":"Feature","properties":{},"geometry":{"type":"Point","coordinates":[-6.22351,53.395395]}},{"id":"176","type":"Feature","properties":{},"geometry":{"type":"Point","coordinates":[-6.217676,53.356234]}},{"id":"177","type":"Feature","properties":{},"geometry":{"type":"Point","coordinates":[-6.284751,53.333232]}},{"id":"178","type":"Feature","properties":{},"geometry":{"type":"Point","coordinates":[-6.27187,53.402986]}},{"id":"179","type":"Feature","properties":{},"geometry":{"type":"Point","coordinates":[-6.168703,53.399107]}},{"id":"180","type":"Feature","properties":{},"geometry":{"type":"Point","coordinates":[-6.150077,53.38693]}},{"id":"181","type":"Feature","properties":{},"geometry":{"type":"Point","coordinates":[-6.290367,53.311891]}},{"id":"182","type":"Feature","properties":{},"geometry":{"type":"Point","coordinates":[-6.312702,53.386198]}},{"id":"183","type":"Feature","properties":{},"geometry":{"type":"Point","coordinates":[-6.152999,53.36775]}},{"id":"184","type":"Feature","properties":{},"geometry":{"type":"Point","coordinates":[-6.330384,53.376007]}},{"id":"185","type":"Feature","properties":{},"geometry":{"type":"Point","coordinates":[-6.257351,53.386447]}},{"id":"186","type":"Feature","properties":{},"geometry":{"type":"Point","coordinates":[-6.33737,53.348663]}},{"id":"187","type":"Feature","properties":{},"geometry":{"type":"Point","coordinates":[-6.278969,53.354065]}},{"id":"188","type":"Feature","properties":{},"geometry":{"type":"Point","coordinates":[-6.360742,53.337497]}},{"id":"189","type":"Feature","properties":{},"geometry":{"type":"Point","coordinates":[-6.194946,53.378571]}},{"id":"190","type":"Feature","properties":{},"geometry":{"type":"Point","coordinates":[-6.308824,53.323448]}},{"id":"191","type":"Feature","properties":{},"geometry":{"type":"Point","coordinates":[-6.312956,53.320716]}},{"id":"192","type":"Feature","properties":{},"geometry":{"type":"Point","coordinates":[-6.322879,53.370658]}},{"id":"193","type":"Feature","properties":{},"geometry":{"type":"Point","coordinates":[-6.330426,53.341042]}},{"id":"194","type":"Feature","properties":{},"geometry":{"type":"Point","coordinates":[-6.280452,53.398133]}},{"id":"195","type":"Feature","properties":{},"geometry":{"type":"Point","coordinates":[-6.228649,53.39501]}},{"id":"196","type":"Feature","properties":{},"geometry":{"type":"Point","coordinates":[-6.268711,53.313603]}},{"id":"197","type":"Feature","properties":{},"geometry":{"type":"Point","coordinates":[-6.327197,53.36136]}},{"id":"198","type":"Feature","properties":{},"geometry":{"type":"Point","coordinates":[-6.267032,53.344585]}},{"id":"199","type":"Feature","properties":{},"geometry":{"type":"Point","coordinates":[-6.21538,53.346138]}},{"id":"200","type":"Feature","properties":{},"geometry":{"type":"Point","coordinates":[-6.157671,53.398965]}},{"id":"201","type":"Feature","properties":{},"geometry":{"type":"Point","coordinates":[-6.16271,53.38797]}},{"id":"202","type":"Feature","properties":{},"geometry":{"type":"Point","coordinates":[-6.156742,53.395239]}},{"id":"203","type":"Feature","properties":{},"geometry":{"type":"Point","coordinates":[-6.152273,53.395933]}},{"id":"204","type":"Feature","properties":{},"geometry":{"type":"Point","coordinates":[-6.253626,53.329742]}},{"id":"205","type":"Feature","properties":{},"geometry":{"type":"Point","coordinates":[-6.197212,53.40176]}},{"id":"206","type":"Feature","properties":{},"geometry":{"type":"Point","coordinates":[-6.307008,53.375903]}},{"id":"207","type":"Feature","properties":{},"geometry":{"type":"Point","coordinates":[-6.168229,53.400413]}},{"id":"208","type":"Feature","properties":{},"geometry":{"type":"Point","coordinates":[-6.253822,53.321651]}},{"id":"209","type":"Feature","properties":{},"geometry":{"type":"Point","coordinates":[-6.223485,53.354046]}},{"id":"210","type":"Feature","properties":{},"geometry":{"type":"Point","coordinates":[-6.250362,53.363715]}},{"id":"211","type":"Feature","properties":{},"geometry":{"type":"Point","coordinates":[-6.312326,53.320716]}},{"id":"212","type":"Feature","properties":{},"geometry":{"type":"Point","coordinates":[-6.352823,53.362533]}},{"id":"213","type":"Feature","properties":{},"geometry":{"type":"Point","coordinates":[-6.306502,53.32431]}},{"id":"214","type":"Feature","properties":{},"geometry":{"type":"Point","coordinates":[-6.254777,53.327011]}},{"id":"215","type":"Feature","properties":{},"geometry":{"type":"Point","coordinates":[-6.334049,53.368826]}},{"id":"216","type":"Feature","properties":{},"geometry":{"type":"Point","coordinates":[-6.329119,53.335089]}},{"id":"217","type":"Feature","properties":{},"geometry":{"type":"Point","coordinates":[-6.339386,53.322322]}},{"id":"218","type":"Feature","properties":{},"geometry":{"type":"Point","coordinates":[-6.244892,53.316885]}},{"id":"219","type":"Feature","properties":{},"geometry":{"type":"Point","coordinates":[-6.278023,53.37598]}},{"id":"220","type":"Feature","properties":{},"geometry":{"type":"Point","coordinates":[-6.24768,53.355936]}},{"id":"221","type":"Feature","properties":{},"geometry":{"type":"Point","coordinates":[-6.353371,53.357167]}},{"id":"222","type":"Feature","properties":{},"geometry":{"type":"Point","coordinates":[-6.217625,53.382314]}},{"id":"223","type":"Feature","properties":{},"geometry":{"type":"Point","coordinates":[-6.205879,53.406298]}},{"id":"224","type":"Feature","properties":{},"geometry":{"type":"Point","coordinates":[-6.187798,53.359936]}},{"id":"225","type":"Feature","properties":{},"geometry":{"type":"Point","coordinates":[-6.329664,53.364942]}},{"id":"226","type":"Feature","properties":{},"geometry":{"type":"Point","coordinates":[-6.203855,53.368088]}},{"id":"227","type":"Feature","properties":{},"geometry":{"type":"Point","coordinates":[-6.21186,53.398065]}},{"id":"228","type":"Feature","properties":{},"geometry":{"type":"Point","coordinates":[-6.293923,53.317949]}},{"id":"229","type":"Feature","properties":{},"geometry":{"type":"Point","coordinates":[-6.373547,53.336534]}},{"id":"230","type":"Feature","properties":{},"geometry":{"type":"Point","coordinates":[-6.313337,53.334009]}},{"id":"231","type":"Feature","properties":{},"geometry":{"type":"Point","coordinates":[-6.264248,53.3581]}},{"id":"232","type":"Feature","properties":{},"geometry":{"type":"Point","coordinates":[-6.164627,53.380204]}},{"id":"233","type":"Feature","properties":{},"geometry":{"type":"Point","coordinates":[-6.18027,53.396356]}},{"id":"234","type":"Feature","properties":{},"geometry":{"type":"Point","coordinates":[-6.247819,53.353739]}},{"id":"235","type":"Feature","properties":{},"geometry":{"type":"Point","coordinates":[-6.285329,53.33305]}},{"id":"236","type":"Feature","properties":{},"geometry":{"type":"Point","coordinates":[-6.373784,53.340894]}},{"id":"237","type":"Feature","properties":{},"geometry":{"type":"Point","coordinates":[-6.352273,53.334911]}},{"id":"238","type":"Feature","properties":{},"geometry":{"type":"Point","coordinates":[-6.222072,53.327577]}},{"id":"239","type":"Feature","properties":{},"geometry":{"type":"Point","coordinates":[-6.263059,53.306666]}},{"id":"240","type":"Feature","properties":{},"geometry":{"type":"Point","coordinates":[-6.227131,53.391946]}},{"id":"241","type":"Feature","properties":{},"geometry":{"type":"Point","coordinates":[-6.324169,53.366909]}},{"id":"242","type":"Feature","properties":{},"geometry":{"type":"Point","coordinates":[-6.300155,53.372907]}},{"id":"243","type":"Feature","properties":{},"geometry":{"type":"Point","coordinates":[-6.302027,53.322644]}},{"id":"244","type":"Feature","properties":{},"geometry":{"type":"Point","coordinates":[-6.299242,53.32676]}},{"id":"245","type":"Feature","properties":{},"geometry":{"type":"Point","coordinates":[-6.207438,53.323204]}},{"id":"246","type":"Feature","properties":{},"geometry":{"type":"Point","coordinates":[-6.281632,53.327085]}},{"id":"247","type":"Feature","properties":{},"geometry":{"type":"Point","coordinates":[-6.294535,53.321218]}},{"id":"248","type":"Feature","properties":{},"geometry":{"type":"Point","coordinates":[-6.247212,53.318126]}},{"id":"249","type":"Feature","properties":{},"geometry":{"type":"Point","coordinates":[-6.3584,53.34715]}},{"id":"250","type":"Feature","properties":{},"geometry":{"type":"Point","coordinates":[-6.242871,53.398026]}},{"id":"251","type":"Feature","properties":{},"geometry":{"type":"Point","coordinates":[-6.297161,53.328728]}},{"id":"252","type":"Feature","properties":{},"geometry":{"type":"Point","coordinates":[-6.246627,53.365407]}},{"id":"253","type":"Feature","properties":{},"geometry":{"type":"Point","coordinates":[-6.288255,53.334993]}},{"id":"254","type":"Feature","properties":{},"geometry":{"type":"Point","coordinates":[-6.281989,53.323144]}},{"id":"255","type":"Feature","properties":{},"geometry":{"type":"Point","coordinates":[-6.155429,53.401342]}},{"id":"256","type":"Feature","properties":{},"geometry":{"type":"Point","coordinates":[-6.336141,53.364401]}},{"id":"257","type":"Feature","properties":{},"geometry":{"type":"Point","coordinates":[-6.26617,53.343898]}},{"id":"258","type":"Feature","properties":{},"geometry":{"type":"Point","coordinates":[-6.297414,53.364174]}},{"id":"259","type":"Feature","properties":{},"geometry":{"type":"Point","coordinates":[-6.246117,53.373114]}},{"id":"260","type":"Feature","properties":{},"geometry":{"type":"Point","coordinates":[-6.231763,53.402454]}},{"id":"261","type":"Feature","properties":{},"geometry":{"type":"Point","coordinates":[-6.244286,53.352386]}},{"id":"262","type":"Feature","properties":{},"geometry":{"type":"Point","coordinates":[-6.309015,53.3531]}},{"id":"263","type":"Feature","properties":{},"geometry":{"type":"Point","coordinates":[-6.289608,53.382776]}},{"id":"264","type":"Feature","properties":{},"geometry":{"type":"Point","coordinates":[-6.283125,53.405653]}},{"id":"265","type":"Feature","properties":{},"geometry":{"type":"Point","coordinates":[-6.242224,53.337882]}},{"id":"266","type":"Feature","properties":{},"geometry":{"type":"Point","coordinates":[-6.262085,53.331046]}},{"id":"267","type":"Feature","properties":{},"geometry":{"type":"Point","coordinates":[-6.275724,53.391217]}},{"id":"268","type":"Feature","properties":{},"geometry":{"type":"Point","coordinates":[-6.207262,53.379798]}},{"id":"269","type":"Feature","properties":{},"geometry":{"type":"Point","coordinates":[-6.330238,53.327067]}},{"id":"270","type":"Feature","properties":{},"geometry":{"type":"Point","coordinates":[-6.297083,53.333152]}},{"id":"271","type":"Feature","properties":{},"geometry":{"type":"Point","coordinates":[-6.315904,53.393108]}},{"id":"272","type":"Feature","properties":{},"geometry":{"type":"Point","coordinates":[-6.268965,53.321409]}},{"id":"273","type":"Feature","properties":{},"geometry":{"type":"Point","coordinates":[-6.333133,53.321718]}},{"id":"274","type":"Feature","properties":{},"geometry":{"type":"Point","coordinates":[-6.239359,53.389953]}},{"id":"275","type":"Feature","properties":{},"geometry":{"type":"Point","coordinates":[-6.333966,53.323459]}},{"id":"276","type":"Feature","properties":{},"geometry":{"type":"Point","coordinates":[-6.252551,53.328706]}},{"id":"277","type":"Feature","properties":{},"geometry":{"type":"Point","coordinates":[-6.282259,53.38672]}},{"id":"278","type":"Feature","properties":{},"geometry":{"type":"Point","coordinates":[-6.219471,53.391714]}},{"id":"279","type":"Feature","properties":{},"geometry":{"type":"Point","coordinates":[-6.272653,53.376561]}},{"id":"280","type":"Feature","properties":{},"geometry":{"type":"Point","coordinates":[-6.25525,53.316829]}},{"id":"281","type":"Feature","properties":{},"geometry":{"type":"Point","coordinates":[-6.248846,53.396535]}},{"id":"282","type":"Feature","properties":{},"geometry":{"type":"Point","coordinates":[-6.350481,53.345763]}},{"id":"283","type":"Feature","properties":{},"geometry":{"type":"Point","coordinates":[-6.209947,53.321169]}},{"id":"284","type":"Feature","properties":{},"geometry":{"type":"Point","coordinates":[-6.216434,53.333358]}},{"id":"285","type":"Feature","properties":{},"geometry":{"type":"Point","coordinates":[-6.181434,53.394038]}},{"id":"286","type":"Feature","properties":{},"geometry":{"type":"Point","coordinates":[-6.319736,53.344103]}},{"id":"287","type":"Feature","properties":{},"geometry":{"type":"Point","coordinates":[-6.186856,53.389698]}},{"id":"288","type":"Feature","properties":{},"geometry":{"type":"Point","coordinates":[-6.158185,53.399078]}},{"id":"289","type":"Feature","properties":{},"geometry":{"type":"Point","coordinates":[-6.165962,53.395148]}},{"id":"290","type":"Feature","properties":{},"geometry":{"type":"Point","coordinates":[-6.273263,53.350971]}},{"id":"291","type":"Feature","properties":{},"geometry":{"type":"Point","coordinates":[-6.190295,53.346186]}},{"id":"292","type":"Feature","properties":{},"geometry":{"type":"Point","coordinates":[-6.256884,53.32922]}},{"id":"293","type":"Feature","properties":{},"geometry":{"type":"Point","coordinates":[-6.238589,53.35698]}},{"id":"294","type":"Feature","properties":{},"geometry":{"type":"Point","coordinates":[-6.289419,53.376168]}},{"id":"295","type":"Feature","properties":{},"geometry":{"type":"Point","coordinates":[-6.340938,53.35502]}},{"id":"296","type":"Feature","properties":{},"geometry":{"type":"Point","coordinates":[-6.229228,53.365299]}},{"id":"297","type":"Feature","properties":{},"geometry":{"type":"Point","coordinates":[-6.224616,53.331487]}},{"id":"298","type":"Feature","properties":{},"geometry":{"type":"Point","coordinates":[-6.220324,53.404478]}},{"id":"299","type":"Feature","properties":{},"geometry":{"type":"Point","coordinates":[-6.293275,53.361386]}},{"id":"300","type":"Feature","properties":{},"geometry":{"type":"Point","coordinates":[-6.278812,53.37346]}},{"id":"301","type":"Feature","properties":{},"geometry":{"type":"Point","coordinates":[-6.157871,53.398119]}},{"id":"302","type":"Feature","properties":{},"geometry":{"type":"Point","coordinates":[-6.1969,53.368757]}},{"id":"303","type":"Feature","properties":{},"geometry":{"type":"Point","coordinates":[-6.221043,53.371287]}},{"id":"304","type":"Feature","properties":{},"geometry":{"type":"Point","coordinates":[-6.365689,53.336052]}},{"id":"305","type":"Feature","properties":{},"geometry":{"type":"Point","coordinates":[-6.299286,53.325681]}},{"id":"306","type":"Feature","properties":{},"geometry":{"type":"Point","coordinates":[-6.158047,53.396232]}},{"id":"307","type":"Feature","properties":{},"geometry":{"type":"Point","coordinates":[-6.30717,53.340164]}},{"id":"308","type":"Feature","properties":{},"geometry":{"type":"Point","coordinates":[-6.328986,53.348252]}},{"id":"309","type":"Feature","properties":{},"geometry":{"type":"Point","coordinates":[-6.24509,53.368823]}},{"id":"310","type":"Feature","properties":{},"geometry":{"type":"Point","coordinates":[-6.266948,53.39977]}},{"id":"311","type":"Feature","properties":{},"geometry":{"type":"Point","coordinates":[-6.355262,53.347056]}},{"id":"312","type":"Feature","properties":{},"geometry":{"type":"Point","coordinates":[-6.206587,53.361107]}},{"id":"313","type":"Feature","properties":{},"geometry":{"type":"Point","coordinates":[-6.211075,53.385719]}},{"id":"314","type":"Feature","properties":{},"geometry":{"type":"Point","coordinates":[-6.33284,53.361173]}},{"id":"315","type":"Feature","properties":{},"geometry":{"type":"Point","coordinates":[-6.232136,53.346357]}},{"id":"316","type":"Feature","properties":{},"geometry":{"type":"Point","coordinates":[-6.285158,53.313023]}},{"id":"317","type":"Feature","properties":{},"geometry":{"type":"Point","coordinates":[-6.283703,53.360827]}},{"id":"318","type":"Feature","properties":{},"geometry":{"type":"Point","coordinates":[-6.279942,53.316061]}},{"id":"319","type":"Feature","properties":{},"geometry":{"type":"Point","coordinates":[-6.307334,53.361008]}},{"id":"320","type":"Feature","properties":{},"geometry":{"type":"Point","coordinates":[-6.188295,53.369033]}},{"id":"321","type":"Feature","properties":{},"geometry":{"type":"Point","coordinates":[-6.349739,53.330698]}},{"id":"322","type":"Feature","properties":{},"geometry":{"type":"Point","coordinates":[-6.195899,53.402129]}},{"id":"323","type":"Feature","properties":{},"geometry":{"type":"Point","coordinates":[-6.253606,53.316162]}},{"id":"324","type":"Feature","properties":{},"geometry":{"type":"Point","coordinates":[-6.306697,53.365371]}},{"id":"325","type":"Feature","properties":{},"geometry":{"type":"Point","coordinates":[-6.313868,53.34501]}},{"id":"326","type":"Feature","properties":{},"geometry":{"type":"Point","coordinates":[-6.330383,53.322018]}},{"id":"327","type":"Feature","properties":{},"geometry":{"type":"Point","coordinates":[-6.288252,53.308766]}},{"id":"328","type":"Feature","properties":{},"geometry":{"type":"Point","coordinates":[-6.325068,53.371013]}},{"id":"329","type":"Feature","properties":{},"geometry":{"type":"Point","coordinates":[-6.209496,53.348143]}},{"id":"330","type":"Feature","properties":{},"geometry":{"type":"Point","coordinates":[-6.17772,53.405139]}},{"id":"331","type":"Feature","properties":{},"geometry":{"type":"Point","coordinates":[-6.316363,53.398771]}},{"id":"332","type":"Feature","properties":{},"geometry":{"type":"Point","coordinates":[-6.337035,53.354341]}},{"id":"333","type":"Feature","properties":{},"geometry":{"type":"Point","coordinates":[-6.267531,53.360251]}},{"id":"334","type":"Feature","properties":{},"geometry":{"type":"Point","coordinates":[-6.258554,53.397512]}},{"id":"335","type":"Feature","properties":{},"geometry":{"type":"Point","coordinates":[-6.17086,53.403681]}},{"id":"336","type":"Feature","properties":{},"geometry":{"type":"Point","coordinates":[-6.301056,53.351084]}},{"id":"337","type":"Feature","properties":{},"geometry":{"type":"Point","coordinates":[-6.242729,53.372085]}},{"id":"338","type":"Feature","properties":{},"geometry":{"type":"Point","coordinates":[-6.196711,53.352306]}},{"id":"339","type":"Feature","properties":{},"geometry":{"type":"Point","coordinates":[-6.313161,53.369754]}},{"id":"340","type":"Feature","properties":{},"geometry":{"type":"Point","coordinates":[-6.250158,53.393015]}},{"id":"341","type":"Feature","properties":{},"geometry":{"type":"Point","coordinates":[-6.29238,53.342418]}},{"id":"342","type":"Feature","properties":{},"geometry":{"type":"Point","coordinates":[-6.309297,53.341728]}},{"id":"343","type":"Feature","properties":{},"geometry":{"type":"Point","coordinates":[-6.200516,53.405024]}},{"id":"344","type":"Feature","properties":{},"geometry":{"type":"Point","coordinates":[-6.236864,53.366483]}},{"id":"345","type":"Feature","properties":{},"geometry":{"type":"Point","coordinates":[-6.242642,53.326886]}},{"id":"346","type":"Feature","properties":{},"geometry":{"type":"Point","coordinates":[-6.261798,53.343655]}},{"id":"347","type":"Feature","properties":{},"geometry":{"type":"Point","coordinates":[-6.369079,53.34335]}},{"id":"348","type":"Feature","properties":{},"geometry":{"type":"Point","coordinates":[-6.302544,53.315577]}},{"id":"349","type":"Feature","properties":{},"geometry":{"type":"Point","coordinates":[-6.220358,53.376901]}},{"id":"350","type":"Feature","properties":{},"geometry":{"type":"Point","coordinates":[-6.309606,53.385382]}},{"id":"351","type":"Feature","properties":{},"geometry":{"type":"Point","coordinates":[-6.242197,53.32585]}},{"id":"352","type":"Feature","properties":{},"geometry":{"type":"Point","coordinates":[-6.257462,53.336638]}},{"id":"353","type":"Feature","properties":{},"geometry":{"type":"Point","coordinates":[-6.159731,53.390999]}},{"id":"354","type":"Feature","properties":{},"geometry":{"type":"Point","coordinates":[-6.196258,53.382662]}},{"id":"355","type":"Feature","properties":{},"geometry":{"type":"Point","coordinates":[-6.344977,53.358293]}},{"id":"356","type":"Feature","properties":{},"geometry":{"type":"Point","coordinates":[-6.19041,53.374961]}},{"id":"357","type":"Feature","properties":{},"geometry":{"type":"Point","coordinates":[-6.158448,53.388486]}},{"id":"358","type":"Feature","properties":{},"geometry":{"type":"Point","coordinates":[-6.317619,53.368071]}},{"id":"359","type":"Feature","properties":{},"geometry":{"type":"Point","coordinates":[-6.147832,53.384978]}},{"id":"360","type":"Feature","properties":{},"geometry":{"type":"Point","coordinates":[-6.241403,53.328289]}},{"id":"361","type":"Feature","properties":{},"geometry":{"type":"Point","coordinates":[-6.122864,53.379672]}},{"id":"362","type":"Feature","properties":{},"geometry":{"type":"Point","coordinates":[-6.30497,53.383318]}},{"id":"363","type":"Feature","properties":{},"geometry":{"type":"Point","coordinates":[-6.208208,53.389674]}},{"id":"364","type":"Feature","properties":{},"geometry":{"type":"Point","coordinates":[-6.292725,53.345212]}},{"id":"365","type":"Feature","properties":{},"geometry":{"type":"Point","coordinates":[-6.287668,53.386487]}},{"id":"366","type":"Feature","properties":{},"geometry":{"type":"Point","coordinates":[-6.246439,53.331758]}},{"id":"367","type":"Feature","properties":{},"geometry":{"type":"Point","coordinates":[-6.237412,53.395571]}},{"id":"368","type":"Feature","properties":{},"geometry":{"type":"Point","coordinates":[-6.274061,53.39386]}},{"id":"369","type":"Feature","properties":{},"geometry":{"type":"Point","coordinates":[-6.232709,53.320513]}},{"id":"370","type":"Feature","properties":{},"geometry":{"type":"Point","coordinates":[-6.214323,53.336037]}},{"id":"371","type":"Feature","properties":{},"geometry":{"type":"Point","coordinates":[-6.150796,53.382495]}},{"id":"372","type":"Feature","properties":{},"geometry":{"type":"Point","coordinates":[-6.287727,53.326983]}},{"id":"373","type":"Feature","properties":{},"geometry":{"type":"Point","coordinates":[-6.251763,53.335534]}},{"id":"374","type":"Feature","properties":{},"geometry":{"type":"Point","coordinates":[-6.23788,53.348018]}},{"id":"375","type":"Feature","properties":{},"geometry":{"type":"Point","coordinates":[-6.14658,53.383292]}},{"id":"376","type":"Feature","properties":{},"geometry":{"type":"Point","coordinates":[-6.203259,53.370149]}},{"id":"377","type":"Feature","properties":{},"geometry":{"type":"Point","coordinates":[-6.296137,53.311907]}},{"id":"378","type":"Feature","properties":{},"geometry":{"type":"Point","coordinates":[-6.262032,53.312439]}},{"id":"379","type":"Feature","properties":{},"geometry":{"type":"Point","coordinates":[-6.189165,53.377358]}},{"id":"380","type":"Feature","properties":{},"geometry":{"type":"Point","coordinates":[-6.258509,53.379845]}},{"id":"381","type":"Feature","properties":{},"geometry":{"type":"Point","coordinates":[-6.187431,53.38187]}},{"id":"382","type":"Feature","properties":{},"geometry":{"type":"Point","coordinates":[-6.339067,53.337625]}},{"id":"383","type":"Feature","properties":{},"geometry":{"type":"Point","coordinates":[-6.21048,53.371496]}},{"id":"384","type":"Feature","properties":{},"geometry":{"type":"Point","coordinates":[-6.236586,53.342636]}},{"id":"385","type":"Feature","properties":{},"geometry":{"type":"Point","coordinates":[-6.335779,53.350629]}},{"id":"386","type":"Feature","properties":{},"geometry":{"type":"Point","coordinates":[-6.295029,53.387897]}},{"id":"387","type":"Feature","properties":{},"geometry":{"type":"Point","coordinates":[-6.182759,53.397868]}},{"id":"388","type":"Feature","properties":{},"geometry":{"type":"Point","coordinates":[-6.161905,53.378158]}},{"id":"389","type":"Feature","properties":{},"geometry":{"type":"Point","coordinates":[-6.237055,53.358139]}},{"id":"390","type":"Feature","properties":{},"geometry":{"type":"Point","coordinates":[-6.260765,53.399037]}},{"id":"391","type":"Feature","properties":{},"geometry":{"type":"Point","coordinates":[-6.334719,53.337074]}},{"id":"392","type":"Feature","properties":{},"geometry":{"type":"Point","coordinates":[-6.299717,53.39029]}},{"id":"393","type":"Feature","properties":{},"geometry":{"type":"Point","coordinates":[-6.307526,53.313805]}},{"id":"394","type":"Feature","properties":{},"geometry":{"type":"Point","coordinates":[-6.190516,53.404892]}},{"id":"395","type":"Feature","properties":{},"geometry":{"type":"Point","coordinates":[-6.243886,53.391967]}},{"id":"396","type":"Feature","properties":{},"geometry":{"type":"Point","coordinates":[-6.29423,53.310128]}},{"id":"397","type":"Feature","properties":{},"geometry":{"type":"Point","coordinates":[-6.199491,53.38502]}},{"id":"398","type":"Feature","properties":{},"geometry":{"type":"Point","coordinates":[-6.170615,53.374912]}},{"id":"399","type":"Feature","properties":{},"geometry":{"type":"Point","coordinates":[-6.168293,53.360047]}},{"id":"400","type":"Feature","properties":{},"geometry":{"type":"Point","coordinates":[-6.200875,53.371533]}},{"id":"401","type":"Feature","properties":{},"geometry":{"type":"Point","coordinates":[-6.259033,53.396165]}},{"id":"402","type":"Feature","properties":{},"geometry":{"type":"Point","coordinates":[-6.27773,53.39335]}},{"id":"403","type":"Feature","properties":{},"geometry":{"type":"Point","coordinates":[-6.312546,53.377215]}},{"id":"404","type":"Feature","properties":{},"geometry":{"type":"Point","coordinates":[-6.21867,53.403425]}},{"id":"405","type":"Feature","properties":{},"geometry":{"type":"Point","coordinates":[-6.157922,53.38511]}},{"id":"406","type":"Feature","properties":{},"geometry":{"type":"Point","coordinates":[-6.219214,53.407237]}},{"id":"407","type":"Feature","properties":{},"geometry":{"type":"Point","coordinates":[-6.234916,53.347726]}},{"id":"408","type":"Feature","properties":{},"geometry":{"type":"Point","coordinates":[-6.159092,53.39681]}},{"id":"409","type":"Feature","properties":{},"geometry":{"type":"Point","coordinates":[-6.211054,53.375427]}},{"id":"410","type":"Feature","properties":{},"geometry":{"type":"Point","coordinates":[-6.272479,53.379551]}},{"id":"411","type":"Feature","properties":{},"geometry":{"type":"Point","coordinates":[-6.226971,53.335571]}},{"id":"412","type":"Feature","properties":{},"geometry":{"type":"Point","coordinates":[-6.311943,53.384862]}},{"id":"413","type":"Feature","properties":{},"geometry":{"type":"Point","coordinates":[-6.251688,53.326142]}},{"id":"414","type":"Feature","properties":{},"geometry":{"type":"Point","coordinates":[-6.194605,53.396347]}},{"id":"415","type":"Feature","properties":{},"geometry":{"type":"Point","coordinates":[-6.267795,53.350824]}},{"id":"416","type":"Feature","properties":{},"geometry":{"type":"Point","coordinates":[-6.321534,53.368575]}},{"id":"417","type":"Feature","properties":{},"geometry":{"type":"Point","coordinates":[-6.160925,53.393734]}},{"id":"418","type":"Feature","properties":{},"geometry":{"type":"Point","coordinates":[-6.297582,53.384393]}},{"id":"419","type":"Feature","properties":{},"geometry":{"type":"Point","coordinates":[-6.302836,53.362883]}},{"id":"420","type":"Feature","properties":{},"geometry":{"type":"Point","coordinates":[-6.260001,53.326259]}},{"id":"421","type":"Feature","properties":{},"geometry":{"type":"Point","coordinates":[-6.259069,53.309786]}},{"id":"422","type":"Feature","properties":{},"geometry":{"type":"Point","coordinates":[-6.278058,53.389279]}},{"id":"423","type":"Feature","properties":{},"geometry":{"type":"Point","coordinates":[-6.226796,53.390071]}},{"id":"424","type":"Feature","properties":{},"geometry":{"type":"Point","coordinates":[-6.321406,53.365542]}},{"id":"425","type":"Feature","properties":{},"geometry":{"type":"Point","coordinates":[-6.302586,53.392374]}},{"id":"426","type":"Feature","properties":{},"geometry":{"type":"Point","coordinates":[-6.366201,53.343859]}},{"id":"427","type":"Feature","properties":{},"geometry":{"type":"Point","coordinates":[-6.243965,53.381635]}},{"id":"428","type":"Feature","properties":{},"geometry":{"type":"Point","coordinates":[-6.355862,53.33446]}},{"id":"429","type":"Feature","properties":{},"geometry":{"type":"Point","coordinates":[-6.309305,53.33503]}},{"id":"430","type":"Feature","properties":{},"geometry":{"type":"Point","coordinates":[-6.299718,53.340408]}},{"id":"431","type":"Feature","properties":{},"geometry":{"type":"Point","coordinates":[-6.233006,53.388086]}},{"id":"432","type":"Feature","properties":{},"geometry":{"type":"Point","coordinates":[-6.382854,53.33751]}},{"id":"433","type":"Feature","properties":{},"geometry":{"type":"Point","coordinates":[-6.269399,53.311394]}},{"id":"434","type":"Feature","properties":{},"geometry":{"type":"Point","coordinates":[-6.287238,53.306801]}},{"id":"435","type":"Feature","properties":{},"geometry":{"type":"Point","coordinates":[-6.190136,53.403287]}},{"id":"436","type":"Feature","properties":{},"geometry":{"type":"Point","coordinates":[-6.255323,53.347707]}},{"id":"437","type":"Feature","properties":{},"geometry":{"type":"Point","coordinates":[-6.302792,53.40003]}},{"id":"438","type":"Feature","properties":{},"geometry":{"type":"Point","coordinates":[-6.250608,53.356697]}},{"id":"439","type":"Feature","properties":{},"geometry":{"type":"Point","coordinates":[-6.274553,53.356173]}},{"id":"440","type":"Feature","properties":{},"geometry":{"type":"Point","coordinates":[-6.32625,53.376977]}},{"id":"441","type":"Feature","properties":{},"geometry":{"type":"Point","coordinates":[-6.131317,53.374832]}},{"id":"442","type":"Feature","properties":{},"geometry":{"type":"Point","coordinates":[-6.271138,53.364706]}},{"id":"443","type":"Feature","properties":{},"geometry":{"type":"Point","coordinates":[-6.152468,53.367459]}},{"id":"444","type":"Feature","properties":{},"geometry":{"type":"Point","coordinates":[-6.326537,53.368476]}},{"id":"445","type":"Feature","properties":{},"geometry":{"type":"Point","coordinates":[-6.343794,53.334047]}},{"id":"446","type":"Feature","properties":{},"geometry":{"type":"Point","coordinates":[-6.283524,53.332502]}},{"id":"447","type":"Feature","properties":{},"geometry":{"type":"Point","coordinates":[-6.302428,53.392678]}},{"id":"448","type":"Feature","properties":{},"geometry":{"type":"Point","coordinates":[-6.208881,53.379275]}},{"id":"449","type":"Feature","properties":{},"geometry":{"type":"Point","coordinates":[-6.231717,53.343618]}},{"id":"450","type":"Feature","properties":{},"geometry":{"type":"Point","coordinates":[-6.255343,53.329717]}},{"id":"451","type":"Feature","properties":{},"geometry":{"type":"Point","coordinates":[-6.302746,53.316568]}},{"id":"452","type":"Feature","properties":{},"geometry":{"type":"Point","coordinates":[-6.231514,53.394673]}},{"id":"453","type":"Feature","properties":{},"geometry":{"type":"Point","coordinates":[-6.257354,53.317849]}},{"id":"454","type":"Feature","properties":{},"geometry":{"type":"Point","coordinates":[-6.250609,53.308392]}},{"id":"455","type":"Feature","properties":{},"geometry":{"type":"Point","coordinates":[-6.262841,53.340507]}},{"id":"456","type":"Feature","properties":{},"geometry":{"type":"Point","coordinates":[-6.296561,53.398647]}},{"id":"457","type":"Feature","properties":{},"geometry":{"type":"Point","coordinates":[-6.18888,53.369772]}},{"id":"458","type":"Feature","properties":{},"geometry":{"type":"Point","coordinates":[-6.284432,53.31287]}},{"id":"459","type":"Feature","properties":{},"geometry":{"type":"Point","coordinates":[-6.155528,53.384647]}},{"id":"460","type":"Feature","properties":{},"geometry":{"type":"Point","coordinates":[-6.160004,53.400588]}},{"id":"461","type":"Feature","properties":{},"geometry":{"type":"Point","coordinates":[-6.253517,53.328594]}},{"id":"462","type":"Feature","properties":{},"geometry":{"type":"Point","coordinates":[-6.352225,53.350976]}},{"id":"463","type":"Feature","properties":{},"geometry":{"type":"Point","coordinates":[-6.325741,53.37594]}},{"id":"464","type":"Feature","properties":{},"geometry":{"type":"Point","coordinates":[-6.232269,53.331418]}},{"id":"465","type":"Feature","properties":{},"geometry":{"type":"Point","coordinates":[-6.273819,53.312345]}},{"id":"466","type":"Feature","properties":{},"geometry":{"type":"Point","coordinates":[-6.282621,53.33622]}},{"id":"467","type":"Feature","properties":{},"geometry":{"type":"Point","coordinates":[-6.349027,53.361453]}},{"id":"468","type":"Feature","properties":{},"geometry":{"type":"Point","coordinates":[-6.275028,53.321441]}},{"id":"469","type":"Feature","properties":{},"geometry":{"type":"Point","coordinates":[-6.236416,53.399333]}},{"id":"470","type":"Feature","properties":{},"geometry":{"type":"Point","coordinates":[-6.233984,53.381318]}},{"id":"471","type":"Feature","properties":{},"geometry":{"type":"Point","coordinates":[-6.291123,53.384817]}},{"id":"472","type":"Feature","properties":{},"geometry":{"type":"Point","coordinates":[-6.164993,53.383203]}},{"id":"473","type":"Feature","properties":{},"geometry":{"type":"Point","coordinates":[-6.290082,53.31484]}},{"id":"474","type":"Feature","properties":{},"geometry":{"type":"Point","coordinates":[-6.175294,53.404436]}},{"id":"475","type":"Feature","properties":{},"geometry":{"type":"Point","coordinates":[-6.294021,53.318961]}},{"id":"476","type":"Feature","properties":{},"geometry":{"type":"Point","coordinates":[-6.217149,53.312342]}},{"id":"477","type":"Feature","properties":{},"geometry":{"type":"Point","coordinates":[-6.258484,53.353614]}},{"id":"478","type":"Feature","properties":{},"geometry":{"type":"Point","coordinates":[-6.232245,53.363684]}},{"id":"479","type":"Feature","properties":{},"geometry":{"type":"Point","coordinates":[-6.327056,53.321581]}},{"id":"480","type":"Feature","properties":{},"geometry":{"type":"Point","coordinates":[-6.19264,53.361495]}},{"id":"481","type":"Feature","properties":{},"geometry":{"type":"Point","coordinates":[-6.358299,53.338864]}},{"id":"482","type":"Feature","properties":{},"geometry":{"type":"Point","coordinates":[-6.316496,53.380033]}},{"id":"483","type":"Feature","properties":{},"geometry":{"type":"Point","coordinates":[-6.213097,53.404418]}},{"id":"484","type":"Feature","properties":{},"geometry":{"type":"Point","coordinates":[-6.330137,53.332247]}},{"id":"485","type":"Feature","properties":{},"geometry":{"type":"Point","coordinates":[-6.240836,53.374009]}},{"id":"486","type":"Feature","properties":{},"geometry":{"type":"Point","coordinates":[-6.26231,53.337025]}},{"id":"487","type":"Feature","properties":{},"geometry":{"type":"Point","coordinates":[-6.335023,53.319033]}},{"id":"488","type":"Feature","properties":{},"geometry":{"type":"Point","coordinates":[-6.246077,53.377754]}},{"id":"489","type":"Feature","properties":{},"geometry":{"type":"Point","coordinates":[-6.274699,53.363835]}},{"id":"490","type":"Feature","properties":{},"geometry":{"type":"Point","coordinates":[-6.203804,53.380575]}},{"id":"491","type":"Feature","properties":{},"geometry":{"type":"Point","coordinates":[-6.290724,53.350912]}},{"id":"492","type":"Feature","properties":{},"geometry":{"type":"Point","coordinates":[-6.221796,53.336112]}},{"id":"493","type":"Feature","properties":{},"geometry":{"type":"Point","coordinates":[-6.237862,53.344712]}},{"id":"494","type":"Feature","properties":{},"geometry":{"type":"Point","coordinates":[-6.380138,53.341527]}},{"id":"495","type":"Feature","properties":{},"geometry":{"type":"Point","coordinates":[-6.227434,53.354833]}},{"id":"496","type":"Feature","properties":{},"geometry":{"type":"Point","coordinates":[-6.146683,53.37006]}},{"id":"497","type":"Feature","properties":{},"geometry":{"type":"Point","coordinates":[-6.255371,53.356615]}},{"id":"498","type":"Feature","properties":{},"geometry":{"type":"Point","coordinates":[-6.232896,53.376122]}},{"id":"499","type":"Feature","properties":{},"geometry":{"type":"Point","coordinates":[-6.187752,53.379672]}},{"id":"500","type":"Feature","properties":{},"geometry":{"type":"Point","coordinates":[-6.200331,53.376618]}},{"id":"501","type":"Feature","properties":{},"geometry":{"type":"Point","coordinates":[-6.362666,53.336613]}},{"id":"502","type":"Feature","properties":{},"geometry":{"type":"Point","coordinates":[-6.340452,53.346034]}},{"id":"503","type":"Feature","properties":{},"geometry":{"type":"Point","coordinates":[-6.169468,53.377105]}},{"id":"504","type":"Feature","properties":{},"geometry":{"type":"Point","coordinates":[-6.202776,53.3869]}},{"id":"505","type":"Feature","properties":{},"geometry":{"type":"Point","coordinates":[-6.299821,53.386195]}},{"id":"506","type":"Feature","properties":{},"geometry":{"type":"Point","coordinates":[-6.257005,53.325209]}},{"id":"507","type":"Feature","properties":{},"geometry":{"type":"Point","coordinates":[-6.168851,53.358576]}},{"id":"508","type":"Feature","properties":{},"geometry":{"type":"Point","coordinates":[-6.292502,53.299984]}},{"id":"509","type":"Feature","properties":{},"geometry":{"type":"Point","coordinates":[-6.209904,53.38569]}},{"id":"510","type":"Feature","properties":{},"geometry":{"type":"Point","coordinates":[-6.193203,53.367424]}},{"id":"511","type":"Feature","properties":{},"geometry":{"type":"Point","coordinates":[-6.269091,53.337575]}},{"id":"512","type":"Feature","properties":{},"geometry":{"type":"Point","coordinates":[-6.168984,53.398236]}},{"id":"513","type":"Feature","properties":{},"geometry":{"type":"Point","coordinates":[-6.274193,53.402044]}},{"id":"514","type":"Feature","properties":{},"geometry":{"type":"Point","coordinates":[-6.345507,53.331338]}},{"id":"515","type":"Feature","properties":{},"geometry":{"type":"Point","coordinates":[-6.303559,53.370356]}},{"id":"516","type":"Feature","properties":{},"geometry":{"type":"Point","coordinates":[-6.310418,53.371521]}},{"id":"517","type":"Feature","properties":{},"geometry":{"type":"Point","coordinates":[-6.371806,53.331298]}},{"id":"518","type":"Feature","properties":{},"geometry":{"type":"Point","coordinates":[-6.22455,53.408284]}},{"id":"519","type":"Feature","properties":{},"geometry":{"type":"Point","coordinates":[-6.172823,53.359638]}},{"id":"520","type":"Feature","properties":{},"geometry":{"type":"Point","coordinates":[-6.224598,53.341398]}},{"id":"521","type":"Feature","properties":{},"geometry":{"type":"Point","coordinates":[-6.277627,53.387077]}},{"id":"522","type":"Feature","properties":{},"geometry":{"type":"Point","coordinates":[-6.280701,53.380656]}},{"id":"523","type":"Feature","properties":{},"geometry":{"type":"Point","coordinates":[-6.315231,53.339372]}},{"id":"524","type":"Feature","properties":{},"geometry":{"type":"Point","coordinates":[-6.158093,53.391797]}},{"id":"525","type":"Feature","properties":{},"geometry":{"type":"Point","coordinates":[-6.224143,53.385941]}},{"id":"526","type":"Feature","properties":{},"geometry":{"type":"Point","coordinates":[-6.193818,53.392231]}},{"id":"527","type":"Feature","properties":{},"geometry":{"type":"Point","coordinates":[-6.315771,53.377989]}},{"id":"528","type":"Feature","properties":{},"geometry":{"type":"Point","coordinates":[-6.149296,53.383388]}},{"id":"529","type":"Feature","properties":{},"geometry":{"type":"Point","coordinates":[-6.243308,53.380189]}},{"id":"530","type":"Feature","properties":{},"geometry":{"type":"Point","coordinates":[-6.296097,53.362142]}},{"id":"531","type":"Feature","properties":{},"geometry":{"type":"Point","coordinates":[-6.181111,53.403102]}},{"id":"532","type":"Feature","properties":{},"geometry":{"type":"Point","coordinates":[-6.268528,53.317249]}},{"id":"533","type":"Feature","properties":{},"geometry":{"type":"Point","coordinates":[-6.307895,53.367793]}},{"id":"534","type":"Feature","properties":{},"geometry":{"type":"Point","coordinates":[-6.315153,53.369809]}},{"id":"535","type":"Feature","properties":{},"geometry":{"type":"Point","coordinates":[-6.302358,53.344463]}},{"id":"536","type":"Feature","properties":{},"geometry":{"type":"Point","coordinates":[-6.176002,53.403929]}},{"id":"537","type":"Feature","properties":{},"geometry":{"type":"Point","coordinates":[-6.189118,53.360208]}},{"id":"538","type":"Feature","properties":{},"geometry":{"type":"Point","coordinates":[-6.168989,53.376918]}},{"id":"539","type":"Feature","properties":{},"geometry":{"type":"Point","coordinates":[-6.290847,53.355128]}},{"id":"540","type":"Feature","properties":{},"geometry":{"type":"Point","coordinates":[-6.267415,53.355658]}},{"id":"541","type":"Feature","properties":{},"geometry":{"type":"Point","coordinates":[-6.156673,53.39661]}},{"id":"542","type":"Feature","properties":{},"geometry":{"type":"Point","coordinates":[-6.211362,53.33899]}},{"id":"543","type":"Feature","properties":{},"geometry":{"type":"Point","coordinates":[-6.373119,53.339877]}},{"id":"544","type":"Feature","properties":{},"geometry":{"type":"Point","coordinates":[-6.272592,53.351815]}},{"id":"545","type":"Feature","properties":{},"geometry":{"type":"Point","coordinates":[-6.277317,53.313401]}},{"id":"546","type":"Feature","properties":{},"geometry":{"type":"Point","coordinates":[-6.172348,53.395772]}},{"id":"547","type":"Feature","properties":{},"geometry":{"type":"Point","coordinates":[-6.334994,53.34018]}},{"id":"548","type":"Feature","properties":{},"geometry":{"type":"Point","coordinates":[-6.223435,53.374326]}},{"id":"549","type":"Feature","properties":{},"geometry":{"type":"Point","coordinates":[-6.147476,53.367249]}},{"id":"550","type":"Feature","properties":{},"geometry":{"type":"Point","coordinates":[-6.28812,53.331698]}},{"id":"551","type":"Feature","properties":{},"geometry":{"type":"Point","coordinates":[-6.170511,53.362232]}},{"id":"552","type":"Feature","properties":{},"geometry":{"type":"Point","coordinates":[-6.172302,53.376661]}},{"id":"553","type":"Feature","properties":{},"geometry":{"type":"Point","coordinates":[-6.314388,53.332521]}},{"id":"554","type":"Feature","properties":{},"geometry":{"type":"Point","coordinates":[-6.242348,53.321466]}},{"id":"555","type":"Feature","properties":{},"geometry":{"type":"Point","coordinates":[-6.277532,53.344301]}},{"id":"556","type":"Feature","properties":{},"geometry":{"type":"Point","coordinates":[-6.308254,53.362809]}},{"id":"557","type":"Feature","properties":{},"geometry":{"type":"Point","coordinates":[-6.287996,53.334178]}},{"id":"558","type":"Feature","properties":{},"geometry":{"type":"Point","coordinates":[-6.168376,53.354695]}},{"id":"559","type":"Feature","properties":{},"geometry":{"type":"Point","coordinates":[-6.320771,53.346695]}},{"id":"560","type":"Feature","properties":{},"geometry":{"type":"Point","coordinates":[-6.237941,53.378545]}},{"id":"561","type":"Feature","properties":{},"geometry":{"type":"Point","coordinates":[-6.206048,53.339047]}},{"id":"562","type":"Feature","properties":{},"geometry":{"type":"Point","coordinates":[-6.233254,53.36542]}},{"id":"563","type":"Feature","properties":{},"geometry":{"type":"Point","coordinates":[-6.169153,53.401046]}},{"id":"564","type":"Feature","properties":{},"geometry":{"type":"Point","coordinates":[-6.236687,53.315244]}},{"id":"565","type":"Feature","properties":{},"geometry":{"type":"Point","coordinates":[-6.167822,53.403275]}},{"id":"566","type":"Feature","properties":{},"geometry":{"type":"Point","coordinates":[-6.196921,53.394995]}},{"id":"567","type":"Feature","properties":{},"geometry":{"type":"Point","coordinates":[-6.328438,53.327537]}},{"id":"568","type":"Feature","properties":{},"geometry":{"type":"Point","coordinates":[-6.26673,53.339344]}},{"id":"569","type":"Feature","properties":{},"geometry":{"type":"Point","coordinates":[-6.289283,53.341327]}},{"id":"570","type":"Feature","properties":{},"geometry":{"type":"Point","coordinates":[-6.234688,53.340501]}},{"id":"571","type":"Feature","properties":{},"geometry":{"type":"Point","coordinates":[-6.188977,53.393326]}},{"id":"572","type":"Feature","properties":{},"geometry":{"type":"Point","coordinates":[-6.273544,53.386648]}},{"id":"573","type":"Feature","properties":{},"geometry":{"type":"Point","coordinates":[-6.172936,53.395422]}},{"id":"574","type":"Feature","properties":{},"geometry":{"type":"Point","coordinates":[-6.322666,53.323654]}},{"id":"575","type":"Feature","properties":{},"geometry":{"type":"Point","coordinates":[-6.276986,53.320416]}},{"id":"576","type":"Feature","properties":{},"geometry":{"type":"Point","coordinates":[-6.247095,53.376415]}},{"id":"577","type":"Feature","properties":{},"geometry":{"type":"Point","coordinates":[-6.340864,53.345095]}},{"id":"578","type":"Feature","properties":{},"geometry":{"type":"Point","coordinates":[-6.31718,53.330787]}},{"id":"579","type":"Feature","properties":{},"geometry":{"type":"Point","coordinates":[-6.297861,53.354767]}},{"id":"580","type":"Feature","properties":{},"geometry":{"type":"Point","coordinates":[-6.301151,53.376545]}},{"id":"581","type":"Feature","properties":{},"geometry":{"type":"Point","coordinates":[-6.228246,53.399661]}},{"id":"582","type":"Feature","properties":{},"geometry":{"type":"Point","coordinates":[-6.351063,53.346111]}},{"id":"583","type":"Feature","properties":{},"geometry":{"type":"Point","coordinates":[-6.181669,53.379659]}},{"id":"584","type":"Feature","properties":{},"geometry":{"type":"Point","coordinates":[-6.165435,53.402695]}},{"id":"585","type":"Feature","properties":{},"geometry":{"type":"Point","coordinates":[-6.280606,53.351081]}},{"id":"586","type":"Feature","properties":{},"geometry":{"type":"Point","coordinates":[-6.200119,53.397201]}},{"id":"587","type":"Feature","properties":{},"geometry":{"type":"Point","coordinates":[-6.28785,53.329009]}},{"id":"588","type":"Feature","properties":{},"geometry":{"type":"Point","coordinates":[-6.254818,53.316341]}},{"id":"589","type":"Feature","properties":{},"geometry":{"type":"Point","coordinates":[-6.385361,53.340619]}},{"id":"590","type":"Feature","properties":{},"geometry":{"type":"Point","coordinates":[-6.190014,53.394474]}},{"id":"591","type":"Feature","properties":{},"geometry":{"type":"Point","coordinates":[-6.25493,53.316615]}},{"id":"592","type":"Feature","properties":{},"geometry":{"type":"Point","coordinates":[-6.223686,53.375543]}},{"id":"593","type":"Feature","properties":{},"geometry":{"type":"Point","coordinates":[-6.343372,53.348023]}},{"id":"594","type":"Feature","properties":{},"geometry":{"type":"Point","coordinates":[-6.27989,53.336091]}},{"id":"595","type":"Feature","properties":{},"geometry":{"type":"Point","coordinates":[-6.212856,53.346868]}},{"id":"596","type":"Feature","properties":{},"geometry":{"type":"Point","coordinates":[-6.150406,53.405755]}},{"id":"597","type":"Feature","properties":{},"geometry":{"type":"Point","coordinates":[-6.320167,53.355345]}},{"id":"598","type":"Feature","properties":{},"geometry":{"type":"Point","coordinates":[-6.274654,53.359064]}},{"id":"599","type":"Feature","properties":{},"geometry":{"type":"Point","coordinates":[-6.268439,53.368918]}},{"id":"600","type":"Feature","properties":{},"geometry":{"type":"Point","coordinates":[-6.350664,53.3607]}},{"id":"601","type":"Feature","properties":{},"geometry":{"type":"Point","coordinates":[-6.3449,53.337837]}},{"id":"602","type":"Feature","properties":{},"geometry":{"type":"Point","coordinates":[-6.242899,53.370592]}},{"id":"603","type":"Feature","properties":{},"geometry":{"type":"Point","coordinates":[-6.208266,53.342718]}},{"id":"604","type":"Feature","properties":{},"geometry":{"type":"Point","coordinates":[-6.279552,53.321164]}},{"id":"605","type":"Feature","properties":{},"geometry":{"type":"Point","coordinates":[-6.25074,53.347848]}},{"id":"606","type":"Feature","properties":{},"geometry":{"type":"Point","coordinates":[-6.179001,53.362408]}},{"id":"607","type":"Feature","properties":{},"geometry":{"type":"Point","coordinates":[-6.158447,53.366816]}},{"id":"608","type":"Feature","properties":{},"geometry":{"type":"Point","coordinates":[-6.280341,53.336194]}},{"id":"609","type":"Feature","properties":{},"geometry":{"type":"Point","coordinates":[-6.235556,53.368464]}},{"id":"610","type":"Feature","properties":{},"geometry":{"type":"Point","coordinates":[-6.203495,53.376565]}},{"id":"611","type":"Feature","properties":{},"geometry":{"type":"Point","coordinates":[-6.265712,53.367651]}},{"id":"612","type":"Feature","properties":{},"geometry":{"type":"Point","coordinates":[-6.309429,53.342813]}},{"id":"613","type":"Feature","properties":{},"geometry":{"type":"Point","coordinates":[-6.311944,53.392182]}},{"id":"614","type":"Feature","properties":{},"geometry":{"type":"Point","coordinates":[-6.301035,53.345258]}},{"id":"615","type":"Feature","properties":{},"geometry":{"type":"Point","coordinates":[-6.305679,53.346024]}},{"id":"616","type":"Feature","properties":{},"geometry":{"type":"Point","coordinates":[-6.203655,53.397161]}},{"id":"617","type":"Feature","properties":{},"geometry":{"type":"Point","coordinates":[-6.243985,53.320015]}},{"id":"618","type":"Feature","properties":{},"geometry":{"type":"Point","coordinates":[-6.137359,53.375822]}},{"id":"619","type":"Feature","properties":{},"geometry":{"type":"Point","coordinates":[-6.255121,53.379384]}},{"id":"620","type":"Feature","properties":{},"geometry":{"type":"Point","coordinates":[-6.256372,53.327844]}},{"id":"621","type":"Feature","properties":{},"geometry":{"type":"Point","coordinates":[-6.196836,53.351238]}},{"id":"622","type":"Feature","properties":{},"geometry":{"type":"Point","coordinates":[-6.232093,53.368761]}},{"id":"623","type":"Feature","properties":{},"geometry":{"type":"Point","coordinates":[-6.189681,53.401999]}},{"id":"624","type":"Feature","properties":{},"geometry":{"type":"Point","coordinates":[-6.161176,53.36416]}},{"id":"625","type":"Feature","properties":{},"geometry":{"type":"Point","coordinates":[-6.176685,53.378041]}},{"id":"626","type":"Feature","properties":{},"geometry":{"type":"Point","coordinates":[-6.307275,53.327686]}},{"id":"627","type":"Feature","properties":{},"geometry":{"type":"Point","coordinates":[-6.186392,53.375743]}},{"id":"628","type":"Feature","properties":{},"geometry":{"type":"Point","coordinates":[-6.151691,53.383626]}},{"id":"629","type":"Feature","properties":{},"geometry":{"type":"Point","coordinates":[-6.261747,53.370363]}},{"id":"630","type":"Feature","properties":{},"geometry":{"type":"Point","coordinates":[-6.203003,53.379354]}},{"id":"631","type":"Feature","properties":{},"geometry":{"type":"Point","coordinates":[-6.269425,53.349982]}},{"id":"632","type":"Feature","properties":{},"geometry":{"type":"Point","coordinates":[-6.286753,53.36992]}},{"id":"633","type":"Feature","properties":{},"geometry":{"type":"Point","coordinates":[-6.287079,53.335523]}},{"id":"634","type":"Feature","properties":{},"geometry":{"type":"Point","coordinates":[-6.186366,53.340562]}},{"id":"635","type":"Feature","properties":{},"geometry":{"type":"Point","coordinates":[-6.302717,53.335817]}},{"id":"636","type":"Feature","properties":{},"geometry":{"type":"Point","coordinates":[-6.268127,53.330072]}},{"id":"637","type":"Feature","properties":{},"geometry":{"type":"Point","coordinates":[-6.340249,53.351957]}},{"id":"638","type":"Feature","properties":{},"geometry":{"type":"Point","coordinates":[-6.236967,53.338757]}},{"id":"639","type":"Feature","properties":{},"geometry":{"type":"Point","coordinates":[-6.264104,53.35948]}},{"id":"640","type":"Feature","properties":{},"geometry":{"type":"Point","coordinates":[-6.188368,53.404971]}},{"id":"641","type":"Feature","properties":{},"geometry":{"type":"Point","coordinates":[-6.30585,53.370892]}},{"id":"642","type":"Feature","properties":{},"geometry":{"type":"Point","coordinates":[-6.300717,53.312671]}},{"id":"643","type":"Feature","properties":{},"geometry":{"type":"Point","coordinates":[-6.341033,53.343583]}},{"id":"644","type":"Feature","properties":{},"geometry":{"type":"Point","coordinates":[-6.163324,53.409035]}},{"id":"645","type":"Feature","properties":{},"geometry":{"type":"Point","coordinates":[-6.205378,53.382037]}},{"id":"646","type":"Feature","properties":{},"geometry":{"type":"Point","coordinates":[-6.341,53.319084]}},{"id":"647","type":"Feature","properties":{},"geometry":{"type":"Point","coordinates":[-6.21593,53.347186]}},{"id":"648","type":"Feature","properties":{},"geometry":{"type":"Point","coordinates":[-6.156489,53.391941]}},{"id":"649","type":"Feature","properties":{},"geometry":{"type":"Point","coordinates":[-6.295589,53.343724]}},{"id":"650","type":"Feature","properties":{},"geometry":{"type":"Point","coordinates":[-6.255769,53.349347]}},{"id":"651","type":"Feature","properties":{},"geometry":{"type":"Point","coordinates":[-6.312978,53.362467]}},{"id":"652","type":"Feature","properties":{},"geometry":{"type":"Point","coordinates":[-6.255581,53.388249]}},{"id":"653","type":"Feature","properties":{},"geometry":{"type":"Point","coordinates":[-6.304864,53.35615]}},{"id":"654","type":"Feature","properties":{},"geometry":{"type":"Point","coordinates":[-6.354303,53.347423]}},{"id":"655","type":"Feature","properties":{},"geometry":{"type":"Point","coordinates":[-6.271824,53.386599]}},{"id":"656","type":"Feature","properties":{},"geometry":{"type":"Point","coordinates":[-6.272554,53.359955]}},{"id":"657","type":"Feature","properties":{},"geometry":{"type":"Point","coordinates":[-6.206993,53.361908]}},{"id":"658","type":"Feature","properties":{},"geometry":{"type":"Point","coordinates":[-6.21555,53.34728]}},{"id":"659","type":"Feature","properties":{},"geometry":{"type":"Point","coordinates":[-6.210939,53.356257]}},{"id":"660","type":"Feature","properties":{},"geometry":{"type":"Point","coordinates":[-6.26661,53.320461]}},{"id":"661","type":"Feature","properties":{},"geometry":{"type":"Point","coordinates":[-6.336898,53.325601]}},{"id":"662","type":"Feature","properties":{},"geometry":{"type":"Point","coordinates":[-6.282449,53.33549]}},{"id":"663","type":"Feature","properties":{},"geometry":{"type":"Point","coordinates":[-6.230068,53.403642]}},{"id":"664","type":"Feature","properties":{},"geometry":{"type":"Point","coordinates":[-6.203174,53.361507]}},{"id":"665","type":"Feature","properties":{},"geometry":{"type":"Point","coordinates":[-6.284837,53.394125]}},{"id":"666","type":"Feature","properties":{},"geometry":{"type":"Point","coordinates":[-6.21913,53.380503]}},{"id":"667","type":"Feature","properties":{},"geometry":{"type":"Point","coordinates":[-6.209276,53.386898]}},{"id":"668","type":"Feature","properties":{},"geometry":{"type":"Point","coordinates":[-6.240231,53.333886]}},{"id":"669","type":"Feature","properties":{},"geometry":{"type":"Point","coordinates":[-6.333924,53.356899]}},{"id":"670","type":"Feature","properties":{},"geometry":{"type":"Point","coordinates":[-6.316592,53.348113]}},{"id":"671","type":"Feature","properties":{},"geometry":{"type":"Point","coordinates":[-6.200254,53.376664]}},{"id":"672","type":"Feature","properties":{},"geometry":{"type":"Point","coordinates":[-6.344078,53.33684]}},{"id":"673","type":"Feature","properties":{},"geometry":{"type":"Point","coordinates":[-6.215958,53.322151]}},{"id":"674","type":"Feature","properties":{},"geometry":{"type":"Point","coordinates":[-6.213213,53.377446]}},{"id":"675","type":"Feature","properties":{},"geometry":{"type":"Point","coordinates":[-6.220779,53.326461]}},{"id":"676","type":"Feature","properties":{},"geometry":{"type":"Point","coordinates":[-6.323337,53.37454]}},{"id":"677","type":"Feature","properties":{},"geometry":{"type":"Point","coordinates":[-6.216872,53.383119]}},{"id":"678","type":"Feature","properties":{},"geometry":{"type":"Point","coordinates":[-6.236914,53.328633]}},{"id":"679","type":"Feature","properties":{},"geometry":{"type":"Point","coordinates":[-6.284478,53.35698]}},{"id":"680","type":"Feature","properties":{},"geometry":{"type":"Point","coordinates":[-6.344985,53.330213]}},{"id":"681","type":"Feature","properties":{},"geometry":{"type":"Point","coordinates":[-6.325335,53.363802]}},{"id":"682","type":"Feature","properties":{},"geometry":{"type":"Point","coordinates":[-6.357302,53.341033]}},{"id":"683","type":"Feature","properties":{},"geometry":{"type":"Point","coordinates":[-6.183248,53.405369]}},{"id":"684","type":"Feature","properties":{},"geometry":{"type":"Point","coordinates":[-6.293048,53.397092]}},{"id":"685","type":"Feature","properties":{},"geometry":{"type":"Point","coordinates":[-6.224925,53.401535]}},{"id":"686","type":"Feature","properties":{},"geometry":{"type":"Point","coordinates":[-6.220648,53.340586]}},{"id":"687","type":"Feature","properties":{},"geometry":{"type":"Point","coordinates":[-6.251239,53.331068]}},{"id":"688","type":"Feature","properties":{},"geometry":{"type":"Point","coordinates":[-6.302781,53.325569]}},{"id":"689","type":"Feature","properties":{},"geometry":{"type":"Point","coordinates":[-6.312786,53.389426]}},{"id":"690","type":"Feature","properties":{},"geometry":{"type":"Point","coordinates":[-6.204283,53.390325]}},{"id":"691","type":"Feature","properties":{},"geometry":{"type":"Point","coordinates":[-6.215447,53.405827]}},{"id":"692","type":"Feature","properties":{},"geometry":{"type":"Point","coordinates":[-6.142171,53.374661]}},{"id":"693","type":"Feature","properties":{},"geometry":{"type":"Point","coordinates":[-6.292835,53.303053]}},{"id":"694","type":"Feature","properties":{},"geometry":{"type":"Point","coordinates":[-6.168881,53.373069]}},{"id":"695","type":"Feature","properties":{},"geometry":{"type":"Point","coordinates":[-6.228688,53.32683]}},{"id":"696","type":"Feature","properties":{},"geometry":{"type":"Point","coordinates":[-6.233585,53.387038]}},{"id":"697","type":"Feature","properties":{},"geometry":{"type":"Point","coordinates":[-6.232036,53.344199]}},{"id":"698","type":"Feature","properties":{},"geometry":{"type":"Point","coordinates":[-6.183401,53.391186]}},{"id":"699","type":"Feature","properties":{},"geometry":{"type":"Point","coordinates":[-6.19346,53.36139]}},{"id":"700","type":"Feature","properties":{},"geometry":{"type":"Point","coordinates":[-6.197818,53.340173]}},{"id":"701","type":"Feature","properties":{},"geometry":{"type":"Point","coordinates":[-6.283684,53.343225]}},{"id":"702","type":"Feature","properties":{},"geometry":{"type":"Point","coordinates":[-6.200892,53.365771]}},{"id":"703","type":"Feature","properties":{},"geometry":{"type":"Point","coordinates":[-6.29899,53.352147]}},{"id":"704","type":"Feature","properties":{},"geometry":{"type":"Point","coordinates":[-6.340355,53.366016]}},{"id":"705","type":"Feature","properties":{},"geometry":{"type":"Point","coordinates":[-6.386578,53.341256]}},{"id":"706","type":"Feature","properties":{},"geometry":{"type":"Point","coordinates":[-6.264337,53.333932]}},{"id":"707","type":"Feature","properties":{},"geometry":{"type":"Point","coordinates":[-6.302805,53.326555]}},{"id":"708","type":"Feature","properties":{},"geometry":{"type":"Point","coordinates":[-6.205919,53.338035]}},{"id":"709","type":"Feature","properties":{},"geometry":{"type":"Point","coordinates":[-6.270505,53.400191]}},{"id":"710","type":"Feature","properties":{},"geometry":{"type":"Point","coordinates":[-6.246578,53.367547]}},{"id":"711","type":"Feature","properties":{},"geometry":{"type":"Point","coordinates":[-6.295718,53.359303]}},{"id":"712","type":"Feature","properties":{},"geometry":{"type":"Point","coordinates":[-6.214743,53.318864]}},{"id":"713","type":"Feature","properties":{},"geometry":{"type":"Point","coordinates":[-6.220281,53.387407]}},{"id":"714","type":"Feature","properties":{},"geometry":{"type":"Point","coordinates":[-6.23009,53.34822]}},{"id":"715","type":"Feature","properties":{},"geometry":{"type":"Point","coordinates":[-6.271932,53.391202]}},{"id":"716","type":"Feature","properties":{},"geometry":{"type":"Point","coordinates":[-6.225864,53.337489]}},{"id":"717","type":"Feature","properties":{},"geometry":{"type":"Point","coordinates":[-6.260681,53.335233]}},{"id":"718","type":"Feature","properties":{},"geometry":{"type":"Point","coordinates":[-6.254674,53.33717]}},{"id":"719","type":"Feature","properties":{},"geometry":{"type":"Point","coordinates":[-6.302793,53.344374]}},{"id":"720","type":"Feature","properties":{},"geometry":{"type":"Point","coordinates":[-6.296327,53.345845]}},{"id":"721","type":"Feature","properties":{},"geometry":{"type":"Point","coordinates":[-6.292536,53.388234]}},{"id":"722","type":"Feature","properties":{},"geometry":{"type":"Point","coordinates":[-6.259699,53.30951]}},{"id":"723","type":"Feature","properties":{},"geometry":{"type":"Point","coordinates":[-6.193923,53.368854]}},{"id":"724","type":"Feature","properties":{},"geometry":{"type":"Point","coordinates":[-6.242126,53.376833]}},{"id":"725","type":"Feature","properties":{},"geometry":{"type":"Point","coordinates":[-6.184878,53.397751]}},{"id":"726","type":"Feature","properties":{},"geometry":{"type":"Point","coordinates":[-6.287517,53.374101]}},{"id":"727","type":"Feature","properties":{},"geometry":{"type":"Point","coordinates":[-6.243525,53.323299]}},{"id":"728","type":"Feature","properties":{},"geometry":{"type":"Point","coordinates":[-6.33553,53.335688]}},{"id":"729","type":"Feature","properties":{},"geometry":{"type":"Point","coordinates":[-6.287069,53.367526]}},{"id":"730","type":"Feature","properties":{},"geometry":{"type":"Point","coordinates":[-6.201934,53.365552]}},{"id":"731","type":"Feature","properties":{},"geometry":{"type":"Point","coordinates":[-6.200808,53.367831]}},{"id":"732","type":"Feature","properties":{},"geometry":{"type":"Point","coordinates":[-6.289788,53.391471]}},{"id":"733","type":"Feature","properties":{},"geometry":{"type":"Point","coordinates":[-6.329249,53.335139]}},{"id":"734","type":"Feature","properties":{},"geometry":{"type":"Point","coordinates":[-6.156063,53.404073]}},{"id":"735","type":"Feature","properties":{},"geometry":{"type":"Point","coordinates":[-6.271476,53.403234]}},{"id":"736","type":"Feature","properties":{},"geometry":{"type":"Point","coordinates":[-6.290001,53.304605]}},{"id":"737","type":"Feature","properties":{},"geometry":{"type":"Point","coordinates":[-6.165864,53.393144]}},{"id":"738","type":"Feature","properties":{},"geometry":{"type":"Point","coordinates":[-6.209092,53.393054]}},{"id":"739","type":"Feature","properties":{},"geometry":{"type":"Point","coordinates":[-6.222723,53.312705]}},{"id":"740","type":"Feature","properties":{},"geometry":{"type":"Point","coordinates":[-6.12854,53.377527]}},{"id":"741","type":"Feature","properties":{},"geometry":{"type":"Point","coordinates":[-6.206986,53.319541]}},{"id":"742","type":"Feature","properties":{},"geometry":{"type":"Point","coordinates":[-6.312372,53.328389]}},{"id":"743","type":"Feature","properties":{},"geometry":{"type":"Point","coordinates":[-6.314647,53.350166]}},{"id":"744","type":"Feature","properties":{},"geometry":{"type":"Point","coordinates":[-6.357395,53.346632]}},{"id":"745","type":"Feature","properties":{},"geometry":{"type":"Point","coordinates":[-6.161136,53.36391]}},{"id":"746","type":"Feature","properties":{},"geometry":{"type":"Point","coordinates":[-6.214658,53.341067]}},{"id":"747","type":"Feature","properties":{},"geometry":{"type":"Point","coordinates":[-6.206115,53.396581]}},{"id":"748","type":"Feature","properties":{},"geometry":{"type":"Point","coordinates":[-6.272026,53.341076]}},{"id":"749","type":"Feature","properties":{},"geometry":{"type":"Point","coordinates":[-6.34159,53.336608]}},{"id":"750","type":"Feature","properties":{},"geometry":{"type":"Point","coordinates":[-6.261687,53.349908]}},{"id":"751","type":"Feature","properties":{},"geometry":{"type":"Point","coordinates":[-6.205441,53.339344]}},{"id":"752","type":"Feature","properties":{},"geometry":{"type":"Point","coordinates":[-6.305394,53.361311]}},{"id":"753","type":"Feature","properties":{},"geometry":{"type":"Point","coordinates":[-6.178647,53.399209]}},{"id":"754","type":"Feature","properties":{},"geometry":{"type":"Point","coordinates":[-6.317867,53.346917]}},{"id":"755","type":"Feature","properties":{},"geometry":{"type":"Point","coordinates":[-6.368645,53.345392]}},{"id":"756","type":"Feature","properties":{},"geometry":{"type":"Point","coordinates":[-6.315089,53.390848]}},{"id":"757","type":"Feature","properties":{},"geometry":{"type":"Point","coordinates":[-6.261858,53.3086]}},{"id":"758","type":"Feature","properties":{},"geometry":{"type":"Point","coordinates":[-6.27597,53.349712]}},{"id":"759","type":"Feature","properties":{},"geometry":{"type":"Point","coordinates":[-6.232614,53.3146]}},{"id":"760","type":"Feature","properties":{},"geometry":{"type":"Point","coordinates":[-6.339966,53.350204]}},{"id":"761","type":"Feature","properties":{},"geometry":{"type":"Point","coordinates":[-6.317276,53.322924]}},{"id":"762","type":"Feature","properties":{},"geometry":{"type":"Point","coordinates":[-6.244484,53.346803]}},{"id":"763","type":"Feature","properties":{},"geometry":{"type":"Point","coordinates":[-6.350229,53.367584]}},{"id":"764","type":"Feature","properties":{},"geometry":{"type":"Point","coordinates":[-6.30146,53.345855]}},{"id":"765","type":"Feature","properties":{},"geometry":{"type":"Point","coordinates":[-6.351203,53.349531]}},{"id":"766","type":"Feature","properties":{},"geometry":{"type":"Point","coordinates":[-6.312291,53.385658]}},{"id":"767","type":"Feature","properties":{},"geometry":{"type":"Point","coordinates":[-6.240322,53.33071]}},{"id":"768","type":"Feature","properties":{},"geometry":{"type":"Point","coordinates":[-6.336798,53.341748]}},{"id":"769","type":"Feature","properties":{},"geometry":{"type":"Point","coordinates":[-6.188212,53.365051]}},{"id":"770","type":"Feature","properties":{},"geometry":{"type":"Point","coordinates":[-6.294219,53.374152]}},{"id":"771","type":"Feature","properties":{},"geometry":{"type":"Point","coordinates":[-6.319249,53.37786]}},{"id":"772","type":"Feature","properties":{},"geometry":{"type":"Point","coordinates":[-6.242303,53.35641]}},{"id":"773","type":"Feature","properties":{},"geometry":{"type":"Point","coordinates":[-6.319794,53.364622]}},{"id":"774","type":"Feature","properties":{},"geometry":{"type":"Point","coordinates":[-6.241904,53.367161]}},{"id":"775","type":"Feature","properties":{},"geometry":{"type":"Point","coordinates":[-6.187997,53.379127]}},{"id":"776","type":"Feature","properties":{},"geometry":{"type":"Point","coordinates":[-6.261575,53.349022]}},{"id":"777","type":"Feature","properties":{},"geometry":{"type":"Point","coordinates":[-6.124867,53.377712]}},{"id":"778","type":"Feature","properties":{},"geometry":{"type":"Point","coordinates":[-6.288535,53.357876]}},{"id":"779","type":"Feature","properties":{},"geometry":{"type":"Point","coordinates":[-6.213672,53.392853]}},{"id":"780","type":"Feature","properties":{},"geometry":{"type":"Point","coordinates":[-6.135066,53.37634]}},{"id":"781","type":"Feature","properties":{},"geometry":{"type":"Point","coordinates":[-6.318867,53.354689]}},{"id":"782","type":"Feature","properties":{},"geometry":{"type":"Point","coordinates":[-6.214112,53.352971]}},{"id":"783","type":"Feature","properties":{},"geometry":{"type":"Point","coordinates":[-6.321722,53.333724]}},{"id":"784","type":"Feature","properties":{},"geometry":{"type":"Point","coordinates":[-6.236262,53.368554]}},{"id":"785","type":"Feature","properties":{},"geometry":{"type":"Point","coordinates":[-6.362281,53.3379]}},{"id":"786","type":"Feature","properties":{},"geometry":{"type":"Point","coordinates":[-6.278533,53.393742]}},{"id":"787","type":"Feature","properties":{},"geometry":{"type":"Point","coordinates":[-6.34316,53.337382]}},{"id":"788","type":"Feature","properties":{},"geometry":{"type":"Point","coordinates":[-6.296461,53.39713]}},{"id":"789","type":"Feature","properties":{},"geometry":{"type":"Point","coordinates":[-6.315905,53.392961]}},{"id":"790","type":"Feature","properties":{},"geometry":{"type":"Point","coordinates":[-6.236468,53.389495]}},{"id":"791","type":"Feature","properties":{},"geometry":{"type":"Point","coordinates":[-6.21881,53.379904]}},{"id":"792","type":"Feature","properties":{},"geometry":{"type":"Point","coordinates":[-6.253955,53.328703]}},{"id":"793","type":"Feature","properties":{},"geometry":{"type":"Point","coordinates":[-6.241555,53.322163]}},{"id":"794","type":"Feature","properties":{},"geometry":{"type":"Point","coordinates":[-6.209162,53.401152]}},{"id":"795","type":"Feature","properties":{},"geometry":{"type":"Point","coordinates":[-6.238916,53.347255]}},{"id":"796","type":"Feature","properties":{},"geometry":{"type":"Point","coordinates":[-6.209266,53.34819]}},{"id":"797","type":"Feature","properties":{},"geometry":{"type":"Point","coordinates":[-6.322927,53.376248]}},{"id":"798","type":"Feature","properties":{},"geometry":{"type":"Point","coordinates":[-6.303538,53.390359]}},{"id":"799","type":"Feature","properties":{},"geometry":{"type":"Point","coordinates":[-6.224129,53.330541]}},{"id":"800","type":"Feature","properties":{},"geometry":{"type":"Point","coordinates":[-6.224669,53.388107]}},{"id":"801","type":"Feature","properties":{},"geometry":{"type":"Point","coordinates":[-6.209049,53.312914]}},{"id":"802","type":"Feature","properties":{},"geometry":{"type":"Point","coordinates":[-6.188757,53.397097]}},{"id":"803","type":"Feature","properties":{},"geometry":{"type":"Point","coordinates":[-6.376926,53.337885]}},{"id":"804","type":"Feature","properties":{},"geometry":{"type":"Point","coordinates":[-6.207308,53.367557]}},{"id":"805","type":"Feature","properties":{},"geometry":{"type":"Point","coordinates":[-6.251735,53.3602]}},{"id":"806","type":"Feature","properties":{},"geometry":{"type":"Point","coordinates":[-6.263087,53.313166]}},{"id":"807","type":"Feature","properties":{},"geometry":{"type":"Point","coordinates":[-6.278008,53.315381]}},{"id":"808","type":"Feature","properties":{},"geometry":{"type":"Point","coordinates":[-6.287116,53.37838]}},{"id":"809","type":"Feature","properties":{},"geometry":{"type":"Point","coordinates":[-6.291001,53.404716]}},{"id":"810","type":"Feature","properties":{},"geometry":{"type":"Point","coordinates":[-6.267379,53.313306]}},{"id":"811","type":"Feature","properties":{},"geometry":{"type":"Point","coordinates":[-6.323304,53.346336]}},{"id":"812","type":"Feature","properties":{},"geometry":{"type":"Point","coordinates":[-6.254655,53.365462]}},{"id":"813","type":"Feature","properties":{},"geometry":{"type":"Point","coordinates":[-6.277485,53.339846]}},{"id":"814","type":"Feature","properties":{},"geometry":{"type":"Point","coordinates":[-6.229692,53.39711]}},{"id":"815","type":"Feature","properties":{},"geometry":{"type":"Point","coordinates":[-6.321855,53.347874]}},{"id":"816","type":"Feature","properties":{},"geometry":{"type":"Point","coordinates":[-6.177609,53.395017]}},{"id":"817","type":"Feature","properties":{},"geometry":{"type":"Point","coordinates":[-6.127509,53.379328]}},{"id":"818","type":"Feature","properties":{},"geometry":{"type":"Point","coordinates":[-6.222191,53.382651]}},{"id":"819","type":"Feature","properties":{},"geometry":{"type":"Point","coordinates":[-6.237223,53.33718]}},{"id":"820","type":"Feature","properties":{},"geometry":{"type":"Point","coordinates":[-6.27171,53.362363]}},{"id":"821","type":"Feature","properties":{},"geometry":{"type":"Point","coordinates":[-6.161704,53.406586]}},{"id":"822","type":"Feature","properties":{},"geometry":{"type":"Point","coordinates":[-6.202808,53.36465]}},{"id":"823","type":"Feature","properties":{},"geometry":{"type":"Point","coordinates":[-6.341084,53.344436]}},{"id":"824","type":"Feature","properties":{},"geometry":{"type":"Point","coordinates":[-6.228105,53.3169]}},{"id":"825","type":"Feature","properties":{},"geometry":{"type":"Point","coordinates":[-6.247747,53.37945]}},{"id":"826","type":"Feature","properties":{},"geometry":{"type":"Point","coordinates":[-6.219398,53.406808]}},{"id":"827","type":"Feature","properties":{},"geometry":{"type":"Point","coordinates":[-6.202051,53.31447]}},{"id":"828","type":"Feature","properties":{},"geometry":{"type":"Point","coordinates":[-6.184852,53.368291]}},{"id":"829","type":"Feature","properties":{},"geometry":{"type":"Point","coordinates":[-6.155276,53.388554]}},{"id":"830","type":"Feature","properties":{},"geometry":{"type":"Point","coordinates":[-6.206044,53.351005]}},{"id":"831","type":"Feature","properties":{},"geometry":{"type":"Point","coordinates":[-6.34337,53.332609]}},{"id":"832","type":"Feature","properties":{},"geometry":{"type":"Point","coordinates":[-6.228831,53.365983]}},{"id":"833","type":"Feature","properties":{},"geometry":{"type":"Point","coordinates":[-6.163606,53.405897]}},{"id":"834","type":"Feature","properties":{},"geometry":{"type":"Point","coordinates":[-6.200242,53.403107]}},{"id":"835","type":"Feature","properties":{},"geometry":{"type":"Point","coordinates":[-6.256703,53.377622]}},{"id":"836","type":"Feature","properties":{},"geometry":{"type":"Point","coordinates":[-6.182542,53.400565]}},{"id":"837","type":"Feature","properties":{},"geometry":{"type":"Point","coordinates":[-6.298765,53.34796]}},{"id":"838","type":"Feature","properties":{},"geometry":{"type":"Point","coordinates":[-6.171768,53.376263]}},{"id":"839","type":"Feature","properties":{},"geometry":{"type":"Point","coordinates":[-6.215038,53.388509]}},{"id":"840","type":"Feature","properties":{},"geometry":{"type":"Point","coordinates":[-6.23906,53.344841]}},{"id":"841","type":"Feature","properties":{},"geometry":{"type":"Point","coordinates":[-6.338004,53.331442]}},{"id":"842","type":"Feature","properties":{},"geometry":{"type":"Point","coordinates":[-6.218633,53.346216]}},{"id":"843","type":"Feature","properties":{},"geometry":{"type":"Point","coordinates":[-6.244617,53.354799]}},{"id":"844","type":"Feature","properties":{},"geometry":{"type":"Point","coordinates":[-6.152397,53.388204]}},{"id":"845","type":"Feature","properties":{},"geometry":{"type":"Point","coordinates":[-6.229201,53.387037]}},{"id":"846","type":"Feature","properties":{},"geometry":{"type":"Point","coordinates":[-6.309722,53.371997]}},{"id":"847","type":"Feature","properties":{},"geometry":{"type":"Point","coordinates":[-6.320525,53.388284]}},{"id":"848","type":"Feature","properties":{},"geometry":{"type":"Point","coordinates":[-6.271695,53.312099]}},{"id":"849","type":"Feature","properties":{},"geometry":{"type":"Point","coordinates":[-6.252666,53.389331]}},{"id":"850","type":"Feature","properties":{},"geometry":{"type":"Point","coordinates":[-6.252736,53.339595]}},{"id":"851","type":"Feature","properties":{},"geometry":{"type":"Point","coordinates":[-6.339862,53.367865]}},{"id":"852","type":"Feature","properties":{},"geometry":{"type":"Point","coordinates":[-6.331464,53.33484]}},{"id":"853","type":"Feature","properties":{},"geometry":{"type":"Point","coordinates":[-6.257013,53.335097]}},{"id":"854","type":"Feature","properties":{},"geometry":{"type":"Point","coordinates":[-6.215166,53.320443]}},{"id":"855","type":"Feature","properties":{},"geometry":{"type":"Point","coordinates":[-6.28652,53.311566]}},{"id":"856","type":"Feature","properties":{},"geometry":{"type":"Point","coordinates":[-6.201895,53.365439]}},{"id":"857","type":"Feature","properties":{},"geometry":{"type":"Point","coordinates":[-6.24989,53.327929]}},{"id":"858","type":"Feature","properties":{},"geometry":{"type":"Point","coordinates":[-6.2161,53.313452]}},{"id":"859","type":"Feature","properties":{},"geometry":{"type":"Point","coordinates":[-6.26498,53.335457]}},{"id":"860","type":"Feature","properties":{},"geometry":{"type":"Point","coordinates":[-6.348293,53.360701]}},{"id":"861","type":"Feature","properties":{},"geometry":{"type":"Point","coordinates":[-6.335184,53.347192]}},{"id":"862","type":"Feature","properties":{},"geometry":{"type":"Point","coordinates":[-6.311712,53.384882]}},{"id":"863","type":"Feature","properties":{},"geometry":{"type":"Point","coordinates":[-6.336423,53.365429]}},{"id":"864","type":"Feature","properties":{},"geometry":{"type":"Point","coordinates":[-6.269363,53.385592]}},{"id":"865","type":"Feature","properties":{},"geometry":{"type":"Point","coordinates":[-6.214165,53.368308]}},{"id":"866","type":"Feature","properties":{},"geometry":{"type":"Point","coordinates":[-6.240886,53.373974]}},{"id":"867","type":"Feature","properties":{},"geometry":{"type":"Point","coordinates":[-6.305022,53.313177]}},{"id":"868","type":"Feature","properties":{},"geometry":{"type":"Point","coordinates":[-6.246829,53.325444]}},{"id":"869","type":"Feature","properties":{},"geometry":{"type":"Point","coordinates":[-6.173975,53.369843]}},{"id":"870","type":"Feature","properties":{},"geometry":{"type":"Point","coordinates":[-6.303527,53.373381]}},{"id":"871","type":"Feature","properties":{},"geometry":{"type":"Point","coordinates":[-6.191337,53.394085]}},{"id":"872","type":"Feature","properties":{},"geometry":{"type":"Point","coordinates":[-6.26263,53.373274]}},{"id":"873","type":"Feature","properties":{},"geometry":{"type":"Point","coordinates":[-6.309849,53.31945]}},{"id":"874","type":"Feature","properties":{},"geometry":{"type":"Point","coordinates":[-6.2416,53.345574]}},{"id":"875","type":"Feature","properties":{},"geometry":{"type":"Point","coordinates":[-6.304179,53.365156]}},{"id":"876","type":"Feature","properties":{},"geometry":{"type":"Point","coordinates":[-6.25435,53.372283]}},{"id":"877","type":"Feature","properties":{},"geometry":{"type":"Point","coordinates":[-6.309741,53.336893]}},{"id":"878","type":"Feature","properties":{},"geometry":{"type":"Point","coordinates":[-6.229128,53.37335]}},{"id":"879","type":"Feature","properties":{},"geometry":{"type":"Point","coordinates":[-6.330081,53.318212]}},{"id":"880","type":"Feature","properties":{},"geometry":{"type":"Point","coordinates":[-6.326042,53.356931]}},{"id":"881","type":"Feature","properties":{},"geometry":{"type":"Point","coordinates":[-6.196882,53.387269]}},{"id":"882","type":"Feature","properties":{},"geometry":{"type":"Point","coordinates":[-6.281519,53.353173]}},{"id":"883","type":"Feature","properties":{},"geometry":{"type":"Point","coordinates":[-6.154438,53.400253]}},{"id":"884","type":"Feature","properties":{},"geometry":{"type":"Point","coordinates":[-6.252503,53.33175]}},{"id":"885","type":"Feature","properties":{},"geometry":{"type":"Point","coordinates":[-6.280446,53.353185]}},{"id":"886","type":"Feature","properties":{},"geometry":{"type":"Point","coordinates":[-6.190827,53.343582]}},{"id":"887","type":"Feature","properties":{},"geometry":{"type":"Point","coordinates":[-6.327409,53.359149]}},{"id":"888","type":"Feature","properties":{},"geometry":{"type":"Point","coordinates":[-6.162349,53.399592]}},{"id":"889","type":"Feature","properties":{},"geometry":{"type":"Point","coordinates":[-6.232366,53.342131]}},{"id":"890","type":"Feature","properties":{},"geometry":{"type":"Point","coordinates":[-6.200145,53.341841]}},{"id":"891","type":"Feature","properties":{},"geometry":{"type":"Point","coordinates":[-6.346371,53.368254]}},{"id":"892","type":"Feature","properties":{},"geometry":{"type":"Point","coordinates":[-6.291307,53.300103]}},{"id":"893","type":"Feature","properties":{},"geometry":{"type":"Point","coordinates":[-6.214329,53.389403]}},{"id":"894","type":"Feature","properties":{},"geometry":{"type":"Point","coordinates":[-6.294294,53.367395]}},{"id":"895","type":"Feature","properties":{},"geometry":{"type":"Point","coordinates":[-6.306815,53.398987]}},{"id":"896","type":"Feature","properties":{},"geometry":{"type":"Point","coordinates":[-6.279379,53.398607]}},{"id":"897","type":"Feature","properties":{},"geometry":{"type":"Point","coordinates":[-6.254258,53.375912]}},{"id":"898","type":"Feature","properties":{},"geometry":{"type":"Point","coordinates":[-6.211486,53.363194]}},{"id":"899","type":"Feature","properties":{},"geometry":{"type":"Point","coordinates":[-6.186962,53.368494]}},{"id":"900","type":"Feature","properties":{},"geometry":{"type":"Point","coordinates":[-6.24632,53.37067]}},{"id":"901","type":"Feature","properties":{},"geometry":{"type":"Point","coordinates":[-6.232732,53.36666]}},{"id":"902","type":"Feature","properties":{},"geometry":{"type":"Point","coordinates":[-6.188358,53.374463]}},{"id":"903","type":"Feature","properties":{},"geometry":{"type":"Point","coordinates":[-6.265012,53.314717]}},{"id":"904","type":"Feature","properties":{},"geometry":{"type":"Point","coordinates":[-6.357796,53.35222]}},{"id":"905","type":"Feature","properties":{},"geometry":{"type":"Point","coordinates":[-6.260129,53.360699]}},{"id":"906","type":"Feature","properties":{},"geometry":{"type":"Point","coordinates":[-6.206643,53.375632]}},{"id":"907","type":"Feature","properties":{},"geometry":{"type":"Point","coordinates":[-6.293617,53.327912]}},{"id":"908","type":"Feature","properties":{},"geometry":{"type":"Point","coordinates":[-6.324682,53.373408]}},{"id":"909","type":"Feature","properties":{},"geometry":{"type":"Point","coordinates":[-6.200365,53.389065]}},{"id":"910","type":"Feature","properties":{},"geometry":{"type":"Point","coordinates":[-6.343326,53.335029]}},{"id":"911","type":"Feature","properties":{},"geometry":{"type":"Point","coordinates":[-6.29693,53.305478]}},{"id":"912","type":"Feature","properties":{},"geometry":{"type":"Point","coordinates":[-6.225974,53.324648]}},{"id":"913","type":"Feature","properties":{},"geometry":{"type":"Point","coordinates":[-6.235303,53.319013]}},{"id":"914","type":"Feature","properties":{},"geometry":{"type":"Point","coordinates":[-6.257096,53.347651]}},{"id":"915","type":"Feature","properties":{},"geometry":{"type":"Point","coordinates":[-6.216572,53.389882]}},{"id":"916","type":"Feature","properties":{},"geometry":{"type":"Point","coordinates":[-6.331415,53.347293]}},{"id":"917","type":"Feature","properties":{},"geometry":{"type":"Point","coordinates":[-6.178292,53.394952]}},{"id":"918","type":"Feature","properties":{},"geometry":{"type":"Point","coordinates":[-6.313666,53.387242]}},{"id":"919","type":"Feature","properties":{},"geometry":{"type":"Point","coordinates":[-6.33971,53.320376]}},{"id":"920","type":"Feature","properties":{},"geometry":{"type":"Point","coordinates":[-6.220817,53.332244]}},{"id":"921","type":"Feature","properties":{},"geometry":{"type":"Point","coordinates":[-6.2954,53.351777]}},{"id":"922","type":"Feature","properties":{},"geometry":{"type":"Point","coordinates":[-6.189327,53.372025]}},{"id":"923","type":"Feature","properties":{},"geometry":{"type":"Point","coordinates":[-6.256185,53.343503]}},{"id":"924","type":"Feature","properties":{},"geometry":{"type":"Point","coordinates":[-6.187544,53.378339]}},{"id":"925","type":"Feature","properties":{},"geometry":{"type":"Point","coordinates":[-6.302414,53.384668]}},{"id":"926","type":"Feature","properties":{},"geometry":{"type":"Point","coordinates":[-6.279262,53.320854]}},{"id":"927","type":"Feature","properties":{},"geometry":{"type":"Point","coordinates":[-6.307689,53.372109]}},{"id":"928","type":"Feature","properties":{},"geometry":{"type":"Point","coordinates":[-6.212994,53.40931]}},{"id":"929","type":"Feature","properties":{},"geometry":{"type":"Point","coordinates":[-6.340762,53.321159]}},{"id":"930","type":"Feature","properties":{},"geometry":{"type":"Point","coordinates":[-6.153983,53.39967]}},{"id":"931","type":"Feature","properties":{},"geometry":{"type":"Point","coordinates":[-6.166069,53.356933]}},{"id":"932","type":"Feature","properties":{},"geometry":{"type":"Point","coordinates":[-6.248551,53.330621]}},{"id":"933","type":"Feature","properties":{},"geometry":{"type":"Point","coordinates":[-6.252566,53.348213]}},{"id":"934","type":"Feature","properties":{},"geometry":{"type":"Point","coordinates":[-6.242611,53.338133]}},{"id":"935","type":"Feature","properties":{},"geometry":{"type":"Point","coordinates":[-6.319027,53.37886]}},{"id":"936","type":"Feature","properties":{},"geometry":{"type":"Point","coordinates":[-6.167168,53.38922]}},{"id":"937","type":"Feature","properties":{},"geometry":{"type":"Point","coordinates":[-6.252554,53.394165]}},{"id":"938","type":"Feature","properties":{},"geometry":{"type":"Point","coordinates":[-6.195921,53.36538]}},{"id":"939","type":"Feature","properties":{},"geometry":{"type":"Point","coordinates":[-6.286,53.382041]}},{"id":"940","type":"Feature","properties":{},"geometry":{"type":"Point","coordinates":[-6.376943,53.338826]}},{"id":"941","type":"Feature","properties":{},"geometry":{"type":"Point","coordinates":[-6.253336,53.338996]}},{"id":"942","type":"Feature","properties":{},"geometry":{"type":"Point","coordinates":[-6.315216,53.324438]}},{"id":"943","type":"Feature","properties":{},"geometry":{"type":"Point","coordinates":[-6.303816,53.36631]}},{"id":"944","type":"Feature","properties":{},"geometry":{"type":"Point","coordinates":[-6.253664,53.380806]}},{"id":"945","type":"Feature","properties":{},"geometry":{"type":"Point","coordinates":[-6.340963,53.360684]}},{"id":"946","type":"Feature","properties":{},"geometry":{"type":"Point","coordinates":[-6.246156,53.326341]}},{"id":"947","type":"Feature","properties":{},"geometry":{"type":"Point","coordinates":[-6.279185,53.325738]}},{"id":"948","type":"Feature","properties":{},"geometry":{"type":"Point","coordinates":[-6.294119,53.387898]}},{"id":"949","type":"Feature","properties":{},"geometry":{"type":"Point","coordinates":[-6.297126,53.336972]}},{"id":"950","type":"Feature","properties":{},"geometry":{"type":"Point","coordinates":[-6.168417,53.371912]}},{"id":"951","type":"Feature","properties":{},"geometry":{"type":"Point","coordinates":[-6.28279,53.391217]}},{"id":"952","type":"Feature","properties":{},"geometry":{"type":"Point","coordinates":[-6.264687,53.310002]}},{"id":"953","type":"Feature","properties":{},"geometry":{"type":"Point","coordinates":[-6.274288,53.32209]}},{"id":"954","type":"Feature","properties":{},"geometry":{"type":"Point","coordinates":[-6.382634,53.334137]}},{"id":"955","type":"Feature","properties":{},"geometry":{"type":"Point","coordinates":[-6.290391,53.368747]}},{"id":"956","type":"Feature","properties":{},"geometry":{"type":"Point","coordinates":[-6.305843,53.348271]}},{"id":"957","type":"Feature","properties":{},"geometry":{"type":"Point","coordinates":[-6.307128,53.372726]}},{"id":"958","type":"Feature","properties":{},"geometry":{"type":"Point","coordinates":[-6.262756,53.371613]}},{"id":"959","type":"Feature","properties":{},"geometry":{"type":"Point","coordinates":[-6.20956,53.372256]}},{"id":"960","type":"Feature","properties":{},"geometry":{"type":"Point","coordinates":[-6.344763,53.36013]}},{"id":"961","type":"Feature","properties":{},"geometry":{"type":"Point","coordinates":[-6.255996,53.354398]}},{"id":"962","type":"Feature","properties":{},"geometry":{"type":"Point","coordinates":[-6.265582,53.357399]}},{"id":"963","type":"Feature","properties":{},"geometry":{"type":"Point","coordinates":[-6.249383,53.315209]}},{"id":"964","type":"Feature","properties":{},"geometry":{"type":"Point","coordinates":[-6.215552,53.388164]}},{"id":"965","type":"Feature","properties":{},"geometry":{"type":"Point","coordinates":[-6.168405,53.374028]}},{"id":"966","type":"Feature","properties":{},"geometry":{"type":"Point","coordinates":[-6.348016,53.359134]}},{"id":"967","type":"Feature","properties":{},"geometry":{"type":"Point","coordinates":[-6.15353,53.381439]}},{"id":"968","type":"Feature","properties":{},"geometry":{"type":"Point","coordinates":[-6.197653,53.349614]}},{"id":"969","type":"Feature","properties":{},"geometry":{"type":"Point","coordinates":[-6.210148,53.351085]}},{"id":"970","type":"Feature","properties":{},"geometry":{"type":"Point","coordinates":[-6.31507,53.372489]}},{"id":"971","type":"Feature","properties":{},"geometry":{"type":"Point","coordinates":[-6.263396,53.398183]}},{"id":"972","type":"Feature","properties":{},"geometry":{"type":"Point","coordinates":[-6.174351,53.405909]}},{"id":"973","type":"Feature","properties":{},"geometry":{"type":"Point","coordinates":[-6.271209,53.394461]}},{"id":"974","type":"Feature","properties":{},"geometry":{"type":"Point","coordinates":[-6.198204,53.348611]}},{"id":"975","type":"Feature","properties":{},"geometry":{"type":"Point","coordinates":[-6.205512,53.379251]}},{"id":"976","type":"Feature","properties":{},"geometry":{"type":"Point","coordinates":[-6.296485,53.305134]}},{"id":"977","type":"Feature","properties":{},"geometry":{"type":"Point","coordinates":[-6.314683,53.358254]}},{"id":"978","type":"Feature","properties":{},"geometry":{"type":"Point","coordinates":[-6.303316,53.355956]}},{"id":"979","type":"Feature","properties":{},"geometry":{"type":"Point","coordinates":[-6.239266,53.361489]}},{"id":"980","type":"Feature","properties":{},"geometry":{"type":"Point","coordinates":[-6.326266,53.355872]}},{"id":"981","type":"Feature","properties":{},"geometry":{"type":"Point","coordinates":[-6.201885,53.384093]}},{"id":"982","type":"Feature","properties":{},"geometry":{"type":"Point","coordinates":[-6.184485,53.385675]}},{"id":"983","type":"Feature","properties":{},"geometry":{"type":"Point","coordinates":[-6.282456,53.403682]}},{"id":"984","type":"Feature","properties":{},"geometry":{"type":"Point","coordinates":[-6.235801,53.318736]}},{"id":"985","type":"Feature","properties":{},"geometry":{"type":"Point","coordinates":[-6.319936,53.368255]}},{"id":"986","type":"Feature","properties":{},"geometry":{"type":"Point","coordinates":[-6.310777,53.37629]}},{"id":"987","type":"Feature","properties":{},"geometry":{"type":"Point","coordinates":[-6.231609,53.362649]}},{"id":"988","type":"Feature","properties":{},"geometry":{"type":"Point","coordinates":[-6.238608,53.330828]}},{"id":"989","type":"Feature","properties":{},"geometry":{"type":"Point","coordinates":[-6.208159,53.396002]}},{"id":"990","type":"Feature","properties":{},"geometry":{"type":"Point","coordinates":[-6.350197,53.358887]}},{"id":"991","type":"Feature","properties":{},"geometry":{"type":"Point","coordinates":[-6.375938,53.337751]}},{"id":"992","type":"Feature","properties":{},"geometry":{"type":"Point","coordinates":[-6.172829,53.390238]}},{"id":"993","type":"Feature","properties":{},"geometry":{"type":"Point","coordinates":[-6.16126,53.378147]}},{"id":"994","type":"Feature","properties":{},"geometry":{"type":"Point","coordinates":[-6.219653,53.394129]}},{"id":"995","type":"Feature","properties":{},"geometry":{"type":"Point","coordinates":[-6.241062,53.334654]}},{"id":"996","type":"Feature","properties":{},"geometry":{"type":"Point","coordinates":[-6.30045,53.312995]}},{"id":"997","type":"Feature","properties":{},"geometry":{"type":"Point","coordinates":[-6.289669,53.368154]}},{"id":"998","type":"Feature","properties":{},"geometry":{"type":"Point","coordinates":[-6.200099,53.390771]}},{"id":"999","type":"Feature","properties":{},"geometry":{"type":"Point","coordinates":[-6.223212,53.407182]}},{"id":"1000","type":"Feature","properties":{},"geometry":{"type":"Point","coordinates":[-6.28436,53.312489]}},{"id":"1001","type":"Feature","properties":{},"geometry":{"type":"Point","coordinates":[-6.297399,53.360582]}},{"id":"1002","type":"Feature","properties":{},"geometry":{"type":"Point","coordinates":[-6.324773,53.317025]}},{"id":"1003","type":"Feature","properties":{},"geometry":{"type":"Point","coordinates":[-6.233856,53.380888]}},{"id":"1004","type":"Feature","properties":{},"geometry":{"type":"Point","coordinates":[-6.307721,53.40054]}},{"id":"1005","type":"Feature","properties":{},"geometry":{"type":"Point","coordinates":[-6.215426,53.385392]}},{"id":"1006","type":"Feature","properties":{},"geometry":{"type":"Point","coordinates":[-6.225353,53.40557]}},{"id":"1007","type":"Feature","properties":{},"geometry":{"type":"Point","coordinates":[-6.242175,53.336893]}},{"id":"1008","type":"Feature","properties":{},"geometry":{"type":"Point","coordinates":[-6.23129,53.355918]}},{"id":"1009","type":"Feature","properties":{},"geometry":{"type":"Point","coordinates":[-6.208684,53.39266]}},{"id":"1010","type":"Feature","properties":{},"geometry":{"type":"Point","coordinates":[-6.193465,53.342781]}},{"id":"1011","type":"Feature","properties":{},"geometry":{"type":"Point","coordinates":[-6.283155,53.32307]}},{"id":"1012","type":"Feature","properties":{},"geometry":{"type":"Point","coordinates":[-6.21153,53.340608]}},{"id":"1013","type":"Feature","properties":{},"geometry":{"type":"Point","coordinates":[-6.275471,53.319111]}},{"id":"1014","type":"Feature","properties":{},"geometry":{"type":"Point","coordinates":[-6.310835,53.342968]}},{"id":"1015","type":"Feature","properties":{},"geometry":{"type":"Point","coordinates":[-6.201672,53.391913]}},{"id":"1016","type":"Feature","properties":{},"geometry":{"type":"Point","coordinates":[-6.24926,53.335416]}},{"id":"1017","type":"Feature","properties":{},"geometry":{"type":"Point","coordinates":[-6.298063,53.328087]}},{"id":"1018","type":"Feature","properties":{},"geometry":{"type":"Point","coordinates":[-6.200297,53.367881]}},{"id":"1019","type":"Feature","properties":{},"geometry":{"type":"Point","coordinates":[-6.25862,53.398296]}},{"id":"1020","type":"Feature","properties":{},"geometry":{"type":"Point","coordinates":[-6.192992,53.337434]}},{"id":"1021","type":"Feature","properties":{},"geometry":{"type":"Point","coordinates":[-6.247904,53.37383]}},{"id":"1022","type":"Feature","properties":{},"geometry":{"type":"Point","coordinates":[-6.293787,53.39495]}},{"id":"1023","type":"Feature","properties":{},"geometry":{"type":"Point","coordinates":[-6.252349,53.380391]}},{"id":"1024","type":"Feature","properties":{},"geometry":{"type":"Point","coordinates":[-6.288914,53.359718]}},{"id":"1025","type":"Feature","properties":{},"geometry":{"type":"Point","coordinates":[-6.221725,53.405615]}},{"id":"1026","type":"Feature","properties":{},"geometry":{"type":"Point","coordinates":[-6.247853,53.358025]}},{"id":"1027","type":"Feature","properties":{},"geometry":{"type":"Point","coordinates":[-6.214724,53.366019]}},{"id":"1028","type":"Feature","properties":{},"geometry":{"type":"Point","coordinates":[-6.321642,53.320041]}},{"id":"1029","type":"Feature","properties":{},"geometry":{"type":"Point","coordinates":[-6.281168,53.3502]}},{"id":"1030","type":"Feature","properties":{},"geometry":{"type":"Point","coordinates":[-6.353796,53.346267]}},{"id":"1031","type":"Feature","properties":{},"geometry":{"type":"Point","coordinates":[-6.259025,53.3829]}},{"id":"1032","type":"Feature","properties":{},"geometry":{"type":"Point","coordinates":[-6.183923,53.367688]}},{"id":"1033","type":"Feature","properties":{},"geometry":{"type":"Point","coordinates":[-6.260341,53.349189]}},{"id":"1034","type":"Feature","properties":{},"geometry":{"type":"Point","coordinates":[-6.249684,53.391915]}},{"id":"1035","type":"Feature","properties":{},"geometry":{"type":"Point","coordinates":[-6.294221,53.345458]}},{"id":"1036","type":"Feature","properties":{},"geometry":{"type":"Point","coordinates":[-6.137681,53.373924]}},{"id":"1037","type":"Feature","properties":{},"geometry":{"type":"Point","coordinates":[-6.143156,53.372227]}},{"id":"1038","type":"Feature","properties":{},"geometry":{"type":"Point","coordinates":[-6.156778,53.394719]}},{"id":"1039","type":"Feature","properties":{},"geometry":{"type":"Point","coordinates":[-6.231861,53.392759]}},{"id":"1040","type":"Feature","properties":{},"geometry":{"type":"Point","coordinates":[-6.303785,53.341002]}},{"id":"1041","type":"Feature","properties":{},"geometry":{"type":"Point","coordinates":[-6.249586,53.350717]}},{"id":"1042","type":"Feature","properties":{},"geometry":{"type":"Point","coordinates":[-6.181254,53.391628]}},{"id":"1043","type":"Feature","properties":{},"geometry":{"type":"Point","coordinates":[-6.311535,53.36722]}},{"id":"1044","type":"Feature","properties":{},"geometry":{"type":"Point","coordinates":[-6.355017,53.338758]}},{"id":"1045","type":"Feature","properties":{},"geometry":{"type":"Point","coordinates":[-6.258794,53.349766]}},{"id":"1046","type":"Feature","properties":{},"geometry":{"type":"Point","coordinates":[-6.294381,53.339417]}},{"id":"1047","type":"Feature","properties":{},"geometry":{"type":"Point","coordinates":[-6.316255,53.3599]}},{"id":"1048","type":"Feature","properties":{},"geometry":{"type":"Point","coordinates":[-6.266492,53.398683]}},{"id":"1049","type":"Feature","properties":{},"geometry":{"type":"Point","coordinates":[-6.330736,53.3432]}},{"id":"1050","type":"Feature","properties":{},"geometry":{"type":"Point","coordinates":[-6.347309,53.344461]}},{"id":"1051","type":"Feature","properties":{},"geometry":{"type":"Point","coordinates":[-6.280207,53.329292]}},{"id":"1052","type":"Feature","properties":{},"geometry":{"type":"Point","coordinates":[-6.261835,53.339531]}},{"id":"1053","type":"Feature","properties":{},"geometry":{"type":"Point","coordinates":[-6.236611,53.337859]}},{"id":"1054","type":"Feature","properties":{},"geometry":{"type":"Point","coordinates":[-6.186058,53.385252]}},{"id":"1055","type":"Feature","properties":{},"geometry":{"type":"Point","coordinates":[-6.37045,53.341014]}},{"id":"1056","type":"Feature","properties":{},"geometry":{"type":"Point","coordinates":[-6.283283,53.331638]}},{"id":"1057","type":"Feature","properties":{},"geometry":{"type":"Point","coordinates":[-6.286419,53.389475]}},{"id":"1058","type":"Feature","properties":{},"geometry":{"type":"Point","coordinates":[-6.382991,53.335569]}},{"id":"1059","type":"Feature","properties":{},"geometry":{"type":"Point","coordinates":[-6.197552,53.371564]}},{"id":"1060","type":"Feature","properties":{},"geometry":{"type":"Point","coordinates":[-6.32653,53.346895]}},{"id":"1061","type":"Feature","properties":{},"geometry":{"type":"Point","coordinates":[-6.277142,53.339796]}},{"id":"1062","type":"Feature","properties":{},"geometry":{"type":"Point","coordinates":[-6.368576,53.344375]}},{"id":"1063","type":"Feature","properties":{},"geometry":{"type":"Point","coordinates":[-6.343893,53.351991]}},{"id":"1064","type":"Feature","properties":{},"geometry":{"type":"Point","coordinates":[-6.365341,53.33023]}},{"id":"1065","type":"Feature","properties":{},"geometry":{"type":"Point","coordinates":[-6.321846,53.325126]}},{"id":"1066","type":"Feature","properties":{},"geometry":{"type":"Point","coordinates":[-6.231369,53.360423]}},{"id":"1067","type":"Feature","properties":{},"geometry":{"type":"Point","coordinates":[-6.32509,53.3528]}},{"id":"1068","type":"Feature","properties":{},"geometry":{"type":"Point","coordinates":[-6.333526,53.346276]}},{"id":"1069","type":"Feature","properties":{},"geometry":{"type":"Point","coordinates":[-6.290314,53.304946]}},{"id":"1070","type":"Feature","properties":{},"geometry":{"type":"Point","coordinates":[-6.269431,53.391873]}},{"id":"1071","type":"Feature","properties":{},"geometry":{"type":"Point","coordinates":[-6.350641,53.332107]}},{"id":"1072","type":"Feature","properties":{},"geometry":{"type":"Point","coordinates":[-6.372579,53.341632]}},{"id":"1073","type":"Feature","properties":{},"geometry":{"type":"Point","coordinates":[-6.259687,53.318613]}},{"id":"1074","type":"Feature","properties":{},"geometry":{"type":"Point","coordinates":[-6.199973,53.341541]}},{"id":"1075","type":"Feature","properties":{},"geometry":{"type":"Point","coordinates":[-6.269154,53.351838]}},{"id":"1076","type":"Feature","properties":{},"geometry":{"type":"Point","coordinates":[-6.250227,53.327847]}},{"id":"1077","type":"Feature","properties":{},"geometry":{"type":"Point","coordinates":[-6.252072,53.321039]}},{"id":"1078","type":"Feature","properties":{},"geometry":{"type":"Point","coordinates":[-6.228101,53.363595]}},{"id":"1079","type":"Feature","properties":{},"geometry":{"type":"Point","coordinates":[-6.227403,53.397489]}},{"id":"1080","type":"Feature","properties":{},"geometry":{"type":"Point","coordinates":[-6.269467,53.311245]}},{"id":"1081","type":"Feature","properties":{},"geometry":{"type":"Point","coordinates":[-6.272679,53.359357]}},{"id":"1082","type":"Feature","properties":{},"geometry":{"type":"Point","coordinates":[-6.264858,53.329809]}},{"id":"1083","type":"Feature","properties":{},"geometry":{"type":"Point","coordinates":[-6.337989,53.365699]}},{"id":"1084","type":"Feature","properties":{},"geometry":{"type":"Point","coordinates":[-6.256405,53.349444]}},{"id":"1085","type":"Feature","properties":{},"geometry":{"type":"Point","coordinates":[-6.196582,53.394558]}},{"id":"1086","type":"Feature","properties":{},"geometry":{"type":"Point","coordinates":[-6.291906,53.334007]}},{"id":"1087","type":"Feature","properties":{},"geometry":{"type":"Point","coordinates":[-6.286984,53.331556]}},{"id":"1088","type":"Feature","properties":{},"geometry":{"type":"Point","coordinates":[-6.260046,53.373471]}},{"id":"1089","type":"Feature","properties":{},"geometry":{"type":"Point","coordinates":[-6.189614,53.33933]}},{"id":"1090","type":"Feature","properties":{},"geometry":{"type":"Point","coordinates":[-6.228337,53.393391]}},{"id":"1091","type":"Feature","properties":{},"geometry":{"type":"Point","coordinates":[-6.165919,53.380486]}},{"id":"1092","type":"Feature","properties":{},"geometry":{"type":"Point","coordinates":[-6.352072,53.356948]}},{"id":"1093","type":"Feature","properties":{},"geometry":{"type":"Point","coordinates":[-6.324502,53.367461]}},{"id":"1094","type":"Feature","properties":{},"geometry":{"type":"Point","coordinates":[-6.165561,53.391965]}},{"id":"1095","type":"Feature","properties":{},"geometry":{"type":"Point","coordinates":[-6.352751,53.336594]}},{"id":"1096","type":"Feature","properties":{},"geometry":{"type":"Point","coordinates":[-6.271774,53.346494]}},{"id":"1097","type":"Feature","properties":{},"geometry":{"type":"Point","coordinates":[-6.265055,53.32104]}},{"id":"1098","type":"Feature","properties":{},"geometry":{"type":"Point","coordinates":[-6.271941,53.377005]}},{"id":"1099","type":"Feature","properties":{},"geometry":{"type":"Point","coordinates":[-6.216002,53.400865]}},{"id":"1100","type":"Feature","properties":{},"geometry":{"type":"Point","coordinates":[-6.275127,53.315161]}},{"id":"1101","type":"Feature","properties":{},"geometry":{"type":"Point","coordinates":[-6.218685,53.315484]}},{"id":"1102","type":"Feature","properties":{},"geometry":{"type":"Point","coordinates":[-6.198973,53.387363]}},{"id":"1103","type":"Feature","properties":{},"geometry":{"type":"Point","coordinates":[-6.216727,53.338959]}},{"id":"1104","type":"Feature","properties":{},"geometry":{"type":"Point","coordinates":[-6.314407,53.330827]}},{"id":"1105","type":"Feature","properties":{},"geometry":{"type":"Point","coordinates":[-6.220088,53.352096]}},{"id":"1106","type":"Feature","properties":{},"geometry":{"type":"Point","coordinates":[-6.209354,53.329182]}},{"id":"1107","type":"Feature","properties":{},"geometry":{"type":"Point","coordinates":[-6.291952,53.367607]}},{"id":"1108","type":"Feature","properties":{},"geometry":{"type":"Point","coordinates":[-6.255918,53.377966]}},{"id":"1109","type":"Feature","properties":{},"geometry":{"type":"Point","coordinates":[-6.240945,53.336821]}},{"id":"1110","type":"Feature","properties":{},"geometry":{"type":"Point","coordinates":[-6.282632,53.390019]}},{"id":"1111","type":"Feature","properties":{},"geometry":{"type":"Point","coordinates":[-6.214942,53.316077]}},{"id":"1112","type":"Feature","properties":{},"geometry":{"type":"Point","coordinates":[-6.353778,53.339492]}},{"id":"1113","type":"Feature","properties":{},"geometry":{"type":"Point","coordinates":[-6.382063,53.339265]}},{"id":"1114","type":"Feature","properties":{},"geometry":{"type":"Point","coordinates":[-6.18206,53.36653]}},{"id":"1115","type":"Feature","properties":{},"geometry":{"type":"Point","coordinates":[-6.253867,53.350603]}},{"id":"1116","type":"Feature","properties":{},"geometry":{"type":"Point","coordinates":[-6.308219,53.380023]}},{"id":"1117","type":"Feature","properties":{},"geometry":{"type":"Point","coordinates":[-6.153295,53.381569]}},{"id":"1118","type":"Feature","properties":{},"geometry":{"type":"Point","coordinates":[-6.205731,53.402561]}},{"id":"1119","type":"Feature","properties":{},"geometry":{"type":"Point","coordinates":[-6.26413,53.345773]}},{"id":"1120","type":"Feature","properties":{},"geometry":{"type":"Point","coordinates":[-6.333121,53.341515]}},{"id":"1121","type":"Feature","properties":{},"geometry":{"type":"Point","coordinates":[-6.275566,53.376894]}},{"id":"1122","type":"Feature","properties":{},"geometry":{"type":"Point","coordinates":[-6.307932,53.331305]}},{"id":"1123","type":"Feature","properties":{},"geometry":{"type":"Point","coordinates":[-6.289695,53.336651]}},{"id":"1124","type":"Feature","properties":{},"geometry":{"type":"Point","coordinates":[-6.362235,53.344305]}},{"id":"1125","type":"Feature","properties":{},"geometry":{"type":"Point","coordinates":[-6.288529,53.382527]}},{"id":"1126","type":"Feature","properties":{},"geometry":{"type":"Point","coordinates":[-6.220617,53.352834]}},{"id":"1127","type":"Feature","properties":{},"geometry":{"type":"Point","coordinates":[-6.246066,53.312667]}},{"id":"1128","type":"Feature","properties":{},"geometry":{"type":"Point","coordinates":[-6.221682,53.378261]}},{"id":"1129","type":"Feature","properties":{},"geometry":{"type":"Point","coordinates":[-6.258399,53.314721]}},{"id":"1130","type":"Feature","properties":{},"geometry":{"type":"Point","coordinates":[-6.318856,53.383033]}},{"id":"1131","type":"Feature","properties":{},"geometry":{"type":"Point","coordinates":[-6.21158,53.363702]}},{"id":"1132","type":"Feature","properties":{},"geometry":{"type":"Point","coordinates":[-6.357574,53.348349]}},{"id":"1133","type":"Feature","properties":{},"geometry":{"type":"Point","coordinates":[-6.357522,53.340568]}},{"id":"1134","type":"Feature","properties":{},"geometry":{"type":"Point","coordinates":[-6.205103,53.365165]}},{"id":"1135","type":"Feature","properties":{},"geometry":{"type":"Point","coordinates":[-6.241404,53.317912]}},{"id":"1136","type":"Feature","properties":{},"geometry":{"type":"Point","coordinates":[-6.337675,53.345882]}},{"id":"1137","type":"Feature","properties":{},"geometry":{"type":"Point","coordinates":[-6.135981,53.376657]}},{"id":"1138","type":"Feature","properties":{},"geometry":{"type":"Point","coordinates":[-6.380921,53.343052]}},{"id":"1139","type":"Feature","properties":{},"geometry":{"type":"Point","coordinates":[-6.170666,53.388406]}},{"id":"1140","type":"Feature","properties":{},"geometry":{"type":"Point","coordinates":[-6.253075,53.35813]}},{"id":"1141","type":"Feature","properties":{},"geometry":{"type":"Point","coordinates":[-6.263687,53.323053]}},{"id":"1142","type":"Feature","properties":{},"geometry":{"type":"Point","coordinates":[-6.253025,53.346603]}},{"id":"1143","type":"Feature","properties":{},"geometry":{"type":"Point","coordinates":[-6.344158,53.367275]}},{"id":"1144","type":"Feature","properties":{},"geometry":{"type":"Point","coordinates":[-6.328946,53.337253]}},{"id":"1145","type":"Feature","properties":{},"geometry":{"type":"Point","coordinates":[-6.230661,53.324671]}},{"id":"1146","type":"Feature","properties":{},"geometry":{"type":"Point","coordinates":[-6.210042,53.353585]}},{"id":"1147","type":"Feature","properties":{},"geometry":{"type":"Point","coordinates":[-6.176037,53.401929]}},{"id":"1148","type":"Feature","properties":{},"geometry":{"type":"Point","coordinates":[-6.327473,53.371687]}},{"id":"1149","type":"Feature","properties":{},"geometry":{"type":"Point","coordinates":[-6.237773,53.395259]}},{"id":"1150","type":"Feature","properties":{},"geometry":{"type":"Point","coordinates":[-6.376075,53.343409]}},{"id":"1151","type":"Feature","properties":{},"geometry":{"type":"Point","coordinates":[-6.260431,53.316825]}},{"id":"1152","type":"Feature","properties":{},"geometry":{"type":"Point","coordinates":[-6.232116,53.402601]}},{"id":"1153","type":"Feature","properties":{},"geometry":{"type":"Point","coordinates":[-6.232657,53.386322]}},{"id":"1154","type":"Feature","properties":{},"geometry":{"type":"Point","coordinates":[-6.298688,53.336205]}},{"id":"1155","type":"Feature","properties":{},"geometry":{"type":"Point","coordinates":[-6.195941,53.347763]}},{"id":"1156","type":"Feature","properties":{},"geometry":{"type":"Point","coordinates":[-6.297787,53.324661]}},{"id":"1157","type":"Feature","properties":{},"geometry":{"type":"Point","coordinates":[-6.175456,53.372124]}},{"id":"1158","type":"Feature","properties":{},"geometry":{"type":"Point","coordinates":[-6.338312,53.346381]}},{"id":"1159","type":"Feature","properties":{},"geometry":{"type":"Point","coordinates":[-6.296301,53.311609]}},{"id":"1160","type":"Feature","properties":{},"geometry":{"type":"Point","coordinates":[-6.285319,53.321169]}},{"id":"1161","type":"Feature","properties":{},"geometry":{"type":"Point","coordinates":[-6.216053,53.369891]}},{"id":"1162","type":"Feature","properties":{},"geometry":{"type":"Point","coordinates":[-6.315627,53.336864]}},{"id":"1163","type":"Feature","properties":{},"geometry":{"type":"Point","coordinates":[-6.227975,53.320509]}},{"id":"1164","type":"Feature","properties":{},"geometry":{"type":"Point","coordinates":[-6.305863,53.332792]}},{"id":"1165","type":"Feature","properties":{},"geometry":{"type":"Point","coordinates":[-6.203813,53.344618]}},{"id":"1166","type":"Feature","properties":{},"geometry":{"type":"Point","coordinates":[-6.261639,53.3648]}},{"id":"1167","type":"Feature","properties":{},"geometry":{"type":"Point","coordinates":[-6.216769,53.403993]}},{"id":"1168","type":"Feature","properties":{},"geometry":{"type":"Point","coordinates":[-6.155792,53.398919]}},{"id":"1169","type":"Feature","properties":{},"geometry":{"type":"Point","coordinates":[-6.332244,53.358381]}},{"id":"1170","type":"Feature","properties":{},"geometry":{"type":"Point","coordinates":[-6.160412,53.357693]}},{"id":"1171","type":"Feature","properties":{},"geometry":{"type":"Point","coordinates":[-6.294044,53.335531]}},{"id":"1172","type":"Feature","properties":{},"geometry":{"type":"Point","coordinates":[-6.153776,53.383862]}},{"id":"1173","type":"Feature","properties":{},"geometry":{"type":"Point","coordinates":[-6.302051,53.381653]}},{"id":"1174","type":"Feature","properties":{},"geometry":{"type":"Point","coordinates":[-6.217652,53.384575]}},{"id":"1175","type":"Feature","properties":{},"geometry":{"type":"Point","coordinates":[-6.364685,53.34554]}},{"id":"1176","type":"Feature","properties":{},"geometry":{"type":"Point","coordinates":[-6.260797,53.345329]}},{"id":"1177","type":"Feature","properties":{},"geometry":{"type":"Point","coordinates":[-6.254705,53.314482]}},{"id":"1178","type":"Feature","properties":{},"geometry":{"type":"Point","coordinates":[-6.312142,53.394568]}},{"id":"1179","type":"Feature","properties":{},"geometry":{"type":"Point","coordinates":[-6.170493,53.355904]}},{"id":"1180","type":"Feature","properties":{},"geometry":{"type":"Point","coordinates":[-6.312324,53.387514]}},{"id":"1181","type":"Feature","properties":{},"geometry":{"type":"Point","coordinates":[-6.226874,53.374595]}},{"id":"1182","type":"Feature","properties":{},"geometry":{"type":"Point","coordinates":[-6.218093,53.395076]}},{"id":"1183","type":"Feature","properties":{},"geometry":{"type":"Point","coordinates":[-6.288244,53.309633]}},{"id":"1184","type":"Feature","properties":{},"geometry":{"type":"Point","coordinates":[-6.281171,53.368725]}},{"id":"1185","type":"Feature","properties":{},"geometry":{"type":"Point","coordinates":[-6.184723,53.37777]}},{"id":"1186","type":"Feature","properties":{},"geometry":{"type":"Point","coordinates":[-6.160843,53.405659]}},{"id":"1187","type":"Feature","properties":{},"geometry":{"type":"Point","coordinates":[-6.299945,53.320481]}},{"id":"1188","type":"Feature","properties":{},"geometry":{"type":"Point","coordinates":[-6.185804,53.398216]}},{"id":"1189","type":"Feature","properties":{},"geometry":{"type":"Point","coordinates":[-6.160716,53.384721]}},{"id":"1190","type":"Feature","properties":{},"geometry":{"type":"Point","coordinates":[-6.177737,53.365454]}},{"id":"1191","type":"Feature","properties":{},"geometry":{"type":"Point","coordinates":[-6.316669,53.342975]}},{"id":"1192","type":"Feature","properties":{},"geometry":{"type":"Point","coordinates":[-6.254722,53.391687]}},{"id":"1193","type":"Feature","properties":{},"geometry":{"type":"Point","coordinates":[-6.260606,53.309074]}},{"id":"1194","type":"Feature","properties":{},"geometry":{"type":"Point","coordinates":[-6.288947,53.34295]}},{"id":"1195","type":"Feature","properties":{},"geometry":{"type":"Point","coordinates":[-6.163463,53.404322]}},{"id":"1196","type":"Feature","properties":{},"geometry":{"type":"Point","coordinates":[-6.242421,53.373474]}},{"id":"1197","type":"Feature","properties":{},"geometry":{"type":"Point","coordinates":[-6.189973,53.372126]}},{"id":"1198","type":"Feature","properties":{},"geometry":{"type":"Point","coordinates":[-6.308455,53.362356]}},{"id":"1199","type":"Feature","properties":{},"geometry":{"type":"Point","coordinates":[-6.1585,53.407474]}},{"id":"1200","type":"Feature","properties":{},"geometry":{"type":"Point","coordinates":[-6.295622,53.315634]}},{"id":"1201","type":"Feature","properties":{},"geometry":{"type":"Point","coordinates":[-6.274099,53.326167]}},{"id":"1202","type":"Feature","properties":{},"geometry":{"type":"Point","coordinates":[-6.293815,53.304446]}},{"id":"1203","type":"Feature","properties":{},"geometry":{"type":"Point","coordinates":[-6.272787,53.349494]}},{"id":"1204","type":"Feature","properties":{},"geometry":{"type":"Point","coordinates":[-6.25441,53.3667]}},{"id":"1205","type":"Feature","properties":{},"geometry":{"type":"Point","coordinates":[-6.25826,53.317954]}},{"id":"1206","type":"Feature","properties":{},"geometry":{"type":"Point","coordinates":[-6.209157,53.367004]}},{"id":"1207","type":"Feature","properties":{},"geometry":{"type":"Point","coordinates":[-6.280584,53.323942]}},{"id":"1208","type":"Feature","properties":{},"geometry":{"type":"Point","coordinates":[-6.315004,53.389194]}},{"id":"1209","type":"Feature","properties":{},"geometry":{"type":"Point","coordinates":[-6.168243,53.364661]}},{"id":"1210","type":"Feature","properties":{},"geometry":{"type":"Point","coordinates":[-6.279819,53.3373]}},{"id":"1211","type":"Feature","properties":{},"geometry":{"type":"Point","coordinates":[-6.11953,53.380401]}},{"id":"1212","type":"Feature","properties":{},"geometry":{"type":"Point","coordinates":[-6.216706,53.382593]}},{"id":"1213","type":"Feature","properties":{},"geometry":{"type":"Point","coordinates":[-6.296568,53.317981]}},{"id":"1214","type":"Feature","properties":{},"geometry":{"type":"Point","coordinates":[-6.195179,53.341192]}},{"id":"1215","type":"Feature","properties":{},"geometry":{"type":"Point","coordinates":[-6.204499,53.381034]}},{"id":"1216","type":"Feature","properties":{},"geometry":{"type":"Point","coordinates":[-6.313272,53.322269]}},{"id":"1217","type":"Feature","properties":{},"geometry":{"type":"Point","coordinates":[-6.19966,53.388094]}},{"id":"1218","type":"Feature","properties":{},"geometry":{"type":"Point","coordinates":[-6.293177,53.356394]}},{"id":"1219","type":"Feature","properties":{},"geometry":{"type":"Point","coordinates":[-6.313837,53.32855]}},{"id":"1220","type":"Feature","properties":{},"geometry":{"type":"Point","coordinates":[-6.224425,53.395906]}},{"id":"1221","type":"Feature","properties":{},"geometry":{"type":"Point","coordinates":[-6.258867,53.321701]}},{"id":"1222","type":"Feature","properties":{},"geometry":{"type":"Point","coordinates":[-6.190656,53.405329]}},{"id":"1223","type":"Feature","properties":{},"geometry":{"type":"Point","coordinates":[-6.274001,53.354041]}},{"id":"1224","type":"Feature","properties":{},"geometry":{"type":"Point","coordinates":[-6.209351,53.360928]}},{"id":"1225","type":"Feature","properties":{},"geometry":{"type":"Point","coordinates":[-6.275746,53.348752]}},{"id":"1226","type":"Feature","properties":{},"geometry":{"type":"Point","coordinates":[-6.198436,53.39842]}},{"id":"1227","type":"Feature","properties":{},"geometry":{"type":"Point","coordinates":[-6.241548,53.363017]}},{"id":"1228","type":"Feature","properties":{},"geometry":{"type":"Point","coordinates":[-6.2341,53.328552]}},{"id":"1229","type":"Feature","properties":{},"geometry":{"type":"Point","coordinates":[-6.312853,53.380643]}},{"id":"1230","type":"Feature","properties":{},"geometry":{"type":"Point","coordinates":[-6.242196,53.331167]}},{"id":"1231","type":"Feature","properties":{},"geometry":{"type":"Point","coordinates":[-6.257073,53.38883]}},{"id":"1232","type":"Feature","properties":{},"geometry":{"type":"Point","coordinates":[-6.235799,53.367919]}},{"id":"1233","type":"Feature","properties":{},"geometry":{"type":"Point","coordinates":[-6.263784,53.379797]}},{"id":"1234","type":"Feature","properties":{},"geometry":{"type":"Point","coordinates":[-6.313087,53.350946]}},{"id":"1235","type":"Feature","properties":{},"geometry":{"type":"Point","coordinates":[-6.296503,53.389999]}},{"id":"1236","type":"Feature","properties":{},"geometry":{"type":"Point","coordinates":[-6.223286,53.321556]}},{"id":"1237","type":"Feature","properties":{},"geometry":{"type":"Point","coordinates":[-6.278534,53.397657]}},{"id":"1238","type":"Feature","properties":{},"geometry":{"type":"Point","coordinates":[-6.264995,53.366987]}},{"id":"1239","type":"Feature","properties":{},"geometry":{"type":"Point","coordinates":[-6.211518,53.34669]}},{"id":"1240","type":"Feature","properties":{},"geometry":{"type":"Point","coordinates":[-6.312325,53.355466]}},{"id":"1241","type":"Feature","properties":{},"geometry":{"type":"Point","coordinates":[-6.304256,53.384476]}},{"id":"1242","type":"Feature","properties":{},"geometry":{"type":"Point","coordinates":[-6.301419,53.342561]}},{"id":"1243","type":"Feature","properties":{},"geometry":{"type":"Point","coordinates":[-6.246151,53.344409]}},{"id":"1244","type":"Feature","properties":{},"geometry":{"type":"Point","coordinates":[-6.24633,53.393965]}},{"id":"1245","type":"Feature","properties":{},"geometry":{"type":"Point","coordinates":[-6.238531,53.375546]}},{"id":"1246","type":"Feature","properties":{},"geometry":{"type":"Point","coordinates":[-6.271637,53.400843]}},{"id":"1247","type":"Feature","properties":{},"geometry":{"type":"Point","coordinates":[-6.146111,53.370278]}},{"id":"1248","type":"Feature","properties":{},"geometry":{"type":"Point","coordinates":[-6.245897,53.353888]}},{"id":"1249","type":"Feature","properties":{},"geometry":{"type":"Point","coordinates":[-6.191833,53.378498]}},{"id":"1250","type":"Feature","properties":{},"geometry":{"type":"Point","coordinates":[-6.329802,53.348728]}},{"id":"1251","type":"Feature","properties":{},"geometry":{"type":"Point","coordinates":[-6.203607,53.344104]}},{"id":"1252","type":"Feature","properties":{},"geometry":{"type":"Point","coordinates":[-6.34509,53.33862]}},{"id":"1253","type":"Feature","properties":{},"geometry":{"type":"Point","coordinates":[-6.293169,53.380587]}},{"id":"1254","type":"Feature","properties":{},"geometry":{"type":"Point","coordinates":[-6.275161,53.338373]}},{"id":"1255","type":"Feature","properties":{},"geometry":{"type":"Point","coordinates":[-6.277043,53.354652]}},{"id":"1256","type":"Feature","properties":{},"geometry":{"type":"Point","coordinates":[-6.155535,53.365082]}},{"id":"1257","type":"Feature","properties":{},"geometry":{"type":"Point","coordinates":[-6.324748,53.334475]}},{"id":"1258","type":"Feature","properties":{},"geometry":{"type":"Point","coordinates":[-6.217159,53.369506]}},{"id":"1259","type":"Feature","properties":{},"geometry":{"type":"Point","coordinates":[-6.21736,53.317386]}},{"id":"1260","type":"Feature","properties":{},"geometry":{"type":"Point","coordinates":[-6.240685,53.334748]}},{"id":"1261","type":"Feature","properties":{},"geometry":{"type":"Point","coordinates":[-6.243298,53.349214]}},{"id":"1262","type":"Feature","properties":{},"geometry":{"type":"Point","coordinates":[-6.30588,53.33227]}},{"id":"1263","type":"Feature","properties":{},"geometry":{"type":"Point","coordinates":[-6.337671,53.328457]}},{"id":"1264","type":"Feature","properties":{},"geometry":{"type":"Point","coordinates":[-6.213985,53.387582]}},{"id":"1265","type":"Feature","properties":{},"geometry":{"type":"Point","coordinates":[-6.303557,53.367788]}},{"id":"1266","type":"Feature","properties":{},"geometry":{"type":"Point","coordinates":[-6.232133,53.346813]}},{"id":"1267","type":"Feature","properties":{},"geometry":{"type":"Point","coordinates":[-6.214707,53.34721]}},{"id":"1268","type":"Feature","properties":{},"geometry":{"type":"Point","coordinates":[-6.245196,53.338397]}},{"id":"1269","type":"Feature","properties":{},"geometry":{"type":"Point","coordinates":[-6.284008,53.333173]}},{"id":"1270","type":"Feature","properties":{},"geometry":{"type":"Point","coordinates":[-6.333244,53.347485]}},{"id":"1271","type":"Feature","properties":{},"geometry":{"type":"Point","coordinates":[-6.190528,53.372404]}},{"id":"1272","type":"Feature","properties":{},"geometry":{"type":"Point","coordinates":[-6.207115,53.348614]}},{"id":"1273","type":"Feature","properties":{},"geometry":{"type":"Point","coordinates":[-6.30652,53.397191]}},{"id":"1274","type":"Feature","properties":{},"geometry":{"type":"Point","coordinates":[-6.225147,53.32141]}},{"id":"1275","type":"Feature","properties":{},"geometry":{"type":"Point","coordinates":[-6.182888,53.375756]}},{"id":"1276","type":"Feature","properties":{},"geometry":{"type":"Point","coordinates":[-6.252302,53.345325]}},{"id":"1277","type":"Feature","properties":{},"geometry":{"type":"Point","coordinates":[-6.192329,53.34054]}},{"id":"1278","type":"Feature","properties":{},"geometry":{"type":"Point","coordinates":[-6.290153,53.403918]}},{"id":"1279","type":"Feature","properties":{},"geometry":{"type":"Point","coordinates":[-6.199681,53.367277]}},{"id":"1280","type":"Feature","properties":{},"geometry":{"type":"Point","coordinates":[-6.321082,53.345651]}},{"id":"1281","type":"Feature","properties":{},"geometry":{"type":"Point","coordinates":[-6.260247,53.337]}},{"id":"1282","type":"Feature","properties":{},"geometry":{"type":"Point","coordinates":[-6.153659,53.401906]}},{"id":"1283","type":"Feature","properties":{},"geometry":{"type":"Point","coordinates":[-6.164407,53.354905]}},{"id":"1284","type":"Feature","properties":{},"geometry":{"type":"Point","coordinates":[-6.284547,53.359356]}},{"id":"1285","type":"Feature","properties":{},"geometry":{"type":"Point","coordinates":[-6.33844,53.345764]}},{"id":"1286","type":"Feature","properties":{},"geometry":{"type":"Point","coordinates":[-6.198192,53.402341]}},{"id":"1287","type":"Feature","properties":{},"geometry":{"type":"Point","coordinates":[-6.154145,53.405786]}},{"id":"1288","type":"Feature","properties":{},"geometry":{"type":"Point","coordinates":[-6.146139,53.383895]}},{"id":"1289","type":"Feature","properties":{},"geometry":{"type":"Point","coordinates":[-6.311093,53.334098]}},{"id":"1290","type":"Feature","properties":{},"geometry":{"type":"Point","coordinates":[-6.191258,53.364381]}},{"id":"1291","type":"Feature","properties":{},"geometry":{"type":"Point","coordinates":[-6.254455,53.329945]}},{"id":"1292","type":"Feature","properties":{},"geometry":{"type":"Point","coordinates":[-6.249069,53.348387]}},{"id":"1293","type":"Feature","properties":{},"geometry":{"type":"Point","coordinates":[-6.17307,53.360322]}},{"id":"1294","type":"Feature","properties":{},"geometry":{"type":"Point","coordinates":[-6.262786,53.311584]}},{"id":"1295","type":"Feature","properties":{},"geometry":{"type":"Point","coordinates":[-6.229197,53.389632]}},{"id":"1296","type":"Feature","properties":{},"geometry":{"type":"Point","coordinates":[-6.309323,53.35546]}},{"id":"1297","type":"Feature","properties":{},"geometry":{"type":"Point","coordinates":[-6.363634,53.336175]}},{"id":"1298","type":"Feature","properties":{},"geometry":{"type":"Point","coordinates":[-6.188386,53.402216]}},{"id":"1299","type":"Feature","properties":{},"geometry":{"type":"Point","coordinates":[-6.278508,53.329031]}},{"id":"1300","type":"Feature","properties":{},"geometry":{"type":"Point","coordinates":[-6.220058,53.333047]}},{"id":"1301","type":"Feature","properties":{},"geometry":{"type":"Point","coordinates":[-6.250076,53.378552]}},{"id":"1302","type":"Feature","properties":{},"geometry":{"type":"Point","coordinates":[-6.250396,53.370156]}},{"id":"1303","type":"Feature","properties":{},"geometry":{"type":"Point","coordinates":[-6.149497,53.403267]}},{"id":"1304","type":"Feature","properties":{},"geometry":{"type":"Point","coordinates":[-6.326661,53.361588]}},{"id":"1305","type":"Feature","properties":{},"geometry":{"type":"Point","coordinates":[-6.220261,53.327656]}},{"id":"1306","type":"Feature","properties":{},"geometry":{"type":"Point","coordinates":[-6.246529,53.38774]}},{"id":"1307","type":"Feature","properties":{},"geometry":{"type":"Point","coordinates":[-6.228147,53.350469]}},{"id":"1308","type":"Feature","properties":{},"geometry":{"type":"Point","coordinates":[-6.377833,53.339571]}},{"id":"1309","type":"Feature","properties":{},"geometry":{"type":"Point","coordinates":[-6.223691,53.320815]}},{"id":"1310","type":"Feature","properties":{},"geometry":{"type":"Point","coordinates":[-6.210642,53.353187]}},{"id":"1311","type":"Feature","properties":{},"geometry":{"type":"Point","coordinates":[-6.246616,53.367695]}},{"id":"1312","type":"Feature","properties":{},"geometry":{"type":"Point","coordinates":[-6.354186,53.334867]}},{"id":"1313","type":"Feature","properties":{},"geometry":{"type":"Point","coordinates":[-6.327615,53.343161]}},{"id":"1314","type":"Feature","properties":{},"geometry":{"type":"Point","coordinates":[-6.281452,53.346536]}},{"id":"1315","type":"Feature","properties":{},"geometry":{"type":"Point","coordinates":[-6.236818,53.367675]}},{"id":"1316","type":"Feature","properties":{},"geometry":{"type":"Point","coordinates":[-6.285658,53.336206]}},{"id":"1317","type":"Feature","properties":{},"geometry":{"type":"Point","coordinates":[-6.212911,53.377603]}},{"id":"1318","type":"Feature","properties":{},"geometry":{"type":"Point","coordinates":[-6.269895,53.342391]}},{"id":"1319","type":"Feature","properties":{},"geometry":{"type":"Point","coordinates":[-6.207352,53.405343]}},{"id":"1320","type":"Feature","properties":{},"geometry":{"type":"Point","coordinates":[-6.291693,53.325037]}},{"id":"1321","type":"Feature","properties":{},"geometry":{"type":"Point","coordinates":[-6.180929,53.402443]}},{"id":"1322","type":"Feature","properties":{},"geometry":{"type":"Point","coordinates":[-6.348581,53.336019]}},{"id":"1323","type":"Feature","properties":{},"geometry":{"type":"Point","coordinates":[-6.291769,53.37862]}},{"id":"1324","type":"Feature","properties":{},"geometry":{"type":"Point","coordinates":[-6.243389,53.339681]}},{"id":"1325","type":"Feature","properties":{},"geometry":{"type":"Point","coordinates":[-6.331009,53.359187]}},{"id":"1326","type":"Feature","properties":{},"geometry":{"type":"Point","coordinates":[-6.235152,53.369928]}},{"id":"1327","type":"Feature","properties":{},"geometry":{"type":"Point","coordinates":[-6.26366,53.381143]}},{"id":"1328","type":"Feature","properties":{},"geometry":{"type":"Point","coordinates":[-6.274703,53.311007]}},{"id":"1329","type":"Feature","properties":{},"geometry":{"type":"Point","coordinates":[-6.207991,53.376272]}},{"id":"1330","type":"Feature","properties":{},"geometry":{"type":"Point","coordinates":[-6.27683,53.335299]}},{"id":"1331","type":"Feature","properties":{},"geometry":{"type":"Point","coordinates":[-6.252271,53.390495]}},{"id":"1332","type":"Feature","properties":{},"geometry":{"type":"Point","coordinates":[-6.196599,53.348499]}},{"id":"1333","type":"Feature","properties":{},"geometry":{"type":"Point","coordinates":[-6.329799,53.325669]}},{"id":"1334","type":"Feature","properties":{},"geometry":{"type":"Point","coordinates":[-6.27213,53.346667]}},{"id":"1335","type":"Feature","properties":{},"geometry":{"type":"Point","coordinates":[-6.160697,53.378591]}},{"id":"1336","type":"Feature","properties":{},"geometry":{"type":"Point","coordinates":[-6.236992,53.351351]}},{"id":"1337","type":"Feature","properties":{},"geometry":{"type":"Point","coordinates":[-6.295068,53.377899]}},{"id":"1338","type":"Feature","properties":{},"geometry":{"type":"Point","coordinates":[-6.28827,53.386477]}},{"id":"1339","type":"Feature","properties":{},"geometry":{"type":"Point","coordinates":[-6.224696,53.320471]}},{"id":"1340","type":"Feature","properties":{},"geometry":{"type":"Point","coordinates":[-6.329786,53.323557]}},{"id":"1341","type":"Feature","properties":{},"geometry":{"type":"Point","coordinates":[-6.300495,53.333897]}},{"id":"1342","type":"Feature","properties":{},"geometry":{"type":"Point","coordinates":[-6.309247,53.397222]}},{"id":"1343","type":"Feature","properties":{},"geometry":{"type":"Point","coordinates":[-6.162237,53.382894]}},{"id":"1344","type":"Feature","properties":{},"geometry":{"type":"Point","coordinates":[-6.201926,53.362378]}},{"id":"1345","type":"Feature","properties":{},"geometry":{"type":"Point","coordinates":[-6.219517,53.337945]}},{"id":"1346","type":"Feature","properties":{},"geometry":{"type":"Point","coordinates":[-6.279168,53.378658]}},{"id":"1347","type":"Feature","properties":{},"geometry":{"type":"Point","coordinates":[-6.349492,53.354925]}},{"id":"1348","type":"Feature","properties":{},"geometry":{"type":"Point","coordinates":[-6.25601,53.347017]}},{"id":"1349","type":"Feature","properties":{},"geometry":{"type":"Point","coordinates":[-6.37027,53.34044]}},{"id":"1350","type":"Feature","properties":{},"geometry":{"type":"Point","coordinates":[-6.239276,53.328431]}},{"id":"1351","type":"Feature","properties":{},"geometry":{"type":"Point","coordinates":[-6.239681,53.386833]}},{"id":"1352","type":"Feature","properties":{},"geometry":{"type":"Point","coordinates":[-6.235123,53.332048]}},{"id":"1353","type":"Feature","properties":{},"geometry":{"type":"Point","coordinates":[-6.317251,53.382035]}},{"id":"1354","type":"Feature","properties":{},"geometry":{"type":"Point","coordinates":[-6.250752,53.341451]}},{"id":"1355","type":"Feature","properties":{},"geometry":{"type":"Point","coordinates":[-6.189328,53.342412]}},{"id":"1356","type":"Feature","properties":{},"geometry":{"type":"Point","coordinates":[-6.304505,53.315294]}},{"id":"1357","type":"Feature","properties":{},"geometry":{"type":"Point","coordinates":[-6.206143,53.343434]}},{"id":"1358","type":"Feature","properties":{},"geometry":{"type":"Point","coordinates":[-6.183919,53.405453]}},{"id":"1359","type":"Feature","properties":{},"geometry":{"type":"Point","coordinates":[-6.234597,53.360764]}},{"id":"1360","type":"Feature","properties":{},"geometry":{"type":"Point","coordinates":[-6.334629,53.327274]}},{"id":"1361","type":"Feature","properties":{},"geometry":{"type":"Point","coordinates":[-6.299302,53.311278]}},{"id":"1362","type":"Feature","properties":{},"geometry":{"type":"Point","coordinates":[-6.300909,53.348519]}},{"id":"1363","type":"Feature","properties":{},"geometry":{"type":"Point","coordinates":[-6.257441,53.344193]}},{"id":"1364","type":"Feature","properties":{},"geometry":{"type":"Point","coordinates":[-6.291739,53.366347]}},{"id":"1365","type":"Feature","properties":{},"geometry":{"type":"Point","coordinates":[-6.281376,53.306971]}},{"id":"1366","type":"Feature","properties":{},"geometry":{"type":"Point","coordinates":[-6.217323,53.332759]}},{"id":"1367","type":"Feature","properties":{},"geometry":{"type":"Point","coordinates":[-6.221514,53.354222]}},{"id":"1368","type":"Feature","properties":{},"geometry":{"type":"Point","coordinates":[-6.311074,53.325895]}},{"id":"1369","type":"Feature","properties":{},"geometry":{"type":"Point","coordinates":[-6.275344,53.360962]}},{"id":"1370","type":"Feature","properties":{},"geometry":{"type":"Point","coordinates":[-6.382497,53.338862]}},{"id":"1371","type":"Feature","properties":{},"geometry":{"type":"Point","coordinates":[-6.32584,53.365005]}},{"id":"1372","type":"Feature","properties":{},"geometry":{"type":"Point","coordinates":[-6.273576,53.30621]}},{"id":"1373","type":"Feature","properties":{},"geometry":{"type":"Point","coordinates":[-6.194057,53.366779]}},{"id":"1374","type":"Feature","properties":{},"geometry":{"type":"Point","coordinates":[-6.311768,53.385523]}},{"id":"1375","type":"Feature","properties":{},"geometry":{"type":"Point","coordinates":[-6.29723,53.362038]}},{"id":"1376","type":"Feature","properties":{},"geometry":{"type":"Point","coordinates":[-6.23345,53.379287]}},{"id":"1377","type":"Feature","properties":{},"geometry":{"type":"Point","coordinates":[-6.248782,53.363341]}},{"id":"1378","type":"Feature","properties":{},"geometry":{"type":"Point","coordinates":[-6.366249,53.339166]}},{"id":"1379","type":"Feature","properties":{},"geometry":{"type":"Point","coordinates":[-6.236372,53.399273]}},{"id":"1380","type":"Feature","properties":{},"geometry":{"type":"Point","coordinates":[-6.209429,53.370535]}},{"id":"1381","type":"Feature","properties":{},"geometry":{"type":"Point","coordinates":[-6.322108,53.347442]}},{"id":"1382","type":"Feature","properties":{},"geometry":{"type":"Point","coordinates":[-6.360485,53.338849]}},{"id":"1383","type":"Feature","properties":{},"geometry":{"type":"Point","coordinates":[-6.308414,53.348052]}},{"id":"1384","type":"Feature","properties":{},"geometry":{"type":"Point","coordinates":[-6.260848,53.307911]}},{"id":"1385","type":"Feature","properties":{},"geometry":{"type":"Point","coordinates":[-6.310952,53.34996]}},{"id":"1386","type":"Feature","properties":{},"geometry":{"type":"Point","coordinates":[-6.295542,53.390536]}},{"id":"1387","type":"Feature","properties":{},"geometry":{"type":"Point","coordinates":[-6.273297,53.38943]}},{"id":"1388","type":"Feature","properties":{},"geometry":{"type":"Point","coordinates":[-6.311796,53.355063]}},{"id":"1389","type":"Feature","properties":{},"geometry":{"type":"Point","coordinates":[-6.214622,53.318062]}},{"id":"1390","type":"Feature","properties":{},"geometry":{"type":"Point","coordinates":[-6.245988,53.370899]}},{"id":"1391","type":"Feature","properties":{},"geometry":{"type":"Point","coordinates":[-6.226272,53.33722]}},{"id":"1392","type":"Feature","properties":{},"geometry":{"type":"Point","coordinates":[-6.312899,53.336128]}},{"id":"1393","type":"Feature","properties":{},"geometry":{"type":"Point","coordinates":[-6.21243,53.407217]}},{"id":"1394","type":"Feature","properties":{},"geometry":{"type":"Point","coordinates":[-6.209029,53.312282]}},{"id":"1395","type":"Feature","properties":{},"geometry":{"type":"Point","coordinates":[-6.14414,53.368576]}},{"id":"1396","type":"Feature","properties":{},"geometry":{"type":"Point","coordinates":[-6.326215,53.356853]}},{"id":"1397","type":"Feature","properties":{},"geometry":{"type":"Point","coordinates":[-6.285928,53.354247]}},{"id":"1398","type":"Feature","properties":{},"geometry":{"type":"Point","coordinates":[-6.231807,53.318215]}},{"id":"1399","type":"Feature","properties":{},"geometry":{"type":"Point","coordinates":[-6.243833,53.355786]}},{"id":"1400","type":"Feature","properties":{},"geometry":{"type":"Point","coordinates":[-6.17498,53.399693]}},{"id":"1401","type":"Feature","properties":{},"geometry":{"type":"Point","coordinates":[-6.306329,53.380171]}},{"id":"1402","type":"Feature","properties":{},"geometry":{"type":"Point","coordinates":[-6.222641,53.365841]}},{"id":"1403","type":"Feature","properties":{},"geometry":{"type":"Point","coordinates":[-6.207348,53.316654]}},{"id":"1404","type":"Feature","properties":{},"geometry":{"type":"Point","coordinates":[-6.233579,53.38149]}},{"id":"1405","type":"Feature","properties":{},"geometry":{"type":"Point","coordinates":[-6.316972,53.335788]}},{"id":"1406","type":"Feature","properties":{},"geometry":{"type":"Point","coordinates":[-6.189778,53.34741]}},{"id":"1407","type":"Feature","properties":{},"geometry":{"type":"Point","coordinates":[-6.374266,53.331723]}},{"id":"1408","type":"Feature","properties":{},"geometry":{"type":"Point","coordinates":[-6.312828,53.361821]}},{"id":"1409","type":"Feature","properties":{},"geometry":{"type":"Point","coordinates":[-6.151898,53.37053]}},{"id":"1410","type":"Feature","properties":{},"geometry":{"type":"Point","coordinates":[-6.279637,53.378929]}},{"id":"1411","type":"Feature","properties":{},"geometry":{"type":"Point","coordinates":[-6.201882,53.363864]}},{"id":"1412","type":"Feature","properties":{},"geometry":{"type":"Point","coordinates":[-6.232067,53.377648]}},{"id":"1413","type":"Feature","properties":{},"geometry":{"type":"Point","coordinates":[-6.197352,53.390505]}},{"id":"1414","type":"Feature","properties":{},"geometry":{"type":"Point","coordinates":[-6.220375,53.316255]}},{"id":"1415","type":"Feature","properties":{},"geometry":{"type":"Point","coordinates":[-6.233778,53.401284]}},{"id":"1416","type":"Feature","properties":{},"geometry":{"type":"Point","coordinates":[-6.307201,53.399831]}},{"id":"1417","type":"Feature","properties":{},"geometry":{"type":"Point","coordinates":[-6.262711,53.33149]}},{"id":"1418","type":"Feature","properties":{},"geometry":{"type":"Point","coordinates":[-6.267895,53.367829]}},{"id":"1419","type":"Feature","properties":{},"geometry":{"type":"Point","coordinates":[-6.203295,53.345611]}},{"id":"1420","type":"Feature","properties":{},"geometry":{"type":"Point","coordinates":[-6.200893,53.34784]}},{"id":"1421","type":"Feature","properties":{},"geometry":{"type":"Point","coordinates":[-6.243799,53.364811]}},{"id":"1422","type":"Feature","properties":{},"geometry":{"type":"Point","coordinates":[-6.168968,53.357494]}},{"id":"1423","type":"Feature","properties":{},"geometry":{"type":"Point","coordinates":[-6.235447,53.394116]}},{"id":"1424","type":"Feature","properties":{},"geometry":{"type":"Point","coordinates":[-6.278692,53.390563]}},{"id":"1425","type":"Feature","properties":{},"geometry":{"type":"Point","coordinates":[-6.183377,53.38156]}},{"id":"1426","type":"Feature","properties":{},"geometry":{"type":"Point","coordinates":[-6.344944,53.35384]}},{"id":"1427","type":"Feature","properties":{},"geometry":{"type":"Point","coordinates":[-6.194372,53.37109]}},{"id":"1428","type":"Feature","properties":{},"geometry":{"type":"Point","coordinates":[-6.263183,53.314182]}},{"id":"1429","type":"Feature","properties":{},"geometry":{"type":"Point","coordinates":[-6.305693,53.385669]}},{"id":"1430","type":"Feature","properties":{},"geometry":{"type":"Point","coordinates":[-6.176669,53.371618]}},{"id":"1431","type":"Feature","properties":{},"geometry":{"type":"Point","coordinates":[-6.334909,53.333692]}},{"id":"1432","type":"Feature","properties":{},"geometry":{"type":"Point","coordinates":[-6.31485,53.334984]}},{"id":"1433","type":"Feature","properties":{},"geometry":{"type":"Point","coordinates":[-6.293098,53.388377]}},{"id":"1434","type":"Feature","properties":{},"geometry":{"type":"Point","coordinates":[-6.273133,53.311773]}},{"id":"1435","type":"Feature","properties":{},"geometry":{"type":"Point","coordinates":[-6.273864,53.313123]}},{"id":"1436","type":"Feature","properties":{},"geometry":{"type":"Point","coordinates":[-6.304675,53.324956]}},{"id":"1437","type":"Feature","properties":{},"geometry":{"type":"Point","coordinates":[-6.307549,53.394008]}},{"id":"1438","type":"Feature","properties":{},"geometry":{"type":"Point","coordinates":[-6.262019,53.308975]}},{"id":"1439","type":"Feature","properties":{},"geometry":{"type":"Point","coordinates":[-6.250137,53.380496]}},{"id":"1440","type":"Feature","properties":{},"geometry":{"type":"Point","coordinates":[-6.268386,53.364235]}},{"id":"1441","type":"Feature","properties":{},"geometry":{"type":"Point","coordinates":[-6.323263,53.341134]}},{"id":"1442","type":"Feature","properties":{},"geometry":{"type":"Point","coordinates":[-6.310603,53.390106]}},{"id":"1443","type":"Feature","properties":{},"geometry":{"type":"Point","coordinates":[-6.314796,53.327051]}},{"id":"1444","type":"Feature","properties":{},"geometry":{"type":"Point","coordinates":[-6.294986,53.31031]}},{"id":"1445","type":"Feature","properties":{},"geometry":{"type":"Point","coordinates":[-6.209958,53.40403]}},{"id":"1446","type":"Feature","properties":{},"geometry":{"type":"Point","coordinates":[-6.236134,53.386301]}},{"id":"1447","type":"Feature","properties":{},"geometry":{"type":"Point","coordinates":[-6.200525,53.3681]}},{"id":"1448","type":"Feature","properties":{},"geometry":{"type":"Point","coordinates":[-6.296485,53.328845]}},{"id":"1449","type":"Feature","properties":{},"geometry":{"type":"Point","coordinates":[-6.224682,53.374296]}},{"id":"1450","type":"Feature","properties":{},"geometry":{"type":"Point","coordinates":[-6.257352,53.350991]}},{"id":"1451","type":"Feature","properties":{},"geometry":{"type":"Point","coordinates":[-6.127687,53.376863]}},{"id":"1452","type":"Feature","properties":{},"geometry":{"type":"Point","coordinates":[-6.216713,53.39218]}},{"id":"1453","type":"Feature","properties":{},"geometry":{"type":"Point","coordinates":[-6.282759,53.356604]}},{"id":"1454","type":"Feature","properties":{},"geometry":{"type":"Point","coordinates":[-6.270397,53.330821]}},{"id":"1455","type":"Feature","properties":{},"geometry":{"type":"Point","coordinates":[-6.288559,53.310081]}},{"id":"1456","type":"Feature","properties":{},"geometry":{"type":"Point","coordinates":[-6.318088,53.396124]}},{"id":"1457","type":"Feature","properties":{},"geometry":{"type":"Point","coordinates":[-6.225348,53.325825]}},{"id":"1458","type":"Feature","properties":{},"geometry":{"type":"Point","coordinates":[-6.219598,53.376218]}},{"id":"1459","type":"Feature","properties":{},"geometry":{"type":"Point","coordinates":[-6.306256,53.355533]}},{"id":"1460","type":"Feature","properties":{},"geometry":{"type":"Point","coordinates":[-6.259825,53.351107]}},{"id":"1461","type":"Feature","properties":{},"geometry":{"type":"Point","coordinates":[-6.355801,53.35144]}},{"id":"1462","type":"Feature","properties":{},"geometry":{"type":"Point","coordinates":[-6.337844,53.339444]}},{"id":"1463","type":"Feature","properties":{},"geometry":{"type":"Point","coordinates":[-6.215138,53.40044]}},{"id":"1464","type":"Feature","properties":{},"geometry":{"type":"Point","coordinates":[-6.247958,53.369035]}},{"id":"1465","type":"Feature","properties":{},"geometry":{"type":"Point","coordinates":[-6.305653,53.381497]}},{"id":"1466","type":"Feature","properties":{},"geometry":{"type":"Point","coordinates":[-6.214328,53.380425]}},{"id":"1467","type":"Feature","properties":{},"geometry":{"type":"Point","coordinates":[-6.190624,53.344387]}},{"id":"1468","type":"Feature","properties":{},"geometry":{"type":"Point","coordinates":[-6.168835,53.38185]}},{"id":"1469","type":"Feature","properties":{},"geometry":{"type":"Point","coordinates":[-6.265694,53.325608]}},{"id":"1470","type":"Feature","properties":{},"geometry":{"type":"Point","coordinates":[-6.194059,53.348878]}},{"id":"1471","type":"Feature","properties":{},"geometry":{"type":"Point","coordinates":[-6.280696,53.31161]}},{"id":"1472","type":"Feature","properties":{},"geometry":{"type":"Point","coordinates":[-6.271951,53.394357]}},{"id":"1473","type":"Feature","properties":{},"geometry":{"type":"Point","coordinates":[-6.224523,53.398921]}},{"id":"1474","type":"Feature","properties":{},"geometry":{"type":"Point","coordinates":[-6.251144,53.381107]}},{"id":"1475","type":"Feature","properties":{},"geometry":{"type":"Point","coordinates":[-6.200927,53.350168]}},{"id":"1476","type":"Feature","properties":{},"geometry":{"type":"Point","coordinates":[-6.169651,53.357443]}},{"id":"1477","type":"Feature","properties":{},"geometry":{"type":"Point","coordinates":[-6.331281,53.331977]}},{"id":"1478","type":"Feature","properties":{},"geometry":{"type":"Point","coordinates":[-6.263348,53.400503]}},{"id":"1479","type":"Feature","properties":{},"geometry":{"type":"Point","coordinates":[-6.220925,53.35751]}},{"id":"1480","type":"Feature","properties":{},"geometry":{"type":"Point","coordinates":[-6.237289,53.38596]}},{"id":"1481","type":"Feature","properties":{},"geometry":{"type":"Point","coordinates":[-6.331679,53.376759]}},{"id":"1482","type":"Feature","properties":{},"geometry":{"type":"Point","coordinates":[-6.364162,53.330962]}},{"id":"1483","type":"Feature","properties":{},"geometry":{"type":"Point","coordinates":[-6.2975,53.380372]}},{"id":"1484","type":"Feature","properties":{},"geometry":{"type":"Point","coordinates":[-6.379599,53.340341]}},{"id":"1485","type":"Feature","properties":{},"geometry":{"type":"Point","coordinates":[-6.215961,53.332252]}},{"id":"1486","type":"Feature","properties":{},"geometry":{"type":"Point","coordinates":[-6.208308,53.39145]}},{"id":"1487","type":"Feature","properties":{},"geometry":{"type":"Point","coordinates":[-6.34721,53.340548]}},{"id":"1488","type":"Feature","properties":{},"geometry":{"type":"Point","coordinates":[-6.22913,53.368376]}},{"id":"1489","type":"Feature","properties":{},"geometry":{"type":"Point","coordinates":[-6.303275,53.342081]}},{"id":"1490","type":"Feature","properties":{},"geometry":{"type":"Point","coordinates":[-6.256656,53.366292]}},{"id":"1491","type":"Feature","properties":{},"geometry":{"type":"Point","coordinates":[-6.312115,53.336809]}},{"id":"1492","type":"Feature","properties":{},"geometry":{"type":"Point","coordinates":[-6.180261,53.368927]}},{"id":"1493","type":"Feature","properties":{},"geometry":{"type":"Point","coordinates":[-6.381099,53.335689]}},{"id":"1494","type":"Feature","properties":{},"geometry":{"type":"Point","coordinates":[-6.180564,53.399876]}},{"id":"1495","type":"Feature","properties":{},"geometry":{"type":"Point","coordinates":[-6.294675,53.393739]}},{"id":"1496","type":"Feature","properties":{},"geometry":{"type":"Point","coordinates":[-6.191662,53.392451]}},{"id":"1497","type":"Feature","properties":{},"geometry":{"type":"Point","coordinates":[-6.19535,53.348855]}},{"id":"1498","type":"Feature","properties":{},"geometry":{"type":"Point","coordinates":[-6.222135,53.351881]}},{"id":"1499","type":"Feature","properties":{},"geometry":{"type":"Point","coordinates":[-6.281224,53.354939]}}]}