{
"type": "FeatureCollection",
"name": "scenario3_ameneties",
"crs": { "type": "name", "properties": { "name": "urn:ogc:def:crs:OGC:1.3:CRS84" } },
"features": [
{ "type": "Feature", "properties": { "id": 245804199, "highway": "traffic_signals", "traffic_signals": null, "traffic_signals:direction": null, "crossing": null, "tactile_paving": null, "button_operated": null, "traffic_signals:sound": null, "traffic_signals:vibration": null, "check_date:traffic_signals:sound": null, "direction": null, "description": null }, "geometry": { "type": "Point", "coordinates": [ -2.9451809, 43.2689316 ] } },
{ "type": "Feature", "properties": { "id": 245937176, "highway": "traffic_signals", "traffic_signals": null, "traffic_signals:direction": null, "crossing": null, "tactile_paving": null, "button_operated": null, "traffic_signals:sound": null, "traffic_signals:vibration": null, "check_date:traffic_signals:sound": null, "direction": null, "description": null }, "geometry": { "type": "Point", "coordinates": [ -2.9446932, 43.2606496 ] } },
{ "type": "Feature", "properties": { "id": 245937180, "highway": "traffic_signals", "traffic_signals": null, "traffic_signals:direction": null, "crossing": null, "tactile_paving": null, "button_operated": null, "traffic_signals:sound": null, "traffic_signals:vibration": null, "check_date:traffic_signals:sound": null, "direction": null, "description": null }, "geometry": { "type": "Point", "coordinates": [ -2.9429849, 43.2647583 ] } },
{ "type": "Feature", "properties": { "id": 245937258, "highway": "traffic_signals", "traffic_signals": null, "traffic_signals:direction": null, "crossing": null, "tactile_paving": null, "button_operated": null, "traffic_signals:sound": null, "traffic_signals:vibration": null, "check_date:traffic_signals:sound": null, "direction": null, "description": null }, "geometry": { "type": "Point", "coordinates": [ -2.9428286, 43.2602373 ] } },
{ "type": "Feature", "properties": { "id": 245937259, "highway": "traffic_signals", "traffic_signals": null, "traffic_signals:direction": null, "crossing": null, "tactile_paving": null, "button_operated": null, "traffic_signals:sound": null, "traffic_signals:vibration": null, "check_date:traffic_signals:sound": null, "direction": null, "description": null }, "geometry": { "type": "Point", "coordinates": [ -2.9423354, 43.2614059 ] } },
{ "type": "Feature", "properties": { "id": 245937262, "highway": "traffic_signals", "traffic_signals": null, "traffic_signals:direction": null, "crossing": null, "tactile_paving": null, "button_operated": null, "traffic_signals:sound": null, "traffic_signals:vibration": null, "check_date:traffic_signals:sound": null, "direction": null, "description": null }, "geometry": { "type": "Point", "coordinates": [ -2.94115, 43.2643618 ] } },
{ "type": "Feature", "properties": { "id": 245939255, "highway": "traffic_signals", "traffic_signals": null, "traffic_signals:direction": null, "crossing": null, "tactile_paving": null, "button_operated": null, "traffic_signals:sound": null, "traffic_signals:vibration": null, "check_date:traffic_signals:sound": null, "direction": null, "description": null }, "geometry": { "type": "Point", "coordinates": [ -2.9391621, 43.26392 ] } },
{ "type": "Feature", "properties": { "id": 245939764, "highway": "traffic_signals", "traffic_signals": null, "traffic_signals:direction": null, "crossing": null, "tactile_paving": null, "button_operated": null, "traffic_signals:sound": null, "traffic_signals:vibration": null, "check_date:traffic_signals:sound": null, "direction": null, "description": null }, "geometry": { "type": "Point", "coordinates": [ -2.9354932, 43.2579102 ] } },
{ "type": "Feature", "properties": { "id": 245939828, "highway": "traffic_signals", "traffic_signals": "signal", "traffic_signals:direction": "forward", "crossing": null, "tactile_paving": null, "button_operated": null, "traffic_signals:sound": null, "traffic_signals:vibration": null, "check_date:traffic_signals:sound": null, "direction": null, "description": null }, "geometry": { "type": "Point", "coordinates": [ -2.9516651, 43.2590928 ] } },
{ "type": "Feature", "properties": { "id": 245939832, "highway": "traffic_signals", "traffic_signals": null, "traffic_signals:direction": null, "crossing": null, "tactile_paving": null, "button_operated": null, "traffic_signals:sound": null, "traffic_signals:vibration": null, "check_date:traffic_signals:sound": null, "direction": null, "description": null }, "geometry": { "type": "Point", "coordinates": [ -2.9357178, 43.2573664 ] } },
{ "type": "Feature", "properties": { "id": 245939834, "highway": "traffic_signals", "traffic_signals": null, "traffic_signals:direction": null, "crossing": null, "tactile_paving": null, "button_operated": null, "traffic_signals:sound": null, "traffic_signals:vibration": null, "check_date:traffic_signals:sound": null, "direction": null, "description": null }, "geometry": { "type": "Point", "coordinates": [ -2.9351051, 43.2588123 ] } },
{ "type": "Feature", "properties": { "id": 245939835, "highway": "traffic_signals", "traffic_signals": null, "traffic_signals:direction": null, "crossing": null, "tactile_paving": null, "button_operated": null, "traffic_signals:sound": null, "traffic_signals:vibration": null, "check_date:traffic_signals:sound": null, "direction": null, "description": null }, "geometry": { "type": "Point", "coordinates": [ -2.9347361, 43.259734 ] } },
{ "type": "Feature", "properties": { "id": 245940549, "highway": "traffic_signals", "traffic_signals": "signal", "traffic_signals:direction": null, "crossing": null, "tactile_paving": null, "button_operated": null, "traffic_signals:sound": null, "traffic_signals:vibration": null, "check_date:traffic_signals:sound": null, "direction": null, "description": null }, "geometry": { "type": "Point", "coordinates": [ -2.9341215, 43.2651147 ] } },
{ "type": "Feature", "properties": { "id": 245940598, "highway": "traffic_signals", "traffic_signals": "signal", "traffic_signals:direction": null, "crossing": null, "tactile_paving": null, "button_operated": null, "traffic_signals:sound": null, "traffic_signals:vibration": null, "check_date:traffic_signals:sound": null, "direction": null, "description": null }, "geometry": { "type": "Point", "coordinates": [ -2.9338134, 43.2658492 ] } },
{ "type": "Feature", "properties": { "id": 245940640, "highway": "traffic_signals", "traffic_signals": null, "traffic_signals:direction": null, "crossing": null, "tactile_paving": null, "button_operated": null, "traffic_signals:sound": null, "traffic_signals:vibration": null, "check_date:traffic_signals:sound": null, "direction": null, "description": null }, "geometry": { "type": "Point", "coordinates": [ -2.9302561, 43.2664372 ] } },
{ "type": "Feature", "properties": { "id": 245940693, "highway": "traffic_signals", "traffic_signals": "signal", "traffic_signals:direction": null, "crossing": null, "tactile_paving": null, "button_operated": null, "traffic_signals:sound": null, "traffic_signals:vibration": null, "check_date:traffic_signals:sound": null, "direction": null, "description": null }, "geometry": { "type": "Point", "coordinates": [ -2.9335822, 43.2664124 ] } },
{ "type": "Feature", "properties": { "id": 245968733, "highway": "traffic_signals", "traffic_signals": null, "traffic_signals:direction": null, "crossing": "traffic_signals", "tactile_paving": null, "button_operated": null, "traffic_signals:sound": null, "traffic_signals:vibration": null, "check_date:traffic_signals:sound": null, "direction": null, "description": null }, "geometry": { "type": "Point", "coordinates": [ -2.9421811, 43.269655 ] } },
{ "type": "Feature", "properties": { "id": 245968765, "highway": "traffic_signals", "traffic_signals": null, "traffic_signals:direction": null, "crossing": null, "tactile_paving": null, "button_operated": null, "traffic_signals:sound": null, "traffic_signals:vibration": null, "check_date:traffic_signals:sound": null, "direction": null, "description": null }, "geometry": { "type": "Point", "coordinates": [ -2.944044, 43.2692027 ] } },
{ "type": "Feature", "properties": { "id": 246856926, "highway": "traffic_signals", "traffic_signals": null, "traffic_signals:direction": null, "crossing": null, "tactile_paving": null, "button_operated": null, "traffic_signals:sound": null, "traffic_signals:vibration": null, "check_date:traffic_signals:sound": null, "direction": null, "description": null }, "geometry": { "type": "Point", "coordinates": [ -2.9343454, 43.2606622 ] } },
{ "type": "Feature", "properties": { "id": 246856929, "highway": "traffic_signals", "traffic_signals": null, "traffic_signals:direction": null, "crossing": null, "tactile_paving": null, "button_operated": null, "traffic_signals:sound": null, "traffic_signals:vibration": null, "check_date:traffic_signals:sound": null, "direction": null, "description": null }, "geometry": { "type": "Point", "coordinates": [ -2.9419774, 43.2623143 ] } },
{ "type": "Feature", "properties": { "id": 247060889, "highway": "traffic_signals", "traffic_signals": null, "traffic_signals:direction": null, "crossing": null, "tactile_paving": null, "button_operated": null, "traffic_signals:sound": null, "traffic_signals:vibration": null, "check_date:traffic_signals:sound": null, "direction": null, "description": null }, "geometry": { "type": "Point", "coordinates": [ -2.9297404, 43.2654438 ] } },
{ "type": "Feature", "properties": { "id": 247071044, "highway": "traffic_signals", "traffic_signals": null, "traffic_signals:direction": null, "crossing": null, "tactile_paving": null, "button_operated": null, "traffic_signals:sound": null, "traffic_signals:vibration": null, "check_date:traffic_signals:sound": null, "direction": null, "description": null }, "geometry": { "type": "Point", "coordinates": [ -2.9291653, 43.2628275 ] } },
{ "type": "Feature", "properties": { "id": 247071168, "highway": "traffic_signals", "traffic_signals": null, "traffic_signals:direction": null, "crossing": null, "tactile_paving": null, "button_operated": null, "traffic_signals:sound": null, "traffic_signals:vibration": null, "check_date:traffic_signals:sound": null, "direction": null, "description": null }, "geometry": { "type": "Point", "coordinates": [ -2.9314662, 43.2601153 ] } },
{ "type": "Feature", "properties": { "id": 247071288, "highway": "traffic_signals", "traffic_signals": null, "traffic_signals:direction": null, "crossing": null, "tactile_paving": null, "button_operated": null, "traffic_signals:sound": null, "traffic_signals:vibration": null, "check_date:traffic_signals:sound": null, "direction": null, "description": null }, "geometry": { "type": "Point", "coordinates": [ -2.9376229, 43.2603546 ] } },
{ "type": "Feature", "properties": { "id": 247071300, "highway": "traffic_signals", "traffic_signals": null, "traffic_signals:direction": "forward", "crossing": null, "tactile_paving": null, "button_operated": null, "traffic_signals:sound": null, "traffic_signals:vibration": null, "check_date:traffic_signals:sound": null, "direction": null, "description": null }, "geometry": { "type": "Point", "coordinates": [ -2.94023, 43.2609462 ] } },
{ "type": "Feature", "properties": { "id": 275895440, "highway": "traffic_signals", "traffic_signals": null, "traffic_signals:direction": null, "crossing": "traffic_signals", "tactile_paving": "yes", "button_operated": null, "traffic_signals:sound": null, "traffic_signals:vibration": null, "check_date:traffic_signals:sound": null, "direction": null, "description": null }, "geometry": { "type": "Point", "coordinates": [ -2.9125022, 43.2541095 ] } },
{ "type": "Feature", "properties": { "id": 275992197, "highway": "traffic_signals", "traffic_signals": null, "traffic_signals:direction": null, "crossing": null, "tactile_paving": null, "button_operated": null, "traffic_signals:sound": null, "traffic_signals:vibration": null, "check_date:traffic_signals:sound": null, "direction": null, "description": null }, "geometry": { "type": "Point", "coordinates": [ -2.943834, 43.2627282 ] } },
{ "type": "Feature", "properties": { "id": 278667032, "highway": "traffic_signals", "traffic_signals": null, "traffic_signals:direction": null, "crossing": null, "tactile_paving": null, "button_operated": null, "traffic_signals:sound": null, "traffic_signals:vibration": null, "check_date:traffic_signals:sound": null, "direction": null, "description": null }, "geometry": { "type": "Point", "coordinates": [ -2.9385628, 43.2615737 ] } },
{ "type": "Feature", "properties": { "id": 301950002, "highway": "traffic_signals", "traffic_signals": "signal", "traffic_signals:direction": null, "crossing": null, "tactile_paving": null, "button_operated": null, "traffic_signals:sound": null, "traffic_signals:vibration": null, "check_date:traffic_signals:sound": null, "direction": null, "description": null }, "geometry": { "type": "Point", "coordinates": [ -2.9533017, 43.2602131 ] } },
{ "type": "Feature", "properties": { "id": 312699259, "highway": "traffic_signals", "traffic_signals": null, "traffic_signals:direction": "forward", "crossing": null, "tactile_paving": null, "button_operated": null, "traffic_signals:sound": null, "traffic_signals:vibration": null, "check_date:traffic_signals:sound": null, "direction": null, "description": null }, "geometry": { "type": "Point", "coordinates": [ -2.9345698, 43.2572708 ] } },
{ "type": "Feature", "properties": { "id": 312710921, "highway": "traffic_signals", "traffic_signals": null, "traffic_signals:direction": null, "crossing": null, "tactile_paving": null, "button_operated": null, "traffic_signals:sound": null, "traffic_signals:vibration": null, "check_date:traffic_signals:sound": null, "direction": null, "description": null }, "geometry": { "type": "Point", "coordinates": [ -2.9208326, 43.2691072 ] } },
{ "type": "Feature", "properties": { "id": 312710925, "highway": "traffic_signals", "traffic_signals": null, "traffic_signals:direction": null, "crossing": null, "tactile_paving": null, "button_operated": null, "traffic_signals:sound": null, "traffic_signals:vibration": null, "check_date:traffic_signals:sound": null, "direction": null, "description": null }, "geometry": { "type": "Point", "coordinates": [ -2.9208822, 43.2690576 ] } },
{ "type": "Feature", "properties": { "id": 312710927, "highway": "traffic_signals", "traffic_signals": null, "traffic_signals:direction": null, "crossing": null, "tactile_paving": null, "button_operated": null, "traffic_signals:sound": null, "traffic_signals:vibration": null, "check_date:traffic_signals:sound": null, "direction": null, "description": null }, "geometry": { "type": "Point", "coordinates": [ -2.9187913, 43.2679099 ] } },
{ "type": "Feature", "properties": { "id": 312710929, "highway": "traffic_signals", "traffic_signals": null, "traffic_signals:direction": null, "crossing": null, "tactile_paving": null, "button_operated": null, "traffic_signals:sound": null, "traffic_signals:vibration": null, "check_date:traffic_signals:sound": null, "direction": null, "description": null }, "geometry": { "type": "Point", "coordinates": [ -2.9172721, 43.2669379 ] } },
{ "type": "Feature", "properties": { "id": 312710935, "highway": "traffic_signals", "traffic_signals": null, "traffic_signals:direction": null, "crossing": null, "tactile_paving": null, "button_operated": null, "traffic_signals:sound": null, "traffic_signals:vibration": null, "check_date:traffic_signals:sound": null, "direction": null, "description": null }, "geometry": { "type": "Point", "coordinates": [ -2.917099, 43.264886 ] } },
{ "type": "Feature", "properties": { "id": 312710936, "highway": "traffic_signals", "traffic_signals": null, "traffic_signals:direction": null, "crossing": null, "tactile_paving": null, "button_operated": null, "traffic_signals:sound": null, "traffic_signals:vibration": null, "check_date:traffic_signals:sound": null, "direction": null, "description": null }, "geometry": { "type": "Point", "coordinates": [ -2.9172069, 43.2669757 ] } },
{ "type": "Feature", "properties": { "id": 312710942, "highway": "traffic_signals", "traffic_signals": null, "traffic_signals:direction": null, "crossing": null, "tactile_paving": null, "button_operated": null, "traffic_signals:sound": null, "traffic_signals:vibration": null, "check_date:traffic_signals:sound": null, "direction": null, "description": null }, "geometry": { "type": "Point", "coordinates": [ -2.9170189, 43.2648677 ] } },
{ "type": "Feature", "properties": { "id": 481271865, "highway": "traffic_signals", "traffic_signals": null, "traffic_signals:direction": null, "crossing": "traffic_signals", "tactile_paving": "yes", "button_operated": null, "traffic_signals:sound": null, "traffic_signals:vibration": null, "check_date:traffic_signals:sound": null, "direction": null, "description": null }, "geometry": { "type": "Point", "coordinates": [ -2.9161172, 43.2540195 ] } },
{ "type": "Feature", "properties": { "id": 481275813, "highway": "traffic_signals", "traffic_signals": null, "traffic_signals:direction": null, "crossing": "traffic_signals", "tactile_paving": "no", "button_operated": "no", "traffic_signals:sound": "no", "traffic_signals:vibration": "no", "check_date:traffic_signals:sound": null, "direction": null, "description": null }, "geometry": { "type": "Point", "coordinates": [ -2.9127172, 43.2557255 ] } },
{ "type": "Feature", "properties": { "id": 481285985, "highway": "traffic_signals", "traffic_signals": null, "traffic_signals:direction": null, "crossing": null, "tactile_paving": null, "button_operated": null, "traffic_signals:sound": null, "traffic_signals:vibration": null, "check_date:traffic_signals:sound": null, "direction": null, "description": null }, "geometry": { "type": "Point", "coordinates": [ -2.9128135, 43.2488482 ] } },
{ "type": "Feature", "properties": { "id": 481289333, "highway": "traffic_signals", "traffic_signals": null, "traffic_signals:direction": "forward", "crossing": null, "tactile_paving": null, "button_operated": null, "traffic_signals:sound": null, "traffic_signals:vibration": null, "check_date:traffic_signals:sound": null, "direction": null, "description": null }, "geometry": { "type": "Point", "coordinates": [ -2.9197923, 43.2483857 ] } },
{ "type": "Feature", "properties": { "id": 482728443, "highway": "traffic_signals", "traffic_signals": null, "traffic_signals:direction": null, "crossing": null, "tactile_paving": null, "button_operated": null, "traffic_signals:sound": null, "traffic_signals:vibration": null, "check_date:traffic_signals:sound": null, "direction": null, "description": null }, "geometry": { "type": "Point", "coordinates": [ -2.9148913, 43.2520823 ] } },
{ "type": "Feature", "properties": { "id": 482897580, "highway": "traffic_signals", "traffic_signals": "signal", "traffic_signals:direction": null, "crossing": null, "tactile_paving": null, "button_operated": null, "traffic_signals:sound": null, "traffic_signals:vibration": null, "check_date:traffic_signals:sound": null, "direction": null, "description": null }, "geometry": { "type": "Point", "coordinates": [ -2.9105749, 43.2524327 ] } },
{ "type": "Feature", "properties": { "id": 737350784, "highway": "traffic_signals", "traffic_signals": "signal", "traffic_signals:direction": null, "crossing": null, "tactile_paving": null, "button_operated": null, "traffic_signals:sound": null, "traffic_signals:vibration": null, "check_date:traffic_signals:sound": null, "direction": null, "description": null }, "geometry": { "type": "Point", "coordinates": [ -2.9534996, 43.2602376 ] } },
{ "type": "Feature", "properties": { "id": 737422251, "highway": "traffic_signals", "traffic_signals": "signal", "traffic_signals:direction": "forward", "crossing": null, "tactile_paving": null, "button_operated": null, "traffic_signals:sound": null, "traffic_signals:vibration": null, "check_date:traffic_signals:sound": null, "direction": null, "description": null }, "geometry": { "type": "Point", "coordinates": [ -2.9349307, 43.2506277 ] } },
{ "type": "Feature", "properties": { "id": 747368407, "highway": "traffic_signals", "traffic_signals": "signal", "traffic_signals:direction": "forward", "crossing": null, "tactile_paving": null, "button_operated": null, "traffic_signals:sound": null, "traffic_signals:vibration": null, "check_date:traffic_signals:sound": null, "direction": null, "description": null }, "geometry": { "type": "Point", "coordinates": [ -2.9173637, 43.2642395 ] } },
{ "type": "Feature", "properties": { "id": 778545281, "highway": "traffic_signals", "traffic_signals": "signal", "traffic_signals:direction": null, "crossing": null, "tactile_paving": null, "button_operated": null, "traffic_signals:sound": null, "traffic_signals:vibration": null, "check_date:traffic_signals:sound": null, "direction": null, "description": null }, "geometry": { "type": "Point", "coordinates": [ -2.9588356, 43.2799033 ] } },
{ "type": "Feature", "properties": { "id": 1112600286, "highway": "traffic_signals", "traffic_signals": null, "traffic_signals:direction": null, "crossing": null, "tactile_paving": null, "button_operated": null, "traffic_signals:sound": null, "traffic_signals:vibration": null, "check_date:traffic_signals:sound": null, "direction": null, "description": null }, "geometry": { "type": "Point", "coordinates": [ -2.9187416, 43.2679575 ] } },
{ "type": "Feature", "properties": { "id": 1132828121, "highway": "traffic_signals", "traffic_signals": null, "traffic_signals:direction": "backward", "crossing": null, "tactile_paving": null, "button_operated": null, "traffic_signals:sound": null, "traffic_signals:vibration": null, "check_date:traffic_signals:sound": null, "direction": null, "description": null }, "geometry": { "type": "Point", "coordinates": [ -2.9289882, 43.263989 ] } },
{ "type": "Feature", "properties": { "id": 1417906377, "highway": "traffic_signals", "traffic_signals": null, "traffic_signals:direction": null, "crossing": null, "tactile_paving": null, "button_operated": null, "traffic_signals:sound": null, "traffic_signals:vibration": null, "check_date:traffic_signals:sound": null, "direction": null, "description": null }, "geometry": { "type": "Point", "coordinates": [ -2.9193232, 43.245951 ] } },
{ "type": "Feature", "properties": { "id": 1417937836, "highway": "traffic_signals", "traffic_signals": "signal", "traffic_signals:direction": "forward", "crossing": null, "tactile_paving": null, "button_operated": null, "traffic_signals:sound": null, "traffic_signals:vibration": null, "check_date:traffic_signals:sound": null, "direction": null, "description": null }, "geometry": { "type": "Point", "coordinates": [ -2.9122069, 43.2467991 ] } },
{ "type": "Feature", "properties": { "id": 1417937845, "highway": "traffic_signals", "traffic_signals": "signal", "traffic_signals:direction": "forward", "crossing": null, "tactile_paving": null, "button_operated": null, "traffic_signals:sound": null, "traffic_signals:vibration": null, "check_date:traffic_signals:sound": null, "direction": null, "description": null }, "geometry": { "type": "Point", "coordinates": [ -2.9122617, 43.2468919 ] } },
{ "type": "Feature", "properties": { "id": 1449620804, "highway": "traffic_signals", "traffic_signals": "signal", "traffic_signals:direction": null, "crossing": null, "tactile_paving": null, "button_operated": null, "traffic_signals:sound": null, "traffic_signals:vibration": null, "check_date:traffic_signals:sound": null, "direction": null, "description": null }, "geometry": { "type": "Point", "coordinates": [ -2.9539101, 43.2684689 ] } },
{ "type": "Feature", "properties": { "id": 1582403605, "highway": "traffic_signals", "traffic_signals": null, "traffic_signals:direction": null, "crossing": null, "tactile_paving": null, "button_operated": null, "traffic_signals:sound": null, "traffic_signals:vibration": null, "check_date:traffic_signals:sound": null, "direction": null, "description": null }, "geometry": { "type": "Point", "coordinates": [ -2.9276132, 43.2610098 ] } },
{ "type": "Feature", "properties": { "id": 1611159741, "highway": "traffic_signals", "traffic_signals": null, "traffic_signals:direction": null, "crossing": null, "tactile_paving": null, "button_operated": null, "traffic_signals:sound": null, "traffic_signals:vibration": null, "check_date:traffic_signals:sound": null, "direction": null, "description": null }, "geometry": { "type": "Point", "coordinates": [ -2.9357408, 43.2573062 ] } },
{ "type": "Feature", "properties": { "id": 1839188255, "highway": "traffic_signals", "traffic_signals": null, "traffic_signals:direction": null, "crossing": null, "tactile_paving": null, "button_operated": null, "traffic_signals:sound": null, "traffic_signals:vibration": null, "check_date:traffic_signals:sound": null, "direction": null, "description": null }, "geometry": { "type": "Point", "coordinates": [ -2.9184357, 43.2552593 ] } },
{ "type": "Feature", "properties": { "id": 1848293761, "highway": "traffic_signals", "traffic_signals": "signal", "traffic_signals:direction": "forward", "crossing": null, "tactile_paving": null, "button_operated": null, "traffic_signals:sound": null, "traffic_signals:vibration": null, "check_date:traffic_signals:sound": null, "direction": null, "description": null }, "geometry": { "type": "Point", "coordinates": [ -2.9412628, 43.2577849 ] } },
{ "type": "Feature", "properties": { "id": 1869052467, "highway": "traffic_signals", "traffic_signals": "signal", "traffic_signals:direction": "forward", "crossing": null, "tactile_paving": null, "button_operated": null, "traffic_signals:sound": null, "traffic_signals:vibration": null, "check_date:traffic_signals:sound": null, "direction": null, "description": null }, "geometry": { "type": "Point", "coordinates": [ -2.9555422, 43.2643345 ] } },
{ "type": "Feature", "properties": { "id": 2086249656, "highway": "traffic_signals", "traffic_signals": "signal", "traffic_signals:direction": "forward", "crossing": null, "tactile_paving": null, "button_operated": null, "traffic_signals:sound": null, "traffic_signals:vibration": null, "check_date:traffic_signals:sound": null, "direction": null, "description": null }, "geometry": { "type": "Point", "coordinates": [ -2.9337222, 43.2571595 ] } },
{ "type": "Feature", "properties": { "id": 2086249669, "highway": "traffic_signals", "traffic_signals": "signal", "traffic_signals:direction": "forward", "crossing": null, "tactile_paving": null, "button_operated": null, "traffic_signals:sound": null, "traffic_signals:vibration": null, "check_date:traffic_signals:sound": null, "direction": null, "description": null }, "geometry": { "type": "Point", "coordinates": [ -2.9338006, 43.2574226 ] } },
{ "type": "Feature", "properties": { "id": 2151128287, "highway": "traffic_signals", "traffic_signals": "signal", "traffic_signals:direction": "forward", "crossing": null, "tactile_paving": null, "button_operated": null, "traffic_signals:sound": null, "traffic_signals:vibration": null, "check_date:traffic_signals:sound": null, "direction": null, "description": null }, "geometry": { "type": "Point", "coordinates": [ -2.9518471, 43.2591545 ] } },
{ "type": "Feature", "properties": { "id": 2151128294, "highway": "traffic_signals", "traffic_signals": "signal", "traffic_signals:direction": "forward", "crossing": null, "tactile_paving": null, "button_operated": null, "traffic_signals:sound": null, "traffic_signals:vibration": null, "check_date:traffic_signals:sound": null, "direction": null, "description": null }, "geometry": { "type": "Point", "coordinates": [ -2.9546914, 43.2607186 ] } },
{ "type": "Feature", "properties": { "id": 2303073552, "highway": "traffic_signals", "traffic_signals": null, "traffic_signals:direction": null, "crossing": "traffic_signals", "tactile_paving": null, "button_operated": "no", "traffic_signals:sound": "yes", "traffic_signals:vibration": "yes", "check_date:traffic_signals:sound": null, "direction": null, "description": null }, "geometry": { "type": "Point", "coordinates": [ -2.9501354, 43.262711 ] } },
{ "type": "Feature", "properties": { "id": 2326388227, "highway": "traffic_signals", "traffic_signals": null, "traffic_signals:direction": null, "crossing": null, "tactile_paving": null, "button_operated": null, "traffic_signals:sound": null, "traffic_signals:vibration": null, "check_date:traffic_signals:sound": null, "direction": null, "description": null }, "geometry": { "type": "Point", "coordinates": [ -2.928969, 43.263368 ] } },
{ "type": "Feature", "properties": { "id": 2369568228, "highway": "traffic_signals", "traffic_signals": "signal", "traffic_signals:direction": "forward", "crossing": null, "tactile_paving": null, "button_operated": null, "traffic_signals:sound": null, "traffic_signals:vibration": null, "check_date:traffic_signals:sound": null, "direction": null, "description": null }, "geometry": { "type": "Point", "coordinates": [ -2.9517734, 43.2592212 ] } },
{ "type": "Feature", "properties": { "id": 2653738132, "highway": "traffic_signals", "traffic_signals": null, "traffic_signals:direction": null, "crossing": null, "tactile_paving": null, "button_operated": null, "traffic_signals:sound": null, "traffic_signals:vibration": null, "check_date:traffic_signals:sound": null, "direction": null, "description": null }, "geometry": { "type": "Point", "coordinates": [ -2.907178, 43.2480522 ] } },
{ "type": "Feature", "properties": { "id": 2665830303, "highway": "traffic_signals", "traffic_signals": "signal", "traffic_signals:direction": "forward", "crossing": null, "tactile_paving": null, "button_operated": null, "traffic_signals:sound": null, "traffic_signals:vibration": null, "check_date:traffic_signals:sound": null, "direction": null, "description": null }, "geometry": { "type": "Point", "coordinates": [ -2.9185173, 43.2456225 ] } },
{ "type": "Feature", "properties": { "id": 2804629024, "highway": "traffic_signals", "traffic_signals": "signal", "traffic_signals:direction": "forward", "crossing": null, "tactile_paving": null, "button_operated": null, "traffic_signals:sound": null, "traffic_signals:vibration": null, "check_date:traffic_signals:sound": null, "direction": null, "description": null }, "geometry": { "type": "Point", "coordinates": [ -2.9185775, 43.2455861 ] } },
{ "type": "Feature", "properties": { "id": 2804629025, "highway": "traffic_signals", "traffic_signals": null, "traffic_signals:direction": "forward", "crossing": null, "tactile_paving": null, "button_operated": null, "traffic_signals:sound": null, "traffic_signals:vibration": null, "check_date:traffic_signals:sound": null, "direction": null, "description": null }, "geometry": { "type": "Point", "coordinates": [ -2.918884, 43.2457403 ] } },
{ "type": "Feature", "properties": { "id": 2804629027, "highway": "traffic_signals", "traffic_signals": null, "traffic_signals:direction": null, "crossing": null, "tactile_paving": null, "button_operated": null, "traffic_signals:sound": null, "traffic_signals:vibration": null, "check_date:traffic_signals:sound": null, "direction": null, "description": null }, "geometry": { "type": "Point", "coordinates": [ -2.9199244, 43.2488725 ] } },
{ "type": "Feature", "properties": { "id": 2804629032, "highway": "traffic_signals", "traffic_signals": null, "traffic_signals:direction": null, "crossing": null, "tactile_paving": null, "button_operated": null, "traffic_signals:sound": null, "traffic_signals:vibration": null, "check_date:traffic_signals:sound": null, "direction": null, "description": null }, "geometry": { "type": "Point", "coordinates": [ -2.9160385, 43.2535466 ] } },
{ "type": "Feature", "properties": { "id": 2813165690, "highway": "traffic_signals", "traffic_signals": null, "traffic_signals:direction": null, "crossing": "traffic_signals", "tactile_paving": "yes", "button_operated": "no", "traffic_signals:sound": "no", "traffic_signals:vibration": "no", "check_date:traffic_signals:sound": null, "direction": null, "description": null }, "geometry": { "type": "Point", "coordinates": [ -2.9125518, 43.2555495 ] } },
{ "type": "Feature", "properties": { "id": 2820786458, "highway": "traffic_signals", "traffic_signals": null, "traffic_signals:direction": null, "crossing": "traffic_signals", "tactile_paving": null, "button_operated": null, "traffic_signals:sound": null, "traffic_signals:vibration": null, "check_date:traffic_signals:sound": null, "direction": null, "description": null }, "geometry": { "type": "Point", "coordinates": [ -2.9095683, 43.2545436 ] } },
{ "type": "Feature", "properties": { "id": 2820786467, "highway": "traffic_signals", "traffic_signals": null, "traffic_signals:direction": null, "crossing": "traffic_signals", "tactile_paving": null, "button_operated": null, "traffic_signals:sound": null, "traffic_signals:vibration": null, "check_date:traffic_signals:sound": null, "direction": null, "description": null }, "geometry": { "type": "Point", "coordinates": [ -2.91875, 43.2554606 ] } },
{ "type": "Feature", "properties": { "id": 2820786488, "highway": "traffic_signals", "traffic_signals": null, "traffic_signals:direction": null, "crossing": "traffic_signals", "tactile_paving": "yes", "button_operated": "no", "traffic_signals:sound": "no", "traffic_signals:vibration": "no", "check_date:traffic_signals:sound": null, "direction": null, "description": null }, "geometry": { "type": "Point", "coordinates": [ -2.9116724, 43.2561779 ] } },
{ "type": "Feature", "properties": { "id": 3015894288, "highway": "traffic_signals", "traffic_signals": "signal", "traffic_signals:direction": "forward", "crossing": null, "tactile_paving": null, "button_operated": null, "traffic_signals:sound": null, "traffic_signals:vibration": null, "check_date:traffic_signals:sound": null, "direction": null, "description": null }, "geometry": { "type": "Point", "coordinates": [ -2.9345929, 43.263967 ] } },
{ "type": "Feature", "properties": { "id": 3050482030, "highway": "traffic_signals", "traffic_signals": null, "traffic_signals:direction": null, "crossing": "traffic_signals", "tactile_paving": "yes", "button_operated": "no", "traffic_signals:sound": "no", "traffic_signals:vibration": "no", "check_date:traffic_signals:sound": "2025-02-21", "direction": null, "description": null }, "geometry": { "type": "Point", "coordinates": [ -2.911047, 43.2560687 ] } },
{ "type": "Feature", "properties": { "id": 3050705749, "highway": "traffic_signals", "traffic_signals": null, "traffic_signals:direction": null, "crossing": "traffic_signals", "tactile_paving": "yes", "button_operated": "no", "traffic_signals:sound": "no", "traffic_signals:vibration": "no", "check_date:traffic_signals:sound": null, "direction": null, "description": null }, "geometry": { "type": "Point", "coordinates": [ -2.91179, 43.2567045 ] } },
{ "type": "Feature", "properties": { "id": 3050705750, "highway": "traffic_signals", "traffic_signals": null, "traffic_signals:direction": null, "crossing": "traffic_signals", "tactile_paving": "yes", "button_operated": "no", "traffic_signals:sound": "no", "traffic_signals:vibration": "no", "check_date:traffic_signals:sound": null, "direction": null, "description": null }, "geometry": { "type": "Point", "coordinates": [ -2.9117249, 43.2567413 ] } },
{ "type": "Feature", "properties": { "id": 3137057606, "highway": "traffic_signals", "traffic_signals": "signal", "traffic_signals:direction": "forward", "crossing": null, "tactile_paving": null, "button_operated": null, "traffic_signals:sound": null, "traffic_signals:vibration": null, "check_date:traffic_signals:sound": null, "direction": null, "description": null }, "geometry": { "type": "Point", "coordinates": [ -2.9462695, 43.2623576 ] } },
{ "type": "Feature", "properties": { "id": 3475008892, "highway": "traffic_signals", "traffic_signals": null, "traffic_signals:direction": null, "crossing": null, "tactile_paving": null, "button_operated": null, "traffic_signals:sound": null, "traffic_signals:vibration": null, "check_date:traffic_signals:sound": null, "direction": null, "description": null }, "geometry": { "type": "Point", "coordinates": [ -2.9548408, 43.2728058 ] } },
{ "type": "Feature", "properties": { "id": 3475049785, "highway": "traffic_signals", "traffic_signals": null, "traffic_signals:direction": null, "crossing": null, "tactile_paving": null, "button_operated": null, "traffic_signals:sound": null, "traffic_signals:vibration": null, "check_date:traffic_signals:sound": null, "direction": null, "description": null }, "geometry": { "type": "Point", "coordinates": [ -2.9563102, 43.2732665 ] } },
{ "type": "Feature", "properties": { "id": 3475049786, "highway": "traffic_signals", "traffic_signals": null, "traffic_signals:direction": null, "crossing": null, "tactile_paving": null, "button_operated": null, "traffic_signals:sound": null, "traffic_signals:vibration": null, "check_date:traffic_signals:sound": null, "direction": null, "description": null }, "geometry": { "type": "Point", "coordinates": [ -2.9562661, 43.2733333 ] } },
{ "type": "Feature", "properties": { "id": 3475049790, "highway": "traffic_signals", "traffic_signals": null, "traffic_signals:direction": null, "crossing": null, "tactile_paving": null, "button_operated": null, "traffic_signals:sound": null, "traffic_signals:vibration": null, "check_date:traffic_signals:sound": null, "direction": null, "description": null }, "geometry": { "type": "Point", "coordinates": [ -2.9593671, 43.2754458 ] } },
{ "type": "Feature", "properties": { "id": 3475049791, "highway": "traffic_signals", "traffic_signals": null, "traffic_signals:direction": null, "crossing": null, "tactile_paving": null, "button_operated": null, "traffic_signals:sound": null, "traffic_signals:vibration": null, "check_date:traffic_signals:sound": null, "direction": null, "description": null }, "geometry": { "type": "Point", "coordinates": [ -2.9594213, 43.2754228 ] } },
{ "type": "Feature", "properties": { "id": 3475053393, "highway": "traffic_signals", "traffic_signals": null, "traffic_signals:direction": null, "crossing": null, "tactile_paving": null, "button_operated": null, "traffic_signals:sound": null, "traffic_signals:vibration": null, "check_date:traffic_signals:sound": null, "direction": null, "description": null }, "geometry": { "type": "Point", "coordinates": [ -2.9577623, 43.2740469 ] } },
{ "type": "Feature", "properties": { "id": 3475053394, "highway": "traffic_signals", "traffic_signals": null, "traffic_signals:direction": null, "crossing": null, "tactile_paving": null, "button_operated": null, "traffic_signals:sound": null, "traffic_signals:vibration": null, "check_date:traffic_signals:sound": null, "direction": null, "description": null }, "geometry": { "type": "Point", "coordinates": [ -2.9578216, 43.2740039 ] } },
{ "type": "Feature", "properties": { "id": 3475061563, "highway": "traffic_signals", "traffic_signals": null, "traffic_signals:direction": null, "crossing": null, "tactile_paving": null, "button_operated": null, "traffic_signals:sound": null, "traffic_signals:vibration": null, "check_date:traffic_signals:sound": null, "direction": null, "description": null }, "geometry": { "type": "Point", "coordinates": [ -2.9548223, 43.2728491 ] } },
{ "type": "Feature", "properties": { "id": 3480709019, "highway": "traffic_signals", "traffic_signals": null, "traffic_signals:direction": null, "crossing": null, "tactile_paving": null, "button_operated": null, "traffic_signals:sound": null, "traffic_signals:vibration": null, "check_date:traffic_signals:sound": null, "direction": null, "description": null }, "geometry": { "type": "Point", "coordinates": [ -2.9360981, 43.2602516 ] } },
{ "type": "Feature", "properties": { "id": 3571221426, "highway": "traffic_signals", "traffic_signals": null, "traffic_signals:direction": null, "crossing": null, "tactile_paving": null, "button_operated": null, "traffic_signals:sound": null, "traffic_signals:vibration": null, "check_date:traffic_signals:sound": null, "direction": null, "description": null }, "geometry": { "type": "Point", "coordinates": [ -2.9592972, 43.2756354 ] } },
{ "type": "Feature", "properties": { "id": 3571221427, "highway": "traffic_signals", "traffic_signals": null, "traffic_signals:direction": null, "crossing": null, "tactile_paving": null, "button_operated": null, "traffic_signals:sound": null, "traffic_signals:vibration": null, "check_date:traffic_signals:sound": null, "direction": null, "description": null }, "geometry": { "type": "Point", "coordinates": [ -2.9582201, 43.2742866 ] } },
{ "type": "Feature", "properties": { "id": 3571221428, "highway": "traffic_signals", "traffic_signals": null, "traffic_signals:direction": null, "crossing": null, "tactile_paving": null, "button_operated": null, "traffic_signals:sound": null, "traffic_signals:vibration": null, "check_date:traffic_signals:sound": null, "direction": null, "description": null }, "geometry": { "type": "Point", "coordinates": [ -2.9581818, 43.2743227 ] } },
{ "type": "Feature", "properties": { "id": 3571221429, "highway": "traffic_signals", "traffic_signals": null, "traffic_signals:direction": null, "crossing": null, "tactile_paving": null, "button_operated": null, "traffic_signals:sound": null, "traffic_signals:vibration": null, "check_date:traffic_signals:sound": null, "direction": null, "description": null }, "geometry": { "type": "Point", "coordinates": [ -2.9582083, 43.2740969 ] } },
{ "type": "Feature", "properties": { "id": 3642923491, "highway": "traffic_signals", "traffic_signals": "signal", "traffic_signals:direction": "forward", "crossing": null, "tactile_paving": null, "button_operated": null, "traffic_signals:sound": null, "traffic_signals:vibration": null, "check_date:traffic_signals:sound": null, "direction": null, "description": null }, "geometry": { "type": "Point", "coordinates": [ -2.9473972, 43.260817 ] } },
{ "type": "Feature", "properties": { "id": 3799896855, "highway": "traffic_signals", "traffic_signals": null, "traffic_signals:direction": null, "crossing": null, "tactile_paving": null, "button_operated": null, "traffic_signals:sound": null, "traffic_signals:vibration": null, "check_date:traffic_signals:sound": null, "direction": null, "description": null }, "geometry": { "type": "Point", "coordinates": [ -2.9276162, 43.2613881 ] } },
{ "type": "Feature", "properties": { "id": 3818443060, "highway": "traffic_signals", "traffic_signals": null, "traffic_signals:direction": null, "crossing": null, "tactile_paving": null, "button_operated": null, "traffic_signals:sound": null, "traffic_signals:vibration": null, "check_date:traffic_signals:sound": null, "direction": null, "description": null }, "geometry": { "type": "Point", "coordinates": [ -2.9571608, 43.2749098 ] } },
{ "type": "Feature", "properties": { "id": 3818443061, "highway": "traffic_signals", "traffic_signals": null, "traffic_signals:direction": null, "crossing": null, "tactile_paving": null, "button_operated": null, "traffic_signals:sound": null, "traffic_signals:vibration": null, "check_date:traffic_signals:sound": null, "direction": null, "description": null }, "geometry": { "type": "Point", "coordinates": [ -2.9573855, 43.2748353 ] } },
{ "type": "Feature", "properties": { "id": 3818443063, "highway": "traffic_signals", "traffic_signals": null, "traffic_signals:direction": null, "crossing": null, "tactile_paving": null, "button_operated": null, "traffic_signals:sound": null, "traffic_signals:vibration": null, "check_date:traffic_signals:sound": null, "direction": null, "description": null }, "geometry": { "type": "Point", "coordinates": [ -2.9574384, 43.2750888 ] } },
{ "type": "Feature", "properties": { "id": 3818443066, "highway": "traffic_signals", "traffic_signals": null, "traffic_signals:direction": null, "crossing": null, "tactile_paving": null, "button_operated": null, "traffic_signals:sound": null, "traffic_signals:vibration": null, "check_date:traffic_signals:sound": null, "direction": null, "description": null }, "geometry": { "type": "Point", "coordinates": [ -2.9567939, 43.2753233 ] } },
{ "type": "Feature", "properties": { "id": 3818447972, "highway": "traffic_signals", "traffic_signals": null, "traffic_signals:direction": null, "crossing": null, "tactile_paving": null, "button_operated": null, "traffic_signals:sound": null, "traffic_signals:vibration": null, "check_date:traffic_signals:sound": null, "direction": null, "description": null }, "geometry": { "type": "Point", "coordinates": [ -2.9567095, 43.275494 ] } },
{ "type": "Feature", "properties": { "id": 3820258835, "highway": "traffic_signals", "traffic_signals": null, "traffic_signals:direction": null, "crossing": null, "tactile_paving": null, "button_operated": null, "traffic_signals:sound": null, "traffic_signals:vibration": null, "check_date:traffic_signals:sound": null, "direction": null, "description": null }, "geometry": { "type": "Point", "coordinates": [ -2.9464622, 43.2620463 ] } },
{ "type": "Feature", "properties": { "id": 3820258836, "highway": "traffic_signals", "traffic_signals": null, "traffic_signals:direction": null, "crossing": null, "tactile_paving": null, "button_operated": null, "traffic_signals:sound": null, "traffic_signals:vibration": null, "check_date:traffic_signals:sound": null, "direction": null, "description": null }, "geometry": { "type": "Point", "coordinates": [ -2.9463148, 43.2626896 ] } },
{ "type": "Feature", "properties": { "id": 4049018485, "highway": "traffic_signals", "traffic_signals": "signal", "traffic_signals:direction": null, "crossing": null, "tactile_paving": null, "button_operated": null, "traffic_signals:sound": null, "traffic_signals:vibration": null, "check_date:traffic_signals:sound": null, "direction": null, "description": null }, "geometry": { "type": "Point", "coordinates": [ -2.9087677, 43.2475783 ] } },
{ "type": "Feature", "properties": { "id": 4049018995, "highway": "traffic_signals", "traffic_signals": "signal", "traffic_signals:direction": null, "crossing": null, "tactile_paving": null, "button_operated": null, "traffic_signals:sound": null, "traffic_signals:vibration": null, "check_date:traffic_signals:sound": null, "direction": null, "description": null }, "geometry": { "type": "Point", "coordinates": [ -2.907524, 43.2478932 ] } },
{ "type": "Feature", "properties": { "id": 4254035893, "highway": "traffic_signals", "traffic_signals": null, "traffic_signals:direction": null, "crossing": null, "tactile_paving": null, "button_operated": null, "traffic_signals:sound": null, "traffic_signals:vibration": null, "check_date:traffic_signals:sound": null, "direction": null, "description": null }, "geometry": { "type": "Point", "coordinates": [ -2.947107, 43.268393 ] } },
{ "type": "Feature", "properties": { "id": 4320879878, "highway": "traffic_signals", "traffic_signals": "signal", "traffic_signals:direction": "forward", "crossing": null, "tactile_paving": null, "button_operated": null, "traffic_signals:sound": null, "traffic_signals:vibration": null, "check_date:traffic_signals:sound": null, "direction": null, "description": null }, "geometry": { "type": "Point", "coordinates": [ -2.9376484, 43.2663447 ] } },
{ "type": "Feature", "properties": { "id": 4445537251, "highway": "traffic_signals", "traffic_signals": null, "traffic_signals:direction": null, "crossing": null, "tactile_paving": null, "button_operated": null, "traffic_signals:sound": null, "traffic_signals:vibration": null, "check_date:traffic_signals:sound": null, "direction": null, "description": null }, "geometry": { "type": "Point", "coordinates": [ -2.9221478, 43.2696314 ] } },
{ "type": "Feature", "properties": { "id": 4445537252, "highway": "traffic_signals", "traffic_signals": null, "traffic_signals:direction": null, "crossing": null, "tactile_paving": null, "button_operated": null, "traffic_signals:sound": null, "traffic_signals:vibration": null, "check_date:traffic_signals:sound": null, "direction": null, "description": null }, "geometry": { "type": "Point", "coordinates": [ -2.9221245, 43.2696801 ] } },
{ "type": "Feature", "properties": { "id": 4701258349, "highway": "traffic_signals", "traffic_signals": "signal", "traffic_signals:direction": null, "crossing": null, "tactile_paving": null, "button_operated": null, "traffic_signals:sound": null, "traffic_signals:vibration": null, "check_date:traffic_signals:sound": null, "direction": null, "description": null }, "geometry": { "type": "Point", "coordinates": [ -2.922871, 43.2637238 ] } },
{ "type": "Feature", "properties": { "id": 4736447967, "highway": "traffic_signals", "traffic_signals": null, "traffic_signals:direction": null, "crossing": null, "tactile_paving": null, "button_operated": null, "traffic_signals:sound": null, "traffic_signals:vibration": null, "check_date:traffic_signals:sound": null, "direction": null, "description": null }, "geometry": { "type": "Point", "coordinates": [ -2.9321292, 43.2611974 ] } },
{ "type": "Feature", "properties": { "id": 4750762026, "highway": "traffic_signals", "traffic_signals": "signal", "traffic_signals:direction": "forward", "crossing": null, "tactile_paving": null, "button_operated": null, "traffic_signals:sound": null, "traffic_signals:vibration": null, "check_date:traffic_signals:sound": null, "direction": null, "description": null }, "geometry": { "type": "Point", "coordinates": [ -2.944866, 43.2655322 ] } },
{ "type": "Feature", "properties": { "id": 4975099102, "highway": "traffic_signals", "traffic_signals": null, "traffic_signals:direction": null, "crossing": null, "tactile_paving": null, "button_operated": null, "traffic_signals:sound": null, "traffic_signals:vibration": null, "check_date:traffic_signals:sound": null, "direction": null, "description": null }, "geometry": { "type": "Point", "coordinates": [ -2.9504134, 43.2627322 ] } },
{ "type": "Feature", "properties": { "id": 4977504408, "highway": "traffic_signals", "traffic_signals": null, "traffic_signals:direction": null, "crossing": "traffic_signals", "tactile_paving": "yes", "button_operated": "no", "traffic_signals:sound": "no", "traffic_signals:vibration": null, "check_date:traffic_signals:sound": null, "direction": null, "description": null }, "geometry": { "type": "Point", "coordinates": [ -2.9465539, 43.2592749 ] } },
{ "type": "Feature", "properties": { "id": 4977504414, "highway": "traffic_signals", "traffic_signals": null, "traffic_signals:direction": null, "crossing": "traffic_signals", "tactile_paving": "yes", "button_operated": null, "traffic_signals:sound": null, "traffic_signals:vibration": null, "check_date:traffic_signals:sound": null, "direction": null, "description": null }, "geometry": { "type": "Point", "coordinates": [ -2.947065, 43.2601284 ] } },
{ "type": "Feature", "properties": { "id": 5246947459, "highway": "traffic_signals", "traffic_signals": "signal", "traffic_signals:direction": "forward", "crossing": null, "tactile_paving": null, "button_operated": null, "traffic_signals:sound": null, "traffic_signals:vibration": null, "check_date:traffic_signals:sound": null, "direction": null, "description": null }, "geometry": { "type": "Point", "coordinates": [ -2.9347347, 43.2633475 ] } },
{ "type": "Feature", "properties": { "id": 5585910284, "highway": "traffic_signals", "traffic_signals": null, "traffic_signals:direction": "forward", "crossing": null, "tactile_paving": null, "button_operated": null, "traffic_signals:sound": null, "traffic_signals:vibration": null, "check_date:traffic_signals:sound": null, "direction": null, "description": null }, "geometry": { "type": "Point", "coordinates": [ -2.949007, 43.2602405 ] } },
{ "type": "Feature", "properties": { "id": 5585910285, "highway": "traffic_signals", "traffic_signals": null, "traffic_signals:direction": null, "crossing": null, "tactile_paving": null, "button_operated": null, "traffic_signals:sound": null, "traffic_signals:vibration": null, "check_date:traffic_signals:sound": null, "direction": null, "description": null }, "geometry": { "type": "Point", "coordinates": [ -2.9488457, 43.2606249 ] } },
{ "type": "Feature", "properties": { "id": 5591934303, "highway": "traffic_signals", "traffic_signals": "signal", "traffic_signals:direction": "backward", "crossing": "controlled", "tactile_paving": null, "button_operated": null, "traffic_signals:sound": null, "traffic_signals:vibration": null, "check_date:traffic_signals:sound": null, "direction": null, "description": null }, "geometry": { "type": "Point", "coordinates": [ -2.9319447, 43.2429014 ] } },
{ "type": "Feature", "properties": { "id": 5863634754, "highway": "traffic_signals", "traffic_signals": "signal", "traffic_signals:direction": null, "crossing": null, "tactile_paving": null, "button_operated": null, "traffic_signals:sound": null, "traffic_signals:vibration": null, "check_date:traffic_signals:sound": null, "direction": "backward", "description": null }, "geometry": { "type": "Point", "coordinates": [ -2.919576, 43.264946 ] } },
{ "type": "Feature", "properties": { "id": 5863634783, "highway": "traffic_signals", "traffic_signals": "signal", "traffic_signals:direction": null, "crossing": null, "tactile_paving": null, "button_operated": null, "traffic_signals:sound": null, "traffic_signals:vibration": null, "check_date:traffic_signals:sound": null, "direction": null, "description": null }, "geometry": { "type": "Point", "coordinates": [ -2.9208776, 43.2655281 ] } },
{ "type": "Feature", "properties": { "id": 5863635187, "highway": "traffic_signals", "traffic_signals": "signal", "traffic_signals:direction": "backward", "crossing": null, "tactile_paving": null, "button_operated": null, "traffic_signals:sound": null, "traffic_signals:vibration": null, "check_date:traffic_signals:sound": null, "direction": null, "description": null }, "geometry": { "type": "Point", "coordinates": [ -2.9220584, 43.2652049 ] } },
{ "type": "Feature", "properties": { "id": 5863635195, "highway": "traffic_signals", "traffic_signals": "signal", "traffic_signals:direction": "forward", "crossing": null, "tactile_paving": null, "button_operated": null, "traffic_signals:sound": null, "traffic_signals:vibration": null, "check_date:traffic_signals:sound": null, "direction": null, "description": null }, "geometry": { "type": "Point", "coordinates": [ -2.9221873, 43.2651602 ] } },
{ "type": "Feature", "properties": { "id": 5863635203, "highway": "traffic_signals", "traffic_signals": "signal", "traffic_signals:direction": null, "crossing": null, "tactile_paving": null, "button_operated": null, "traffic_signals:sound": null, "traffic_signals:vibration": null, "check_date:traffic_signals:sound": null, "direction": null, "description": null }, "geometry": { "type": "Point", "coordinates": [ -2.9208753, 43.2654022 ] } },
{ "type": "Feature", "properties": { "id": 5890137040, "highway": "traffic_signals", "traffic_signals": "signal", "traffic_signals:direction": null, "crossing": null, "tactile_paving": null, "button_operated": null, "traffic_signals:sound": null, "traffic_signals:vibration": null, "check_date:traffic_signals:sound": null, "direction": null, "description": null }, "geometry": { "type": "Point", "coordinates": [ -2.9325221, 43.250635 ] } },
{ "type": "Feature", "properties": { "id": 5931082339, "highway": "traffic_signals", "traffic_signals": "signal", "traffic_signals:direction": "backward", "crossing": null, "tactile_paving": null, "button_operated": null, "traffic_signals:sound": null, "traffic_signals:vibration": null, "check_date:traffic_signals:sound": null, "direction": null, "description": null }, "geometry": { "type": "Point", "coordinates": [ -2.9339902, 43.2573176 ] } },
{ "type": "Feature", "properties": { "id": 6425635454, "highway": "traffic_signals", "traffic_signals": "signal", "traffic_signals:direction": null, "crossing": null, "tactile_paving": null, "button_operated": null, "traffic_signals:sound": null, "traffic_signals:vibration": null, "check_date:traffic_signals:sound": null, "direction": null, "description": null }, "geometry": { "type": "Point", "coordinates": [ -2.9615504, 43.2792145 ] } },
{ "type": "Feature", "properties": { "id": 6425635455, "highway": "traffic_signals", "traffic_signals": "signal", "traffic_signals:direction": null, "crossing": null, "tactile_paving": null, "button_operated": null, "traffic_signals:sound": null, "traffic_signals:vibration": null, "check_date:traffic_signals:sound": null, "direction": null, "description": null }, "geometry": { "type": "Point", "coordinates": [ -2.9619679, 43.279947 ] } },
{ "type": "Feature", "properties": { "id": 6425635456, "highway": "traffic_signals", "traffic_signals": "signal", "traffic_signals:direction": null, "crossing": null, "tactile_paving": null, "button_operated": null, "traffic_signals:sound": null, "traffic_signals:vibration": null, "check_date:traffic_signals:sound": null, "direction": null, "description": null }, "geometry": { "type": "Point", "coordinates": [ -2.9631975, 43.2821477 ] } },
{ "type": "Feature", "properties": { "id": 6425635457, "highway": "traffic_signals", "traffic_signals": "signal", "traffic_signals:direction": null, "crossing": null, "tactile_paving": null, "button_operated": null, "traffic_signals:sound": null, "traffic_signals:vibration": null, "check_date:traffic_signals:sound": null, "direction": null, "description": null }, "geometry": { "type": "Point", "coordinates": [ -2.9633483, 43.2824395 ] } },
{ "type": "Feature", "properties": { "id": 7110703163, "highway": "traffic_signals", "traffic_signals": null, "traffic_signals:direction": null, "crossing": null, "tactile_paving": null, "button_operated": null, "traffic_signals:sound": null, "traffic_signals:vibration": null, "check_date:traffic_signals:sound": null, "direction": null, "description": null }, "geometry": { "type": "Point", "coordinates": [ -2.9229163, 43.269859 ] } },
{ "type": "Feature", "properties": { "id": 7110703164, "highway": "traffic_signals", "traffic_signals": null, "traffic_signals:direction": null, "crossing": null, "tactile_paving": null, "button_operated": null, "traffic_signals:sound": null, "traffic_signals:vibration": null, "check_date:traffic_signals:sound": null, "direction": null, "description": null }, "geometry": { "type": "Point", "coordinates": [ -2.9229352, 43.269798 ] } },
{ "type": "Feature", "properties": { "id": 7110723307, "highway": "traffic_signals", "traffic_signals": null, "traffic_signals:direction": null, "crossing": null, "tactile_paving": null, "button_operated": null, "traffic_signals:sound": null, "traffic_signals:vibration": null, "check_date:traffic_signals:sound": null, "direction": null, "description": null }, "geometry": { "type": "Point", "coordinates": [ -2.925504, 43.2699066 ] } },
{ "type": "Feature", "properties": { "id": 7110723308, "highway": "traffic_signals", "traffic_signals": null, "traffic_signals:direction": null, "crossing": null, "tactile_paving": null, "button_operated": null, "traffic_signals:sound": null, "traffic_signals:vibration": null, "check_date:traffic_signals:sound": null, "direction": null, "description": null }, "geometry": { "type": "Point", "coordinates": [ -2.9254865, 43.26997 ] } },
{ "type": "Feature", "properties": { "id": 7110723310, "highway": "traffic_signals", "traffic_signals": null, "traffic_signals:direction": null, "crossing": null, "tactile_paving": null, "button_operated": null, "traffic_signals:sound": null, "traffic_signals:vibration": null, "check_date:traffic_signals:sound": null, "direction": null, "description": null }, "geometry": { "type": "Point", "coordinates": [ -2.9270038, 43.2701904 ] } },
{ "type": "Feature", "properties": { "id": 7110723311, "highway": "traffic_signals", "traffic_signals": null, "traffic_signals:direction": null, "crossing": null, "tactile_paving": null, "button_operated": null, "traffic_signals:sound": null, "traffic_signals:vibration": null, "check_date:traffic_signals:sound": null, "direction": null, "description": null }, "geometry": { "type": "Point", "coordinates": [ -2.9269834, 43.2702379 ] } },
{ "type": "Feature", "properties": { "id": 8399308693, "highway": "traffic_signals", "traffic_signals": "signal", "traffic_signals:direction": "forward", "crossing": null, "tactile_paving": null, "button_operated": null, "traffic_signals:sound": null, "traffic_signals:vibration": null, "check_date:traffic_signals:sound": null, "direction": null, "description": null }, "geometry": { "type": "Point", "coordinates": [ -2.9517969, 43.2593101 ] } },
{ "type": "Feature", "properties": { "id": 9045313529, "highway": "traffic_signals", "traffic_signals": "signal", "traffic_signals:direction": "forward", "crossing": null, "tactile_paving": null, "button_operated": null, "traffic_signals:sound": null, "traffic_signals:vibration": null, "check_date:traffic_signals:sound": null, "direction": null, "description": null }, "geometry": { "type": "Point", "coordinates": [ -2.953642, 43.2645583 ] } },
{ "type": "Feature", "properties": { "id": 9944938608, "highway": "traffic_signals", "traffic_signals": null, "traffic_signals:direction": null, "crossing": null, "tactile_paving": null, "button_operated": null, "traffic_signals:sound": null, "traffic_signals:vibration": null, "check_date:traffic_signals:sound": null, "direction": null, "description": null }, "geometry": { "type": "Point", "coordinates": [ -2.9197797, 43.2648536 ] } },
{ "type": "Feature", "properties": { "id": 10109860794, "highway": "traffic_signals", "traffic_signals": "signal", "traffic_signals:direction": "backward", "crossing": null, "tactile_paving": null, "button_operated": null, "traffic_signals:sound": null, "traffic_signals:vibration": null, "check_date:traffic_signals:sound": null, "direction": null, "description": null }, "geometry": { "type": "Point", "coordinates": [ -2.9319019, 43.243285 ] } },
{ "type": "Feature", "properties": { "id": 10109860795, "highway": "traffic_signals", "traffic_signals": "signal", "traffic_signals:direction": "forward", "crossing": null, "tactile_paving": null, "button_operated": null, "traffic_signals:sound": null, "traffic_signals:vibration": null, "check_date:traffic_signals:sound": null, "direction": null, "description": null }, "geometry": { "type": "Point", "coordinates": [ -2.9318814, 43.2433346 ] } },
{ "type": "Feature", "properties": { "id": 10109860796, "highway": "traffic_signals", "traffic_signals": "signal", "traffic_signals:direction": "backward", "crossing": null, "tactile_paving": null, "button_operated": null, "traffic_signals:sound": null, "traffic_signals:vibration": null, "check_date:traffic_signals:sound": null, "direction": null, "description": null }, "geometry": { "type": "Point", "coordinates": [ -2.9320488, 43.2429215 ] } },
{ "type": "Feature", "properties": { "id": 10109860797, "highway": "traffic_signals", "traffic_signals": "signal", "traffic_signals:direction": "forward", "crossing": null, "tactile_paving": null, "button_operated": null, "traffic_signals:sound": null, "traffic_signals:vibration": null, "check_date:traffic_signals:sound": null, "direction": null, "description": null }, "geometry": { "type": "Point", "coordinates": [ -2.9320095, 43.2430046 ] } },
{ "type": "Feature", "properties": { "id": 10109860799, "highway": "traffic_signals", "traffic_signals": "signal", "traffic_signals:direction": "backward", "crossing": null, "tactile_paving": null, "button_operated": null, "traffic_signals:sound": null, "traffic_signals:vibration": null, "check_date:traffic_signals:sound": null, "direction": null, "description": null }, "geometry": { "type": "Point", "coordinates": [ -2.9320506, 43.2431339 ] } },
{ "type": "Feature", "properties": { "id": 10244518082, "highway": "traffic_signals", "traffic_signals": "signal", "traffic_signals:direction": "forward", "crossing": null, "tactile_paving": null, "button_operated": null, "traffic_signals:sound": null, "traffic_signals:vibration": null, "check_date:traffic_signals:sound": null, "direction": null, "description": null }, "geometry": { "type": "Point", "coordinates": [ -2.9188413, 43.2456732 ] } },
{ "type": "Feature", "properties": { "id": 10962006833, "highway": "traffic_signals", "traffic_signals": "signal", "traffic_signals:direction": "forward", "crossing": null, "tactile_paving": null, "button_operated": null, "traffic_signals:sound": null, "traffic_signals:vibration": null, "check_date:traffic_signals:sound": null, "direction": null, "description": null }, "geometry": { "type": "Point", "coordinates": [ -2.9276109, 43.2493399 ] } },
{ "type": "Feature", "properties": { "id": 11241917697, "highway": "traffic_signals", "traffic_signals": "signal", "traffic_signals:direction": "forward", "crossing": null, "tactile_paving": null, "button_operated": null, "traffic_signals:sound": null, "traffic_signals:vibration": null, "check_date:traffic_signals:sound": null, "direction": null, "description": null }, "geometry": { "type": "Point", "coordinates": [ -2.9351592, 43.2634004 ] } },
{ "type": "Feature", "properties": { "id": 11241917698, "highway": "traffic_signals", "traffic_signals": "signal", "traffic_signals:direction": null, "crossing": null, "tactile_paving": null, "button_operated": null, "traffic_signals:sound": null, "traffic_signals:vibration": null, "check_date:traffic_signals:sound": null, "direction": null, "description": null }, "geometry": { "type": "Point", "coordinates": [ -2.9352536, 43.2626699 ] } },
{ "type": "Feature", "properties": { "id": 11394674307, "highway": "traffic_signals", "traffic_signals": "signal", "traffic_signals:direction": "forward", "crossing": null, "tactile_paving": null, "button_operated": null, "traffic_signals:sound": null, "traffic_signals:vibration": null, "check_date:traffic_signals:sound": null, "direction": null, "description": null }, "geometry": { "type": "Point", "coordinates": [ -2.9520052, 43.2730284 ] } },
{ "type": "Feature", "properties": { "id": 11394674308, "highway": "traffic_signals", "traffic_signals": "signal", "traffic_signals:direction": "forward", "crossing": null, "tactile_paving": null, "button_operated": null, "traffic_signals:sound": null, "traffic_signals:vibration": null, "check_date:traffic_signals:sound": null, "direction": null, "description": null }, "geometry": { "type": "Point", "coordinates": [ -2.9517715, 43.2729354 ] } },
{ "type": "Feature", "properties": { "id": 11506917550, "highway": "traffic_signals", "traffic_signals": "signal", "traffic_signals:direction": "forward", "crossing": null, "tactile_paving": null, "button_operated": null, "traffic_signals:sound": null, "traffic_signals:vibration": null, "check_date:traffic_signals:sound": null, "direction": null, "description": null }, "geometry": { "type": "Point", "coordinates": [ -2.9347699, 43.2501741 ] } },
{ "type": "Feature", "properties": { "id": 11506917551, "highway": "traffic_signals", "traffic_signals": "signal", "traffic_signals:direction": "forward", "crossing": null, "tactile_paving": null, "button_operated": null, "traffic_signals:sound": null, "traffic_signals:vibration": null, "check_date:traffic_signals:sound": null, "direction": null, "description": null }, "geometry": { "type": "Point", "coordinates": [ -2.9347008, 43.2500957 ] } },
{ "type": "Feature", "properties": { "id": 11506917552, "highway": "traffic_signals", "traffic_signals": "signal", "traffic_signals:direction": "forward", "crossing": null, "tactile_paving": null, "button_operated": null, "traffic_signals:sound": null, "traffic_signals:vibration": null, "check_date:traffic_signals:sound": null, "direction": null, "description": null }, "geometry": { "type": "Point", "coordinates": [ -2.934295, 43.2507314 ] } },
{ "type": "Feature", "properties": { "id": 11506917553, "highway": "traffic_signals", "traffic_signals": "signal", "traffic_signals:direction": "forward", "crossing": null, "tactile_paving": null, "button_operated": null, "traffic_signals:sound": null, "traffic_signals:vibration": null, "check_date:traffic_signals:sound": null, "direction": null, "description": null }, "geometry": { "type": "Point", "coordinates": [ -2.9347219, 43.2508565 ] } },
{ "type": "Feature", "properties": { "id": 11506917555, "highway": "traffic_signals", "traffic_signals": "signal", "traffic_signals:direction": "forward", "crossing": null, "tactile_paving": null, "button_operated": null, "traffic_signals:sound": null, "traffic_signals:vibration": null, "check_date:traffic_signals:sound": null, "direction": null, "description": null }, "geometry": { "type": "Point", "coordinates": [ -2.9342644, 43.250801 ] } },
{ "type": "Feature", "properties": { "id": 11506917563, "highway": "traffic_signals", "traffic_signals": "signal", "traffic_signals:direction": "forward", "crossing": null, "tactile_paving": null, "button_operated": null, "traffic_signals:sound": null, "traffic_signals:vibration": null, "check_date:traffic_signals:sound": null, "direction": null, "description": null }, "geometry": { "type": "Point", "coordinates": [ -2.9344465, 43.2513896 ] } },
{ "type": "Feature", "properties": { "id": 11506921207, "highway": "traffic_signals", "traffic_signals": "signal", "traffic_signals:direction": "forward", "crossing": null, "tactile_paving": null, "button_operated": null, "traffic_signals:sound": null, "traffic_signals:vibration": null, "check_date:traffic_signals:sound": null, "direction": null, "description": null }, "geometry": { "type": "Point", "coordinates": [ -2.9342681, 43.257233 ] } },
{ "type": "Feature", "properties": { "id": 11506927448, "highway": "traffic_signals", "traffic_signals": "signal", "traffic_signals:direction": "forward", "crossing": null, "tactile_paving": null, "button_operated": null, "traffic_signals:sound": null, "traffic_signals:vibration": null, "check_date:traffic_signals:sound": null, "direction": null, "description": null }, "geometry": { "type": "Point", "coordinates": [ -2.9340177, 43.2573397 ] } },
{ "type": "Feature", "properties": { "id": 11523008892, "highway": "traffic_signals", "traffic_signals": "signal", "traffic_signals:direction": "forward", "crossing": null, "tactile_paving": null, "button_operated": null, "traffic_signals:sound": null, "traffic_signals:vibration": null, "check_date:traffic_signals:sound": null, "direction": null, "description": null }, "geometry": { "type": "Point", "coordinates": [ -2.9313319, 43.2681478 ] } },
{ "type": "Feature", "properties": { "id": 11523008893, "highway": "traffic_signals", "traffic_signals": "signal", "traffic_signals:direction": "forward", "crossing": null, "tactile_paving": null, "button_operated": null, "traffic_signals:sound": null, "traffic_signals:vibration": null, "check_date:traffic_signals:sound": null, "direction": null, "description": null }, "geometry": { "type": "Point", "coordinates": [ -2.9314152, 43.2681299 ] } },
{ "type": "Feature", "properties": { "id": 11523008894, "highway": "traffic_signals", "traffic_signals": "signal", "traffic_signals:direction": "backward", "crossing": null, "tactile_paving": null, "button_operated": null, "traffic_signals:sound": null, "traffic_signals:vibration": null, "check_date:traffic_signals:sound": null, "direction": null, "description": null }, "geometry": { "type": "Point", "coordinates": [ -2.9313089, 43.2681714 ] } },
{ "type": "Feature", "properties": { "id": 11523008895, "highway": "traffic_signals", "traffic_signals": "signal", "traffic_signals:direction": "forward", "crossing": null, "tactile_paving": null, "button_operated": null, "traffic_signals:sound": null, "traffic_signals:vibration": null, "check_date:traffic_signals:sound": null, "direction": null, "description": null }, "geometry": { "type": "Point", "coordinates": [ -2.9317963, 43.2681533 ] } },
{ "type": "Feature", "properties": { "id": 11523008898, "highway": "traffic_signals", "traffic_signals": "signal", "traffic_signals:direction": "forward", "crossing": null, "tactile_paving": null, "button_operated": null, "traffic_signals:sound": null, "traffic_signals:vibration": null, "check_date:traffic_signals:sound": null, "direction": null, "description": null }, "geometry": { "type": "Point", "coordinates": [ -2.9294312, 43.2669624 ] } },
{ "type": "Feature", "properties": { "id": 11523008899, "highway": "traffic_signals", "traffic_signals": "signal", "traffic_signals:direction": "backward", "crossing": null, "tactile_paving": null, "button_operated": null, "traffic_signals:sound": null, "traffic_signals:vibration": null, "check_date:traffic_signals:sound": null, "direction": null, "description": null }, "geometry": { "type": "Point", "coordinates": [ -2.9295362, 43.2670165 ] } },
{ "type": "Feature", "properties": { "id": 11523008901, "highway": "traffic_signals", "traffic_signals": "signal", "traffic_signals:direction": "forward", "crossing": null, "tactile_paving": null, "button_operated": null, "traffic_signals:sound": null, "traffic_signals:vibration": null, "check_date:traffic_signals:sound": null, "direction": null, "description": null }, "geometry": { "type": "Point", "coordinates": [ -2.9313173, 43.2682173 ] } },
{ "type": "Feature", "properties": { "id": 11523008903, "highway": "traffic_signals", "traffic_signals": "signal", "traffic_signals:direction": "forward", "crossing": null, "tactile_paving": null, "button_operated": null, "traffic_signals:sound": null, "traffic_signals:vibration": null, "check_date:traffic_signals:sound": null, "direction": null, "description": null }, "geometry": { "type": "Point", "coordinates": [ -2.9313613, 43.2682277 ] } },
{ "type": "Feature", "properties": { "id": 11523008904, "highway": "traffic_signals", "traffic_signals": "signal", "traffic_signals:direction": "forward", "crossing": null, "tactile_paving": null, "button_operated": null, "traffic_signals:sound": null, "traffic_signals:vibration": null, "check_date:traffic_signals:sound": null, "direction": null, "description": null }, "geometry": { "type": "Point", "coordinates": [ -2.935087, 43.2679413 ] } },
{ "type": "Feature", "properties": { "id": 11523008905, "highway": "traffic_signals", "traffic_signals": "signal", "traffic_signals:direction": "backward", "crossing": null, "tactile_paving": null, "button_operated": null, "traffic_signals:sound": null, "traffic_signals:vibration": null, "check_date:traffic_signals:sound": null, "direction": null, "description": null }, "geometry": { "type": "Point", "coordinates": [ -2.9352395, 43.2679516 ] } },
{ "type": "Feature", "properties": { "id": 11523008906, "highway": "traffic_signals", "traffic_signals": "signal", "traffic_signals:direction": "forward", "crossing": null, "tactile_paving": null, "button_operated": null, "traffic_signals:sound": null, "traffic_signals:vibration": null, "check_date:traffic_signals:sound": null, "direction": null, "description": null }, "geometry": { "type": "Point", "coordinates": [ -2.9368501, 43.2687373 ] } },
{ "type": "Feature", "properties": { "id": 11523008907, "highway": "traffic_signals", "traffic_signals": "signal", "traffic_signals:direction": "backward", "crossing": null, "tactile_paving": null, "button_operated": null, "traffic_signals:sound": null, "traffic_signals:vibration": null, "check_date:traffic_signals:sound": null, "direction": null, "description": null }, "geometry": { "type": "Point", "coordinates": [ -2.9375197, 43.2688548 ] } },
{ "type": "Feature", "properties": { "id": 11673366347, "highway": "traffic_signals", "traffic_signals": "signal", "traffic_signals:direction": "forward", "crossing": null, "tactile_paving": null, "button_operated": null, "traffic_signals:sound": null, "traffic_signals:vibration": null, "check_date:traffic_signals:sound": null, "direction": null, "description": null }, "geometry": { "type": "Point", "coordinates": [ -2.9516878, 43.2593379 ] } },
{ "type": "Feature", "properties": { "id": 11673366348, "highway": "traffic_signals", "traffic_signals": "signal", "traffic_signals:direction": null, "crossing": null, "tactile_paving": null, "button_operated": null, "traffic_signals:sound": null, "traffic_signals:vibration": null, "check_date:traffic_signals:sound": null, "direction": null, "description": null }, "geometry": { "type": "Point", "coordinates": [ -2.9519978, 43.2592939 ] } },
{ "type": "Feature", "properties": { "id": 11673366349, "highway": "traffic_signals", "traffic_signals": "signal", "traffic_signals:direction": "forward", "crossing": null, "tactile_paving": null, "button_operated": null, "traffic_signals:sound": null, "traffic_signals:vibration": null, "check_date:traffic_signals:sound": null, "direction": null, "description": null }, "geometry": { "type": "Point", "coordinates": [ -2.9520367, 43.2592703 ] } },
{ "type": "Feature", "properties": { "id": 11673366353, "highway": "traffic_signals", "traffic_signals": "signal", "traffic_signals:direction": "forward", "crossing": null, "tactile_paving": null, "button_operated": null, "traffic_signals:sound": null, "traffic_signals:vibration": null, "check_date:traffic_signals:sound": null, "direction": null, "description": null }, "geometry": { "type": "Point", "coordinates": [ -2.9518685, 43.2590932 ] } },
{ "type": "Feature", "properties": { "id": 11673366355, "highway": "traffic_signals", "traffic_signals": "signal", "traffic_signals:direction": "forward", "crossing": null, "tactile_paving": null, "button_operated": null, "traffic_signals:sound": null, "traffic_signals:vibration": null, "check_date:traffic_signals:sound": null, "direction": null, "description": null }, "geometry": { "type": "Point", "coordinates": [ -2.9516334, 43.258961 ] } },
{ "type": "Feature", "properties": { "id": 11673424211, "highway": "traffic_signals", "traffic_signals": "signal", "traffic_signals:direction": "forward", "crossing": null, "tactile_paving": null, "button_operated": null, "traffic_signals:sound": null, "traffic_signals:vibration": null, "check_date:traffic_signals:sound": null, "direction": null, "description": null }, "geometry": { "type": "Point", "coordinates": [ -2.9547807, 43.2608733 ] } },
{ "type": "Feature", "properties": { "id": 11673424212, "highway": "traffic_signals", "traffic_signals": "signal", "traffic_signals:direction": "forward", "crossing": null, "tactile_paving": null, "button_operated": null, "traffic_signals:sound": null, "traffic_signals:vibration": null, "check_date:traffic_signals:sound": null, "direction": null, "description": null }, "geometry": { "type": "Point", "coordinates": [ -2.9549116, 43.2608428 ] } },
{ "type": "Feature", "properties": { "id": 11673424214, "highway": "traffic_signals", "traffic_signals": "signal", "traffic_signals:direction": "forward", "crossing": null, "tactile_paving": null, "button_operated": null, "traffic_signals:sound": null, "traffic_signals:vibration": null, "check_date:traffic_signals:sound": null, "direction": null, "description": null }, "geometry": { "type": "Point", "coordinates": [ -2.9546693, 43.260664 ] } },
{ "type": "Feature", "properties": { "id": 11673424215, "highway": "traffic_signals", "traffic_signals": "signal", "traffic_signals:direction": "forward", "crossing": null, "tactile_paving": null, "button_operated": null, "traffic_signals:sound": null, "traffic_signals:vibration": null, "check_date:traffic_signals:sound": null, "direction": null, "description": null }, "geometry": { "type": "Point", "coordinates": [ -2.9545239, 43.2607246 ] } },
{ "type": "Feature", "properties": { "id": 11673424216, "highway": "traffic_signals", "traffic_signals": "signal", "traffic_signals:direction": "forward", "crossing": null, "tactile_paving": null, "button_operated": null, "traffic_signals:sound": null, "traffic_signals:vibration": null, "check_date:traffic_signals:sound": null, "direction": null, "description": null }, "geometry": { "type": "Point", "coordinates": [ -2.9547548, 43.2608278 ] } },
{ "type": "Feature", "properties": { "id": 11728298773, "highway": "traffic_signals", "traffic_signals": "signal", "traffic_signals:direction": "forward", "crossing": null, "tactile_paving": null, "button_operated": null, "traffic_signals:sound": null, "traffic_signals:vibration": null, "check_date:traffic_signals:sound": null, "direction": null, "description": null }, "geometry": { "type": "Point", "coordinates": [ -2.9448806, 43.2652137 ] } },
{ "type": "Feature", "properties": { "id": 11728298774, "highway": "traffic_signals", "traffic_signals": "signal", "traffic_signals:direction": "forward", "crossing": null, "tactile_paving": null, "button_operated": null, "traffic_signals:sound": null, "traffic_signals:vibration": null, "check_date:traffic_signals:sound": null, "direction": null, "description": null }, "geometry": { "type": "Point", "coordinates": [ -2.9454839, 43.2652675 ] } },
{ "type": "Feature", "properties": { "id": 12178877801, "highway": "traffic_signals", "traffic_signals": "signal", "traffic_signals:direction": "forward", "crossing": null, "tactile_paving": null, "button_operated": null, "traffic_signals:sound": null, "traffic_signals:vibration": null, "check_date:traffic_signals:sound": null, "direction": null, "description": null }, "geometry": { "type": "Point", "coordinates": [ -2.9500436, 43.2579627 ] } },
{ "type": "Feature", "properties": { "id": 12352401200, "highway": "traffic_signals", "traffic_signals": "signal", "traffic_signals:direction": "forward", "crossing": null, "tactile_paving": null, "button_operated": null, "traffic_signals:sound": null, "traffic_signals:vibration": null, "check_date:traffic_signals:sound": null, "direction": null, "description": null }, "geometry": { "type": "Point", "coordinates": [ -2.942136, 43.2676096 ] } },
{ "type": "Feature", "properties": { "id": 12405748145, "highway": "traffic_signals", "traffic_signals": "signal", "traffic_signals:direction": "forward", "crossing": null, "tactile_paving": null, "button_operated": null, "traffic_signals:sound": null, "traffic_signals:vibration": null, "check_date:traffic_signals:sound": null, "direction": null, "description": null }, "geometry": { "type": "Point", "coordinates": [ -2.9351189, 43.2503398 ] } },
{ "type": "Feature", "properties": { "id": 12405748146, "highway": "traffic_signals", "traffic_signals": "signal", "traffic_signals:direction": "forward", "crossing": null, "tactile_paving": null, "button_operated": null, "traffic_signals:sound": null, "traffic_signals:vibration": null, "check_date:traffic_signals:sound": null, "direction": null, "description": null }, "geometry": { "type": "Point", "coordinates": [ -2.9350268, 43.2505758 ] } },
{ "type": "Feature", "properties": { "id": 12461336975, "highway": "traffic_signals", "traffic_signals": "signal", "traffic_signals:direction": "forward", "crossing": null, "tactile_paving": null, "button_operated": null, "traffic_signals:sound": null, "traffic_signals:vibration": null, "check_date:traffic_signals:sound": null, "direction": null, "description": null }, "geometry": { "type": "Point", "coordinates": [ -2.9065588, 43.2470181 ] } },
{ "type": "Feature", "properties": { "id": 12481002345, "highway": "traffic_signals", "traffic_signals": "signal", "traffic_signals:direction": "forward", "crossing": null, "tactile_paving": null, "button_operated": null, "traffic_signals:sound": null, "traffic_signals:vibration": null, "check_date:traffic_signals:sound": null, "direction": null, "description": null }, "geometry": { "type": "Point", "coordinates": [ -2.9168637, 43.2647529 ] } },
{ "type": "Feature", "properties": { "id": 12487389799, "highway": "traffic_signals", "traffic_signals": "signal", "traffic_signals:direction": "forward", "crossing": null, "tactile_paving": null, "button_operated": null, "traffic_signals:sound": null, "traffic_signals:vibration": null, "check_date:traffic_signals:sound": null, "direction": null, "description": null }, "geometry": { "type": "Point", "coordinates": [ -2.9376656, 43.2664991 ] } },
{ "type": "Feature", "properties": { "id": 12487395001, "highway": "traffic_signals", "traffic_signals": "signal", "traffic_signals:direction": "forward", "crossing": null, "tactile_paving": null, "button_operated": null, "traffic_signals:sound": null, "traffic_signals:vibration": null, "check_date:traffic_signals:sound": null, "direction": null, "description": null }, "geometry": { "type": "Point", "coordinates": [ -2.9385336, 43.2669668 ] } },
{ "type": "Feature", "properties": { "id": 12487395004, "highway": "traffic_signals", "traffic_signals": "signal", "traffic_signals:direction": "forward", "crossing": null, "tactile_paving": null, "button_operated": null, "traffic_signals:sound": null, "traffic_signals:vibration": null, "check_date:traffic_signals:sound": null, "direction": null, "description": null }, "geometry": { "type": "Point", "coordinates": [ -2.9335421, 43.2665089 ] } },
{ "type": "Feature", "properties": { "id": 12493050243, "highway": "traffic_signals", "traffic_signals": "signal", "traffic_signals:direction": "backward", "crossing": null, "tactile_paving": null, "button_operated": null, "traffic_signals:sound": null, "traffic_signals:vibration": null, "check_date:traffic_signals:sound": null, "direction": null, "description": null }, "geometry": { "type": "Point", "coordinates": [ -2.9123068, 43.2468423 ] } },
{ "type": "Feature", "properties": { "id": 12974477482, "highway": "traffic_signals", "traffic_signals": "signal", "traffic_signals:direction": "forward", "crossing": null, "tactile_paving": null, "button_operated": null, "traffic_signals:sound": null, "traffic_signals:vibration": null, "check_date:traffic_signals:sound": null, "direction": null, "description": null }, "geometry": { "type": "Point", "coordinates": [ -2.9298711, 43.2611771 ] } },
{ "type": "Feature", "properties": { "id": 12974477488, "highway": "traffic_signals", "traffic_signals": "signal", "traffic_signals:direction": "backward", "crossing": null, "tactile_paving": null, "button_operated": null, "traffic_signals:sound": null, "traffic_signals:vibration": null, "check_date:traffic_signals:sound": null, "direction": null, "description": null }, "geometry": { "type": "Point", "coordinates": [ -2.9293883, 43.2617857 ] } },
{ "type": "Feature", "properties": { "id": 12974477489, "highway": "traffic_signals", "traffic_signals": "signal", "traffic_signals:direction": "forward", "crossing": null, "tactile_paving": null, "button_operated": null, "traffic_signals:sound": null, "traffic_signals:vibration": null, "check_date:traffic_signals:sound": null, "direction": null, "description": null }, "geometry": { "type": "Point", "coordinates": [ -2.9292807, 43.2617629 ] } },
{ "type": "Feature", "properties": { "id": 12974477499, "highway": "traffic_signals", "traffic_signals": "signal", "traffic_signals:direction": "forward", "crossing": null, "tactile_paving": null, "button_operated": null, "traffic_signals:sound": null, "traffic_signals:vibration": null, "check_date:traffic_signals:sound": null, "direction": null, "description": null }, "geometry": { "type": "Point", "coordinates": [ -2.9287648, 43.26332 ] } },
{ "type": "Feature", "properties": { "id": 12974522431, "highway": "traffic_signals", "traffic_signals": "signal", "traffic_signals:direction": "forward", "crossing": null, "tactile_paving": null, "button_operated": null, "traffic_signals:sound": null, "traffic_signals:vibration": null, "check_date:traffic_signals:sound": null, "direction": null, "description": null }, "geometry": { "type": "Point", "coordinates": [ -2.9374191, 43.2663214 ] } },
{ "type": "Feature", "properties": { "id": 12974522444, "highway": "traffic_signals", "traffic_signals": "signal", "traffic_signals:direction": "forward", "crossing": null, "tactile_paving": null, "button_operated": null, "traffic_signals:sound": null, "traffic_signals:vibration": null, "check_date:traffic_signals:sound": null, "direction": null, "description": null }, "geometry": { "type": "Point", "coordinates": [ -2.9449329, 43.265537 ] } },
{ "type": "Feature", "properties": { "id": 12974522445, "highway": "traffic_signals", "traffic_signals": "signal", "traffic_signals:direction": "forward", "crossing": null, "tactile_paving": null, "button_operated": null, "traffic_signals:sound": null, "traffic_signals:vibration": null, "check_date:traffic_signals:sound": null, "direction": null, "description": null }, "geometry": { "type": "Point", "coordinates": [ -2.9453219, 43.2655781 ] } },
{ "type": "Feature", "properties": { "id": 12974522446, "highway": "traffic_signals", "traffic_signals": "signal", "traffic_signals:direction": "forward", "crossing": null, "tactile_paving": null, "button_operated": null, "traffic_signals:sound": null, "traffic_signals:vibration": null, "check_date:traffic_signals:sound": null, "direction": null, "description": null }, "geometry": { "type": "Point", "coordinates": [ -2.9456617, 43.2654495 ] } },
{ "type": "Feature", "properties": { "id": 12974522447, "highway": "traffic_signals", "traffic_signals": "signal", "traffic_signals:direction": "forward", "crossing": null, "tactile_paving": null, "button_operated": null, "traffic_signals:sound": null, "traffic_signals:vibration": null, "check_date:traffic_signals:sound": null, "direction": null, "description": null }, "geometry": { "type": "Point", "coordinates": [ -2.945706, 43.2653027 ] } },
{ "type": "Feature", "properties": { "id": 12974522463, "highway": "traffic_signals", "traffic_signals": "signal", "traffic_signals:direction": "forward", "crossing": null, "tactile_paving": null, "button_operated": null, "traffic_signals:sound": null, "traffic_signals:vibration": null, "check_date:traffic_signals:sound": null, "direction": null, "description": null }, "geometry": { "type": "Point", "coordinates": [ -2.9472368, 43.2608396 ] } },
{ "type": "Feature", "properties": { "id": 12974522464, "highway": "traffic_signals", "traffic_signals": "signal", "traffic_signals:direction": "forward", "crossing": null, "tactile_paving": null, "button_operated": null, "traffic_signals:sound": null, "traffic_signals:vibration": null, "check_date:traffic_signals:sound": null, "direction": null, "description": null }, "geometry": { "type": "Point", "coordinates": [ -2.947251, 43.2608055 ] } },
{ "type": "Feature", "properties": { "id": 12974522468, "highway": "traffic_signals", "traffic_signals": "signal", "traffic_signals:direction": "forward", "crossing": null, "tactile_paving": null, "button_operated": null, "traffic_signals:sound": null, "traffic_signals:vibration": null, "check_date:traffic_signals:sound": null, "direction": null, "description": null }, "geometry": { "type": "Point", "coordinates": [ -2.9473785, 43.2601509 ] } },
{ "type": "Feature", "properties": { "id": 12974522471, "highway": "traffic_signals", "traffic_signals": "signal", "traffic_signals:direction": "backward", "crossing": null, "tactile_paving": null, "button_operated": null, "traffic_signals:sound": null, "traffic_signals:vibration": null, "check_date:traffic_signals:sound": null, "direction": null, "description": null }, "geometry": { "type": "Point", "coordinates": [ -2.9475376, 43.2595329 ] } },
{ "type": "Feature", "properties": { "id": 12974522472, "highway": "traffic_signals", "traffic_signals": "signal", "traffic_signals:direction": "forward", "crossing": null, "tactile_paving": null, "button_operated": null, "traffic_signals:sound": null, "traffic_signals:vibration": null, "check_date:traffic_signals:sound": null, "direction": null, "description": null }, "geometry": { "type": "Point", "coordinates": [ -2.9475017, 43.2596134 ] } },
{ "type": "Feature", "properties": { "id": 12974522489, "highway": "traffic_signals", "traffic_signals": "signal", "traffic_signals:direction": "backward", "crossing": null, "tactile_paving": null, "button_operated": null, "traffic_signals:sound": null, "traffic_signals:vibration": null, "check_date:traffic_signals:sound": null, "direction": null, "description": null }, "geometry": { "type": "Point", "coordinates": [ -2.9461263, 43.2580807 ] } },
{ "type": "Feature", "properties": { "id": 12974522490, "highway": "traffic_signals", "traffic_signals": "signal", "traffic_signals:direction": "forward", "crossing": null, "tactile_paving": null, "button_operated": null, "traffic_signals:sound": null, "traffic_signals:vibration": null, "check_date:traffic_signals:sound": null, "direction": null, "description": null }, "geometry": { "type": "Point", "coordinates": [ -2.946103, 43.2579576 ] } },
{ "type": "Feature", "properties": { "id": 12990087265, "highway": "traffic_signals", "traffic_signals": "signal", "traffic_signals:direction": "forward", "crossing": null, "tactile_paving": null, "button_operated": null, "traffic_signals:sound": null, "traffic_signals:vibration": null, "check_date:traffic_signals:sound": null, "direction": null, "description": null }, "geometry": { "type": "Point", "coordinates": [ -2.9446636, 43.2578319 ] } },
{ "type": "Feature", "properties": { "id": 12990087266, "highway": "traffic_signals", "traffic_signals": "signal", "traffic_signals:direction": "forward", "crossing": null, "tactile_paving": null, "button_operated": null, "traffic_signals:sound": null, "traffic_signals:vibration": null, "check_date:traffic_signals:sound": null, "direction": null, "description": null }, "geometry": { "type": "Point", "coordinates": [ -2.9448245, 43.2577253 ] } },
{ "type": "Feature", "properties": { "id": 12990087267, "highway": "traffic_signals", "traffic_signals": "signal", "traffic_signals:direction": "forward", "crossing": null, "tactile_paving": null, "button_operated": null, "traffic_signals:sound": null, "traffic_signals:vibration": null, "check_date:traffic_signals:sound": null, "direction": null, "description": null }, "geometry": { "type": "Point", "coordinates": [ -2.943914, 43.257789 ] } },
{ "type": "Feature", "properties": { "id": 12990087268, "highway": "traffic_signals", "traffic_signals": "signal", "traffic_signals:direction": "forward", "crossing": null, "tactile_paving": null, "button_operated": null, "traffic_signals:sound": null, "traffic_signals:vibration": null, "check_date:traffic_signals:sound": null, "direction": null, "description": null }, "geometry": { "type": "Point", "coordinates": [ -2.9440881, 43.2576967 ] } },
{ "type": "Feature", "properties": { "id": 12990087273, "highway": "traffic_signals", "traffic_signals": "signal", "traffic_signals:direction": "forward", "crossing": null, "tactile_paving": null, "button_operated": null, "traffic_signals:sound": null, "traffic_signals:vibration": null, "check_date:traffic_signals:sound": null, "direction": null, "description": null }, "geometry": { "type": "Point", "coordinates": [ -2.9438134, 43.2578198 ] } },
{ "type": "Feature", "properties": { "id": 12990087502, "highway": "traffic_signals", "traffic_signals": "signal", "traffic_signals:direction": "forward", "crossing": null, "tactile_paving": null, "button_operated": null, "traffic_signals:sound": null, "traffic_signals:vibration": null, "check_date:traffic_signals:sound": null, "direction": null, "description": null }, "geometry": { "type": "Point", "coordinates": [ -2.9396431, 43.257702 ] } },
{ "type": "Feature", "properties": { "id": 12990087509, "highway": "traffic_signals", "traffic_signals": "signal", "traffic_signals:direction": "forward", "crossing": null, "tactile_paving": null, "button_operated": null, "traffic_signals:sound": null, "traffic_signals:vibration": null, "check_date:traffic_signals:sound": null, "direction": null, "description": null }, "geometry": { "type": "Point", "coordinates": [ -2.938859, 43.2575613 ] } },
{ "type": "Feature", "properties": { "id": 12990087516, "highway": "traffic_signals", "traffic_signals": "signal", "traffic_signals:direction": "backward", "crossing": null, "tactile_paving": null, "button_operated": null, "traffic_signals:sound": null, "traffic_signals:vibration": null, "check_date:traffic_signals:sound": null, "direction": null, "description": null }, "geometry": { "type": "Point", "coordinates": [ -2.9370303, 43.2575475 ] } },
{ "type": "Feature", "properties": { "id": 12990087524, "highway": "traffic_signals", "traffic_signals": "signal", "traffic_signals:direction": "forward", "crossing": null, "tactile_paving": null, "button_operated": null, "traffic_signals:sound": null, "traffic_signals:vibration": null, "check_date:traffic_signals:sound": null, "direction": null, "description": "Radar control semáforo paso en rojo." }, "geometry": { "type": "Point", "coordinates": [ -2.9356621, 43.2575005 ] } },
{ "type": "Feature", "properties": { "id": 12990087529, "highway": "traffic_signals", "traffic_signals": "signal", "traffic_signals:direction": "forward", "crossing": null, "tactile_paving": null, "button_operated": null, "traffic_signals:sound": null, "traffic_signals:vibration": null, "check_date:traffic_signals:sound": null, "direction": null, "description": null }, "geometry": { "type": "Point", "coordinates": [ -2.9348657, 43.2573193 ] } },
{ "type": "Feature", "properties": { "id": 12990087530, "highway": "traffic_signals", "traffic_signals": "signal", "traffic_signals:direction": "forward", "crossing": null, "tactile_paving": null, "button_operated": null, "traffic_signals:sound": null, "traffic_signals:vibration": null, "check_date:traffic_signals:sound": null, "direction": null, "description": null }, "geometry": { "type": "Point", "coordinates": [ -2.9350364, 43.257271 ] } },
{ "type": "Feature", "properties": { "id": 12990087531, "highway": "traffic_signals", "traffic_signals": "signal", "traffic_signals:direction": "forward", "crossing": null, "tactile_paving": null, "button_operated": null, "traffic_signals:sound": null, "traffic_signals:vibration": null, "check_date:traffic_signals:sound": null, "direction": null, "description": null }, "geometry": { "type": "Point", "coordinates": [ -2.9347124, 43.2574655 ] } },
{ "type": "Feature", "properties": { "id": 12990087532, "highway": "traffic_signals", "traffic_signals": "signal", "traffic_signals:direction": "forward", "crossing": null, "tactile_paving": null, "button_operated": null, "traffic_signals:sound": null, "traffic_signals:vibration": null, "check_date:traffic_signals:sound": null, "direction": null, "description": null }, "geometry": { "type": "Point", "coordinates": [ -2.9337012, 43.2574775 ] } },
{ "type": "Feature", "properties": { "id": 12990087534, "highway": "traffic_signals", "traffic_signals": "signal", "traffic_signals:direction": "forward", "crossing": null, "tactile_paving": null, "button_operated": null, "traffic_signals:sound": null, "traffic_signals:vibration": null, "check_date:traffic_signals:sound": null, "direction": null, "description": null }, "geometry": { "type": "Point", "coordinates": [ -2.9335652, 43.2571691 ] } },
{ "type": "Feature", "properties": { "id": 12990087577, "highway": "traffic_signals", "traffic_signals": "signal", "traffic_signals:direction": "forward", "crossing": null, "tactile_paving": null, "button_operated": null, "traffic_signals:sound": null, "traffic_signals:vibration": null, "check_date:traffic_signals:sound": null, "direction": null, "description": null }, "geometry": { "type": "Point", "coordinates": [ -2.9267739, 43.261104 ] } },
{ "type": "Feature", "properties": { "id": 12990087578, "highway": "traffic_signals", "traffic_signals": "signal", "traffic_signals:direction": "backward", "crossing": null, "tactile_paving": null, "button_operated": null, "traffic_signals:sound": null, "traffic_signals:vibration": null, "check_date:traffic_signals:sound": null, "direction": null, "description": null }, "geometry": { "type": "Point", "coordinates": [ -2.9268863, 43.2611624 ] } },
{ "type": "Feature", "properties": { "id": 12990087605, "highway": "traffic_signals", "traffic_signals": "signal", "traffic_signals:direction": "backward", "crossing": null, "tactile_paving": null, "button_operated": null, "traffic_signals:sound": null, "traffic_signals:vibration": null, "check_date:traffic_signals:sound": null, "direction": null, "description": null }, "geometry": { "type": "Point", "coordinates": [ -2.9346251, 43.2638891 ] } },
{ "type": "Feature", "properties": { "id": 12990087631, "highway": "traffic_signals", "traffic_signals": "signal", "traffic_signals:direction": "forward", "crossing": null, "tactile_paving": null, "button_operated": null, "traffic_signals:sound": null, "traffic_signals:vibration": null, "check_date:traffic_signals:sound": null, "direction": null, "description": null }, "geometry": { "type": "Point", "coordinates": [ -2.9373608, 43.2645212 ] } },
{ "type": "Feature", "properties": { "id": 12990087632, "highway": "traffic_signals", "traffic_signals": "signal", "traffic_signals:direction": "forward", "crossing": null, "tactile_paving": null, "button_operated": null, "traffic_signals:sound": null, "traffic_signals:vibration": null, "check_date:traffic_signals:sound": null, "direction": null, "description": null }, "geometry": { "type": "Point", "coordinates": [ -2.9361054, 43.264025 ] } },
{ "type": "Feature", "properties": { "id": 12990087633, "highway": "traffic_signals", "traffic_signals": "signal", "traffic_signals:direction": "forward", "crossing": null, "tactile_paving": null, "button_operated": null, "traffic_signals:sound": null, "traffic_signals:vibration": null, "check_date:traffic_signals:sound": null, "direction": null, "description": null }, "geometry": { "type": "Point", "coordinates": [ -2.9357308, 43.2640312 ] } },
{ "type": "Feature", "properties": { "id": 12990087639, "highway": "traffic_signals", "traffic_signals": "signal", "traffic_signals:direction": "forward", "crossing": null, "tactile_paving": null, "button_operated": null, "traffic_signals:sound": null, "traffic_signals:vibration": null, "check_date:traffic_signals:sound": null, "direction": null, "description": null }, "geometry": { "type": "Point", "coordinates": [ -2.937934, 43.2636573 ] } },
{ "type": "Feature", "properties": { "id": 12990087640, "highway": "traffic_signals", "traffic_signals": "signal", "traffic_signals:direction": "backward", "crossing": null, "tactile_paving": null, "button_operated": null, "traffic_signals:sound": null, "traffic_signals:vibration": null, "check_date:traffic_signals:sound": null, "direction": null, "description": null }, "geometry": { "type": "Point", "coordinates": [ -2.9378351, 43.2636345 ] } },
{ "type": "Feature", "properties": { "id": 12990087647, "highway": "traffic_signals", "traffic_signals": "signal", "traffic_signals:direction": "backward", "crossing": null, "tactile_paving": null, "button_operated": null, "traffic_signals:sound": null, "traffic_signals:vibration": null, "check_date:traffic_signals:sound": null, "direction": null, "description": null }, "geometry": { "type": "Point", "coordinates": [ -2.9399546, 43.2619927 ] } },
{ "type": "Feature", "properties": { "id": 12990087648, "highway": "traffic_signals", "traffic_signals": "signal", "traffic_signals:direction": "forward", "crossing": null, "tactile_paving": null, "button_operated": null, "traffic_signals:sound": null, "traffic_signals:vibration": null, "check_date:traffic_signals:sound": null, "direction": null, "description": null }, "geometry": { "type": "Point", "coordinates": [ -2.9399846, 43.2619176 ] } },
{ "type": "Feature", "properties": { "id": 12990087650, "highway": "traffic_signals", "traffic_signals": "signal", "traffic_signals:direction": "forward", "crossing": null, "tactile_paving": null, "button_operated": null, "traffic_signals:sound": null, "traffic_signals:vibration": null, "check_date:traffic_signals:sound": null, "direction": null, "description": null }, "geometry": { "type": "Point", "coordinates": [ -2.9398856, 43.2618597 ] } },
{ "type": "Feature", "properties": { "id": 12990087662, "highway": "traffic_signals", "traffic_signals": "signal", "traffic_signals:direction": "forward", "crossing": null, "tactile_paving": null, "button_operated": null, "traffic_signals:sound": null, "traffic_signals:vibration": null, "check_date:traffic_signals:sound": null, "direction": null, "description": null }, "geometry": { "type": "Point", "coordinates": [ -2.9385115, 43.2617048 ] } },
{ "type": "Feature", "properties": { "id": 12990087670, "highway": "traffic_signals", "traffic_signals": "signal", "traffic_signals:direction": "forward", "crossing": null, "tactile_paving": null, "button_operated": null, "traffic_signals:sound": null, "traffic_signals:vibration": null, "check_date:traffic_signals:sound": null, "direction": null, "description": null }, "geometry": { "type": "Point", "coordinates": [ -2.9372071, 43.2613287 ] } },
{ "type": "Feature", "properties": { "id": 13686121718, "highway": "traffic_signals", "traffic_signals": "signal", "traffic_signals:direction": null, "crossing": null, "tactile_paving": null, "button_operated": null, "traffic_signals:sound": null, "traffic_signals:vibration": null, "check_date:traffic_signals:sound": null, "direction": "forward", "description": null }, "geometry": { "type": "Point", "coordinates": [ -2.9198657, 43.2649426 ] } },
{ "type": "Feature", "properties": { "id": 13686121719, "highway": "traffic_signals", "traffic_signals": "signal", "traffic_signals:direction": "forward", "crossing": null, "tactile_paving": null, "button_operated": null, "traffic_signals:sound": null, "traffic_signals:vibration": null, "check_date:traffic_signals:sound": null, "direction": null, "description": null }, "geometry": { "type": "Point", "coordinates": [ -2.9197675, 43.2650676 ] } },
{ "type": "Feature", "properties": { "id": 13821747187, "highway": "traffic_signals", "traffic_signals": null, "traffic_signals:direction": null, "crossing": null, "tactile_paving": null, "button_operated": null, "traffic_signals:sound": null, "traffic_signals:vibration": null, "check_date:traffic_signals:sound": null, "direction": null, "description": null }, "geometry": { "type": "Point", "coordinates": [ -2.9170962, 43.2640289 ] } },
{ "type": "Feature", "properties": { "id": 13821747188, "highway": "traffic_signals", "traffic_signals": null, "traffic_signals:direction": null, "crossing": null, "tactile_paving": null, "button_operated": null, "traffic_signals:sound": null, "traffic_signals:vibration": null, "check_date:traffic_signals:sound": null, "direction": null, "description": null }, "geometry": { "type": "Point", "coordinates": [ -2.9171837, 43.2642771 ] } },
{ "type": "Feature", "properties": { "id": 13821747189, "highway": "traffic_signals", "traffic_signals": "signal", "traffic_signals:direction": null, "crossing": null, "tactile_paving": null, "button_operated": null, "traffic_signals:sound": null, "traffic_signals:vibration": null, "check_date:traffic_signals:sound": null, "direction": "forward", "description": null }, "geometry": { "type": "Point", "coordinates": [ -2.9193115, 43.2649504 ] } },
{ "type": "Feature", "properties": { "id": 13821747190, "highway": "traffic_signals", "traffic_signals": "signal", "traffic_signals:direction": null, "crossing": null, "tactile_paving": null, "button_operated": null, "traffic_signals:sound": null, "traffic_signals:vibration": null, "check_date:traffic_signals:sound": null, "direction": "backward", "description": null }, "geometry": { "type": "Point", "coordinates": [ -2.9192123, 43.2649504 ] } },
{ "type": "Feature", "properties": { "id": 13821948081, "highway": "traffic_signals", "traffic_signals": "signal", "traffic_signals:direction": "backward", "crossing": null, "tactile_paving": null, "button_operated": null, "traffic_signals:sound": null, "traffic_signals:vibration": null, "check_date:traffic_signals:sound": null, "direction": null, "description": null }, "geometry": { "type": "Point", "coordinates": [ -2.9197672, 43.2651614 ] } }
]
}
