{"type":"FeatureCollection","features":[{"id":"0","type":"Feature","properties":{"layer":0},"geometry":{"type":"Point","coordinates":[0.065951,51.560643]}},{"id":"1","type":"Feature","properties":{"layer":0},"geometry":{"type":"Point","coordinates":[-0.06733,51.448069]}},{"id":"2","type":"Feature","properties":{"layer":0},"geometry":{"type":"Point","coordinates":[-0.208424,51.469762]}},{"id":"3","type":"Feature","properties":{"layer":0},"geometry":{"type":"Point","coordinates":[0.016091,51.435796]}},{"id":"4","type":"Feature","properties":{"layer":0},"geometry":{"type":"Point","coordinates":[-0.117186,51.552863]}},{"id":"5","type":"Feature","properties":{"layer":0},"geometry":{"type":"Point","coordinates":[0.082134,51.540154]}},{"id":"6","type":"Feature","properties":{"layer":0},"geometry":{"type":"Point","coordinates":[-0.140403,51.528134]}},{"id":"7","type":"Feature","properties":{"layer":0},"geometry":{"type":"Point","coordinates":[0.0637,51.575112]}},{"id":"8","type":"Feature","properties":{"layer":0},"geometry":{"type":"Point","coordinates":[-0.104177,51.514545]}},{"id":"9","type":"Feature","properties":{"layer":0},"geometry":{"type":"Point","coordinates":[-0.073551,51.516416]}},{"id":"10","type":"Feature","properties":{"layer":0},"geometry":{"type":"Point","coordinates":[-0.080541,51.442289]}},{"id":"11","type":"Feature","properties":{"layer":0},"geometry":{"type":"Point","coordinates":[0.021578,51.53266]}},{"id":"12","type":"Feature","properties":{"layer":0},"geometry":{"type":"Point","coordinates":[-0.180006,51.46109]}},{"id":"13","type":"Feature","properties":{"layer":0},"geometry":{"type":"Point","coordinates":[-0.397916,51.5098]}},{"id":"14","type":"Feature","properties":{"layer":0},"geometry":{"type":"Point","coordinates":[-0.093171,51.480801]}},{"id":"15","type":"Feature","properties":{"layer":0},"geometry":{"type":"Point","coordinates":[-0.144946,51.50568]}},{"id":"16","type":"Feature","properties":{"layer":0},"geometry":{"type":"Point","coordinates":[-0.411144,51.48042]}},{"id":"17","type":"Feature","properties":{"layer":0},"geometry":{"type":"Point","coordinates":[-0.068592,51.483715]}},{"id":"18","type":"Feature","properties":{"layer":0},"geometry":{"type":"Point","coordinates":[-0.065543,51.365023]}},{"id":"19","type":"Feature","properties":{"layer":0},"geometry":{"type":"Point","coordinates":[-0.158402,51.494221]}},{"id":"20","type":"Feature","properties":{"layer":0},"geometry":{"type":"Point","coordinates":[0.031451,51.448068]}},{"id":"21","type":"Feature","properties":{"layer":0},"geometry":{"type":"Point","coordinates":[-0.075448,51.426007]}},{"id":"22","type":"Feature","properties":{"layer":0},"geometry":{"type":"Point","coordinates":[-0.091869,51.538465]}},{"id":"23","type":"Feature","properties":{"layer":0},"geometry":{"type":"Point","coordinates":[-0.122058,51.534842]}},{"id":"24","type":"Feature","properties":{"layer":0},"geometry":{"type":"Point","coordinates":[-0.035204,51.504399]}},{"id":"25","type":"Feature","properties":{"layer":0},"geometry":{"type":"Point","coordinates":[-0.008467,51.466455]}},{"id":"26","type":"Feature","properties":{"layer":0},"geometry":{"type":"Point","coordinates":[-0.024643,51.392491]}},{"id":"27","type":"Feature","properties":{"layer":0},"geometry":{"type":"Point","coordinates":[-0.284011,51.485996]}},{"id":"28","type":"Feature","properties":{"layer":0},"geometry":{"type":"Point","coordinates":[-0.174772,51.536867]}},{"id":"29","type":"Feature","properties":{"layer":0},"geometry":{"type":"Point","coordinates":[-0.114459,51.581178]}},{"id":"30","type":"Feature","properties":{"layer":0},"geometry":{"type":"Point","coordinates":[-0.112025,51.581619]}},{"id":"31","type":"Feature","properties":{"layer":0},"geometry":{"type":"Point","coordinates":[-0.061813,51.465687]}},{"id":"32","type":"Feature","properties":{"layer":0},"geometry":{"type":"Point","coordinates":[-0.143097,51.57894]}},{"id":"33","type":"Feature","properties":{"layer":0},"geometry":{"type":"Point","coordinates":[-0.040376,51.437778]}},{"id":"34","type":"Feature","properties":{"layer":0},"geometry":{"type":"Point","coordinates":[-0.082995,51.455888]}},{"id":"35","type":"Feature","properties":{"layer":0},"geometry":{"type":"Point","coordinates":[-0.157934,51.514366]}},{"id":"36","type":"Feature","properties":{"layer":0},"geometry":{"type":"Point","coordinates":[0.034258,51.426279]}},{"id":"37","type":"Feature","properties":{"layer":0},"geometry":{"type":"Point","coordinates":[-0.150988,51.48247]}},{"id":"38","type":"Feature","properties":{"layer":0},"geometry":{"type":"Point","coordinates":[-0.177117,51.525642]}},{"id":"39","type":"Feature","properties":{"layer":0},"geometry":{"type":"Point","coordinates":[-0.097966,51.454271]}},{"id":"40","type":"Feature","properties":{"layer":0},"geometry":{"type":"Point","coordinates":[0.00548,51.456092]}},{"id":"41","type":"Feature","properties":{"layer":0},"geometry":{"type":"Point","coordinates":[0.051368,51.61235]}},{"id":"42","type":"Feature","properties":{"layer":0},"geometry":{"type":"Point","coordinates":[-0.108361,51.456703]}},{"id":"43","type":"Feature","properties":{"layer":0},"geometry":{"type":"Point","coordinates":[-0.134434,51.521444]}},{"id":"44","type":"Feature","properties":{"layer":0},"geometry":{"type":"Point","coordinates":[-0.154113,51.389425]}},{"id":"45","type":"Feature","properties":{"layer":0},"geometry":{"type":"Point","coordinates":[-0.042855,51.520665]}},{"id":"46","type":"Feature","properties":{"layer":0},"geometry":{"type":"Point","coordinates":[-0.04682,51.512277]}},{"id":"47","type":"Feature","properties":{"layer":0},"geometry":{"type":"Point","coordinates":[-0.000291,51.579023]}},{"id":"48","type":"Feature","properties":{"layer":0},"geometry":{"type":"Point","coordinates":[-0.436159,51.477927]}},{"id":"49","type":"Feature","properties":{"layer":0},"geometry":{"type":"Point","coordinates":[-0.177989,51.52482]}},{"id":"50","type":"Feature","properties":{"layer":0},"geometry":{"type":"Point","coordinates":[-0.089208,51.483143]}},{"id":"51","type":"Feature","properties":{"layer":0},"geometry":{"type":"Point","coordinates":[0.025012,51.457327]}},{"id":"52","type":"Feature","properties":{"layer":0},"geometry":{"type":"Point","coordinates":[-0.131443,51.427636]}},{"id":"53","type":"Feature","properties":{"layer":0},"geometry":{"type":"Point","coordinates":[-0.159695,51.395045]}},{"id":"54","type":"Feature","properties":{"layer":0},"geometry":{"type":"Point","coordinates":[-0.171372,51.522787]}},{"id":"55","type":"Feature","properties":{"layer":0},"geometry":{"type":"Point","coordinates":[-0.010497,51.568252]}},{"id":"56","type":"Feature","properties":{"layer":0},"geometry":{"type":"Point","coordinates":[-0.086291,51.533179]}},{"id":"57","type":"Feature","properties":{"layer":0},"geometry":{"type":"Point","coordinates":[-0.283035,51.424159]}},{"id":"58","type":"Feature","properties":{"layer":0},"geometry":{"type":"Point","coordinates":[-0.16307,51.576728]}},{"id":"59","type":"Feature","properties":{"layer":0},"geometry":{"type":"Point","coordinates":[-0.184998,51.429311]}},{"id":"60","type":"Feature","properties":{"layer":0},"geometry":{"type":"Point","coordinates":[-0.172839,51.467158]}},{"id":"61","type":"Feature","properties":{"layer":0},"geometry":{"type":"Point","coordinates":[-0.274987,51.513602]}},{"id":"62","type":"Feature","properties":{"layer":0},"geometry":{"type":"Point","coordinates":[-0.100091,51.488076]}},{"id":"63","type":"Feature","properties":{"layer":0},"geometry":{"type":"Point","coordinates":[-0.389065,51.527919]}},{"id":"64","type":"Feature","properties":{"layer":0},"geometry":{"type":"Point","coordinates":[-0.122309,51.466299]}},{"id":"65","type":"Feature","properties":{"layer":0},"geometry":{"type":"Point","coordinates":[0.047118,51.566242]}},{"id":"66","type":"Feature","properties":{"layer":0},"geometry":{"type":"Point","coordinates":[-0.193479,51.516583]}},{"id":"67","type":"Feature","properties":{"layer":0},"geometry":{"type":"Point","coordinates":[-0.214968,51.465125]}},{"id":"68","type":"Feature","properties":{"layer":0},"geometry":{"type":"Point","coordinates":[-0.164205,51.582171]}},{"id":"69","type":"Feature","properties":{"layer":0},"geometry":{"type":"Point","coordinates":[-0.147368,51.440855]}},{"id":"70","type":"Feature","properties":{"layer":0},"geometry":{"type":"Point","coordinates":[0.052939,51.484675]}},{"id":"71","type":"Feature","properties":{"layer":0},"geometry":{"type":"Point","coordinates":[-0.041411,51.415684]}},{"id":"72","type":"Feature","properties":{"layer":0},"geometry":{"type":"Point","coordinates":[-0.075115,51.557681]}},{"id":"73","type":"Feature","properties":{"layer":0},"geometry":{"type":"Point","coordinates":[-0.034169,51.482281]}},{"id":"74","type":"Feature","properties":{"layer":0},"geometry":{"type":"Point","coordinates":[-0.071481,51.448341]}},{"id":"75","type":"Feature","properties":{"layer":0},"geometry":{"type":"Point","coordinates":[-0.370479,51.613216]}},{"id":"76","type":"Feature","properties":{"layer":0},"geometry":{"type":"Point","coordinates":[-0.030733,51.495722]}},{"id":"77","type":"Feature","properties":{"layer":0},"geometry":{"type":"Point","coordinates":[-0.135521,51.418843]}},{"id":"78","type":"Feature","properties":{"layer":0},"geometry":{"type":"Point","coordinates":[-0.208585,51.454065]}},{"id":"79","type":"Feature","properties":{"layer":0},"geometry":{"type":"Point","coordinates":[-0.002297,51.508671]}},{"id":"80","type":"Feature","properties":{"layer":0},"geometry":{"type":"Point","coordinates":[-0.07559,51.470253]}},{"id":"81","type":"Feature","properties":{"layer":0},"geometry":{"type":"Point","coordinates":[-0.10371,51.492225]}},{"id":"82","type":"Feature","properties":{"layer":0},"geometry":{"type":"Point","coordinates":[-0.099103,51.558603]}},{"id":"83","type":"Feature","properties":{"layer":0},"geometry":{"type":"Point","coordinates":[-0.449134,51.598998]}},{"id":"84","type":"Feature","properties":{"layer":0},"geometry":{"type":"Point","coordinates":[-0.095738,51.511305]}},{"id":"85","type":"Feature","properties":{"layer":0},"geometry":{"type":"Point","coordinates":[-0.369902,51.516305]}},{"id":"86","type":"Feature","properties":{"layer":0},"geometry":{"type":"Point","coordinates":[-0.171137,51.579512]}},{"id":"87","type":"Feature","properties":{"layer":0},"geometry":{"type":"Point","coordinates":[-0.11236,51.544077]}},{"id":"88","type":"Feature","properties":{"layer":0},"geometry":{"type":"Point","coordinates":[-0.059826,51.532039]}},{"id":"89","type":"Feature","properties":{"layer":0},"geometry":{"type":"Point","coordinates":[-0.072427,51.439599]}},{"id":"90","type":"Feature","properties":{"layer":0},"geometry":{"type":"Point","coordinates":[-0.051052,51.529869]}},{"id":"91","type":"Feature","properties":{"layer":0},"geometry":{"type":"Point","coordinates":[-0.056587,51.488314]}},{"id":"92","type":"Feature","properties":{"layer":0},"geometry":{"type":"Point","coordinates":[-0.028067,51.519101]}},{"id":"93","type":"Feature","properties":{"layer":0},"geometry":{"type":"Point","coordinates":[-0.13857,51.566472]}},{"id":"94","type":"Feature","properties":{"layer":0},"geometry":{"type":"Point","coordinates":[-0.006822,51.49352]}},{"id":"95","type":"Feature","properties":{"layer":0},"geometry":{"type":"Point","coordinates":[-0.049354,51.459995]}},{"id":"96","type":"Feature","properties":{"layer":0},"geometry":{"type":"Point","coordinates":[-0.053792,51.469249]}},{"id":"97","type":"Feature","properties":{"layer":0},"geometry":{"type":"Point","coordinates":[-0.01714,51.516771]}},{"id":"98","type":"Feature","properties":{"layer":0},"geometry":{"type":"Point","coordinates":[-0.096675,51.494148]}},{"id":"99","type":"Feature","properties":{"layer":0},"geometry":{"type":"Point","coordinates":[0.17084,51.505109]}},{"id":"100","type":"Feature","properties":{"layer":0},"geometry":{"type":"Point","coordinates":[-0.186814,51.586284]}},{"id":"101","type":"Feature","properties":{"layer":0},"geometry":{"type":"Point","coordinates":[-0.125862,51.471779]}},{"id":"102","type":"Feature","properties":{"layer":0},"geometry":{"type":"Point","coordinates":[-0.077642,51.500728]}},{"id":"103","type":"Feature","properties":{"layer":0},"geometry":{"type":"Point","coordinates":[0.034395,51.511947]}},{"id":"104","type":"Feature","properties":{"layer":0},"geometry":{"type":"Point","coordinates":[-0.036703,51.594508]}},{"id":"105","type":"Feature","properties":{"layer":0},"geometry":{"type":"Point","coordinates":[-0.03342,51.479532]}},{"id":"106","type":"Feature","properties":{"layer":0},"geometry":{"type":"Point","coordinates":[-0.102928,51.449595]}},{"id":"107","type":"Feature","properties":{"layer":0},"geometry":{"type":"Point","coordinates":[-0.213597,51.504571]}},{"id":"108","type":"Feature","properties":{"layer":0},"geometry":{"type":"Point","coordinates":[-0.150031,51.576325]}},{"id":"109","type":"Feature","properties":{"layer":0},"geometry":{"type":"Point","coordinates":[-0.388131,51.539646]}},{"id":"110","type":"Feature","properties":{"layer":0},"geometry":{"type":"Point","coordinates":[-0.110592,51.478397]}},{"id":"111","type":"Feature","properties":{"layer":0},"geometry":{"type":"Point","coordinates":[-0.118636,51.550611]}},{"id":"112","type":"Feature","properties":{"layer":0},"geometry":{"type":"Point","coordinates":[-0.206629,51.51778]}},{"id":"113","type":"Feature","properties":{"layer":0},"geometry":{"type":"Point","coordinates":[-0.136154,51.395575]}},{"id":"114","type":"Feature","properties":{"layer":0},"geometry":{"type":"Point","coordinates":[-0.120331,51.524262]}},{"id":"115","type":"Feature","properties":{"layer":0},"geometry":{"type":"Point","coordinates":[-0.071045,51.576598]}},{"id":"116","type":"Feature","properties":{"layer":0},"geometry":{"type":"Point","coordinates":[0.10112,51.562441]}},{"id":"117","type":"Feature","properties":{"layer":0},"geometry":{"type":"Point","coordinates":[-0.048105,51.351325]}},{"id":"118","type":"Feature","properties":{"layer":0},"geometry":{"type":"Point","coordinates":[-0.107558,51.468262]}},{"id":"119","type":"Feature","properties":{"layer":0},"geometry":{"type":"Point","coordinates":[-0.123382,51.553419]}},{"id":"120","type":"Feature","properties":{"layer":0},"geometry":{"type":"Point","coordinates":[-0.02368,51.467247]}},{"id":"121","type":"Feature","properties":{"layer":0},"geometry":{"type":"Point","coordinates":[-0.424644,51.484418]}},{"id":"122","type":"Feature","properties":{"layer":0},"geometry":{"type":"Point","coordinates":[-0.227607,51.536794]}},{"id":"123","type":"Feature","properties":{"layer":0},"geometry":{"type":"Point","coordinates":[-0.033152,51.485246]}},{"id":"124","type":"Feature","properties":{"layer":0},"geometry":{"type":"Point","coordinates":[-0.322701,51.469007]}},{"id":"125","type":"Feature","properties":{"layer":0},"geometry":{"type":"Point","coordinates":[-0.014521,51.514337]}},{"id":"126","type":"Feature","properties":{"layer":0},"geometry":{"type":"Point","coordinates":[-0.021255,51.544071]}},{"id":"127","type":"Feature","properties":{"layer":0},"geometry":{"type":"Point","coordinates":[-0.095396,51.527046]}},{"id":"128","type":"Feature","properties":{"layer":0},"geometry":{"type":"Point","coordinates":[-0.156418,51.481263]}},{"id":"129","type":"Feature","properties":{"layer":0},"geometry":{"type":"Point","coordinates":[-0.13093,51.46446]}},{"id":"130","type":"Feature","properties":{"layer":0},"geometry":{"type":"Point","coordinates":[-0.209723,51.491645]}},{"id":"131","type":"Feature","properties":{"layer":0},"geometry":{"type":"Point","coordinates":[-0.055015,51.524581]}},{"id":"132","type":"Feature","properties":{"layer":0},"geometry":{"type":"Point","coordinates":[0.127167,51.578197]}},{"id":"133","type":"Feature","properties":{"layer":0},"geometry":{"type":"Point","coordinates":[-0.167005,51.469657]}},{"id":"134","type":"Feature","properties":{"layer":0},"geometry":{"type":"Point","coordinates":[-0.250754,51.637046]}},{"id":"135","type":"Feature","properties":{"layer":0},"geometry":{"type":"Point","coordinates":[0.022645,51.53509]}},{"id":"136","type":"Feature","properties":{"layer":0},"geometry":{"type":"Point","coordinates":[-0.06343,51.472019]}},{"id":"137","type":"Feature","properties":{"layer":0},"geometry":{"type":"Point","coordinates":[-0.155162,51.646128]}},{"id":"138","type":"Feature","properties":{"layer":0},"geometry":{"type":"Point","coordinates":[-0.155722,51.420874]}},{"id":"139","type":"Feature","properties":{"layer":0},"geometry":{"type":"Point","coordinates":[0.189507,51.46778]}},{"id":"140","type":"Feature","properties":{"layer":0},"geometry":{"type":"Point","coordinates":[0.111321,51.52346]}},{"id":"141","type":"Feature","properties":{"layer":0},"geometry":{"type":"Point","coordinates":[0.122224,51.539509]}},{"id":"142","type":"Feature","properties":{"layer":0},"geometry":{"type":"Point","coordinates":[-0.152724,51.476986]}},{"id":"143","type":"Feature","properties":{"layer":0},"geometry":{"type":"Point","coordinates":[-0.104024,51.549593]}},{"id":"144","type":"Feature","properties":{"layer":0},"geometry":{"type":"Point","coordinates":[0.000349,51.583893]}},{"id":"145","type":"Feature","properties":{"layer":0},"geometry":{"type":"Point","coordinates":[0.172818,51.505982]}},{"id":"146","type":"Feature","properties":{"layer":0},"geometry":{"type":"Point","coordinates":[-0.048508,51.466672]}},{"id":"147","type":"Feature","properties":{"layer":0},"geometry":{"type":"Point","coordinates":[-0.400191,51.460668]}},{"id":"148","type":"Feature","properties":{"layer":0},"geometry":{"type":"Point","coordinates":[-0.121898,51.51182]}},{"id":"149","type":"Feature","properties":{"layer":0},"geometry":{"type":"Point","coordinates":[0.010515,51.523389]}},{"id":"150","type":"Feature","properties":{"layer":0},"geometry":{"type":"Point","coordinates":[-0.203741,51.603228]}},{"id":"151","type":"Feature","properties":{"layer":0},"geometry":{"type":"Point","coordinates":[-0.099147,51.412603]}},{"id":"152","type":"Feature","properties":{"layer":0},"geometry":{"type":"Point","coordinates":[-0.037569,51.517605]}},{"id":"153","type":"Feature","properties":{"layer":0},"geometry":{"type":"Point","coordinates":[-0.066658,51.588934]}},{"id":"154","type":"Feature","properties":{"layer":0},"geometry":{"type":"Point","coordinates":[-0.024458,51.523263]}},{"id":"155","type":"Feature","properties":{"layer":0},"geometry":{"type":"Point","coordinates":[-0.048227,51.570482]}},{"id":"156","type":"Feature","properties":{"layer":0},"geometry":{"type":"Point","coordinates":[-0.156379,51.520853]}},{"id":"157","type":"Feature","properties":{"layer":0},"geometry":{"type":"Point","coordinates":[-0.057969,51.524961]}},{"id":"158","type":"Feature","properties":{"layer":0},"geometry":{"type":"Point","coordinates":[-0.102516,51.579823]}},{"id":"159","type":"Feature","properties":{"layer":0},"geometry":{"type":"Point","coordinates":[0.000091,51.49803]}},{"id":"160","type":"Feature","properties":{"layer":0},"geometry":{"type":"Point","coordinates":[-0.03802,51.60169]}},{"id":"161","type":"Feature","properties":{"layer":0},"geometry":{"type":"Point","coordinates":[-0.146518,51.539501]}},{"id":"162","type":"Feature","properties":{"layer":0},"geometry":{"type":"Point","coordinates":[0.052701,51.566844]}},{"id":"163","type":"Feature","properties":{"layer":0},"geometry":{"type":"Point","coordinates":[-0.077757,51.418266]}},{"id":"164","type":"Feature","properties":{"layer":0},"geometry":{"type":"Point","coordinates":[-0.400147,51.524975]}},{"id":"165","type":"Feature","properties":{"layer":0},"geometry":{"type":"Point","coordinates":[-0.049322,51.510687]}},{"id":"166","type":"Feature","properties":{"layer":0},"geometry":{"type":"Point","coordinates":[-0.121098,51.650329]}},{"id":"167","type":"Feature","properties":{"layer":0},"geometry":{"type":"Point","coordinates":[-0.134704,51.552576]}},{"id":"168","type":"Feature","properties":{"layer":0},"geometry":{"type":"Point","coordinates":[-0.072009,51.465975]}},{"id":"169","type":"Feature","properties":{"layer":0},"geometry":{"type":"Point","coordinates":[0.021742,51.443153]}},{"id":"170","type":"Feature","properties":{"layer":0},"geometry":{"type":"Point","coordinates":[-0.208908,51.484535]}},{"id":"171","type":"Feature","properties":{"layer":0},"geometry":{"type":"Point","coordinates":[-0.108733,51.576804]}},{"id":"172","type":"Feature","properties":{"layer":0},"geometry":{"type":"Point","coordinates":[-0.208765,51.539384]}},{"id":"173","type":"Feature","properties":{"layer":0},"geometry":{"type":"Point","coordinates":[-0.088218,51.572366]}},{"id":"174","type":"Feature","properties":{"layer":0},"geometry":{"type":"Point","coordinates":[-0.083439,51.358009]}},{"id":"175","type":"Feature","properties":{"layer":0},"geometry":{"type":"Point","coordinates":[-0.098641,51.375568]}},{"id":"176","type":"Feature","properties":{"layer":0},"geometry":{"type":"Point","coordinates":[-0.141468,51.472825]}},{"id":"177","type":"Feature","properties":{"layer":0},"geometry":{"type":"Point","coordinates":[-0.064935,51.449788]}},{"id":"178","type":"Feature","properties":{"layer":0},"geometry":{"type":"Point","coordinates":[-0.227523,51.416086]}},{"id":"179","type":"Feature","properties":{"layer":0},"geometry":{"type":"Point","coordinates":[-0.265987,51.610172]}},{"id":"180","type":"Feature","properties":{"layer":0},"geometry":{"type":"Point","coordinates":[-0.103254,51.475487]}},{"id":"181","type":"Feature","properties":{"layer":0},"geometry":{"type":"Point","coordinates":[-0.096696,51.456783]}},{"id":"182","type":"Feature","properties":{"layer":0},"geometry":{"type":"Point","coordinates":[0.009179,51.342254]}},{"id":"183","type":"Feature","properties":{"layer":0},"geometry":{"type":"Point","coordinates":[-0.124913,51.460686]}},{"id":"184","type":"Feature","properties":{"layer":0},"geometry":{"type":"Point","coordinates":[-0.087699,51.455619]}},{"id":"185","type":"Feature","properties":{"layer":0},"geometry":{"type":"Point","coordinates":[-0.111406,51.552305]}},{"id":"186","type":"Feature","properties":{"layer":0},"geometry":{"type":"Point","coordinates":[-0.182877,51.518761]}},{"id":"187","type":"Feature","properties":{"layer":0},"geometry":{"type":"Point","coordinates":[-0.127379,51.447846]}},{"id":"188","type":"Feature","properties":{"layer":0},"geometry":{"type":"Point","coordinates":[-0.03367,51.493485]}},{"id":"189","type":"Feature","properties":{"layer":0},"geometry":{"type":"Point","coordinates":[-0.437958,51.431705]}},{"id":"190","type":"Feature","properties":{"layer":0},"geometry":{"type":"Point","coordinates":[-0.12712,51.526653]}},{"id":"191","type":"Feature","properties":{"layer":0},"geometry":{"type":"Point","coordinates":[-0.023599,51.439513]}},{"id":"192","type":"Feature","properties":{"layer":0},"geometry":{"type":"Point","coordinates":[-0.089683,51.45342]}},{"id":"193","type":"Feature","properties":{"layer":0},"geometry":{"type":"Point","coordinates":[-0.196902,51.502357]}},{"id":"194","type":"Feature","properties":{"layer":0},"geometry":{"type":"Point","coordinates":[-0.122847,51.415283]}},{"id":"195","type":"Feature","properties":{"layer":0},"geometry":{"type":"Point","coordinates":[-0.145163,51.614815]}},{"id":"196","type":"Feature","properties":{"layer":0},"geometry":{"type":"Point","coordinates":[-0.073016,51.564316]}},{"id":"197","type":"Feature","properties":{"layer":0},"geometry":{"type":"Point","coordinates":[-0.25701,51.589951]}},{"id":"198","type":"Feature","properties":{"layer":0},"geometry":{"type":"Point","coordinates":[-0.080037,51.520523]}},{"id":"199","type":"Feature","properties":{"layer":0},"geometry":{"type":"Point","coordinates":[-0.043046,51.525679]}},{"id":"200","type":"Feature","properties":{"layer":0},"geometry":{"type":"Point","coordinates":[-0.032982,51.517606]}},{"id":"201","type":"Feature","properties":{"layer":0},"geometry":{"type":"Point","coordinates":[0.064363,51.402486]}},{"id":"202","type":"Feature","properties":{"layer":0},"geometry":{"type":"Point","coordinates":[-0.165113,51.509456]}},{"id":"203","type":"Feature","properties":{"layer":0},"geometry":{"type":"Point","coordinates":[-0.105159,51.447537]}},{"id":"204","type":"Feature","properties":{"layer":0},"geometry":{"type":"Point","coordinates":[-0.268658,51.379041]}},{"id":"205","type":"Feature","properties":{"layer":0},"geometry":{"type":"Point","coordinates":[-0.051456,51.468623]}},{"id":"206","type":"Feature","properties":{"layer":0},"geometry":{"type":"Point","coordinates":[0.030001,51.464162]}},{"id":"207","type":"Feature","properties":{"layer":0},"geometry":{"type":"Point","coordinates":[0.050532,51.54712]}},{"id":"208","type":"Feature","properties":{"layer":0},"geometry":{"type":"Point","coordinates":[-0.100125,51.423673]}},{"id":"209","type":"Feature","properties":{"layer":0},"geometry":{"type":"Point","coordinates":[-0.150882,51.51709]}},{"id":"210","type":"Feature","properties":{"layer":0},"geometry":{"type":"Point","coordinates":[-0.093472,51.466949]}},{"id":"211","type":"Feature","properties":{"layer":0},"geometry":{"type":"Point","coordinates":[0.068489,51.37388]}},{"id":"212","type":"Feature","properties":{"layer":0},"geometry":{"type":"Point","coordinates":[-0.439653,51.599989]}},{"id":"213","type":"Feature","properties":{"layer":0},"geometry":{"type":"Point","coordinates":[-0.081654,51.40489]}},{"id":"214","type":"Feature","properties":{"layer":0},"geometry":{"type":"Point","coordinates":[-0.377959,51.470749]}},{"id":"215","type":"Feature","properties":{"layer":0},"geometry":{"type":"Point","coordinates":[-0.000771,51.521194]}},{"id":"216","type":"Feature","properties":{"layer":0},"geometry":{"type":"Point","coordinates":[-0.205087,51.527653]}},{"id":"217","type":"Feature","properties":{"layer":0},"geometry":{"type":"Point","coordinates":[-0.100906,51.341658]}},{"id":"218","type":"Feature","properties":{"layer":0},"geometry":{"type":"Point","coordinates":[-0.135162,51.57236]}},{"id":"219","type":"Feature","properties":{"layer":0},"geometry":{"type":"Point","coordinates":[0.074391,51.47288]}},{"id":"220","type":"Feature","properties":{"layer":0},"geometry":{"type":"Point","coordinates":[-0.164195,51.383298]}},{"id":"221","type":"Feature","properties":{"layer":0},"geometry":{"type":"Point","coordinates":[-0.036088,51.507132]}},{"id":"222","type":"Feature","properties":{"layer":0},"geometry":{"type":"Point","coordinates":[-0.434792,51.571362]}},{"id":"223","type":"Feature","properties":{"layer":0},"geometry":{"type":"Point","coordinates":[-0.124657,51.526655]}},{"id":"224","type":"Feature","properties":{"layer":0},"geometry":{"type":"Point","coordinates":[-0.141704,51.531766]}},{"id":"225","type":"Feature","properties":{"layer":0},"geometry":{"type":"Point","coordinates":[-0.121991,51.479759]}},{"id":"226","type":"Feature","properties":{"layer":0},"geometry":{"type":"Point","coordinates":[-0.230063,51.558926]}},{"id":"227","type":"Feature","properties":{"layer":0},"geometry":{"type":"Point","coordinates":[-0.225257,51.596682]}},{"id":"228","type":"Feature","properties":{"layer":0},"geometry":{"type":"Point","coordinates":[-0.003836,51.600643]}},{"id":"229","type":"Feature","properties":{"layer":0},"geometry":{"type":"Point","coordinates":[-0.205647,51.490964]}},{"id":"230","type":"Feature","properties":{"layer":0},"geometry":{"type":"Point","coordinates":[-0.062249,51.468992]}},{"id":"231","type":"Feature","properties":{"layer":0},"geometry":{"type":"Point","coordinates":[-0.377019,51.437982]}},{"id":"232","type":"Feature","properties":{"layer":0},"geometry":{"type":"Point","coordinates":[-0.090197,51.492711]}},{"id":"233","type":"Feature","properties":{"layer":0},"geometry":{"type":"Point","coordinates":[-0.107747,51.559785]}},{"id":"234","type":"Feature","properties":{"layer":0},"geometry":{"type":"Point","coordinates":[-0.069824,51.423279]}},{"id":"235","type":"Feature","properties":{"layer":0},"geometry":{"type":"Point","coordinates":[-0.062621,51.548637]}},{"id":"236","type":"Feature","properties":{"layer":0},"geometry":{"type":"Point","coordinates":[-0.080231,51.571704]}},{"id":"237","type":"Feature","properties":{"layer":0},"geometry":{"type":"Point","coordinates":[-0.138605,51.501697]}},{"id":"238","type":"Feature","properties":{"layer":0},"geometry":{"type":"Point","coordinates":[0.006569,51.53769]}},{"id":"239","type":"Feature","properties":{"layer":0},"geometry":{"type":"Point","coordinates":[-0.08667,51.552475]}},{"id":"240","type":"Feature","properties":{"layer":0},"geometry":{"type":"Point","coordinates":[-0.018576,51.402606]}},{"id":"241","type":"Feature","properties":{"layer":0},"geometry":{"type":"Point","coordinates":[-0.17918,51.521207]}},{"id":"242","type":"Feature","properties":{"layer":0},"geometry":{"type":"Point","coordinates":[-0.035321,51.480291]}},{"id":"243","type":"Feature","properties":{"layer":0},"geometry":{"type":"Point","coordinates":[-0.028929,51.498121]}},{"id":"244","type":"Feature","properties":{"layer":0},"geometry":{"type":"Point","coordinates":[-0.051972,51.550242]}},{"id":"245","type":"Feature","properties":{"layer":0},"geometry":{"type":"Point","coordinates":[-0.416204,51.461776]}},{"id":"246","type":"Feature","properties":{"layer":0},"geometry":{"type":"Point","coordinates":[0.080024,51.570607]}},{"id":"247","type":"Feature","properties":{"layer":0},"geometry":{"type":"Point","coordinates":[-0.035485,51.48657]}},{"id":"248","type":"Feature","properties":{"layer":0},"geometry":{"type":"Point","coordinates":[-0.241384,51.373308]}},{"id":"249","type":"Feature","properties":{"layer":0},"geometry":{"type":"Point","coordinates":[-0.077134,51.416555]}},{"id":"250","type":"Feature","properties":{"layer":0},"geometry":{"type":"Point","coordinates":[-0.046876,51.503768]}},{"id":"251","type":"Feature","properties":{"layer":0},"geometry":{"type":"Point","coordinates":[-0.108864,51.466721]}},{"id":"252","type":"Feature","properties":{"layer":0},"geometry":{"type":"Point","coordinates":[-0.04899,51.538263]}},{"id":"253","type":"Feature","properties":{"layer":0},"geometry":{"type":"Point","coordinates":[-0.13186,51.436867]}},{"id":"254","type":"Feature","properties":{"layer":0},"geometry":{"type":"Point","coordinates":[-0.150397,51.533642]}},{"id":"255","type":"Feature","properties":{"layer":0},"geometry":{"type":"Point","coordinates":[-0.138826,51.533736]}},{"id":"256","type":"Feature","properties":{"layer":0},"geometry":{"type":"Point","coordinates":[-0.057776,51.566958]}},{"id":"257","type":"Feature","properties":{"layer":0},"geometry":{"type":"Point","coordinates":[-0.235882,51.474844]}},{"id":"258","type":"Feature","properties":{"layer":0},"geometry":{"type":"Point","coordinates":[-0.068458,51.528682]}},{"id":"259","type":"Feature","properties":{"layer":0},"geometry":{"type":"Point","coordinates":[0.202277,51.588214]}},{"id":"260","type":"Feature","properties":{"layer":0},"geometry":{"type":"Point","coordinates":[-0.118716,51.531428]}},{"id":"261","type":"Feature","properties":{"layer":0},"geometry":{"type":"Point","coordinates":[-0.198675,51.476185]}},{"id":"262","type":"Feature","properties":{"layer":0},"geometry":{"type":"Point","coordinates":[-0.04134,51.537514]}},{"id":"263","type":"Feature","properties":{"layer":0},"geometry":{"type":"Point","coordinates":[-0.03178,51.541278]}},{"id":"264","type":"Feature","properties":{"layer":0},"geometry":{"type":"Point","coordinates":[-0.100442,51.568151]}},{"id":"265","type":"Feature","properties":{"layer":0},"geometry":{"type":"Point","coordinates":[-0.062911,51.567754]}},{"id":"266","type":"Feature","properties":{"layer":0},"geometry":{"type":"Point","coordinates":[-0.120159,51.511739]}},{"id":"267","type":"Feature","properties":{"layer":0},"geometry":{"type":"Point","coordinates":[-0.010872,51.472993]}},{"id":"268","type":"Feature","properties":{"layer":0},"geometry":{"type":"Point","coordinates":[-0.169856,51.427063]}},{"id":"269","type":"Feature","properties":{"layer":0},"geometry":{"type":"Point","coordinates":[-0.105928,51.296413]}},{"id":"270","type":"Feature","properties":{"layer":0},"geometry":{"type":"Point","coordinates":[-0.089996,51.513016]}},{"id":"271","type":"Feature","properties":{"layer":0},"geometry":{"type":"Point","coordinates":[-0.044772,51.558086]}},{"id":"272","type":"Feature","properties":{"layer":0},"geometry":{"type":"Point","coordinates":[-0.06136,51.478355]}},{"id":"273","type":"Feature","properties":{"layer":0},"geometry":{"type":"Point","coordinates":[-0.090734,51.584971]}},{"id":"274","type":"Feature","properties":{"layer":0},"geometry":{"type":"Point","coordinates":[-0.1014,51.50025]}},{"id":"275","type":"Feature","properties":{"layer":0},"geometry":{"type":"Point","coordinates":[0.10494,51.501463]}},{"id":"276","type":"Feature","properties":{"layer":0},"geometry":{"type":"Point","coordinates":[-0.152274,51.378267]}},{"id":"277","type":"Feature","properties":{"layer":0},"geometry":{"type":"Point","coordinates":[-0.047959,51.471974]}},{"id":"278","type":"Feature","properties":{"layer":0},"geometry":{"type":"Point","coordinates":[-0.057023,51.50675]}},{"id":"279","type":"Feature","properties":{"layer":0},"geometry":{"type":"Point","coordinates":[0.053697,51.513991]}},{"id":"280","type":"Feature","properties":{"layer":0},"geometry":{"type":"Point","coordinates":[-0.032186,51.55366]}},{"id":"281","type":"Feature","properties":{"layer":0},"geometry":{"type":"Point","coordinates":[-0.289927,51.581884]}},{"id":"282","type":"Feature","properties":{"layer":0},"geometry":{"type":"Point","coordinates":[-0.046165,51.40483]}},{"id":"283","type":"Feature","properties":{"layer":0},"geometry":{"type":"Point","coordinates":[-0.089581,51.519878]}},{"id":"284","type":"Feature","properties":{"layer":0},"geometry":{"type":"Point","coordinates":[-0.006001,51.431124]}},{"id":"285","type":"Feature","properties":{"layer":0},"geometry":{"type":"Point","coordinates":[-0.039274,51.519651]}},{"id":"286","type":"Feature","properties":{"layer":0},"geometry":{"type":"Point","coordinates":[0.001437,51.582691]}},{"id":"287","type":"Feature","properties":{"layer":0},"geometry":{"type":"Point","coordinates":[0.034525,51.439832]}},{"id":"288","type":"Feature","properties":{"layer":0},"geometry":{"type":"Point","coordinates":[0.141759,51.528177]}},{"id":"289","type":"Feature","properties":{"layer":0},"geometry":{"type":"Point","coordinates":[-0.188006,51.572264]}},{"id":"290","type":"Feature","properties":{"layer":0},"geometry":{"type":"Point","coordinates":[-0.081411,51.417536]}},{"id":"291","type":"Feature","properties":{"layer":0},"geometry":{"type":"Point","coordinates":[-0.19751,51.456977]}},{"id":"292","type":"Feature","properties":{"layer":0},"geometry":{"type":"Point","coordinates":[-0.093928,51.487214]}},{"id":"293","type":"Feature","properties":{"layer":0},"geometry":{"type":"Point","coordinates":[0.072242,51.458633]}},{"id":"294","type":"Feature","properties":{"layer":0},"geometry":{"type":"Point","coordinates":[-0.072147,51.400168]}},{"id":"295","type":"Feature","properties":{"layer":0},"geometry":{"type":"Point","coordinates":[-0.134968,51.532017]}},{"id":"296","type":"Feature","properties":{"layer":0},"geometry":{"type":"Point","coordinates":[-0.102466,51.578553]}},{"id":"297","type":"Feature","properties":{"layer":0},"geometry":{"type":"Point","coordinates":[-0.153609,51.463869]}},{"id":"298","type":"Feature","properties":{"layer":0},"geometry":{"type":"Point","coordinates":[-0.152807,51.398465]}},{"id":"299","type":"Feature","properties":{"layer":0},"geometry":{"type":"Point","coordinates":[-0.118153,51.510027]}},{"id":"300","type":"Feature","properties":{"layer":0},"geometry":{"type":"Point","coordinates":[-0.353132,51.557959]}},{"id":"301","type":"Feature","properties":{"layer":0},"geometry":{"type":"Point","coordinates":[-0.063755,51.460271]}},{"id":"302","type":"Feature","properties":{"layer":0},"geometry":{"type":"Point","coordinates":[-0.049458,51.534967]}},{"id":"303","type":"Feature","properties":{"layer":0},"geometry":{"type":"Point","coordinates":[-0.032346,51.48078]}},{"id":"304","type":"Feature","properties":{"layer":0},"geometry":{"type":"Point","coordinates":[-0.119327,51.593414]}},{"id":"305","type":"Feature","properties":{"layer":0},"geometry":{"type":"Point","coordinates":[-0.2938,51.563436]}},{"id":"306","type":"Feature","properties":{"layer":0},"geometry":{"type":"Point","coordinates":[-0.170188,51.50117]}},{"id":"307","type":"Feature","properties":{"layer":0},"geometry":{"type":"Point","coordinates":[-0.148864,51.55994]}},{"id":"308","type":"Feature","properties":{"layer":0},"geometry":{"type":"Point","coordinates":[-0.251306,51.49154]}},{"id":"309","type":"Feature","properties":{"layer":0},"geometry":{"type":"Point","coordinates":[0.049807,51.458191]}},{"id":"310","type":"Feature","properties":{"layer":0},"geometry":{"type":"Point","coordinates":[0.003879,51.535021]}},{"id":"311","type":"Feature","properties":{"layer":0},"geometry":{"type":"Point","coordinates":[-0.145658,51.516748]}},{"id":"312","type":"Feature","properties":{"layer":0},"geometry":{"type":"Point","coordinates":[-0.167372,51.508027]}},{"id":"313","type":"Feature","properties":{"layer":0},"geometry":{"type":"Point","coordinates":[-0.118265,51.506924]}},{"id":"314","type":"Feature","properties":{"layer":0},"geometry":{"type":"Point","coordinates":[-0.1407,51.424445]}},{"id":"315","type":"Feature","properties":{"layer":0},"geometry":{"type":"Point","coordinates":[-0.069458,51.489442]}},{"id":"316","type":"Feature","properties":{"layer":0},"geometry":{"type":"Point","coordinates":[-0.230587,51.451548]}},{"id":"317","type":"Feature","properties":{"layer":0},"geometry":{"type":"Point","coordinates":[-0.198253,51.36513]}},{"id":"318","type":"Feature","properties":{"layer":0},"geometry":{"type":"Point","coordinates":[-0.091904,51.376906]}},{"id":"319","type":"Feature","properties":{"layer":0},"geometry":{"type":"Point","coordinates":[-0.11475,51.468903]}},{"id":"320","type":"Feature","properties":{"layer":0},"geometry":{"type":"Point","coordinates":[-0.196346,51.446453]}},{"id":"321","type":"Feature","properties":{"layer":0},"geometry":{"type":"Point","coordinates":[-0.141656,51.484884]}},{"id":"322","type":"Feature","properties":{"layer":0},"geometry":{"type":"Point","coordinates":[-0.073195,51.619689]}},{"id":"323","type":"Feature","properties":{"layer":0},"geometry":{"type":"Point","coordinates":[-0.067532,51.373564]}},{"id":"324","type":"Feature","properties":{"layer":0},"geometry":{"type":"Point","coordinates":[-0.072192,51.563555]}},{"id":"325","type":"Feature","properties":{"layer":0},"geometry":{"type":"Point","coordinates":[-0.29537,51.56209]}},{"id":"326","type":"Feature","properties":{"layer":0},"geometry":{"type":"Point","coordinates":[-0.220581,51.525736]}},{"id":"327","type":"Feature","properties":{"layer":0},"geometry":{"type":"Point","coordinates":[0.022827,51.505332]}},{"id":"328","type":"Feature","properties":{"layer":0},"geometry":{"type":"Point","coordinates":[-0.061798,51.506934]}},{"id":"329","type":"Feature","properties":{"layer":0},"geometry":{"type":"Point","coordinates":[-0.0595,51.501468]}},{"id":"330","type":"Feature","properties":{"layer":0},"geometry":{"type":"Point","coordinates":[-0.125323,51.564815]}},{"id":"331","type":"Feature","properties":{"layer":0},"geometry":{"type":"Point","coordinates":[-0.084296,51.542334]}},{"id":"332","type":"Feature","properties":{"layer":0},"geometry":{"type":"Point","coordinates":[-0.043754,51.525269]}},{"id":"333","type":"Feature","properties":{"layer":0},"geometry":{"type":"Point","coordinates":[-0.280718,51.549155]}},{"id":"334","type":"Feature","properties":{"layer":0},"geometry":{"type":"Point","coordinates":[-0.122124,51.504613]}},{"id":"335","type":"Feature","properties":{"layer":0},"geometry":{"type":"Point","coordinates":[-0.1247,51.501234]}},{"id":"336","type":"Feature","properties":{"layer":0},"geometry":{"type":"Point","coordinates":[-0.086481,51.403217]}},{"id":"337","type":"Feature","properties":{"layer":0},"geometry":{"type":"Point","coordinates":[-0.157822,51.517963]}},{"id":"338","type":"Feature","properties":{"layer":0},"geometry":{"type":"Point","coordinates":[-0.188705,51.502091]}},{"id":"339","type":"Feature","properties":{"layer":0},"geometry":{"type":"Point","coordinates":[-0.006923,51.487229]}},{"id":"340","type":"Feature","properties":{"layer":0},"geometry":{"type":"Point","coordinates":[-0.158327,51.490815]}},{"id":"341","type":"Feature","properties":{"layer":0},"geometry":{"type":"Point","coordinates":[-0.040279,51.455914]}},{"id":"342","type":"Feature","properties":{"layer":0},"geometry":{"type":"Point","coordinates":[-0.080139,51.436834]}},{"id":"343","type":"Feature","properties":{"layer":0},"geometry":{"type":"Point","coordinates":[-0.124253,51.510641]}},{"id":"344","type":"Feature","properties":{"layer":0},"geometry":{"type":"Point","coordinates":[0.113354,51.507158]}},{"id":"345","type":"Feature","properties":{"layer":0},"geometry":{"type":"Point","coordinates":[-0.155301,51.662316]}},{"id":"346","type":"Feature","properties":{"layer":0},"geometry":{"type":"Point","coordinates":[-0.242807,51.532295]}},{"id":"347","type":"Feature","properties":{"layer":0},"geometry":{"type":"Point","coordinates":[-0.007004,51.432971]}},{"id":"348","type":"Feature","properties":{"layer":0},"geometry":{"type":"Point","coordinates":[-0.068097,51.424211]}},{"id":"349","type":"Feature","properties":{"layer":0},"geometry":{"type":"Point","coordinates":[-0.047353,51.532504]}},{"id":"350","type":"Feature","properties":{"layer":0},"geometry":{"type":"Point","coordinates":[-0.090343,51.491885]}},{"id":"351","type":"Feature","properties":{"layer":0},"geometry":{"type":"Point","coordinates":[-0.074116,51.400521]}},{"id":"352","type":"Feature","properties":{"layer":0},"geometry":{"type":"Point","coordinates":[-0.215108,51.545927]}},{"id":"353","type":"Feature","properties":{"layer":0},"geometry":{"type":"Point","coordinates":[-0.074745,51.425134]}},{"id":"354","type":"Feature","properties":{"layer":0},"geometry":{"type":"Point","coordinates":[-0.095641,51.481114]}},{"id":"355","type":"Feature","properties":{"layer":0},"geometry":{"type":"Point","coordinates":[-0.051718,51.433377]}},{"id":"356","type":"Feature","properties":{"layer":0},"geometry":{"type":"Point","coordinates":[-0.163525,51.503234]}},{"id":"357","type":"Feature","properties":{"layer":0},"geometry":{"type":"Point","coordinates":[-0.144667,51.49865]}},{"id":"358","type":"Feature","properties":{"layer":0},"geometry":{"type":"Point","coordinates":[-0.085813,51.521898]}},{"id":"359","type":"Feature","properties":{"layer":0},"geometry":{"type":"Point","coordinates":[-0.251922,51.519394]}},{"id":"360","type":"Feature","properties":{"layer":0},"geometry":{"type":"Point","coordinates":[-0.412504,51.54278]}},{"id":"361","type":"Feature","properties":{"layer":0},"geometry":{"type":"Point","coordinates":[-0.111152,51.552218]}},{"id":"362","type":"Feature","properties":{"layer":0},"geometry":{"type":"Point","coordinates":[-0.082993,51.495125]}},{"id":"363","type":"Feature","properties":{"layer":0},"geometry":{"type":"Point","coordinates":[-0.056194,51.577485]}},{"id":"364","type":"Feature","properties":{"layer":0},"geometry":{"type":"Point","coordinates":[-0.065822,51.520276]}},{"id":"365","type":"Feature","properties":{"layer":0},"geometry":{"type":"Point","coordinates":[0.160331,51.538322]}},{"id":"366","type":"Feature","properties":{"layer":0},"geometry":{"type":"Point","coordinates":[-0.464439,51.517088]}},{"id":"367","type":"Feature","properties":{"layer":0},"geometry":{"type":"Point","coordinates":[-0.107392,51.568958]}},{"id":"368","type":"Feature","properties":{"layer":0},"geometry":{"type":"Point","coordinates":[-0.007783,51.397654]}},{"id":"369","type":"Feature","properties":{"layer":0},"geometry":{"type":"Point","coordinates":[-0.132009,51.403046]}},{"id":"370","type":"Feature","properties":{"layer":0},"geometry":{"type":"Point","coordinates":[-0.083447,51.456628]}},{"id":"371","type":"Feature","properties":{"layer":0},"geometry":{"type":"Point","coordinates":[-0.279488,51.45861]}},{"id":"372","type":"Feature","properties":{"layer":0},"geometry":{"type":"Point","coordinates":[-0.196147,51.491244]}},{"id":"373","type":"Feature","properties":{"layer":0},"geometry":{"type":"Point","coordinates":[-0.078448,51.49997]}},{"id":"374","type":"Feature","properties":{"layer":0},"geometry":{"type":"Point","coordinates":[-0.214977,51.387628]}},{"id":"375","type":"Feature","properties":{"layer":0},"geometry":{"type":"Point","coordinates":[-0.196912,51.44664]}},{"id":"376","type":"Feature","properties":{"layer":0},"geometry":{"type":"Point","coordinates":[-0.051941,51.538329]}},{"id":"377","type":"Feature","properties":{"layer":0},"geometry":{"type":"Point","coordinates":[-0.009347,51.616271]}},{"id":"378","type":"Feature","properties":{"layer":0},"geometry":{"type":"Point","coordinates":[-0.152872,51.375292]}},{"id":"379","type":"Feature","properties":{"layer":0},"geometry":{"type":"Point","coordinates":[-0.003326,51.629028]}},{"id":"380","type":"Feature","properties":{"layer":0},"geometry":{"type":"Point","coordinates":[0.015328,51.509647]}},{"id":"381","type":"Feature","properties":{"layer":0},"geometry":{"type":"Point","coordinates":[-0.061328,51.462369]}},{"id":"382","type":"Feature","properties":{"layer":0},"geometry":{"type":"Point","coordinates":[-0.129312,51.550565]}},{"id":"383","type":"Feature","properties":{"layer":0},"geometry":{"type":"Point","coordinates":[-0.097236,51.582012]}},{"id":"384","type":"Feature","properties":{"layer":0},"geometry":{"type":"Point","coordinates":[-0.08584,51.596564]}},{"id":"385","type":"Feature","properties":{"layer":0},"geometry":{"type":"Point","coordinates":[-0.087932,51.453595]}},{"id":"386","type":"Feature","properties":{"layer":0},"geometry":{"type":"Point","coordinates":[-0.272009,51.620214]}},{"id":"387","type":"Feature","properties":{"layer":0},"geometry":{"type":"Point","coordinates":[-0.097115,51.500542]}},{"id":"388","type":"Feature","properties":{"layer":0},"geometry":{"type":"Point","coordinates":[-0.130978,51.512899]}},{"id":"389","type":"Feature","properties":{"layer":0},"geometry":{"type":"Point","coordinates":[-0.029796,51.500606]}},{"id":"390","type":"Feature","properties":{"layer":0},"geometry":{"type":"Point","coordinates":[-0.107706,51.432218]}},{"id":"391","type":"Feature","properties":{"layer":0},"geometry":{"type":"Point","coordinates":[-0.165543,51.450677]}},{"id":"392","type":"Feature","properties":{"layer":0},"geometry":{"type":"Point","coordinates":[-0.126813,51.470381]}},{"id":"393","type":"Feature","properties":{"layer":0},"geometry":{"type":"Point","coordinates":[-0.034674,51.563738]}},{"id":"394","type":"Feature","properties":{"layer":0},"geometry":{"type":"Point","coordinates":[-0.19831,51.515445]}},{"id":"395","type":"Feature","properties":{"layer":0},"geometry":{"type":"Point","coordinates":[-0.102054,51.489154]}},{"id":"396","type":"Feature","properties":{"layer":0},"geometry":{"type":"Point","coordinates":[-0.054534,51.504326]}},{"id":"397","type":"Feature","properties":{"layer":0},"geometry":{"type":"Point","coordinates":[-0.088726,51.617007]}},{"id":"398","type":"Feature","properties":{"layer":0},"geometry":{"type":"Point","coordinates":[-0.1573,51.489897]}},{"id":"399","type":"Feature","properties":{"layer":0},"geometry":{"type":"Point","coordinates":[-0.10089,51.429035]}},{"id":"400","type":"Feature","properties":{"layer":0},"geometry":{"type":"Point","coordinates":[-0.0726,51.578618]}},{"id":"401","type":"Feature","properties":{"layer":0},"geometry":{"type":"Point","coordinates":[-0.050258,51.526463]}},{"id":"402","type":"Feature","properties":{"layer":0},"geometry":{"type":"Point","coordinates":[-0.138503,51.52044]}},{"id":"403","type":"Feature","properties":{"layer":0},"geometry":{"type":"Point","coordinates":[-0.1392,51.399592]}},{"id":"404","type":"Feature","properties":{"layer":0},"geometry":{"type":"Point","coordinates":[-0.13223,51.545205]}},{"id":"405","type":"Feature","properties":{"layer":0},"geometry":{"type":"Point","coordinates":[-0.285358,51.439626]}},{"id":"406","type":"Feature","properties":{"layer":0},"geometry":{"type":"Point","coordinates":[-0.031201,51.489394]}},{"id":"407","type":"Feature","properties":{"layer":0},"geometry":{"type":"Point","coordinates":[-0.028736,51.517317]}},{"id":"408","type":"Feature","properties":{"layer":0},"geometry":{"type":"Point","coordinates":[-0.131842,51.561604]}},{"id":"409","type":"Feature","properties":{"layer":0},"geometry":{"type":"Point","coordinates":[-0.0842,51.389271]}},{"id":"410","type":"Feature","properties":{"layer":0},"geometry":{"type":"Point","coordinates":[-0.145746,51.527721]}},{"id":"411","type":"Feature","properties":{"layer":0},"geometry":{"type":"Point","coordinates":[-0.165956,51.461047]}},{"id":"412","type":"Feature","properties":{"layer":0},"geometry":{"type":"Point","coordinates":[-0.179057,51.584498]}},{"id":"413","type":"Feature","properties":{"layer":0},"geometry":{"type":"Point","coordinates":[-0.12978,51.443452]}},{"id":"414","type":"Feature","properties":{"layer":0},"geometry":{"type":"Point","coordinates":[-0.18995,51.476755]}},{"id":"415","type":"Feature","properties":{"layer":0},"geometry":{"type":"Point","coordinates":[-0.171768,51.440183]}},{"id":"416","type":"Feature","properties":{"layer":0},"geometry":{"type":"Point","coordinates":[0.163762,51.48069]}},{"id":"417","type":"Feature","properties":{"layer":0},"geometry":{"type":"Point","coordinates":[-0.139747,51.519481]}},{"id":"418","type":"Feature","properties":{"layer":0},"geometry":{"type":"Point","coordinates":[-0.348126,51.553504]}},{"id":"419","type":"Feature","properties":{"layer":0},"geometry":{"type":"Point","coordinates":[0.008392,51.417854]}},{"id":"420","type":"Feature","properties":{"layer":0},"geometry":{"type":"Point","coordinates":[0.143035,51.571452]}},{"id":"421","type":"Feature","properties":{"layer":0},"geometry":{"type":"Point","coordinates":[0.040521,51.515651]}},{"id":"422","type":"Feature","properties":{"layer":0},"geometry":{"type":"Point","coordinates":[-0.141618,51.58681]}},{"id":"423","type":"Feature","properties":{"layer":0},"geometry":{"type":"Point","coordinates":[-0.317129,51.541357]}},{"id":"424","type":"Feature","properties":{"layer":0},"geometry":{"type":"Point","coordinates":[-0.015865,51.498021]}},{"id":"425","type":"Feature","properties":{"layer":0},"geometry":{"type":"Point","coordinates":[-0.179606,51.348503]}},{"id":"426","type":"Feature","properties":{"layer":0},"geometry":{"type":"Point","coordinates":[-0.02967,51.473989]}},{"id":"427","type":"Feature","properties":{"layer":0},"geometry":{"type":"Point","coordinates":[-0.082978,51.410351]}},{"id":"428","type":"Feature","properties":{"layer":0},"geometry":{"type":"Point","coordinates":[-0.079414,51.503822]}},{"id":"429","type":"Feature","properties":{"layer":0},"geometry":{"type":"Point","coordinates":[-0.107961,51.503339]}},{"id":"430","type":"Feature","properties":{"layer":0},"geometry":{"type":"Point","coordinates":[-0.086424,51.468083]}},{"id":"431","type":"Feature","properties":{"layer":0},"geometry":{"type":"Point","coordinates":[-0.338382,51.565922]}},{"id":"432","type":"Feature","properties":{"layer":0},"geometry":{"type":"Point","coordinates":[-0.083445,51.481099]}},{"id":"433","type":"Feature","properties":{"layer":0},"geometry":{"type":"Point","coordinates":[-0.065355,51.459041]}},{"id":"434","type":"Feature","properties":{"layer":0},"geometry":{"type":"Point","coordinates":[-0.081572,51.539826]}},{"id":"435","type":"Feature","properties":{"layer":0},"geometry":{"type":"Point","coordinates":[-0.137213,51.570878]}},{"id":"436","type":"Feature","properties":{"layer":0},"geometry":{"type":"Point","coordinates":[-0.094641,51.50905]}},{"id":"437","type":"Feature","properties":{"layer":0},"geometry":{"type":"Point","coordinates":[-0.193442,51.64156]}},{"id":"438","type":"Feature","properties":{"layer":0},"geometry":{"type":"Point","coordinates":[-0.172633,51.403279]}},{"id":"439","type":"Feature","properties":{"layer":0},"geometry":{"type":"Point","coordinates":[-0.049216,51.554274]}},{"id":"440","type":"Feature","properties":{"layer":0},"geometry":{"type":"Point","coordinates":[-0.209362,51.521655]}},{"id":"441","type":"Feature","properties":{"layer":0},"geometry":{"type":"Point","coordinates":[-0.06213,51.535338]}},{"id":"442","type":"Feature","properties":{"layer":0},"geometry":{"type":"Point","coordinates":[-0.132299,51.534523]}},{"id":"443","type":"Feature","properties":{"layer":0},"geometry":{"type":"Point","coordinates":[-0.283894,51.386882]}},{"id":"444","type":"Feature","properties":{"layer":0},"geometry":{"type":"Point","coordinates":[-0.166766,51.496784]}},{"id":"445","type":"Feature","properties":{"layer":0},"geometry":{"type":"Point","coordinates":[0.007133,51.420868]}},{"id":"446","type":"Feature","properties":{"layer":0},"geometry":{"type":"Point","coordinates":[-0.450802,51.531664]}},{"id":"447","type":"Feature","properties":{"layer":0},"geometry":{"type":"Point","coordinates":[-0.320698,51.481539]}},{"id":"448","type":"Feature","properties":{"layer":0},"geometry":{"type":"Point","coordinates":[-0.180185,51.576894]}},{"id":"449","type":"Feature","properties":{"layer":0},"geometry":{"type":"Point","coordinates":[-0.150477,51.584763]}},{"id":"450","type":"Feature","properties":{"layer":0},"geometry":{"type":"Point","coordinates":[-0.09894,51.554228]}},{"id":"451","type":"Feature","properties":{"layer":0},"geometry":{"type":"Point","coordinates":[-0.291504,51.568138]}},{"id":"452","type":"Feature","properties":{"layer":0},"geometry":{"type":"Point","coordinates":[-0.077945,51.47569]}},{"id":"453","type":"Feature","properties":{"layer":0},"geometry":{"type":"Point","coordinates":[-0.019034,51.509712]}},{"id":"454","type":"Feature","properties":{"layer":0},"geometry":{"type":"Point","coordinates":[-0.166313,51.367723]}},{"id":"455","type":"Feature","properties":{"layer":0},"geometry":{"type":"Point","coordinates":[-0.016707,51.570499]}},{"id":"456","type":"Feature","properties":{"layer":0},"geometry":{"type":"Point","coordinates":[-0.072595,51.46294]}},{"id":"457","type":"Feature","properties":{"layer":0},"geometry":{"type":"Point","coordinates":[-0.0857,51.55182]}},{"id":"458","type":"Feature","properties":{"layer":0},"geometry":{"type":"Point","coordinates":[0.001338,51.47103]}},{"id":"459","type":"Feature","properties":{"layer":0},"geometry":{"type":"Point","coordinates":[-0.060081,51.400989]}},{"id":"460","type":"Feature","properties":{"layer":0},"geometry":{"type":"Point","coordinates":[-0.063904,51.526875]}},{"id":"461","type":"Feature","properties":{"layer":0},"geometry":{"type":"Point","coordinates":[-0.161042,51.497842]}},{"id":"462","type":"Feature","properties":{"layer":0},"geometry":{"type":"Point","coordinates":[-0.218416,51.624342]}},{"id":"463","type":"Feature","properties":{"layer":0},"geometry":{"type":"Point","coordinates":[-0.001465,51.359072]}},{"id":"464","type":"Feature","properties":{"layer":0},"geometry":{"type":"Point","coordinates":[-0.069741,51.47587]}},{"id":"465","type":"Feature","properties":{"layer":0},"geometry":{"type":"Point","coordinates":[0.11698,51.5793]}},{"id":"466","type":"Feature","properties":{"layer":0},"geometry":{"type":"Point","coordinates":[-0.044744,51.505556]}},{"id":"467","type":"Feature","properties":{"layer":0},"geometry":{"type":"Point","coordinates":[-0.118819,51.538382]}},{"id":"468","type":"Feature","properties":{"layer":0},"geometry":{"type":"Point","coordinates":[-0.037529,51.585939]}},{"id":"469","type":"Feature","properties":{"layer":0},"geometry":{"type":"Point","coordinates":[-0.216584,51.618885]}},{"id":"470","type":"Feature","properties":{"layer":0},"geometry":{"type":"Point","coordinates":[-0.107136,51.424993]}},{"id":"471","type":"Feature","properties":{"layer":0},"geometry":{"type":"Point","coordinates":[-0.043077,51.533039]}},{"id":"472","type":"Feature","properties":{"layer":0},"geometry":{"type":"Point","coordinates":[-0.180604,51.453056]}},{"id":"473","type":"Feature","properties":{"layer":0},"geometry":{"type":"Point","coordinates":[-0.161145,51.536682]}},{"id":"474","type":"Feature","properties":{"layer":0},"geometry":{"type":"Point","coordinates":[-0.101549,51.582219]}},{"id":"475","type":"Feature","properties":{"layer":0},"geometry":{"type":"Point","coordinates":[-0.130736,51.474135]}},{"id":"476","type":"Feature","properties":{"layer":0},"geometry":{"type":"Point","coordinates":[-0.088354,51.464897]}},{"id":"477","type":"Feature","properties":{"layer":0},"geometry":{"type":"Point","coordinates":[-0.081741,51.46905]}},{"id":"478","type":"Feature","properties":{"layer":0},"geometry":{"type":"Point","coordinates":[-0.046274,51.466997]}},{"id":"479","type":"Feature","properties":{"layer":0},"geometry":{"type":"Point","coordinates":[-0.286619,51.517496]}},{"id":"480","type":"Feature","properties":{"layer":0},"geometry":{"type":"Point","coordinates":[-0.167678,51.411902]}},{"id":"481","type":"Feature","properties":{"layer":0},"geometry":{"type":"Point","coordinates":[-0.159729,51.419227]}},{"id":"482","type":"Feature","properties":{"layer":0},"geometry":{"type":"Point","coordinates":[-0.157236,51.465575]}},{"id":"483","type":"Feature","properties":{"layer":0},"geometry":{"type":"Point","coordinates":[-0.064539,51.522937]}},{"id":"484","type":"Feature","properties":{"layer":0},"geometry":{"type":"Point","coordinates":[-0.117126,51.519998]}},{"id":"485","type":"Feature","properties":{"layer":0},"geometry":{"type":"Point","coordinates":[-0.187114,51.58578]}},{"id":"486","type":"Feature","properties":{"layer":0},"geometry":{"type":"Point","coordinates":[-0.035755,51.480588]}},{"id":"487","type":"Feature","properties":{"layer":0},"geometry":{"type":"Point","coordinates":[-0.10404,51.508297]}},{"id":"488","type":"Feature","properties":{"layer":0},"geometry":{"type":"Point","coordinates":[-0.151987,51.408152]}},{"id":"489","type":"Feature","properties":{"layer":0},"geometry":{"type":"Point","coordinates":[-0.210984,51.485865]}},{"id":"490","type":"Feature","properties":{"layer":0},"geometry":{"type":"Point","coordinates":[-0.101605,51.542563]}},{"id":"491","type":"Feature","properties":{"layer":0},"geometry":{"type":"Point","coordinates":[-0.199981,51.565636]}},{"id":"492","type":"Feature","properties":{"layer":0},"geometry":{"type":"Point","coordinates":[-0.132028,51.5526]}},{"id":"493","type":"Feature","properties":{"layer":0},"geometry":{"type":"Point","coordinates":[0.104286,51.349586]}},{"id":"494","type":"Feature","properties":{"layer":0},"geometry":{"type":"Point","coordinates":[-0.044646,51.474221]}},{"id":"495","type":"Feature","properties":{"layer":0},"geometry":{"type":"Point","coordinates":[-0.090228,51.435735]}},{"id":"496","type":"Feature","properties":{"layer":0},"geometry":{"type":"Point","coordinates":[-0.401691,51.509065]}},{"id":"497","type":"Feature","properties":{"layer":0},"geometry":{"type":"Point","coordinates":[-0.145082,51.48981]}},{"id":"498","type":"Feature","properties":{"layer":0},"geometry":{"type":"Point","coordinates":[-0.059569,51.433902]}},{"id":"499","type":"Feature","properties":{"layer":0},"geometry":{"type":"Point","coordinates":[-0.091376,51.527265]}},{"id":"500","type":"Feature","properties":{"layer":0},"geometry":{"type":"Point","coordinates":[-0.154881,51.60395]}},{"id":"501","type":"Feature","properties":{"layer":0},"geometry":{"type":"Point","coordinates":[0.012151,51.522484]}},{"id":"502","type":"Feature","properties":{"layer":0},"geometry":{"type":"Point","coordinates":[-0.152923,51.444736]}},{"id":"503","type":"Feature","properties":{"layer":0},"geometry":{"type":"Point","coordinates":[-0.207941,51.510142]}},{"id":"504","type":"Feature","properties":{"layer":0},"geometry":{"type":"Point","coordinates":[-0.197507,51.523379]}},{"id":"505","type":"Feature","properties":{"layer":0},"geometry":{"type":"Point","coordinates":[-0.092512,51.50327]}},{"id":"506","type":"Feature","properties":{"layer":0},"geometry":{"type":"Point","coordinates":[-0.008479,51.442319]}},{"id":"507","type":"Feature","properties":{"layer":0},"geometry":{"type":"Point","coordinates":[-0.121923,51.485952]}},{"id":"508","type":"Feature","properties":{"layer":0},"geometry":{"type":"Point","coordinates":[-0.181712,51.393004]}},{"id":"509","type":"Feature","properties":{"layer":0},"geometry":{"type":"Point","coordinates":[-0.402227,51.443294]}},{"id":"510","type":"Feature","properties":{"layer":0},"geometry":{"type":"Point","coordinates":[-0.038541,51.520488]}},{"id":"511","type":"Feature","properties":{"layer":0},"geometry":{"type":"Point","coordinates":[-0.099818,51.46195]}},{"id":"512","type":"Feature","properties":{"layer":0},"geometry":{"type":"Point","coordinates":[-0.062228,51.56814]}},{"id":"513","type":"Feature","properties":{"layer":0},"geometry":{"type":"Point","coordinates":[-0.043996,51.496851]}},{"id":"514","type":"Feature","properties":{"layer":0},"geometry":{"type":"Point","coordinates":[-0.017456,51.361007]}},{"id":"515","type":"Feature","properties":{"layer":0},"geometry":{"type":"Point","coordinates":[-0.078176,51.513766]}},{"id":"516","type":"Feature","properties":{"layer":0},"geometry":{"type":"Point","coordinates":[-0.025961,51.508149]}},{"id":"517","type":"Feature","properties":{"layer":0},"geometry":{"type":"Point","coordinates":[-0.020858,51.455921]}},{"id":"518","type":"Feature","properties":{"layer":0},"geometry":{"type":"Point","coordinates":[-0.113808,51.564015]}},{"id":"519","type":"Feature","properties":{"layer":0},"geometry":{"type":"Point","coordinates":[-0.148717,51.398185]}},{"id":"520","type":"Feature","properties":{"layer":0},"geometry":{"type":"Point","coordinates":[-0.098194,51.555905]}},{"id":"521","type":"Feature","properties":{"layer":0},"geometry":{"type":"Point","coordinates":[-0.079629,51.500799]}},{"id":"522","type":"Feature","properties":{"layer":0},"geometry":{"type":"Point","coordinates":[-0.309654,51.59865]}},{"id":"523","type":"Feature","properties":{"layer":0},"geometry":{"type":"Point","coordinates":[-0.031508,51.569317]}},{"id":"524","type":"Feature","properties":{"layer":0},"geometry":{"type":"Point","coordinates":[-0.138421,51.487698]}},{"id":"525","type":"Feature","properties":{"layer":0},"geometry":{"type":"Point","coordinates":[-0.070753,51.529246]}},{"id":"526","type":"Feature","properties":{"layer":0},"geometry":{"type":"Point","coordinates":[-0.24372,51.54211]}},{"id":"527","type":"Feature","properties":{"layer":0},"geometry":{"type":"Point","coordinates":[-0.05128,51.457404]}},{"id":"528","type":"Feature","properties":{"layer":0},"geometry":{"type":"Point","coordinates":[-0.366154,51.579621]}},{"id":"529","type":"Feature","properties":{"layer":0},"geometry":{"type":"Point","coordinates":[-0.001506,51.546358]}},{"id":"530","type":"Feature","properties":{"layer":0},"geometry":{"type":"Point","coordinates":[-0.242331,51.411753]}},{"id":"531","type":"Feature","properties":{"layer":0},"geometry":{"type":"Point","coordinates":[-0.009799,51.47892]}},{"id":"532","type":"Feature","properties":{"layer":0},"geometry":{"type":"Point","coordinates":[-0.124366,51.41633]}},{"id":"533","type":"Feature","properties":{"layer":0},"geometry":{"type":"Point","coordinates":[-0.101953,51.51279]}},{"id":"534","type":"Feature","properties":{"layer":0},"geometry":{"type":"Point","coordinates":[-0.024,51.469043]}},{"id":"535","type":"Feature","properties":{"layer":0},"geometry":{"type":"Point","coordinates":[-0.092062,51.582871]}},{"id":"536","type":"Feature","properties":{"layer":0},"geometry":{"type":"Point","coordinates":[-0.054697,51.422896]}},{"id":"537","type":"Feature","properties":{"layer":0},"geometry":{"type":"Point","coordinates":[-0.147278,51.435401]}},{"id":"538","type":"Feature","properties":{"layer":0},"geometry":{"type":"Point","coordinates":[-0.108004,51.533227]}},{"id":"539","type":"Feature","properties":{"layer":0},"geometry":{"type":"Point","coordinates":[0.04239,51.399797]}},{"id":"540","type":"Feature","properties":{"layer":0},"geometry":{"type":"Point","coordinates":[-0.111088,51.53622]}},{"id":"541","type":"Feature","properties":{"layer":0},"geometry":{"type":"Point","coordinates":[-0.016015,51.517608]}},{"id":"542","type":"Feature","properties":{"layer":0},"geometry":{"type":"Point","coordinates":[-0.422108,51.533537]}},{"id":"543","type":"Feature","properties":{"layer":0},"geometry":{"type":"Point","coordinates":[-0.129815,51.478688]}},{"id":"544","type":"Feature","properties":{"layer":0},"geometry":{"type":"Point","coordinates":[0.054,51.444965]}},{"id":"545","type":"Feature","properties":{"layer":0},"geometry":{"type":"Point","coordinates":[-0.085611,51.446149]}},{"id":"546","type":"Feature","properties":{"layer":0},"geometry":{"type":"Point","coordinates":[-0.120333,51.529045]}},{"id":"547","type":"Feature","properties":{"layer":0},"geometry":{"type":"Point","coordinates":[0.048046,51.501096]}},{"id":"548","type":"Feature","properties":{"layer":0},"geometry":{"type":"Point","coordinates":[-0.045331,51.557047]}},{"id":"549","type":"Feature","properties":{"layer":0},"geometry":{"type":"Point","coordinates":[-0.197253,51.418072]}},{"id":"550","type":"Feature","properties":{"layer":0},"geometry":{"type":"Point","coordinates":[-0.17332,51.446837]}},{"id":"551","type":"Feature","properties":{"layer":0},"geometry":{"type":"Point","coordinates":[-0.1042,51.486612]}},{"id":"552","type":"Feature","properties":{"layer":0},"geometry":{"type":"Point","coordinates":[0.020864,51.538056]}},{"id":"553","type":"Feature","properties":{"layer":0},"geometry":{"type":"Point","coordinates":[-0.036911,51.464424]}},{"id":"554","type":"Feature","properties":{"layer":0},"geometry":{"type":"Point","coordinates":[-0.095895,51.49745]}},{"id":"555","type":"Feature","properties":{"layer":0},"geometry":{"type":"Point","coordinates":[-0.010285,51.453174]}},{"id":"556","type":"Feature","properties":{"layer":0},"geometry":{"type":"Point","coordinates":[0.062794,51.368382]}},{"id":"557","type":"Feature","properties":{"layer":0},"geometry":{"type":"Point","coordinates":[-0.009279,51.484198]}},{"id":"558","type":"Feature","properties":{"layer":0},"geometry":{"type":"Point","coordinates":[-0.103243,51.49519]}},{"id":"559","type":"Feature","properties":{"layer":0},"geometry":{"type":"Point","coordinates":[-0.249883,51.520567]}},{"id":"560","type":"Feature","properties":{"layer":0},"geometry":{"type":"Point","coordinates":[-0.232793,51.51986]}},{"id":"561","type":"Feature","properties":{"layer":0},"geometry":{"type":"Point","coordinates":[-0.0781,51.52696]}},{"id":"562","type":"Feature","properties":{"layer":0},"geometry":{"type":"Point","coordinates":[-0.05329,51.502028]}},{"id":"563","type":"Feature","properties":{"layer":0},"geometry":{"type":"Point","coordinates":[0.044167,51.356075]}},{"id":"564","type":"Feature","properties":{"layer":0},"geometry":{"type":"Point","coordinates":[-0.066142,51.567592]}},{"id":"565","type":"Feature","properties":{"layer":0},"geometry":{"type":"Point","coordinates":[-0.126738,51.483504]}},{"id":"566","type":"Feature","properties":{"layer":0},"geometry":{"type":"Point","coordinates":[-0.191237,51.501208]}},{"id":"567","type":"Feature","properties":{"layer":0},"geometry":{"type":"Point","coordinates":[0.013197,51.484845]}},{"id":"568","type":"Feature","properties":{"layer":0},"geometry":{"type":"Point","coordinates":[-0.114006,51.492326]}},{"id":"569","type":"Feature","properties":{"layer":0},"geometry":{"type":"Point","coordinates":[-0.117286,51.53117]}},{"id":"570","type":"Feature","properties":{"layer":0},"geometry":{"type":"Point","coordinates":[-0.081529,51.419693]}},{"id":"571","type":"Feature","properties":{"layer":0},"geometry":{"type":"Point","coordinates":[-0.163886,51.393497]}},{"id":"572","type":"Feature","properties":{"layer":0},"geometry":{"type":"Point","coordinates":[-0.196254,51.488838]}},{"id":"573","type":"Feature","properties":{"layer":0},"geometry":{"type":"Point","coordinates":[-0.013183,51.546046]}},{"id":"574","type":"Feature","properties":{"layer":0},"geometry":{"type":"Point","coordinates":[-0.21245,51.389865]}},{"id":"575","type":"Feature","properties":{"layer":0},"geometry":{"type":"Point","coordinates":[0.261924,51.519042]}},{"id":"576","type":"Feature","properties":{"layer":0},"geometry":{"type":"Point","coordinates":[-0.139486,51.487528]}},{"id":"577","type":"Feature","properties":{"layer":0},"geometry":{"type":"Point","coordinates":[-0.421194,51.527658]}},{"id":"578","type":"Feature","properties":{"layer":0},"geometry":{"type":"Point","coordinates":[-0.068833,51.485727]}},{"id":"579","type":"Feature","properties":{"layer":0},"geometry":{"type":"Point","coordinates":[-0.114477,51.536357]}},{"id":"580","type":"Feature","properties":{"layer":0},"geometry":{"type":"Point","coordinates":[-0.121827,51.525968]}},{"id":"581","type":"Feature","properties":{"layer":0},"geometry":{"type":"Point","coordinates":[-0.203396,51.513041]}},{"id":"582","type":"Feature","properties":{"layer":0},"geometry":{"type":"Point","coordinates":[-0.079546,51.524544]}},{"id":"583","type":"Feature","properties":{"layer":0},"geometry":{"type":"Point","coordinates":[-0.189942,51.45719]}},{"id":"584","type":"Feature","properties":{"layer":0},"geometry":{"type":"Point","coordinates":[-0.089327,51.447477]}},{"id":"585","type":"Feature","properties":{"layer":0},"geometry":{"type":"Point","coordinates":[0.020439,51.342558]}},{"id":"586","type":"Feature","properties":{"layer":0},"geometry":{"type":"Point","coordinates":[-0.184799,51.490426]}},{"id":"587","type":"Feature","properties":{"layer":0},"geometry":{"type":"Point","coordinates":[-0.185385,51.610787]}},{"id":"588","type":"Feature","properties":{"layer":0},"geometry":{"type":"Point","coordinates":[-0.400732,51.55441]}},{"id":"589","type":"Feature","properties":{"layer":0},"geometry":{"type":"Point","coordinates":[-0.092698,51.504538]}},{"id":"590","type":"Feature","properties":{"layer":0},"geometry":{"type":"Point","coordinates":[-0.118809,51.450527]}},{"id":"591","type":"Feature","properties":{"layer":0},"geometry":{"type":"Point","coordinates":[-0.027097,51.438207]}},{"id":"592","type":"Feature","properties":{"layer":0},"geometry":{"type":"Point","coordinates":[-0.144769,51.506082]}},{"id":"593","type":"Feature","properties":{"layer":0},"geometry":{"type":"Point","coordinates":[-0.26367,51.514539]}},{"id":"594","type":"Feature","properties":{"layer":0},"geometry":{"type":"Point","coordinates":[-0.094618,51.426525]}},{"id":"595","type":"Feature","properties":{"layer":0},"geometry":{"type":"Point","coordinates":[0.018392,51.525086]}},{"id":"596","type":"Feature","properties":{"layer":0},"geometry":{"type":"Point","coordinates":[-0.012772,51.476385]}},{"id":"597","type":"Feature","properties":{"layer":0},"geometry":{"type":"Point","coordinates":[-0.073276,51.433645]}},{"id":"598","type":"Feature","properties":{"layer":0},"geometry":{"type":"Point","coordinates":[-0.168312,51.477194]}},{"id":"599","type":"Feature","properties":{"layer":0},"geometry":{"type":"Point","coordinates":[0.039098,51.526941]}},{"id":"600","type":"Feature","properties":{"layer":0},"geometry":{"type":"Point","coordinates":[0.134326,51.46851]}},{"id":"601","type":"Feature","properties":{"layer":0},"geometry":{"type":"Point","coordinates":[-0.056219,51.633283]}},{"id":"602","type":"Feature","properties":{"layer":0},"geometry":{"type":"Point","coordinates":[-0.215627,51.501154]}},{"id":"603","type":"Feature","properties":{"layer":0},"geometry":{"type":"Point","coordinates":[-0.032528,51.535544]}},{"id":"604","type":"Feature","properties":{"layer":0},"geometry":{"type":"Point","coordinates":[-0.189027,51.518986]}},{"id":"605","type":"Feature","properties":{"layer":0},"geometry":{"type":"Point","coordinates":[-0.296614,51.530404]}},{"id":"606","type":"Feature","properties":{"layer":0},"geometry":{"type":"Point","coordinates":[-0.045239,51.488704]}},{"id":"607","type":"Feature","properties":{"layer":0},"geometry":{"type":"Point","coordinates":[-0.1183,51.462105]}},{"id":"608","type":"Feature","properties":{"layer":0},"geometry":{"type":"Point","coordinates":[-0.008396,51.57122]}},{"id":"609","type":"Feature","properties":{"layer":0},"geometry":{"type":"Point","coordinates":[-0.077266,51.449228]}},{"id":"610","type":"Feature","properties":{"layer":0},"geometry":{"type":"Point","coordinates":[-0.054235,51.50271]}},{"id":"611","type":"Feature","properties":{"layer":0},"geometry":{"type":"Point","coordinates":[-0.079643,51.53349]}},{"id":"612","type":"Feature","properties":{"layer":0},"geometry":{"type":"Point","coordinates":[0.053732,51.473121]}},{"id":"613","type":"Feature","properties":{"layer":0},"geometry":{"type":"Point","coordinates":[-0.028424,51.578467]}},{"id":"614","type":"Feature","properties":{"layer":0},"geometry":{"type":"Point","coordinates":[-0.059774,51.490622]}},{"id":"615","type":"Feature","properties":{"layer":0},"geometry":{"type":"Point","coordinates":[-0.057842,51.324974]}},{"id":"616","type":"Feature","properties":{"layer":0},"geometry":{"type":"Point","coordinates":[-0.217481,51.516673]}},{"id":"617","type":"Feature","properties":{"layer":0},"geometry":{"type":"Point","coordinates":[-0.014535,51.414374]}},{"id":"618","type":"Feature","properties":{"layer":0},"geometry":{"type":"Point","coordinates":[-0.082495,51.39766]}},{"id":"619","type":"Feature","properties":{"layer":0},"geometry":{"type":"Point","coordinates":[-0.107174,51.48262]}},{"id":"620","type":"Feature","properties":{"layer":0},"geometry":{"type":"Point","coordinates":[-0.006727,51.43536]}},{"id":"621","type":"Feature","properties":{"layer":0},"geometry":{"type":"Point","coordinates":[-0.019035,51.55902]}},{"id":"622","type":"Feature","properties":{"layer":0},"geometry":{"type":"Point","coordinates":[-0.043652,51.406677]}},{"id":"623","type":"Feature","properties":{"layer":0},"geometry":{"type":"Point","coordinates":[-0.147354,51.541843]}},{"id":"624","type":"Feature","properties":{"layer":0},"geometry":{"type":"Point","coordinates":[-0.125878,51.497711]}},{"id":"625","type":"Feature","properties":{"layer":0},"geometry":{"type":"Point","coordinates":[-0.168928,51.596295]}},{"id":"626","type":"Feature","properties":{"layer":0},"geometry":{"type":"Point","coordinates":[0.078046,51.487705]}},{"id":"627","type":"Feature","properties":{"layer":0},"geometry":{"type":"Point","coordinates":[-0.191691,51.419503]}},{"id":"628","type":"Feature","properties":{"layer":0},"geometry":{"type":"Point","coordinates":[-0.067007,51.565774]}},{"id":"629","type":"Feature","properties":{"layer":0},"geometry":{"type":"Point","coordinates":[-0.101787,51.513134]}},{"id":"630","type":"Feature","properties":{"layer":0},"geometry":{"type":"Point","coordinates":[-0.001575,51.336164]}},{"id":"631","type":"Feature","properties":{"layer":0},"geometry":{"type":"Point","coordinates":[-0.115547,51.479039]}},{"id":"632","type":"Feature","properties":{"layer":0},"geometry":{"type":"Point","coordinates":[-0.245762,51.470741]}},{"id":"633","type":"Feature","properties":{"layer":0},"geometry":{"type":"Point","coordinates":[-0.154061,51.64726]}},{"id":"634","type":"Feature","properties":{"layer":0},"geometry":{"type":"Point","coordinates":[-0.128006,51.51311]}},{"id":"635","type":"Feature","properties":{"layer":0},"geometry":{"type":"Point","coordinates":[-0.058171,51.456309]}},{"id":"636","type":"Feature","properties":{"layer":0},"geometry":{"type":"Point","coordinates":[-0.145426,51.346598]}},{"id":"637","type":"Feature","properties":{"layer":0},"geometry":{"type":"Point","coordinates":[-0.191688,51.481468]}},{"id":"638","type":"Feature","properties":{"layer":0},"geometry":{"type":"Point","coordinates":[-0.158543,51.326035]}},{"id":"639","type":"Feature","properties":{"layer":0},"geometry":{"type":"Point","coordinates":[-0.025151,51.471485]}},{"id":"640","type":"Feature","properties":{"layer":0},"geometry":{"type":"Point","coordinates":[-0.168835,51.533296]}},{"id":"641","type":"Feature","properties":{"layer":0},"geometry":{"type":"Point","coordinates":[-0.162769,51.49169]}},{"id":"642","type":"Feature","properties":{"layer":0},"geometry":{"type":"Point","coordinates":[-0.091963,51.589997]}},{"id":"643","type":"Feature","properties":{"layer":0},"geometry":{"type":"Point","coordinates":[-0.325829,51.494974]}},{"id":"644","type":"Feature","properties":{"layer":0},"geometry":{"type":"Point","coordinates":[-0.110902,51.466174]}},{"id":"645","type":"Feature","properties":{"layer":0},"geometry":{"type":"Point","coordinates":[-0.162484,51.421469]}},{"id":"646","type":"Feature","properties":{"layer":0},"geometry":{"type":"Point","coordinates":[-0.025328,51.495923]}},{"id":"647","type":"Feature","properties":{"layer":0},"geometry":{"type":"Point","coordinates":[-0.059406,51.391981]}},{"id":"648","type":"Feature","properties":{"layer":0},"geometry":{"type":"Point","coordinates":[-0.075472,51.55088]}},{"id":"649","type":"Feature","properties":{"layer":0},"geometry":{"type":"Point","coordinates":[0.245209,51.532663]}},{"id":"650","type":"Feature","properties":{"layer":0},"geometry":{"type":"Point","coordinates":[-0.087351,51.504642]}},{"id":"651","type":"Feature","properties":{"layer":0},"geometry":{"type":"Point","coordinates":[-0.182513,51.494601]}},{"id":"652","type":"Feature","properties":{"layer":0},"geometry":{"type":"Point","coordinates":[0.038785,51.42369]}},{"id":"653","type":"Feature","properties":{"layer":0},"geometry":{"type":"Point","coordinates":[-0.088771,51.484455]}},{"id":"654","type":"Feature","properties":{"layer":0},"geometry":{"type":"Point","coordinates":[-0.01935,51.421222]}},{"id":"655","type":"Feature","properties":{"layer":0},"geometry":{"type":"Point","coordinates":[-0.111765,51.527024]}},{"id":"656","type":"Feature","properties":{"layer":0},"geometry":{"type":"Point","coordinates":[-0.128106,51.507275]}},{"id":"657","type":"Feature","properties":{"layer":0},"geometry":{"type":"Point","coordinates":[-0.096955,51.580189]}},{"id":"658","type":"Feature","properties":{"layer":0},"geometry":{"type":"Point","coordinates":[-0.135005,51.557869]}},{"id":"659","type":"Feature","properties":{"layer":0},"geometry":{"type":"Point","coordinates":[-0.100887,51.528825]}},{"id":"660","type":"Feature","properties":{"layer":0},"geometry":{"type":"Point","coordinates":[-0.101637,51.667476]}},{"id":"661","type":"Feature","properties":{"layer":0},"geometry":{"type":"Point","coordinates":[-0.210585,51.449004]}},{"id":"662","type":"Feature","properties":{"layer":0},"geometry":{"type":"Point","coordinates":[-0.196269,51.561009]}},{"id":"663","type":"Feature","properties":{"layer":0},"geometry":{"type":"Point","coordinates":[-0.255004,51.520571]}},{"id":"664","type":"Feature","properties":{"layer":0},"geometry":{"type":"Point","coordinates":[-0.088444,51.447363]}},{"id":"665","type":"Feature","properties":{"layer":0},"geometry":{"type":"Point","coordinates":[-0.11132,51.62905]}},{"id":"666","type":"Feature","properties":{"layer":0},"geometry":{"type":"Point","coordinates":[-0.045383,51.369373]}},{"id":"667","type":"Feature","properties":{"layer":0},"geometry":{"type":"Point","coordinates":[-0.118705,51.364351]}},{"id":"668","type":"Feature","properties":{"layer":0},"geometry":{"type":"Point","coordinates":[-0.118651,51.543423]}},{"id":"669","type":"Feature","properties":{"layer":0},"geometry":{"type":"Point","coordinates":[-0.204092,51.447081]}},{"id":"670","type":"Feature","properties":{"layer":0},"geometry":{"type":"Point","coordinates":[-0.108987,51.528265]}},{"id":"671","type":"Feature","properties":{"layer":0},"geometry":{"type":"Point","coordinates":[-0.216486,51.483922]}},{"id":"672","type":"Feature","properties":{"layer":0},"geometry":{"type":"Point","coordinates":[-0.1915,51.478222]}},{"id":"673","type":"Feature","properties":{"layer":0},"geometry":{"type":"Point","coordinates":[-0.121298,51.437333]}},{"id":"674","type":"Feature","properties":{"layer":0},"geometry":{"type":"Point","coordinates":[-0.343699,51.467149]}},{"id":"675","type":"Feature","properties":{"layer":0},"geometry":{"type":"Point","coordinates":[-0.07873,51.433409]}},{"id":"676","type":"Feature","properties":{"layer":0},"geometry":{"type":"Point","coordinates":[0.018114,51.489006]}},{"id":"677","type":"Feature","properties":{"layer":0},"geometry":{"type":"Point","coordinates":[-0.163311,51.486893]}},{"id":"678","type":"Feature","properties":{"layer":0},"geometry":{"type":"Point","coordinates":[-0.011208,51.454564]}},{"id":"679","type":"Feature","properties":{"layer":0},"geometry":{"type":"Point","coordinates":[-0.14484,51.507295]}},{"id":"680","type":"Feature","properties":{"layer":0},"geometry":{"type":"Point","coordinates":[-0.125007,51.561514]}},{"id":"681","type":"Feature","properties":{"layer":0},"geometry":{"type":"Point","coordinates":[-0.116282,51.343654]}},{"id":"682","type":"Feature","properties":{"layer":0},"geometry":{"type":"Point","coordinates":[-0.066729,51.527297]}},{"id":"683","type":"Feature","properties":{"layer":0},"geometry":{"type":"Point","coordinates":[-0.198049,51.440591]}},{"id":"684","type":"Feature","properties":{"layer":0},"geometry":{"type":"Point","coordinates":[-0.346179,51.443967]}},{"id":"685","type":"Feature","properties":{"layer":0},"geometry":{"type":"Point","coordinates":[-0.149922,51.497148]}},{"id":"686","type":"Feature","properties":{"layer":0},"geometry":{"type":"Point","coordinates":[-0.080119,51.513141]}},{"id":"687","type":"Feature","properties":{"layer":0},"geometry":{"type":"Point","coordinates":[0.118938,51.557931]}},{"id":"688","type":"Feature","properties":{"layer":0},"geometry":{"type":"Point","coordinates":[-0.112649,51.489443]}},{"id":"689","type":"Feature","properties":{"layer":0},"geometry":{"type":"Point","coordinates":[-0.11283,51.514081]}},{"id":"690","type":"Feature","properties":{"layer":0},"geometry":{"type":"Point","coordinates":[-0.091861,51.579476]}},{"id":"691","type":"Feature","properties":{"layer":0},"geometry":{"type":"Point","coordinates":[-0.203996,51.549977]}},{"id":"692","type":"Feature","properties":{"layer":0},"geometry":{"type":"Point","coordinates":[-0.133072,51.472253]}},{"id":"693","type":"Feature","properties":{"layer":0},"geometry":{"type":"Point","coordinates":[0.061886,51.365466]}},{"id":"694","type":"Feature","properties":{"layer":0},"geometry":{"type":"Point","coordinates":[-0.242859,51.589193]}},{"id":"695","type":"Feature","properties":{"layer":0},"geometry":{"type":"Point","coordinates":[-0.11808,51.46536]}},{"id":"696","type":"Feature","properties":{"layer":0},"geometry":{"type":"Point","coordinates":[0.139263,51.522036]}},{"id":"697","type":"Feature","properties":{"layer":0},"geometry":{"type":"Point","coordinates":[-0.43633,51.555376]}},{"id":"698","type":"Feature","properties":{"layer":0},"geometry":{"type":"Point","coordinates":[0.11359,51.603324]}},{"id":"699","type":"Feature","properties":{"layer":0},"geometry":{"type":"Point","coordinates":[-0.090438,51.449675]}},{"id":"700","type":"Feature","properties":{"layer":0},"geometry":{"type":"Point","coordinates":[0.129323,51.581723]}},{"id":"701","type":"Feature","properties":{"layer":0},"geometry":{"type":"Point","coordinates":[-0.100333,51.528713]}},{"id":"702","type":"Feature","properties":{"layer":0},"geometry":{"type":"Point","coordinates":[-0.03797,51.491345]}},{"id":"703","type":"Feature","properties":{"layer":0},"geometry":{"type":"Point","coordinates":[-0.024775,51.490219]}},{"id":"704","type":"Feature","properties":{"layer":0},"geometry":{"type":"Point","coordinates":[-0.030544,51.399271]}},{"id":"705","type":"Feature","properties":{"layer":0},"geometry":{"type":"Point","coordinates":[-0.124386,51.49171]}},{"id":"706","type":"Feature","properties":{"layer":0},"geometry":{"type":"Point","coordinates":[-0.111739,51.454951]}},{"id":"707","type":"Feature","properties":{"layer":0},"geometry":{"type":"Point","coordinates":[-0.057587,51.464056]}},{"id":"708","type":"Feature","properties":{"layer":0},"geometry":{"type":"Point","coordinates":[-0.185013,51.484]}},{"id":"709","type":"Feature","properties":{"layer":0},"geometry":{"type":"Point","coordinates":[-0.114271,51.451702]}},{"id":"710","type":"Feature","properties":{"layer":0},"geometry":{"type":"Point","coordinates":[-0.118427,51.551639]}},{"id":"711","type":"Feature","properties":{"layer":0},"geometry":{"type":"Point","coordinates":[-0.157533,51.584687]}},{"id":"712","type":"Feature","properties":{"layer":0},"geometry":{"type":"Point","coordinates":[-0.194374,51.456835]}},{"id":"713","type":"Feature","properties":{"layer":0},"geometry":{"type":"Point","coordinates":[-0.111117,51.491347]}},{"id":"714","type":"Feature","properties":{"layer":0},"geometry":{"type":"Point","coordinates":[-0.088896,51.50735]}},{"id":"715","type":"Feature","properties":{"layer":0},"geometry":{"type":"Point","coordinates":[-0.155295,51.430885]}},{"id":"716","type":"Feature","properties":{"layer":0},"geometry":{"type":"Point","coordinates":[-0.024319,51.510703]}},{"id":"717","type":"Feature","properties":{"layer":0},"geometry":{"type":"Point","coordinates":[-0.096641,51.438598]}},{"id":"718","type":"Feature","properties":{"layer":0},"geometry":{"type":"Point","coordinates":[-0.020835,51.515402]}},{"id":"719","type":"Feature","properties":{"layer":0},"geometry":{"type":"Point","coordinates":[-0.00337,51.379097]}},{"id":"720","type":"Feature","properties":{"layer":0},"geometry":{"type":"Point","coordinates":[-0.080811,51.472287]}},{"id":"721","type":"Feature","properties":{"layer":0},"geometry":{"type":"Point","coordinates":[-0.364081,51.495511]}},{"id":"722","type":"Feature","properties":{"layer":0},"geometry":{"type":"Point","coordinates":[0.189212,51.497774]}},{"id":"723","type":"Feature","properties":{"layer":0},"geometry":{"type":"Point","coordinates":[-0.229782,51.479972]}},{"id":"724","type":"Feature","properties":{"layer":0},"geometry":{"type":"Point","coordinates":[-0.048611,51.443996]}},{"id":"725","type":"Feature","properties":{"layer":0},"geometry":{"type":"Point","coordinates":[-0.073048,51.512887]}},{"id":"726","type":"Feature","properties":{"layer":0},"geometry":{"type":"Point","coordinates":[-0.10382,51.478704]}},{"id":"727","type":"Feature","properties":{"layer":0},"geometry":{"type":"Point","coordinates":[-0.14472,51.466691]}},{"id":"728","type":"Feature","properties":{"layer":0},"geometry":{"type":"Point","coordinates":[-0.123296,51.500015]}},{"id":"729","type":"Feature","properties":{"layer":0},"geometry":{"type":"Point","coordinates":[0.134297,51.561936]}},{"id":"730","type":"Feature","properties":{"layer":0},"geometry":{"type":"Point","coordinates":[-0.10152,51.467509]}},{"id":"731","type":"Feature","properties":{"layer":0},"geometry":{"type":"Point","coordinates":[-0.079495,51.540121]}},{"id":"732","type":"Feature","properties":{"layer":0},"geometry":{"type":"Point","coordinates":[-0.002919,51.563581]}},{"id":"733","type":"Feature","properties":{"layer":0},"geometry":{"type":"Point","coordinates":[-0.06216,51.51844]}},{"id":"734","type":"Feature","properties":{"layer":0},"geometry":{"type":"Point","coordinates":[-0.06514,51.46817]}},{"id":"735","type":"Feature","properties":{"layer":0},"geometry":{"type":"Point","coordinates":[-0.137662,51.495699]}},{"id":"736","type":"Feature","properties":{"layer":0},"geometry":{"type":"Point","coordinates":[-0.142117,51.518317]}},{"id":"737","type":"Feature","properties":{"layer":0},"geometry":{"type":"Point","coordinates":[-0.027189,51.373905]}},{"id":"738","type":"Feature","properties":{"layer":0},"geometry":{"type":"Point","coordinates":[-0.107938,51.476078]}},{"id":"739","type":"Feature","properties":{"layer":0},"geometry":{"type":"Point","coordinates":[-0.219555,51.528641]}},{"id":"740","type":"Feature","properties":{"layer":0},"geometry":{"type":"Point","coordinates":[-0.282869,51.401352]}},{"id":"741","type":"Feature","properties":{"layer":0},"geometry":{"type":"Point","coordinates":[-0.207209,51.621182]}},{"id":"742","type":"Feature","properties":{"layer":0},"geometry":{"type":"Point","coordinates":[-0.44554,51.510387]}},{"id":"743","type":"Feature","properties":{"layer":0},"geometry":{"type":"Point","coordinates":[-0.264001,51.449348]}},{"id":"744","type":"Feature","properties":{"layer":0},"geometry":{"type":"Point","coordinates":[-0.065587,51.498175]}},{"id":"745","type":"Feature","properties":{"layer":0},"geometry":{"type":"Point","coordinates":[-0.080992,51.423993]}},{"id":"746","type":"Feature","properties":{"layer":0},"geometry":{"type":"Point","coordinates":[-0.046022,51.502368]}},{"id":"747","type":"Feature","properties":{"layer":0},"geometry":{"type":"Point","coordinates":[0.008711,51.401848]}},{"id":"748","type":"Feature","properties":{"layer":0},"geometry":{"type":"Point","coordinates":[-0.045535,51.42928]}},{"id":"749","type":"Feature","properties":{"layer":0},"geometry":{"type":"Point","coordinates":[-0.211456,51.382616]}},{"id":"750","type":"Feature","properties":{"layer":0},"geometry":{"type":"Point","coordinates":[-0.109296,51.449273]}},{"id":"751","type":"Feature","properties":{"layer":0},"geometry":{"type":"Point","coordinates":[-0.040505,51.490939]}},{"id":"752","type":"Feature","properties":{"layer":0},"geometry":{"type":"Point","coordinates":[-0.159019,51.466958]}},{"id":"753","type":"Feature","properties":{"layer":0},"geometry":{"type":"Point","coordinates":[-0.063266,51.444285]}},{"id":"754","type":"Feature","properties":{"layer":0},"geometry":{"type":"Point","coordinates":[-0.06809,51.456421]}},{"id":"755","type":"Feature","properties":{"layer":0},"geometry":{"type":"Point","coordinates":[0.041748,51.517575]}},{"id":"756","type":"Feature","properties":{"layer":0},"geometry":{"type":"Point","coordinates":[0.037245,51.342172]}},{"id":"757","type":"Feature","properties":{"layer":0},"geometry":{"type":"Point","coordinates":[-0.359452,51.583522]}},{"id":"758","type":"Feature","properties":{"layer":0},"geometry":{"type":"Point","coordinates":[0.033202,51.409482]}},{"id":"759","type":"Feature","properties":{"layer":0},"geometry":{"type":"Point","coordinates":[-0.103677,51.513868]}},{"id":"760","type":"Feature","properties":{"layer":0},"geometry":{"type":"Point","coordinates":[-0.32471,51.594284]}},{"id":"761","type":"Feature","properties":{"layer":0},"geometry":{"type":"Point","coordinates":[-0.082053,51.465699]}},{"id":"762","type":"Feature","properties":{"layer":0},"geometry":{"type":"Point","coordinates":[-0.112212,51.439117]}},{"id":"763","type":"Feature","properties":{"layer":0},"geometry":{"type":"Point","coordinates":[-0.262503,51.570741]}},{"id":"764","type":"Feature","properties":{"layer":0},"geometry":{"type":"Point","coordinates":[-0.005425,51.501172]}},{"id":"765","type":"Feature","properties":{"layer":0},"geometry":{"type":"Point","coordinates":[-0.207434,51.429727]}},{"id":"766","type":"Feature","properties":{"layer":0},"geometry":{"type":"Point","coordinates":[-0.203013,51.493032]}},{"id":"767","type":"Feature","properties":{"layer":0},"geometry":{"type":"Point","coordinates":[0.094508,51.338762]}},{"id":"768","type":"Feature","properties":{"layer":0},"geometry":{"type":"Point","coordinates":[-0.205935,51.53558]}},{"id":"769","type":"Feature","properties":{"layer":0},"geometry":{"type":"Point","coordinates":[-0.025619,51.367321]}},{"id":"770","type":"Feature","properties":{"layer":0},"geometry":{"type":"Point","coordinates":[-0.161816,51.557056]}},{"id":"771","type":"Feature","properties":{"layer":0},"geometry":{"type":"Point","coordinates":[-0.095458,51.567844]}},{"id":"772","type":"Feature","properties":{"layer":0},"geometry":{"type":"Point","coordinates":[-0.080664,51.391314]}},{"id":"773","type":"Feature","properties":{"layer":0},"geometry":{"type":"Point","coordinates":[-0.229061,51.500876]}},{"id":"774","type":"Feature","properties":{"layer":0},"geometry":{"type":"Point","coordinates":[0.19736,51.517632]}},{"id":"775","type":"Feature","properties":{"layer":0},"geometry":{"type":"Point","coordinates":[-0.122001,51.536007]}},{"id":"776","type":"Feature","properties":{"layer":0},"geometry":{"type":"Point","coordinates":[-0.049001,51.556981]}},{"id":"777","type":"Feature","properties":{"layer":0},"geometry":{"type":"Point","coordinates":[-0.240159,51.451441]}},{"id":"778","type":"Feature","properties":{"layer":0},"geometry":{"type":"Point","coordinates":[0.05604,51.586573]}},{"id":"779","type":"Feature","properties":{"layer":0},"geometry":{"type":"Point","coordinates":[-0.119248,51.404837]}},{"id":"780","type":"Feature","properties":{"layer":0},"geometry":{"type":"Point","coordinates":[-0.064742,51.486482]}},{"id":"781","type":"Feature","properties":{"layer":0},"geometry":{"type":"Point","coordinates":[-0.099675,51.507946]}},{"id":"782","type":"Feature","properties":{"layer":0},"geometry":{"type":"Point","coordinates":[-0.05396,51.58808]}},{"id":"783","type":"Feature","properties":{"layer":0},"geometry":{"type":"Point","coordinates":[-0.163041,51.402349]}},{"id":"784","type":"Feature","properties":{"layer":0},"geometry":{"type":"Point","coordinates":[0.148252,51.52257]}},{"id":"785","type":"Feature","properties":{"layer":0},"geometry":{"type":"Point","coordinates":[-0.012082,51.549632]}},{"id":"786","type":"Feature","properties":{"layer":0},"geometry":{"type":"Point","coordinates":[-0.251953,51.453497]}},{"id":"787","type":"Feature","properties":{"layer":0},"geometry":{"type":"Point","coordinates":[-0.006038,51.603541]}},{"id":"788","type":"Feature","properties":{"layer":0},"geometry":{"type":"Point","coordinates":[-0.059558,51.478509]}},{"id":"789","type":"Feature","properties":{"layer":0},"geometry":{"type":"Point","coordinates":[-0.099472,51.532152]}},{"id":"790","type":"Feature","properties":{"layer":0},"geometry":{"type":"Point","coordinates":[-0.122907,51.568868]}},{"id":"791","type":"Feature","properties":{"layer":0},"geometry":{"type":"Point","coordinates":[-0.100265,51.448515]}},{"id":"792","type":"Feature","properties":{"layer":0},"geometry":{"type":"Point","coordinates":[-0.418727,51.462293]}},{"id":"793","type":"Feature","properties":{"layer":0},"geometry":{"type":"Point","coordinates":[-0.154055,51.553987]}},{"id":"794","type":"Feature","properties":{"layer":0},"geometry":{"type":"Point","coordinates":[-0.183654,51.477226]}},{"id":"795","type":"Feature","properties":{"layer":0},"geometry":{"type":"Point","coordinates":[-0.185765,51.573016]}},{"id":"796","type":"Feature","properties":{"layer":0},"geometry":{"type":"Point","coordinates":[-0.119491,51.412528]}},{"id":"797","type":"Feature","properties":{"layer":0},"geometry":{"type":"Point","coordinates":[-0.044532,51.640996]}},{"id":"798","type":"Feature","properties":{"layer":0},"geometry":{"type":"Point","coordinates":[-0.112856,51.492]}},{"id":"799","type":"Feature","properties":{"layer":0},"geometry":{"type":"Point","coordinates":[-0.190139,51.494588]}},{"id":"800","type":"Feature","properties":{"layer":0},"geometry":{"type":"Point","coordinates":[-0.013787,51.445939]}},{"id":"801","type":"Feature","properties":{"layer":0},"geometry":{"type":"Point","coordinates":[-0.377086,51.523315]}},{"id":"802","type":"Feature","properties":{"layer":0},"geometry":{"type":"Point","coordinates":[-0.113511,51.528132]}},{"id":"803","type":"Feature","properties":{"layer":0},"geometry":{"type":"Point","coordinates":[-0.271794,51.441732]}},{"id":"804","type":"Feature","properties":{"layer":0},"geometry":{"type":"Point","coordinates":[-0.129908,51.554889]}},{"id":"805","type":"Feature","properties":{"layer":0},"geometry":{"type":"Point","coordinates":[-0.02419,51.553852]}},{"id":"806","type":"Feature","properties":{"layer":0},"geometry":{"type":"Point","coordinates":[0.009027,51.435274]}},{"id":"807","type":"Feature","properties":{"layer":0},"geometry":{"type":"Point","coordinates":[-0.186774,51.38377]}},{"id":"808","type":"Feature","properties":{"layer":0},"geometry":{"type":"Point","coordinates":[-0.068895,51.495006]}},{"id":"809","type":"Feature","properties":{"layer":0},"geometry":{"type":"Point","coordinates":[-0.13133,51.620825]}},{"id":"810","type":"Feature","properties":{"layer":0},"geometry":{"type":"Point","coordinates":[0.017391,51.522451]}},{"id":"811","type":"Feature","properties":{"layer":0},"geometry":{"type":"Point","coordinates":[-0.038807,51.627365]}},{"id":"812","type":"Feature","properties":{"layer":0},"geometry":{"type":"Point","coordinates":[-0.097681,51.61486]}},{"id":"813","type":"Feature","properties":{"layer":0},"geometry":{"type":"Point","coordinates":[0.077453,51.503988]}},{"id":"814","type":"Feature","properties":{"layer":0},"geometry":{"type":"Point","coordinates":[-0.166973,51.415902]}},{"id":"815","type":"Feature","properties":{"layer":0},"geometry":{"type":"Point","coordinates":[-0.03057,51.520957]}},{"id":"816","type":"Feature","properties":{"layer":0},"geometry":{"type":"Point","coordinates":[-0.085032,51.550533]}},{"id":"817","type":"Feature","properties":{"layer":0},"geometry":{"type":"Point","coordinates":[-0.003211,51.463887]}},{"id":"818","type":"Feature","properties":{"layer":0},"geometry":{"type":"Point","coordinates":[-0.111419,51.45011]}},{"id":"819","type":"Feature","properties":{"layer":0},"geometry":{"type":"Point","coordinates":[0.030061,51.552006]}},{"id":"820","type":"Feature","properties":{"layer":0},"geometry":{"type":"Point","coordinates":[-0.024986,51.481962]}},{"id":"821","type":"Feature","properties":{"layer":0},"geometry":{"type":"Point","coordinates":[-0.471832,51.483647]}},{"id":"822","type":"Feature","properties":{"layer":0},"geometry":{"type":"Point","coordinates":[-0.065425,51.467826]}},{"id":"823","type":"Feature","properties":{"layer":0},"geometry":{"type":"Point","coordinates":[-0.397829,51.568608]}},{"id":"824","type":"Feature","properties":{"layer":0},"geometry":{"type":"Point","coordinates":[-0.082238,51.368208]}},{"id":"825","type":"Feature","properties":{"layer":0},"geometry":{"type":"Point","coordinates":[-0.111953,51.510664]}},{"id":"826","type":"Feature","properties":{"layer":0},"geometry":{"type":"Point","coordinates":[0.009866,51.444027]}},{"id":"827","type":"Feature","properties":{"layer":0},"geometry":{"type":"Point","coordinates":[-0.117368,51.524166]}},{"id":"828","type":"Feature","properties":{"layer":0},"geometry":{"type":"Point","coordinates":[-0.032418,51.656937]}},{"id":"829","type":"Feature","properties":{"layer":0},"geometry":{"type":"Point","coordinates":[-0.124005,51.435475]}},{"id":"830","type":"Feature","properties":{"layer":0},"geometry":{"type":"Point","coordinates":[-0.056176,51.428646]}},{"id":"831","type":"Feature","properties":{"layer":0},"geometry":{"type":"Point","coordinates":[-0.086012,51.524371]}},{"id":"832","type":"Feature","properties":{"layer":0},"geometry":{"type":"Point","coordinates":[-0.091169,51.480558]}},{"id":"833","type":"Feature","properties":{"layer":0},"geometry":{"type":"Point","coordinates":[-0.005238,51.418173]}},{"id":"834","type":"Feature","properties":{"layer":0},"geometry":{"type":"Point","coordinates":[0.099932,51.401523]}},{"id":"835","type":"Feature","properties":{"layer":0},"geometry":{"type":"Point","coordinates":[0.167259,51.539032]}},{"id":"836","type":"Feature","properties":{"layer":0},"geometry":{"type":"Point","coordinates":[-0.124131,51.550375]}},{"id":"837","type":"Feature","properties":{"layer":0},"geometry":{"type":"Point","coordinates":[-0.055868,51.523124]}},{"id":"838","type":"Feature","properties":{"layer":0},"geometry":{"type":"Point","coordinates":[-0.072247,51.442519]}},{"id":"839","type":"Feature","properties":{"layer":0},"geometry":{"type":"Point","coordinates":[-0.062658,51.547362]}},{"id":"840","type":"Feature","properties":{"layer":0},"geometry":{"type":"Point","coordinates":[-0.113277,51.557884]}},{"id":"841","type":"Feature","properties":{"layer":0},"geometry":{"type":"Point","coordinates":[-0.112731,51.433204]}},{"id":"842","type":"Feature","properties":{"layer":0},"geometry":{"type":"Point","coordinates":[-0.186822,51.466367]}},{"id":"843","type":"Feature","properties":{"layer":0},"geometry":{"type":"Point","coordinates":[-0.133187,51.543345]}},{"id":"844","type":"Feature","properties":{"layer":0},"geometry":{"type":"Point","coordinates":[-0.116192,51.450167]}},{"id":"845","type":"Feature","properties":{"layer":0},"geometry":{"type":"Point","coordinates":[-0.21474,51.534895]}},{"id":"846","type":"Feature","properties":{"layer":0},"geometry":{"type":"Point","coordinates":[-0.159458,51.423772]}},{"id":"847","type":"Feature","properties":{"layer":0},"geometry":{"type":"Point","coordinates":[-0.101124,51.439517]}},{"id":"848","type":"Feature","properties":{"layer":0},"geometry":{"type":"Point","coordinates":[-0.073559,51.476295]}},{"id":"849","type":"Feature","properties":{"layer":0},"geometry":{"type":"Point","coordinates":[-0.028808,51.412988]}},{"id":"850","type":"Feature","properties":{"layer":0},"geometry":{"type":"Point","coordinates":[-0.131451,51.452977]}},{"id":"851","type":"Feature","properties":{"layer":0},"geometry":{"type":"Point","coordinates":[-0.141031,51.494927]}},{"id":"852","type":"Feature","properties":{"layer":0},"geometry":{"type":"Point","coordinates":[-0.265133,51.400296]}},{"id":"853","type":"Feature","properties":{"layer":0},"geometry":{"type":"Point","coordinates":[-0.134497,51.476887]}},{"id":"854","type":"Feature","properties":{"layer":0},"geometry":{"type":"Point","coordinates":[-0.03591,51.565171]}},{"id":"855","type":"Feature","properties":{"layer":0},"geometry":{"type":"Point","coordinates":[-0.060303,51.577956]}},{"id":"856","type":"Feature","properties":{"layer":0},"geometry":{"type":"Point","coordinates":[0.056873,51.428477]}},{"id":"857","type":"Feature","properties":{"layer":0},"geometry":{"type":"Point","coordinates":[-0.084546,51.509759]}},{"id":"858","type":"Feature","properties":{"layer":0},"geometry":{"type":"Point","coordinates":[-0.133538,51.533052]}},{"id":"859","type":"Feature","properties":{"layer":0},"geometry":{"type":"Point","coordinates":[-0.025162,51.580327]}},{"id":"860","type":"Feature","properties":{"layer":0},"geometry":{"type":"Point","coordinates":[-0.067385,51.498454]}},{"id":"861","type":"Feature","properties":{"layer":0},"geometry":{"type":"Point","coordinates":[-0.142923,51.507576]}},{"id":"862","type":"Feature","properties":{"layer":0},"geometry":{"type":"Point","coordinates":[-0.142769,51.377316]}},{"id":"863","type":"Feature","properties":{"layer":0},"geometry":{"type":"Point","coordinates":[-0.086357,51.526256]}},{"id":"864","type":"Feature","properties":{"layer":0},"geometry":{"type":"Point","coordinates":[-0.275509,51.549789]}},{"id":"865","type":"Feature","properties":{"layer":0},"geometry":{"type":"Point","coordinates":[-0.129038,51.58407]}},{"id":"866","type":"Feature","properties":{"layer":0},"geometry":{"type":"Point","coordinates":[-0.086541,51.549375]}},{"id":"867","type":"Feature","properties":{"layer":0},"geometry":{"type":"Point","coordinates":[0.008958,51.440042]}},{"id":"868","type":"Feature","properties":{"layer":0},"geometry":{"type":"Point","coordinates":[-0.152711,51.48016]}},{"id":"869","type":"Feature","properties":{"layer":0},"geometry":{"type":"Point","coordinates":[-0.143342,51.408397]}},{"id":"870","type":"Feature","properties":{"layer":0},"geometry":{"type":"Point","coordinates":[-0.099209,51.472244]}},{"id":"871","type":"Feature","properties":{"layer":0},"geometry":{"type":"Point","coordinates":[-0.062172,51.449452]}},{"id":"872","type":"Feature","properties":{"layer":0},"geometry":{"type":"Point","coordinates":[-0.172993,51.372258]}},{"id":"873","type":"Feature","properties":{"layer":0},"geometry":{"type":"Point","coordinates":[-0.163787,51.592315]}},{"id":"874","type":"Feature","properties":{"layer":0},"geometry":{"type":"Point","coordinates":[0.003918,51.44583]}},{"id":"875","type":"Feature","properties":{"layer":0},"geometry":{"type":"Point","coordinates":[-0.106732,51.518759]}},{"id":"876","type":"Feature","properties":{"layer":0},"geometry":{"type":"Point","coordinates":[-0.068519,51.452291]}},{"id":"877","type":"Feature","properties":{"layer":0},"geometry":{"type":"Point","coordinates":[-0.139085,51.503008]}},{"id":"878","type":"Feature","properties":{"layer":0},"geometry":{"type":"Point","coordinates":[-0.150473,51.460915]}},{"id":"879","type":"Feature","properties":{"layer":0},"geometry":{"type":"Point","coordinates":[0.077647,51.491788]}},{"id":"880","type":"Feature","properties":{"layer":0},"geometry":{"type":"Point","coordinates":[-0.116879,51.433302]}},{"id":"881","type":"Feature","properties":{"layer":0},"geometry":{"type":"Point","coordinates":[-0.144536,51.470887]}},{"id":"882","type":"Feature","properties":{"layer":0},"geometry":{"type":"Point","coordinates":[-0.129751,51.466075]}},{"id":"883","type":"Feature","properties":{"layer":0},"geometry":{"type":"Point","coordinates":[-0.213608,51.501938]}},{"id":"884","type":"Feature","properties":{"layer":0},"geometry":{"type":"Point","coordinates":[0.156222,51.610621]}},{"id":"885","type":"Feature","properties":{"layer":0},"geometry":{"type":"Point","coordinates":[-0.082253,51.514594]}},{"id":"886","type":"Feature","properties":{"layer":0},"geometry":{"type":"Point","coordinates":[-0.17031,51.457857]}},{"id":"887","type":"Feature","properties":{"layer":0},"geometry":{"type":"Point","coordinates":[-0.040745,51.492074]}},{"id":"888","type":"Feature","properties":{"layer":0},"geometry":{"type":"Point","coordinates":[-0.112307,51.576672]}},{"id":"889","type":"Feature","properties":{"layer":0},"geometry":{"type":"Point","coordinates":[-0.124532,51.462255]}},{"id":"890","type":"Feature","properties":{"layer":0},"geometry":{"type":"Point","coordinates":[-0.081922,51.392555]}},{"id":"891","type":"Feature","properties":{"layer":0},"geometry":{"type":"Point","coordinates":[-0.020758,51.482915]}},{"id":"892","type":"Feature","properties":{"layer":0},"geometry":{"type":"Point","coordinates":[-0.130572,51.46805]}},{"id":"893","type":"Feature","properties":{"layer":0},"geometry":{"type":"Point","coordinates":[-0.110432,51.490883]}},{"id":"894","type":"Feature","properties":{"layer":0},"geometry":{"type":"Point","coordinates":[-0.210678,51.593719]}},{"id":"895","type":"Feature","properties":{"layer":0},"geometry":{"type":"Point","coordinates":[-0.194633,51.586783]}},{"id":"896","type":"Feature","properties":{"layer":0},"geometry":{"type":"Point","coordinates":[-0.216961,51.532198]}},{"id":"897","type":"Feature","properties":{"layer":0},"geometry":{"type":"Point","coordinates":[-0.024197,51.427122]}},{"id":"898","type":"Feature","properties":{"layer":0},"geometry":{"type":"Point","coordinates":[-0.02336,51.434337]}},{"id":"899","type":"Feature","properties":{"layer":0},"geometry":{"type":"Point","coordinates":[-0.186014,51.461203]}},{"id":"900","type":"Feature","properties":{"layer":0},"geometry":{"type":"Point","coordinates":[-0.02962,51.371099]}},{"id":"901","type":"Feature","properties":{"layer":0},"geometry":{"type":"Point","coordinates":[-0.097306,51.49244]}},{"id":"902","type":"Feature","properties":{"layer":0},"geometry":{"type":"Point","coordinates":[-0.218139,51.595133]}},{"id":"903","type":"Feature","properties":{"layer":0},"geometry":{"type":"Point","coordinates":[-0.050209,51.503861]}},{"id":"904","type":"Feature","properties":{"layer":0},"geometry":{"type":"Point","coordinates":[-0.017634,51.500972]}},{"id":"905","type":"Feature","properties":{"layer":0},"geometry":{"type":"Point","coordinates":[-0.16385,51.560996]}},{"id":"906","type":"Feature","properties":{"layer":0},"geometry":{"type":"Point","coordinates":[0.087503,51.482585]}},{"id":"907","type":"Feature","properties":{"layer":0},"geometry":{"type":"Point","coordinates":[-0.057547,51.454116]}},{"id":"908","type":"Feature","properties":{"layer":0},"geometry":{"type":"Point","coordinates":[-0.075032,51.57216]}},{"id":"909","type":"Feature","properties":{"layer":0},"geometry":{"type":"Point","coordinates":[-0.093518,51.574504]}},{"id":"910","type":"Feature","properties":{"layer":0},"geometry":{"type":"Point","coordinates":[-0.184557,51.645222]}},{"id":"911","type":"Feature","properties":{"layer":0},"geometry":{"type":"Point","coordinates":[-0.066851,51.555708]}},{"id":"912","type":"Feature","properties":{"layer":0},"geometry":{"type":"Point","coordinates":[-0.034101,51.50899]}},{"id":"913","type":"Feature","properties":{"layer":0},"geometry":{"type":"Point","coordinates":[-0.040295,51.483443]}},{"id":"914","type":"Feature","properties":{"layer":0},"geometry":{"type":"Point","coordinates":[-0.093458,51.36157]}},{"id":"915","type":"Feature","properties":{"layer":0},"geometry":{"type":"Point","coordinates":[-0.162792,51.499237]}},{"id":"916","type":"Feature","properties":{"layer":0},"geometry":{"type":"Point","coordinates":[-0.081518,51.559725]}},{"id":"917","type":"Feature","properties":{"layer":0},"geometry":{"type":"Point","coordinates":[-0.028708,51.541536]}},{"id":"918","type":"Feature","properties":{"layer":0},"geometry":{"type":"Point","coordinates":[-0.106109,51.438156]}},{"id":"919","type":"Feature","properties":{"layer":0},"geometry":{"type":"Point","coordinates":[-0.057641,51.565284]}},{"id":"920","type":"Feature","properties":{"layer":0},"geometry":{"type":"Point","coordinates":[-0.098133,51.462246]}},{"id":"921","type":"Feature","properties":{"layer":0},"geometry":{"type":"Point","coordinates":[-0.235909,51.493143]}},{"id":"922","type":"Feature","properties":{"layer":0},"geometry":{"type":"Point","coordinates":[-0.154659,51.457012]}},{"id":"923","type":"Feature","properties":{"layer":0},"geometry":{"type":"Point","coordinates":[0.101423,51.405762]}},{"id":"924","type":"Feature","properties":{"layer":0},"geometry":{"type":"Point","coordinates":[-0.140437,51.487424]}},{"id":"925","type":"Feature","properties":{"layer":0},"geometry":{"type":"Point","coordinates":[-0.184088,51.477803]}},{"id":"926","type":"Feature","properties":{"layer":0},"geometry":{"type":"Point","coordinates":[-0.089081,51.577694]}},{"id":"927","type":"Feature","properties":{"layer":0},"geometry":{"type":"Point","coordinates":[-0.028287,51.632345]}},{"id":"928","type":"Feature","properties":{"layer":0},"geometry":{"type":"Point","coordinates":[-0.168576,51.4927]}},{"id":"929","type":"Feature","properties":{"layer":0},"geometry":{"type":"Point","coordinates":[-0.136643,51.552179]}},{"id":"930","type":"Feature","properties":{"layer":0},"geometry":{"type":"Point","coordinates":[-0.028412,51.4305]}},{"id":"931","type":"Feature","properties":{"layer":0},"geometry":{"type":"Point","coordinates":[-0.122977,51.466214]}},{"id":"932","type":"Feature","properties":{"layer":0},"geometry":{"type":"Point","coordinates":[-0.025776,51.483653]}},{"id":"933","type":"Feature","properties":{"layer":0},"geometry":{"type":"Point","coordinates":[-0.003178,51.537377]}},{"id":"934","type":"Feature","properties":{"layer":0},"geometry":{"type":"Point","coordinates":[-0.183258,51.556085]}},{"id":"935","type":"Feature","properties":{"layer":0},"geometry":{"type":"Point","coordinates":[-0.066896,51.439496]}},{"id":"936","type":"Feature","properties":{"layer":0},"geometry":{"type":"Point","coordinates":[-0.291249,51.488305]}},{"id":"937","type":"Feature","properties":{"layer":0},"geometry":{"type":"Point","coordinates":[0.031847,51.489479]}},{"id":"938","type":"Feature","properties":{"layer":0},"geometry":{"type":"Point","coordinates":[0.059764,51.488414]}},{"id":"939","type":"Feature","properties":{"layer":0},"geometry":{"type":"Point","coordinates":[-0.094648,51.565165]}},{"id":"940","type":"Feature","properties":{"layer":0},"geometry":{"type":"Point","coordinates":[-0.089691,51.474863]}},{"id":"941","type":"Feature","properties":{"layer":0},"geometry":{"type":"Point","coordinates":[-0.208765,51.484791]}},{"id":"942","type":"Feature","properties":{"layer":0},"geometry":{"type":"Point","coordinates":[-0.017136,51.576122]}},{"id":"943","type":"Feature","properties":{"layer":0},"geometry":{"type":"Point","coordinates":[-0.235224,51.497492]}},{"id":"944","type":"Feature","properties":{"layer":0},"geometry":{"type":"Point","coordinates":[-0.100095,51.576432]}},{"id":"945","type":"Feature","properties":{"layer":0},"geometry":{"type":"Point","coordinates":[-0.050518,51.562928]}},{"id":"946","type":"Feature","properties":{"layer":0},"geometry":{"type":"Point","coordinates":[-0.086235,51.531282]}},{"id":"947","type":"Feature","properties":{"layer":0},"geometry":{"type":"Point","coordinates":[-0.111581,51.507915]}},{"id":"948","type":"Feature","properties":{"layer":0},"geometry":{"type":"Point","coordinates":[-0.142414,51.497141]}},{"id":"949","type":"Feature","properties":{"layer":0},"geometry":{"type":"Point","coordinates":[-0.167908,51.464996]}},{"id":"950","type":"Feature","properties":{"layer":0},"geometry":{"type":"Point","coordinates":[-0.080328,51.534972]}},{"id":"951","type":"Feature","properties":{"layer":0},"geometry":{"type":"Point","coordinates":[-0.036406,51.414479]}},{"id":"952","type":"Feature","properties":{"layer":0},"geometry":{"type":"Point","coordinates":[-0.099892,51.46893]}},{"id":"953","type":"Feature","properties":{"layer":0},"geometry":{"type":"Point","coordinates":[-0.104574,51.579913]}},{"id":"954","type":"Feature","properties":{"layer":0},"geometry":{"type":"Point","coordinates":[-0.122239,51.477355]}},{"id":"955","type":"Feature","properties":{"layer":0},"geometry":{"type":"Point","coordinates":[-0.119441,51.478872]}},{"id":"956","type":"Feature","properties":{"layer":0},"geometry":{"type":"Point","coordinates":[-0.099314,51.497181]}},{"id":"957","type":"Feature","properties":{"layer":0},"geometry":{"type":"Point","coordinates":[-0.067595,51.466786]}},{"id":"958","type":"Feature","properties":{"layer":0},"geometry":{"type":"Point","coordinates":[-0.107852,51.477981]}},{"id":"959","type":"Feature","properties":{"layer":0},"geometry":{"type":"Point","coordinates":[-0.246226,51.418012]}},{"id":"960","type":"Feature","properties":{"layer":0},"geometry":{"type":"Point","coordinates":[0.22858,51.582]}},{"id":"961","type":"Feature","properties":{"layer":0},"geometry":{"type":"Point","coordinates":[-0.055101,51.51564]}},{"id":"962","type":"Feature","properties":{"layer":0},"geometry":{"type":"Point","coordinates":[-0.017463,51.407057]}},{"id":"963","type":"Feature","properties":{"layer":0},"geometry":{"type":"Point","coordinates":[-0.130328,51.492683]}},{"id":"964","type":"Feature","properties":{"layer":0},"geometry":{"type":"Point","coordinates":[-0.022229,51.459266]}},{"id":"965","type":"Feature","properties":{"layer":0},"geometry":{"type":"Point","coordinates":[-0.083911,51.430707]}},{"id":"966","type":"Feature","properties":{"layer":0},"geometry":{"type":"Point","coordinates":[-0.011359,51.463932]}},{"id":"967","type":"Feature","properties":{"layer":0},"geometry":{"type":"Point","coordinates":[-0.045621,51.53938]}},{"id":"968","type":"Feature","properties":{"layer":0},"geometry":{"type":"Point","coordinates":[-0.24653,51.635986]}},{"id":"969","type":"Feature","properties":{"layer":0},"geometry":{"type":"Point","coordinates":[-0.091627,51.456049]}},{"id":"970","type":"Feature","properties":{"layer":0},"geometry":{"type":"Point","coordinates":[-0.235301,51.605239]}},{"id":"971","type":"Feature","properties":{"layer":0},"geometry":{"type":"Point","coordinates":[-0.009109,51.468503]}},{"id":"972","type":"Feature","properties":{"layer":0},"geometry":{"type":"Point","coordinates":[0.03779,51.555622]}},{"id":"973","type":"Feature","properties":{"layer":0},"geometry":{"type":"Point","coordinates":[-0.116857,51.501968]}},{"id":"974","type":"Feature","properties":{"layer":0},"geometry":{"type":"Point","coordinates":[-0.0948,51.451701]}},{"id":"975","type":"Feature","properties":{"layer":0},"geometry":{"type":"Point","coordinates":[-0.107014,51.579732]}},{"id":"976","type":"Feature","properties":{"layer":0},"geometry":{"type":"Point","coordinates":[-0.201654,51.555748]}},{"id":"977","type":"Feature","properties":{"layer":0},"geometry":{"type":"Point","coordinates":[-0.394884,51.505295]}},{"id":"978","type":"Feature","properties":{"layer":0},"geometry":{"type":"Point","coordinates":[0.006388,51.441321]}},{"id":"979","type":"Feature","properties":{"layer":0},"geometry":{"type":"Point","coordinates":[-0.131878,51.585076]}},{"id":"980","type":"Feature","properties":{"layer":0},"geometry":{"type":"Point","coordinates":[-0.045956,51.443787]}},{"id":"981","type":"Feature","properties":{"layer":0},"geometry":{"type":"Point","coordinates":[-0.017909,51.523137]}},{"id":"982","type":"Feature","properties":{"layer":0},"geometry":{"type":"Point","coordinates":[-0.040228,51.453348]}},{"id":"983","type":"Feature","properties":{"layer":0},"geometry":{"type":"Point","coordinates":[-0.154425,51.534026]}},{"id":"984","type":"Feature","properties":{"layer":0},"geometry":{"type":"Point","coordinates":[-0.013866,51.430127]}},{"id":"985","type":"Feature","properties":{"layer":0},"geometry":{"type":"Point","coordinates":[-0.124653,51.492969]}},{"id":"986","type":"Feature","properties":{"layer":0},"geometry":{"type":"Point","coordinates":[0.027901,51.589392]}},{"id":"987","type":"Feature","properties":{"layer":0},"geometry":{"type":"Point","coordinates":[-0.077257,51.42171]}},{"id":"988","type":"Feature","properties":{"layer":0},"geometry":{"type":"Point","coordinates":[-0.259098,51.446243]}},{"id":"989","type":"Feature","properties":{"layer":0},"geometry":{"type":"Point","coordinates":[-0.12391,51.527856]}},{"id":"990","type":"Feature","properties":{"layer":0},"geometry":{"type":"Point","coordinates":[-0.166895,51.545094]}},{"id":"991","type":"Feature","properties":{"layer":0},"geometry":{"type":"Point","coordinates":[-0.169087,51.497343]}},{"id":"992","type":"Feature","properties":{"layer":0},"geometry":{"type":"Point","coordinates":[-0.117631,51.601197]}},{"id":"993","type":"Feature","properties":{"layer":0},"geometry":{"type":"Point","coordinates":[0.099867,51.562067]}},{"id":"994","type":"Feature","properties":{"layer":0},"geometry":{"type":"Point","coordinates":[-0.113548,51.618533]}},{"id":"995","type":"Feature","properties":{"layer":0},"geometry":{"type":"Point","coordinates":[-0.213015,51.467939]}},{"id":"996","type":"Feature","properties":{"layer":0},"geometry":{"type":"Point","coordinates":[-0.016769,51.469859]}},{"id":"997","type":"Feature","properties":{"layer":0},"geometry":{"type":"Point","coordinates":[-0.226174,51.414068]}},{"id":"998","type":"Feature","properties":{"layer":0},"geometry":{"type":"Point","coordinates":[-0.140084,51.52115]}},{"id":"999","type":"Feature","properties":{"layer":0},"geometry":{"type":"Point","coordinates":[-0.197316,51.435251]}},{"id":"1000","type":"Feature","properties":{"layer":0},"geometry":{"type":"Point","coordinates":[-0.419538,51.529828]}},{"id":"1001","type":"Feature","properties":{"layer":0},"geometry":{"type":"Point","coordinates":[0.045517,51.586235]}},{"id":"1002","type":"Feature","properties":{"layer":0},"geometry":{"type":"Point","coordinates":[-0.000764,51.442957]}},{"id":"1003","type":"Feature","properties":{"layer":0},"geometry":{"type":"Point","coordinates":[-0.121773,51.576816]}},{"id":"1004","type":"Feature","properties":{"layer":0},"geometry":{"type":"Point","coordinates":[-0.0912,51.449044]}},{"id":"1005","type":"Feature","properties":{"layer":0},"geometry":{"type":"Point","coordinates":[-0.135553,51.544232]}},{"id":"1006","type":"Feature","properties":{"layer":0},"geometry":{"type":"Point","coordinates":[0.076721,51.413965]}},{"id":"1007","type":"Feature","properties":{"layer":0},"geometry":{"type":"Point","coordinates":[-0.011086,51.456936]}},{"id":"1008","type":"Feature","properties":{"layer":0},"geometry":{"type":"Point","coordinates":[-0.273944,51.483705]}},{"id":"1009","type":"Feature","properties":{"layer":0},"geometry":{"type":"Point","coordinates":[-0.106484,51.570457]}},{"id":"1010","type":"Feature","properties":{"layer":0},"geometry":{"type":"Point","coordinates":[-0.027796,51.49231]}},{"id":"1011","type":"Feature","properties":{"layer":0},"geometry":{"type":"Point","coordinates":[-0.065645,51.562579]}},{"id":"1012","type":"Feature","properties":{"layer":0},"geometry":{"type":"Point","coordinates":[-0.038564,51.429508]}},{"id":"1013","type":"Feature","properties":{"layer":0},"geometry":{"type":"Point","coordinates":[-0.089036,51.596176]}},{"id":"1014","type":"Feature","properties":{"layer":0},"geometry":{"type":"Point","coordinates":[-0.023303,51.548255]}},{"id":"1015","type":"Feature","properties":{"layer":0},"geometry":{"type":"Point","coordinates":[-0.176171,51.514995]}},{"id":"1016","type":"Feature","properties":{"layer":0},"geometry":{"type":"Point","coordinates":[-0.156309,51.437725]}},{"id":"1017","type":"Feature","properties":{"layer":0},"geometry":{"type":"Point","coordinates":[-0.28729,51.461015]}},{"id":"1018","type":"Feature","properties":{"layer":0},"geometry":{"type":"Point","coordinates":[-0.170815,51.533222]}},{"id":"1019","type":"Feature","properties":{"layer":0},"geometry":{"type":"Point","coordinates":[-0.060326,51.469156]}},{"id":"1020","type":"Feature","properties":{"layer":0},"geometry":{"type":"Point","coordinates":[-0.158688,51.495432]}},{"id":"1021","type":"Feature","properties":{"layer":0},"geometry":{"type":"Point","coordinates":[-0.125637,51.530192]}},{"id":"1022","type":"Feature","properties":{"layer":0},"geometry":{"type":"Point","coordinates":[-0.170955,51.427995]}},{"id":"1023","type":"Feature","properties":{"layer":0},"geometry":{"type":"Point","coordinates":[-0.173557,51.503648]}},{"id":"1024","type":"Feature","properties":{"layer":0},"geometry":{"type":"Point","coordinates":[-0.371442,51.475729]}},{"id":"1025","type":"Feature","properties":{"layer":0},"geometry":{"type":"Point","coordinates":[-0.083528,51.598516]}},{"id":"1026","type":"Feature","properties":{"layer":0},"geometry":{"type":"Point","coordinates":[-0.034044,51.477322]}},{"id":"1027","type":"Feature","properties":{"layer":0},"geometry":{"type":"Point","coordinates":[-0.069936,51.486562]}},{"id":"1028","type":"Feature","properties":{"layer":0},"geometry":{"type":"Point","coordinates":[-0.216838,51.468475]}},{"id":"1029","type":"Feature","properties":{"layer":0},"geometry":{"type":"Point","coordinates":[-0.237426,51.477174]}},{"id":"1030","type":"Feature","properties":{"layer":0},"geometry":{"type":"Point","coordinates":[-0.177256,51.553349]}},{"id":"1031","type":"Feature","properties":{"layer":0},"geometry":{"type":"Point","coordinates":[-0.004526,51.605255]}},{"id":"1032","type":"Feature","properties":{"layer":0},"geometry":{"type":"Point","coordinates":[-0.144796,51.54424]}},{"id":"1033","type":"Feature","properties":{"layer":0},"geometry":{"type":"Point","coordinates":[-0.13196,51.410367]}},{"id":"1034","type":"Feature","properties":{"layer":0},"geometry":{"type":"Point","coordinates":[-0.190417,51.37998]}},{"id":"1035","type":"Feature","properties":{"layer":0},"geometry":{"type":"Point","coordinates":[-0.021535,51.402151]}},{"id":"1036","type":"Feature","properties":{"layer":0},"geometry":{"type":"Point","coordinates":[-0.082132,51.463893]}},{"id":"1037","type":"Feature","properties":{"layer":0},"geometry":{"type":"Point","coordinates":[-0.021833,51.465201]}},{"id":"1038","type":"Feature","properties":{"layer":0},"geometry":{"type":"Point","coordinates":[-0.084187,51.465014]}},{"id":"1039","type":"Feature","properties":{"layer":0},"geometry":{"type":"Point","coordinates":[0.114689,51.483281]}},{"id":"1040","type":"Feature","properties":{"layer":0},"geometry":{"type":"Point","coordinates":[-0.077622,51.525513]}},{"id":"1041","type":"Feature","properties":{"layer":0},"geometry":{"type":"Point","coordinates":[-0.298899,51.397184]}},{"id":"1042","type":"Feature","properties":{"layer":0},"geometry":{"type":"Point","coordinates":[-0.053423,51.479141]}},{"id":"1043","type":"Feature","properties":{"layer":0},"geometry":{"type":"Point","coordinates":[0.293401,51.560359]}},{"id":"1044","type":"Feature","properties":{"layer":0},"geometry":{"type":"Point","coordinates":[-0.110405,51.537202]}},{"id":"1045","type":"Feature","properties":{"layer":0},"geometry":{"type":"Point","coordinates":[-0.009647,51.548856]}},{"id":"1046","type":"Feature","properties":{"layer":0},"geometry":{"type":"Point","coordinates":[-0.031817,51.563482]}},{"id":"1047","type":"Feature","properties":{"layer":0},"geometry":{"type":"Point","coordinates":[-0.030162,51.459409]}},{"id":"1048","type":"Feature","properties":{"layer":0},"geometry":{"type":"Point","coordinates":[-0.14271,51.382726]}},{"id":"1049","type":"Feature","properties":{"layer":0},"geometry":{"type":"Point","coordinates":[-0.194356,51.564524]}},{"id":"1050","type":"Feature","properties":{"layer":0},"geometry":{"type":"Point","coordinates":[-0.083246,51.48552]}},{"id":"1051","type":"Feature","properties":{"layer":0},"geometry":{"type":"Point","coordinates":[-0.175709,51.511033]}},{"id":"1052","type":"Feature","properties":{"layer":0},"geometry":{"type":"Point","coordinates":[-0.114474,51.514016]}},{"id":"1053","type":"Feature","properties":{"layer":0},"geometry":{"type":"Point","coordinates":[-0.017111,51.478488]}},{"id":"1054","type":"Feature","properties":{"layer":0},"geometry":{"type":"Point","coordinates":[-0.438115,51.575285]}},{"id":"1055","type":"Feature","properties":{"layer":0},"geometry":{"type":"Point","coordinates":[-0.187595,51.580273]}},{"id":"1056","type":"Feature","properties":{"layer":0},"geometry":{"type":"Point","coordinates":[-0.122138,51.559073]}},{"id":"1057","type":"Feature","properties":{"layer":0},"geometry":{"type":"Point","coordinates":[-0.131383,51.492866]}},{"id":"1058","type":"Feature","properties":{"layer":0},"geometry":{"type":"Point","coordinates":[-0.030043,51.515177]}},{"id":"1059","type":"Feature","properties":{"layer":0},"geometry":{"type":"Point","coordinates":[-0.435263,51.564373]}},{"id":"1060","type":"Feature","properties":{"layer":0},"geometry":{"type":"Point","coordinates":[-0.290765,51.378649]}},{"id":"1061","type":"Feature","properties":{"layer":0},"geometry":{"type":"Point","coordinates":[-0.071278,51.444994]}},{"id":"1062","type":"Feature","properties":{"layer":0},"geometry":{"type":"Point","coordinates":[-0.141943,51.579859]}},{"id":"1063","type":"Feature","properties":{"layer":0},"geometry":{"type":"Point","coordinates":[-0.000959,51.497993]}},{"id":"1064","type":"Feature","properties":{"layer":0},"geometry":{"type":"Point","coordinates":[-0.061841,51.509602]}},{"id":"1065","type":"Feature","properties":{"layer":0},"geometry":{"type":"Point","coordinates":[-0.108805,51.430169]}},{"id":"1066","type":"Feature","properties":{"layer":0},"geometry":{"type":"Point","coordinates":[-0.143247,51.610269]}},{"id":"1067","type":"Feature","properties":{"layer":0},"geometry":{"type":"Point","coordinates":[-0.061095,51.524465]}},{"id":"1068","type":"Feature","properties":{"layer":0},"geometry":{"type":"Point","coordinates":[-0.111967,51.590038]}},{"id":"1069","type":"Feature","properties":{"layer":0},"geometry":{"type":"Point","coordinates":[0.096183,51.420739]}},{"id":"1070","type":"Feature","properties":{"layer":0},"geometry":{"type":"Point","coordinates":[-0.196128,51.601625]}},{"id":"1071","type":"Feature","properties":{"layer":0},"geometry":{"type":"Point","coordinates":[-0.131754,51.559205]}},{"id":"1072","type":"Feature","properties":{"layer":0},"geometry":{"type":"Point","coordinates":[-0.101861,51.552128]}},{"id":"1073","type":"Feature","properties":{"layer":0},"geometry":{"type":"Point","coordinates":[-0.087214,51.500137]}},{"id":"1074","type":"Feature","properties":{"layer":0},"geometry":{"type":"Point","coordinates":[-0.088628,51.56657]}},{"id":"1075","type":"Feature","properties":{"layer":0},"geometry":{"type":"Point","coordinates":[-0.156128,51.512055]}},{"id":"1076","type":"Feature","properties":{"layer":0},"geometry":{"type":"Point","coordinates":[-0.081398,51.534138]}},{"id":"1077","type":"Feature","properties":{"layer":0},"geometry":{"type":"Point","coordinates":[0.096124,51.474997]}},{"id":"1078","type":"Feature","properties":{"layer":0},"geometry":{"type":"Point","coordinates":[-0.071828,51.476667]}},{"id":"1079","type":"Feature","properties":{"layer":0},"geometry":{"type":"Point","coordinates":[-0.157146,51.441725]}},{"id":"1080","type":"Feature","properties":{"layer":0},"geometry":{"type":"Point","coordinates":[-0.089473,51.490067]}},{"id":"1081","type":"Feature","properties":{"layer":0},"geometry":{"type":"Point","coordinates":[-0.015091,51.506612]}},{"id":"1082","type":"Feature","properties":{"layer":0},"geometry":{"type":"Point","coordinates":[-0.141322,51.510182]}},{"id":"1083","type":"Feature","properties":{"layer":0},"geometry":{"type":"Point","coordinates":[-0.125904,51.577825]}},{"id":"1084","type":"Feature","properties":{"layer":0},"geometry":{"type":"Point","coordinates":[-0.018551,51.513274]}},{"id":"1085","type":"Feature","properties":{"layer":0},"geometry":{"type":"Point","coordinates":[0.011175,51.513807]}},{"id":"1086","type":"Feature","properties":{"layer":0},"geometry":{"type":"Point","coordinates":[-0.200702,51.346829]}},{"id":"1087","type":"Feature","properties":{"layer":0},"geometry":{"type":"Point","coordinates":[-0.086619,51.429709]}},{"id":"1088","type":"Feature","properties":{"layer":0},"geometry":{"type":"Point","coordinates":[-0.135344,51.411584]}},{"id":"1089","type":"Feature","properties":{"layer":0},"geometry":{"type":"Point","coordinates":[-0.114354,51.583575]}},{"id":"1090","type":"Feature","properties":{"layer":0},"geometry":{"type":"Point","coordinates":[-0.071565,51.502967]}},{"id":"1091","type":"Feature","properties":{"layer":0},"geometry":{"type":"Point","coordinates":[-0.120555,51.502023]}},{"id":"1092","type":"Feature","properties":{"layer":0},"geometry":{"type":"Point","coordinates":[-0.176752,51.493517]}},{"id":"1093","type":"Feature","properties":{"layer":0},"geometry":{"type":"Point","coordinates":[-0.134795,51.45196]}},{"id":"1094","type":"Feature","properties":{"layer":0},"geometry":{"type":"Point","coordinates":[0.191892,51.587122]}},{"id":"1095","type":"Feature","properties":{"layer":0},"geometry":{"type":"Point","coordinates":[0.011457,51.402038]}},{"id":"1096","type":"Feature","properties":{"layer":0},"geometry":{"type":"Point","coordinates":[-0.208726,51.476449]}},{"id":"1097","type":"Feature","properties":{"layer":0},"geometry":{"type":"Point","coordinates":[-0.18305,51.582717]}},{"id":"1098","type":"Feature","properties":{"layer":0},"geometry":{"type":"Point","coordinates":[-0.093403,51.458743]}},{"id":"1099","type":"Feature","properties":{"layer":0},"geometry":{"type":"Point","coordinates":[-0.203985,51.573311]}},{"id":"1100","type":"Feature","properties":{"layer":0},"geometry":{"type":"Point","coordinates":[-0.048151,51.458473]}},{"id":"1101","type":"Feature","properties":{"layer":0},"geometry":{"type":"Point","coordinates":[-0.065054,51.443634]}},{"id":"1102","type":"Feature","properties":{"layer":0},"geometry":{"type":"Point","coordinates":[-0.195167,51.467172]}},{"id":"1103","type":"Feature","properties":{"layer":0},"geometry":{"type":"Point","coordinates":[-0.132519,51.474266]}},{"id":"1104","type":"Feature","properties":{"layer":0},"geometry":{"type":"Point","coordinates":[-0.064799,51.541018]}},{"id":"1105","type":"Feature","properties":{"layer":0},"geometry":{"type":"Point","coordinates":[-0.019974,51.482314]}},{"id":"1106","type":"Feature","properties":{"layer":0},"geometry":{"type":"Point","coordinates":[-0.267824,51.400863]}},{"id":"1107","type":"Feature","properties":{"layer":0},"geometry":{"type":"Point","coordinates":[-0.02139,51.464193]}},{"id":"1108","type":"Feature","properties":{"layer":0},"geometry":{"type":"Point","coordinates":[-0.12277,51.439415]}},{"id":"1109","type":"Feature","properties":{"layer":0},"geometry":{"type":"Point","coordinates":[-0.10144,51.394421]}},{"id":"1110","type":"Feature","properties":{"layer":0},"geometry":{"type":"Point","coordinates":[0.043971,51.527037]}},{"id":"1111","type":"Feature","properties":{"layer":0},"geometry":{"type":"Point","coordinates":[-0.083788,51.436153]}},{"id":"1112","type":"Feature","properties":{"layer":0},"geometry":{"type":"Point","coordinates":[-0.210073,51.605447]}},{"id":"1113","type":"Feature","properties":{"layer":0},"geometry":{"type":"Point","coordinates":[-0.079138,51.463908]}},{"id":"1114","type":"Feature","properties":{"layer":0},"geometry":{"type":"Point","coordinates":[-0.007995,51.484205]}},{"id":"1115","type":"Feature","properties":{"layer":0},"geometry":{"type":"Point","coordinates":[0.1092,51.371459]}},{"id":"1116","type":"Feature","properties":{"layer":0},"geometry":{"type":"Point","coordinates":[-0.016673,51.543702]}},{"id":"1117","type":"Feature","properties":{"layer":0},"geometry":{"type":"Point","coordinates":[-0.17669,51.549314]}},{"id":"1118","type":"Feature","properties":{"layer":0},"geometry":{"type":"Point","coordinates":[-0.035255,51.446713]}},{"id":"1119","type":"Feature","properties":{"layer":0},"geometry":{"type":"Point","coordinates":[-0.136387,51.41318]}},{"id":"1120","type":"Feature","properties":{"layer":0},"geometry":{"type":"Point","coordinates":[-0.15453,51.523536]}},{"id":"1121","type":"Feature","properties":{"layer":0},"geometry":{"type":"Point","coordinates":[-0.123478,51.426263]}},{"id":"1122","type":"Feature","properties":{"layer":0},"geometry":{"type":"Point","coordinates":[-0.125725,51.553615]}},{"id":"1123","type":"Feature","properties":{"layer":0},"geometry":{"type":"Point","coordinates":[-0.165898,51.515906]}},{"id":"1124","type":"Feature","properties":{"layer":0},"geometry":{"type":"Point","coordinates":[-0.116121,51.532352]}},{"id":"1125","type":"Feature","properties":{"layer":0},"geometry":{"type":"Point","coordinates":[-0.060398,51.481559]}},{"id":"1126","type":"Feature","properties":{"layer":0},"geometry":{"type":"Point","coordinates":[-0.161886,51.490251]}},{"id":"1127","type":"Feature","properties":{"layer":0},"geometry":{"type":"Point","coordinates":[-0.082154,51.527724]}},{"id":"1128","type":"Feature","properties":{"layer":0},"geometry":{"type":"Point","coordinates":[-0.199142,51.544674]}},{"id":"1129","type":"Feature","properties":{"layer":0},"geometry":{"type":"Point","coordinates":[-0.099547,51.408682]}},{"id":"1130","type":"Feature","properties":{"layer":0},"geometry":{"type":"Point","coordinates":[-0.16101,51.545406]}},{"id":"1131","type":"Feature","properties":{"layer":0},"geometry":{"type":"Point","coordinates":[-0.211334,51.631733]}},{"id":"1132","type":"Feature","properties":{"layer":0},"geometry":{"type":"Point","coordinates":[-0.033806,51.43713]}},{"id":"1133","type":"Feature","properties":{"layer":0},"geometry":{"type":"Point","coordinates":[-0.133784,51.547527]}},{"id":"1134","type":"Feature","properties":{"layer":0},"geometry":{"type":"Point","coordinates":[-0.018392,51.479894]}},{"id":"1135","type":"Feature","properties":{"layer":0},"geometry":{"type":"Point","coordinates":[-0.084514,51.502281]}},{"id":"1136","type":"Feature","properties":{"layer":0},"geometry":{"type":"Point","coordinates":[-0.022755,51.542246]}},{"id":"1137","type":"Feature","properties":{"layer":0},"geometry":{"type":"Point","coordinates":[-0.199556,51.500802]}},{"id":"1138","type":"Feature","properties":{"layer":0},"geometry":{"type":"Point","coordinates":[-0.055853,51.456699]}},{"id":"1139","type":"Feature","properties":{"layer":0},"geometry":{"type":"Point","coordinates":[-0.403512,51.569119]}},{"id":"1140","type":"Feature","properties":{"layer":0},"geometry":{"type":"Point","coordinates":[-0.035535,51.555653]}},{"id":"1141","type":"Feature","properties":{"layer":0},"geometry":{"type":"Point","coordinates":[-0.145615,51.483381]}},{"id":"1142","type":"Feature","properties":{"layer":0},"geometry":{"type":"Point","coordinates":[-0.269592,51.54673]}},{"id":"1143","type":"Feature","properties":{"layer":0},"geometry":{"type":"Point","coordinates":[-0.090463,51.50742]}},{"id":"1144","type":"Feature","properties":{"layer":0},"geometry":{"type":"Point","coordinates":[-0.111773,51.523623]}},{"id":"1145","type":"Feature","properties":{"layer":0},"geometry":{"type":"Point","coordinates":[0.000526,51.500577]}},{"id":"1146","type":"Feature","properties":{"layer":0},"geometry":{"type":"Point","coordinates":[-0.01253,51.472191]}},{"id":"1147","type":"Feature","properties":{"layer":0},"geometry":{"type":"Point","coordinates":[-0.152239,51.603297]}},{"id":"1148","type":"Feature","properties":{"layer":0},"geometry":{"type":"Point","coordinates":[-0.10667,51.447563]}},{"id":"1149","type":"Feature","properties":{"layer":0},"geometry":{"type":"Point","coordinates":[-0.049665,51.536626]}},{"id":"1150","type":"Feature","properties":{"layer":0},"geometry":{"type":"Point","coordinates":[-0.104187,51.498658]}},{"id":"1151","type":"Feature","properties":{"layer":0},"geometry":{"type":"Point","coordinates":[-0.059489,51.644975]}},{"id":"1152","type":"Feature","properties":{"layer":0},"geometry":{"type":"Point","coordinates":[-0.06933,51.55522]}},{"id":"1153","type":"Feature","properties":{"layer":0},"geometry":{"type":"Point","coordinates":[-0.107784,51.511042]}},{"id":"1154","type":"Feature","properties":{"layer":0},"geometry":{"type":"Point","coordinates":[-0.168029,51.453586]}},{"id":"1155","type":"Feature","properties":{"layer":0},"geometry":{"type":"Point","coordinates":[-0.196373,51.483275]}},{"id":"1156","type":"Feature","properties":{"layer":0},"geometry":{"type":"Point","coordinates":[-0.15267,51.540923]}},{"id":"1157","type":"Feature","properties":{"layer":0},"geometry":{"type":"Point","coordinates":[-0.10756,51.509528]}},{"id":"1158","type":"Feature","properties":{"layer":0},"geometry":{"type":"Point","coordinates":[-0.044987,51.468249]}},{"id":"1159","type":"Feature","properties":{"layer":0},"geometry":{"type":"Point","coordinates":[-0.152377,51.5268]}},{"id":"1160","type":"Feature","properties":{"layer":0},"geometry":{"type":"Point","coordinates":[-0.197326,51.533785]}},{"id":"1161","type":"Feature","properties":{"layer":0},"geometry":{"type":"Point","coordinates":[-0.256941,51.393661]}},{"id":"1162","type":"Feature","properties":{"layer":0},"geometry":{"type":"Point","coordinates":[0.013359,51.442895]}},{"id":"1163","type":"Feature","properties":{"layer":0},"geometry":{"type":"Point","coordinates":[-0.087402,51.417241]}},{"id":"1164","type":"Feature","properties":{"layer":0},"geometry":{"type":"Point","coordinates":[-0.064693,51.562603]}},{"id":"1165","type":"Feature","properties":{"layer":0},"geometry":{"type":"Point","coordinates":[-0.064649,51.598927]}},{"id":"1166","type":"Feature","properties":{"layer":0},"geometry":{"type":"Point","coordinates":[-0.181553,51.528644]}},{"id":"1167","type":"Feature","properties":{"layer":0},"geometry":{"type":"Point","coordinates":[-0.067779,51.579987]}},{"id":"1168","type":"Feature","properties":{"layer":0},"geometry":{"type":"Point","coordinates":[-0.10879,51.526626]}},{"id":"1169","type":"Feature","properties":{"layer":0},"geometry":{"type":"Point","coordinates":[-0.249948,51.507683]}},{"id":"1170","type":"Feature","properties":{"layer":0},"geometry":{"type":"Point","coordinates":[-0.259471,51.527743]}},{"id":"1171","type":"Feature","properties":{"layer":0},"geometry":{"type":"Point","coordinates":[-0.318617,51.483928]}},{"id":"1172","type":"Feature","properties":{"layer":0},"geometry":{"type":"Point","coordinates":[-0.085581,51.48459]}},{"id":"1173","type":"Feature","properties":{"layer":0},"geometry":{"type":"Point","coordinates":[-0.046218,51.517406]}},{"id":"1174","type":"Feature","properties":{"layer":0},"geometry":{"type":"Point","coordinates":[0.033057,51.424474]}},{"id":"1175","type":"Feature","properties":{"layer":0},"geometry":{"type":"Point","coordinates":[-0.270841,51.383868]}},{"id":"1176","type":"Feature","properties":{"layer":0},"geometry":{"type":"Point","coordinates":[-0.100953,51.468437]}},{"id":"1177","type":"Feature","properties":{"layer":0},"geometry":{"type":"Point","coordinates":[-0.226818,51.425505]}},{"id":"1178","type":"Feature","properties":{"layer":0},"geometry":{"type":"Point","coordinates":[-0.003899,51.542732]}},{"id":"1179","type":"Feature","properties":{"layer":0},"geometry":{"type":"Point","coordinates":[-0.013551,51.505884]}},{"id":"1180","type":"Feature","properties":{"layer":0},"geometry":{"type":"Point","coordinates":[-0.103417,51.494279]}},{"id":"1181","type":"Feature","properties":{"layer":0},"geometry":{"type":"Point","coordinates":[-0.349845,51.591372]}},{"id":"1182","type":"Feature","properties":{"layer":0},"geometry":{"type":"Point","coordinates":[-0.078395,51.400486]}},{"id":"1183","type":"Feature","properties":{"layer":0},"geometry":{"type":"Point","coordinates":[-0.097747,51.515765]}},{"id":"1184","type":"Feature","properties":{"layer":0},"geometry":{"type":"Point","coordinates":[-0.073846,51.588514]}},{"id":"1185","type":"Feature","properties":{"layer":0},"geometry":{"type":"Point","coordinates":[-0.038939,51.500244]}},{"id":"1186","type":"Feature","properties":{"layer":0},"geometry":{"type":"Point","coordinates":[-0.084842,51.479193]}},{"id":"1187","type":"Feature","properties":{"layer":0},"geometry":{"type":"Point","coordinates":[-0.165618,51.50801]}},{"id":"1188","type":"Feature","properties":{"layer":0},"geometry":{"type":"Point","coordinates":[0.022647,51.531037]}},{"id":"1189","type":"Feature","properties":{"layer":0},"geometry":{"type":"Point","coordinates":[-0.03771,51.505909]}},{"id":"1190","type":"Feature","properties":{"layer":0},"geometry":{"type":"Point","coordinates":[-0.165015,51.527408]}},{"id":"1191","type":"Feature","properties":{"layer":0},"geometry":{"type":"Point","coordinates":[-0.159847,51.473484]}},{"id":"1192","type":"Feature","properties":{"layer":0},"geometry":{"type":"Point","coordinates":[-0.13515,51.567152]}},{"id":"1193","type":"Feature","properties":{"layer":0},"geometry":{"type":"Point","coordinates":[-0.138703,51.570229]}},{"id":"1194","type":"Feature","properties":{"layer":0},"geometry":{"type":"Point","coordinates":[-0.031143,51.482751]}},{"id":"1195","type":"Feature","properties":{"layer":0},"geometry":{"type":"Point","coordinates":[0.005117,51.52934]}},{"id":"1196","type":"Feature","properties":{"layer":0},"geometry":{"type":"Point","coordinates":[-0.129138,51.496682]}},{"id":"1197","type":"Feature","properties":{"layer":0},"geometry":{"type":"Point","coordinates":[-0.137714,51.429546]}},{"id":"1198","type":"Feature","properties":{"layer":0},"geometry":{"type":"Point","coordinates":[0.020518,51.470613]}},{"id":"1199","type":"Feature","properties":{"layer":0},"geometry":{"type":"Point","coordinates":[-0.147492,51.463159]}},{"id":"1200","type":"Feature","properties":{"layer":0},"geometry":{"type":"Point","coordinates":[-0.057951,51.415287]}},{"id":"1201","type":"Feature","properties":{"layer":0},"geometry":{"type":"Point","coordinates":[-0.28088,51.588072]}},{"id":"1202","type":"Feature","properties":{"layer":0},"geometry":{"type":"Point","coordinates":[-0.070667,51.591082]}},{"id":"1203","type":"Feature","properties":{"layer":0},"geometry":{"type":"Point","coordinates":[0.090029,51.555712]}},{"id":"1204","type":"Feature","properties":{"layer":0},"geometry":{"type":"Point","coordinates":[-0.169878,51.470815]}},{"id":"1205","type":"Feature","properties":{"layer":0},"geometry":{"type":"Point","coordinates":[-0.014288,51.539982]}},{"id":"1206","type":"Feature","properties":{"layer":0},"geometry":{"type":"Point","coordinates":[-0.087591,51.493545]}},{"id":"1207","type":"Feature","properties":{"layer":0},"geometry":{"type":"Point","coordinates":[-0.057555,51.450293]}},{"id":"1208","type":"Feature","properties":{"layer":0},"geometry":{"type":"Point","coordinates":[-0.169229,51.513177]}},{"id":"1209","type":"Feature","properties":{"layer":0},"geometry":{"type":"Point","coordinates":[-0.163575,51.431677]}},{"id":"1210","type":"Feature","properties":{"layer":0},"geometry":{"type":"Point","coordinates":[-0.009727,51.580824]}},{"id":"1211","type":"Feature","properties":{"layer":0},"geometry":{"type":"Point","coordinates":[-0.118725,51.414278]}},{"id":"1212","type":"Feature","properties":{"layer":0},"geometry":{"type":"Point","coordinates":[-0.0813,51.506424]}},{"id":"1213","type":"Feature","properties":{"layer":0},"geometry":{"type":"Point","coordinates":[-0.04887,51.494819]}},{"id":"1214","type":"Feature","properties":{"layer":0},"geometry":{"type":"Point","coordinates":[-0.103418,51.557413]}},{"id":"1215","type":"Feature","properties":{"layer":0},"geometry":{"type":"Point","coordinates":[-0.01025,51.47172]}},{"id":"1216","type":"Feature","properties":{"layer":0},"geometry":{"type":"Point","coordinates":[-0.094465,51.501552]}},{"id":"1217","type":"Feature","properties":{"layer":0},"geometry":{"type":"Point","coordinates":[-0.068814,51.500822]}},{"id":"1218","type":"Feature","properties":{"layer":0},"geometry":{"type":"Point","coordinates":[-0.25213,51.421182]}},{"id":"1219","type":"Feature","properties":{"layer":0},"geometry":{"type":"Point","coordinates":[-0.043304,51.512844]}},{"id":"1220","type":"Feature","properties":{"layer":0},"geometry":{"type":"Point","coordinates":[-0.124955,51.482189]}},{"id":"1221","type":"Feature","properties":{"layer":0},"geometry":{"type":"Point","coordinates":[-0.173498,51.590475]}},{"id":"1222","type":"Feature","properties":{"layer":0},"geometry":{"type":"Point","coordinates":[-0.109513,51.431257]}},{"id":"1223","type":"Feature","properties":{"layer":0},"geometry":{"type":"Point","coordinates":[-0.172378,51.380052]}},{"id":"1224","type":"Feature","properties":{"layer":0},"geometry":{"type":"Point","coordinates":[0.010902,51.565411]}},{"id":"1225","type":"Feature","properties":{"layer":0},"geometry":{"type":"Point","coordinates":[-0.130013,51.437532]}},{"id":"1226","type":"Feature","properties":{"layer":0},"geometry":{"type":"Point","coordinates":[-0.047998,51.45302]}},{"id":"1227","type":"Feature","properties":{"layer":0},"geometry":{"type":"Point","coordinates":[-0.085773,51.510306]}},{"id":"1228","type":"Feature","properties":{"layer":0},"geometry":{"type":"Point","coordinates":[-0.060148,51.514522]}},{"id":"1229","type":"Feature","properties":{"layer":0},"geometry":{"type":"Point","coordinates":[0.00534,51.452688]}},{"id":"1230","type":"Feature","properties":{"layer":0},"geometry":{"type":"Point","coordinates":[-0.08866,51.508115]}},{"id":"1231","type":"Feature","properties":{"layer":0},"geometry":{"type":"Point","coordinates":[-0.024212,51.495267]}},{"id":"1232","type":"Feature","properties":{"layer":0},"geometry":{"type":"Point","coordinates":[-0.039728,51.500255]}},{"id":"1233","type":"Feature","properties":{"layer":0},"geometry":{"type":"Point","coordinates":[-0.193251,51.464455]}},{"id":"1234","type":"Feature","properties":{"layer":0},"geometry":{"type":"Point","coordinates":[0.00733,51.578661]}},{"id":"1235","type":"Feature","properties":{"layer":0},"geometry":{"type":"Point","coordinates":[-0.249838,51.611152]}},{"id":"1236","type":"Feature","properties":{"layer":0},"geometry":{"type":"Point","coordinates":[-0.018161,51.569469]}},{"id":"1237","type":"Feature","properties":{"layer":0},"geometry":{"type":"Point","coordinates":[-0.17199,51.587286]}},{"id":"1238","type":"Feature","properties":{"layer":0},"geometry":{"type":"Point","coordinates":[-0.128506,51.48832]}},{"id":"1239","type":"Feature","properties":{"layer":0},"geometry":{"type":"Point","coordinates":[0.136602,51.474682]}},{"id":"1240","type":"Feature","properties":{"layer":0},"geometry":{"type":"Point","coordinates":[0.093607,51.4939]}},{"id":"1241","type":"Feature","properties":{"layer":0},"geometry":{"type":"Point","coordinates":[0.075471,51.339088]}},{"id":"1242","type":"Feature","properties":{"layer":0},"geometry":{"type":"Point","coordinates":[-0.06953,51.427145]}},{"id":"1243","type":"Feature","properties":{"layer":0},"geometry":{"type":"Point","coordinates":[-0.036984,51.567428]}},{"id":"1244","type":"Feature","properties":{"layer":0},"geometry":{"type":"Point","coordinates":[-0.056628,51.490917]}},{"id":"1245","type":"Feature","properties":{"layer":0},"geometry":{"type":"Point","coordinates":[-0.170889,51.556653]}},{"id":"1246","type":"Feature","properties":{"layer":0},"geometry":{"type":"Point","coordinates":[-0.364558,51.523931]}},{"id":"1247","type":"Feature","properties":{"layer":0},"geometry":{"type":"Point","coordinates":[-0.042049,51.469029]}},{"id":"1248","type":"Feature","properties":{"layer":0},"geometry":{"type":"Point","coordinates":[-0.185045,51.457826]}},{"id":"1249","type":"Feature","properties":{"layer":0},"geometry":{"type":"Point","coordinates":[-0.115203,51.525516]}},{"id":"1250","type":"Feature","properties":{"layer":0},"geometry":{"type":"Point","coordinates":[-0.081663,51.576208]}},{"id":"1251","type":"Feature","properties":{"layer":0},"geometry":{"type":"Point","coordinates":[-0.191645,51.362581]}},{"id":"1252","type":"Feature","properties":{"layer":0},"geometry":{"type":"Point","coordinates":[-0.007726,51.449327]}},{"id":"1253","type":"Feature","properties":{"layer":0},"geometry":{"type":"Point","coordinates":[-0.054747,51.401143]}},{"id":"1254","type":"Feature","properties":{"layer":0},"geometry":{"type":"Point","coordinates":[-0.106435,51.37082]}},{"id":"1255","type":"Feature","properties":{"layer":0},"geometry":{"type":"Point","coordinates":[-0.029219,51.464435]}},{"id":"1256","type":"Feature","properties":{"layer":0},"geometry":{"type":"Point","coordinates":[-0.227579,51.417271]}},{"id":"1257","type":"Feature","properties":{"layer":0},"geometry":{"type":"Point","coordinates":[-0.221842,51.374008]}},{"id":"1258","type":"Feature","properties":{"layer":0},"geometry":{"type":"Point","coordinates":[0.27639,51.580005]}},{"id":"1259","type":"Feature","properties":{"layer":0},"geometry":{"type":"Point","coordinates":[-0.220698,51.528798]}},{"id":"1260","type":"Feature","properties":{"layer":0},"geometry":{"type":"Point","coordinates":[-0.122473,51.591703]}},{"id":"1261","type":"Feature","properties":{"layer":0},"geometry":{"type":"Point","coordinates":[-0.060975,51.462827]}},{"id":"1262","type":"Feature","properties":{"layer":0},"geometry":{"type":"Point","coordinates":[-0.18544,51.518822]}},{"id":"1263","type":"Feature","properties":{"layer":0},"geometry":{"type":"Point","coordinates":[-0.097479,51.499906]}},{"id":"1264","type":"Feature","properties":{"layer":0},"geometry":{"type":"Point","coordinates":[-0.096296,51.506326]}},{"id":"1265","type":"Feature","properties":{"layer":0},"geometry":{"type":"Point","coordinates":[-0.092002,51.489696]}},{"id":"1266","type":"Feature","properties":{"layer":0},"geometry":{"type":"Point","coordinates":[-0.104344,51.535927]}},{"id":"1267","type":"Feature","properties":{"layer":0},"geometry":{"type":"Point","coordinates":[-0.161205,51.552776]}},{"id":"1268","type":"Feature","properties":{"layer":0},"geometry":{"type":"Point","coordinates":[-0.020281,51.427533]}},{"id":"1269","type":"Feature","properties":{"layer":0},"geometry":{"type":"Point","coordinates":[-0.258944,51.587045]}},{"id":"1270","type":"Feature","properties":{"layer":0},"geometry":{"type":"Point","coordinates":[-0.002255,51.401209]}},{"id":"1271","type":"Feature","properties":{"layer":0},"geometry":{"type":"Point","coordinates":[-0.231638,51.439556]}},{"id":"1272","type":"Feature","properties":{"layer":0},"geometry":{"type":"Point","coordinates":[-0.120233,51.508612]}},{"id":"1273","type":"Feature","properties":{"layer":0},"geometry":{"type":"Point","coordinates":[0.165042,51.547939]}},{"id":"1274","type":"Feature","properties":{"layer":0},"geometry":{"type":"Point","coordinates":[0.038063,51.515252]}},{"id":"1275","type":"Feature","properties":{"layer":0},"geometry":{"type":"Point","coordinates":[-0.065401,51.359109]}},{"id":"1276","type":"Feature","properties":{"layer":0},"geometry":{"type":"Point","coordinates":[0.011218,51.451172]}},{"id":"1277","type":"Feature","properties":{"layer":0},"geometry":{"type":"Point","coordinates":[-0.087183,51.523586]}},{"id":"1278","type":"Feature","properties":{"layer":0},"geometry":{"type":"Point","coordinates":[-0.146874,51.514356]}},{"id":"1279","type":"Feature","properties":{"layer":0},"geometry":{"type":"Point","coordinates":[-0.112351,51.473269]}},{"id":"1280","type":"Feature","properties":{"layer":0},"geometry":{"type":"Point","coordinates":[0.222297,51.59922]}},{"id":"1281","type":"Feature","properties":{"layer":0},"geometry":{"type":"Point","coordinates":[-0.059009,51.328066]}},{"id":"1282","type":"Feature","properties":{"layer":0},"geometry":{"type":"Point","coordinates":[-0.09874,51.457557]}},{"id":"1283","type":"Feature","properties":{"layer":0},"geometry":{"type":"Point","coordinates":[-0.211675,51.473516]}},{"id":"1284","type":"Feature","properties":{"layer":0},"geometry":{"type":"Point","coordinates":[-0.000857,51.415405]}},{"id":"1285","type":"Feature","properties":{"layer":0},"geometry":{"type":"Point","coordinates":[-0.025335,51.492429]}},{"id":"1286","type":"Feature","properties":{"layer":0},"geometry":{"type":"Point","coordinates":[0.04224,51.40375]}},{"id":"1287","type":"Feature","properties":{"layer":0},"geometry":{"type":"Point","coordinates":[0.003219,51.582419]}},{"id":"1288","type":"Feature","properties":{"layer":0},"geometry":{"type":"Point","coordinates":[-0.058681,51.551308]}},{"id":"1289","type":"Feature","properties":{"layer":0},"geometry":{"type":"Point","coordinates":[0.127846,51.474778]}},{"id":"1290","type":"Feature","properties":{"layer":0},"geometry":{"type":"Point","coordinates":[-0.122014,51.493828]}},{"id":"1291","type":"Feature","properties":{"layer":0},"geometry":{"type":"Point","coordinates":[-0.065469,51.388975]}},{"id":"1292","type":"Feature","properties":{"layer":0},"geometry":{"type":"Point","coordinates":[-0.104024,51.597087]}},{"id":"1293","type":"Feature","properties":{"layer":0},"geometry":{"type":"Point","coordinates":[-0.057642,51.549188]}},{"id":"1294","type":"Feature","properties":{"layer":0},"geometry":{"type":"Point","coordinates":[-0.046876,51.484996]}},{"id":"1295","type":"Feature","properties":{"layer":0},"geometry":{"type":"Point","coordinates":[-0.163326,51.460523]}},{"id":"1296","type":"Feature","properties":{"layer":0},"geometry":{"type":"Point","coordinates":[-0.260507,51.507086]}},{"id":"1297","type":"Feature","properties":{"layer":0},"geometry":{"type":"Point","coordinates":[-0.07499,51.524498]}},{"id":"1298","type":"Feature","properties":{"layer":0},"geometry":{"type":"Point","coordinates":[-0.152019,51.483879]}},{"id":"1299","type":"Feature","properties":{"layer":0},"geometry":{"type":"Point","coordinates":[-0.064582,51.479496]}},{"id":"1300","type":"Feature","properties":{"layer":0},"geometry":{"type":"Point","coordinates":[0.016794,51.424452]}},{"id":"1301","type":"Feature","properties":{"layer":0},"geometry":{"type":"Point","coordinates":[-0.092868,51.527619]}},{"id":"1302","type":"Feature","properties":{"layer":0},"geometry":{"type":"Point","coordinates":[-0.15905,51.549281]}},{"id":"1303","type":"Feature","properties":{"layer":0},"geometry":{"type":"Point","coordinates":[-0.284712,51.578705]}},{"id":"1304","type":"Feature","properties":{"layer":0},"geometry":{"type":"Point","coordinates":[-0.252086,51.450723]}},{"id":"1305","type":"Feature","properties":{"layer":0},"geometry":{"type":"Point","coordinates":[-0.125666,51.505837]}},{"id":"1306","type":"Feature","properties":{"layer":0},"geometry":{"type":"Point","coordinates":[-0.002585,51.502526]}},{"id":"1307","type":"Feature","properties":{"layer":0},"geometry":{"type":"Point","coordinates":[-0.072576,51.485061]}},{"id":"1308","type":"Feature","properties":{"layer":0},"geometry":{"type":"Point","coordinates":[-0.092991,51.480567]}},{"id":"1309","type":"Feature","properties":{"layer":0},"geometry":{"type":"Point","coordinates":[-0.271391,51.548004]}},{"id":"1310","type":"Feature","properties":{"layer":0},"geometry":{"type":"Point","coordinates":[-0.061938,51.497929]}},{"id":"1311","type":"Feature","properties":{"layer":0},"geometry":{"type":"Point","coordinates":[-0.040328,51.447423]}},{"id":"1312","type":"Feature","properties":{"layer":0},"geometry":{"type":"Point","coordinates":[-0.125396,51.511297]}},{"id":"1313","type":"Feature","properties":{"layer":0},"geometry":{"type":"Point","coordinates":[-0.029592,51.554231]}},{"id":"1314","type":"Feature","properties":{"layer":0},"geometry":{"type":"Point","coordinates":[0.00924,51.521401]}},{"id":"1315","type":"Feature","properties":{"layer":0},"geometry":{"type":"Point","coordinates":[0.003453,51.365436]}},{"id":"1316","type":"Feature","properties":{"layer":0},"geometry":{"type":"Point","coordinates":[-0.065455,51.513867]}},{"id":"1317","type":"Feature","properties":{"layer":0},"geometry":{"type":"Point","coordinates":[-0.047732,51.541093]}},{"id":"1318","type":"Feature","properties":{"layer":0},"geometry":{"type":"Point","coordinates":[-0.014544,51.485977]}},{"id":"1319","type":"Feature","properties":{"layer":0},"geometry":{"type":"Point","coordinates":[-0.119705,51.409341]}},{"id":"1320","type":"Feature","properties":{"layer":0},"geometry":{"type":"Point","coordinates":[-0.041636,51.464503]}},{"id":"1321","type":"Feature","properties":{"layer":0},"geometry":{"type":"Point","coordinates":[-0.029343,51.455249]}},{"id":"1322","type":"Feature","properties":{"layer":0},"geometry":{"type":"Point","coordinates":[-0.20403,51.512551]}},{"id":"1323","type":"Feature","properties":{"layer":0},"geometry":{"type":"Point","coordinates":[-0.156032,51.418926]}},{"id":"1324","type":"Feature","properties":{"layer":0},"geometry":{"type":"Point","coordinates":[-0.157608,51.550006]}},{"id":"1325","type":"Feature","properties":{"layer":0},"geometry":{"type":"Point","coordinates":[-0.00924,51.503405]}},{"id":"1326","type":"Feature","properties":{"layer":0},"geometry":{"type":"Point","coordinates":[-0.096328,51.541673]}},{"id":"1327","type":"Feature","properties":{"layer":0},"geometry":{"type":"Point","coordinates":[-0.135193,51.460022]}},{"id":"1328","type":"Feature","properties":{"layer":0},"geometry":{"type":"Point","coordinates":[-0.083792,51.44013]}},{"id":"1329","type":"Feature","properties":{"layer":0},"geometry":{"type":"Point","coordinates":[-0.011497,51.433867]}},{"id":"1330","type":"Feature","properties":{"layer":0},"geometry":{"type":"Point","coordinates":[-0.142563,51.593823]}},{"id":"1331","type":"Feature","properties":{"layer":0},"geometry":{"type":"Point","coordinates":[-0.218204,51.5138]}},{"id":"1332","type":"Feature","properties":{"layer":0},"geometry":{"type":"Point","coordinates":[0.187752,51.563925]}},{"id":"1333","type":"Feature","properties":{"layer":0},"geometry":{"type":"Point","coordinates":[-0.194992,51.435835]}},{"id":"1334","type":"Feature","properties":{"layer":0},"geometry":{"type":"Point","coordinates":[-0.129166,51.534697]}},{"id":"1335","type":"Feature","properties":{"layer":0},"geometry":{"type":"Point","coordinates":[-0.141228,51.42482]}},{"id":"1336","type":"Feature","properties":{"layer":0},"geometry":{"type":"Point","coordinates":[-0.115432,51.620699]}},{"id":"1337","type":"Feature","properties":{"layer":0},"geometry":{"type":"Point","coordinates":[-0.207799,51.452165]}},{"id":"1338","type":"Feature","properties":{"layer":0},"geometry":{"type":"Point","coordinates":[-0.027914,51.457085]}},{"id":"1339","type":"Feature","properties":{"layer":0},"geometry":{"type":"Point","coordinates":[-0.110804,51.459078]}},{"id":"1340","type":"Feature","properties":{"layer":0},"geometry":{"type":"Point","coordinates":[-0.26214,51.572919]}},{"id":"1341","type":"Feature","properties":{"layer":0},"geometry":{"type":"Point","coordinates":[0.07182,51.398088]}},{"id":"1342","type":"Feature","properties":{"layer":0},"geometry":{"type":"Point","coordinates":[-0.148001,51.484631]}},{"id":"1343","type":"Feature","properties":{"layer":0},"geometry":{"type":"Point","coordinates":[-0.026768,51.49785]}},{"id":"1344","type":"Feature","properties":{"layer":0},"geometry":{"type":"Point","coordinates":[-0.157946,51.594685]}},{"id":"1345","type":"Feature","properties":{"layer":0},"geometry":{"type":"Point","coordinates":[-0.145491,51.50765]}},{"id":"1346","type":"Feature","properties":{"layer":0},"geometry":{"type":"Point","coordinates":[-0.028028,51.546127]}},{"id":"1347","type":"Feature","properties":{"layer":0},"geometry":{"type":"Point","coordinates":[-0.134888,51.40452]}},{"id":"1348","type":"Feature","properties":{"layer":0},"geometry":{"type":"Point","coordinates":[-0.072773,51.604671]}},{"id":"1349","type":"Feature","properties":{"layer":0},"geometry":{"type":"Point","coordinates":[-0.134526,51.426551]}},{"id":"1350","type":"Feature","properties":{"layer":0},"geometry":{"type":"Point","coordinates":[-0.121687,51.48145]}},{"id":"1351","type":"Feature","properties":{"layer":0},"geometry":{"type":"Point","coordinates":[-0.124658,51.428426]}},{"id":"1352","type":"Feature","properties":{"layer":0},"geometry":{"type":"Point","coordinates":[-0.264385,51.557969]}},{"id":"1353","type":"Feature","properties":{"layer":0},"geometry":{"type":"Point","coordinates":[-0.189825,51.478762]}},{"id":"1354","type":"Feature","properties":{"layer":0},"geometry":{"type":"Point","coordinates":[-0.105898,51.492871]}},{"id":"1355","type":"Feature","properties":{"layer":0},"geometry":{"type":"Point","coordinates":[-0.105573,51.563533]}},{"id":"1356","type":"Feature","properties":{"layer":0},"geometry":{"type":"Point","coordinates":[-0.199889,51.542391]}},{"id":"1357","type":"Feature","properties":{"layer":0},"geometry":{"type":"Point","coordinates":[-0.068943,51.460659]}},{"id":"1358","type":"Feature","properties":{"layer":0},"geometry":{"type":"Point","coordinates":[-0.093618,51.371501]}},{"id":"1359","type":"Feature","properties":{"layer":0},"geometry":{"type":"Point","coordinates":[-0.132698,51.58049]}},{"id":"1360","type":"Feature","properties":{"layer":0},"geometry":{"type":"Point","coordinates":[-0.144991,51.466483]}},{"id":"1361","type":"Feature","properties":{"layer":0},"geometry":{"type":"Point","coordinates":[-0.136082,51.413987]}},{"id":"1362","type":"Feature","properties":{"layer":0},"geometry":{"type":"Point","coordinates":[-0.137277,51.586316]}},{"id":"1363","type":"Feature","properties":{"layer":0},"geometry":{"type":"Point","coordinates":[-0.247996,51.434147]}},{"id":"1364","type":"Feature","properties":{"layer":0},"geometry":{"type":"Point","coordinates":[-0.075027,51.469889]}},{"id":"1365","type":"Feature","properties":{"layer":0},"geometry":{"type":"Point","coordinates":[-0.081035,51.555273]}},{"id":"1366","type":"Feature","properties":{"layer":0},"geometry":{"type":"Point","coordinates":[-0.226488,51.601448]}},{"id":"1367","type":"Feature","properties":{"layer":0},"geometry":{"type":"Point","coordinates":[-0.080357,51.455703]}},{"id":"1368","type":"Feature","properties":{"layer":0},"geometry":{"type":"Point","coordinates":[-0.153881,51.545679]}},{"id":"1369","type":"Feature","properties":{"layer":0},"geometry":{"type":"Point","coordinates":[-0.042826,51.46518]}},{"id":"1370","type":"Feature","properties":{"layer":0},"geometry":{"type":"Point","coordinates":[-0.012923,51.439231]}},{"id":"1371","type":"Feature","properties":{"layer":0},"geometry":{"type":"Point","coordinates":[-0.117265,51.494323]}},{"id":"1372","type":"Feature","properties":{"layer":0},"geometry":{"type":"Point","coordinates":[0.279345,51.550442]}},{"id":"1373","type":"Feature","properties":{"layer":0},"geometry":{"type":"Point","coordinates":[0.056156,51.590605]}},{"id":"1374","type":"Feature","properties":{"layer":0},"geometry":{"type":"Point","coordinates":[-0.063469,51.536918]}},{"id":"1375","type":"Feature","properties":{"layer":0},"geometry":{"type":"Point","coordinates":[-0.043918,51.41171]}},{"id":"1376","type":"Feature","properties":{"layer":0},"geometry":{"type":"Point","coordinates":[-0.098954,51.536402]}},{"id":"1377","type":"Feature","properties":{"layer":0},"geometry":{"type":"Point","coordinates":[-0.131824,51.366807]}},{"id":"1378","type":"Feature","properties":{"layer":0},"geometry":{"type":"Point","coordinates":[0.176046,51.568634]}},{"id":"1379","type":"Feature","properties":{"layer":0},"geometry":{"type":"Point","coordinates":[0.131646,51.482825]}},{"id":"1380","type":"Feature","properties":{"layer":0},"geometry":{"type":"Point","coordinates":[-0.191075,51.523957]}},{"id":"1381","type":"Feature","properties":{"layer":0},"geometry":{"type":"Point","coordinates":[-0.07175,51.53519]}},{"id":"1382","type":"Feature","properties":{"layer":0},"geometry":{"type":"Point","coordinates":[-0.106221,51.372777]}},{"id":"1383","type":"Feature","properties":{"layer":0},"geometry":{"type":"Point","coordinates":[-0.039797,51.467526]}},{"id":"1384","type":"Feature","properties":{"layer":0},"geometry":{"type":"Point","coordinates":[-0.152059,51.489309]}},{"id":"1385","type":"Feature","properties":{"layer":0},"geometry":{"type":"Point","coordinates":[0.026287,51.504577]}},{"id":"1386","type":"Feature","properties":{"layer":0},"geometry":{"type":"Point","coordinates":[-0.215734,51.570436]}},{"id":"1387","type":"Feature","properties":{"layer":0},"geometry":{"type":"Point","coordinates":[0.226021,51.557111]}},{"id":"1388","type":"Feature","properties":{"layer":0},"geometry":{"type":"Point","coordinates":[-0.194249,51.495925]}},{"id":"1389","type":"Feature","properties":{"layer":0},"geometry":{"type":"Point","coordinates":[-0.20212,51.52448]}},{"id":"1390","type":"Feature","properties":{"layer":0},"geometry":{"type":"Point","coordinates":[0.007078,51.569505]}},{"id":"1391","type":"Feature","properties":{"layer":0},"geometry":{"type":"Point","coordinates":[-0.115051,51.50045]}},{"id":"1392","type":"Feature","properties":{"layer":0},"geometry":{"type":"Point","coordinates":[-0.114065,51.496835]}},{"id":"1393","type":"Feature","properties":{"layer":0},"geometry":{"type":"Point","coordinates":[0.148503,51.530783]}},{"id":"1394","type":"Feature","properties":{"layer":0},"geometry":{"type":"Point","coordinates":[-0.158137,51.462009]}},{"id":"1395","type":"Feature","properties":{"layer":0},"geometry":{"type":"Point","coordinates":[-0.122587,51.533781]}},{"id":"1396","type":"Feature","properties":{"layer":0},"geometry":{"type":"Point","coordinates":[-0.453321,51.499544]}},{"id":"1397","type":"Feature","properties":{"layer":0},"geometry":{"type":"Point","coordinates":[-0.099715,51.535772]}},{"id":"1398","type":"Feature","properties":{"layer":0},"geometry":{"type":"Point","coordinates":[-0.185624,51.426646]}},{"id":"1399","type":"Feature","properties":{"layer":0},"geometry":{"type":"Point","coordinates":[-0.098851,51.518678]}},{"id":"1400","type":"Feature","properties":{"layer":0},"geometry":{"type":"Point","coordinates":[-0.165934,51.53705]}},{"id":"1401","type":"Feature","properties":{"layer":0},"geometry":{"type":"Point","coordinates":[-0.157524,51.575095]}},{"id":"1402","type":"Feature","properties":{"layer":0},"geometry":{"type":"Point","coordinates":[-0.172348,51.486853]}},{"id":"1403","type":"Feature","properties":{"layer":0},"geometry":{"type":"Point","coordinates":[0.158176,51.586424]}},{"id":"1404","type":"Feature","properties":{"layer":0},"geometry":{"type":"Point","coordinates":[-0.182745,51.420218]}},{"id":"1405","type":"Feature","properties":{"layer":0},"geometry":{"type":"Point","coordinates":[-0.12335,51.519134]}},{"id":"1406","type":"Feature","properties":{"layer":0},"geometry":{"type":"Point","coordinates":[-0.138429,51.61969]}},{"id":"1407","type":"Feature","properties":{"layer":0},"geometry":{"type":"Point","coordinates":[-0.190743,51.502631]}},{"id":"1408","type":"Feature","properties":{"layer":0},"geometry":{"type":"Point","coordinates":[-0.071035,51.512724]}},{"id":"1409","type":"Feature","properties":{"layer":0},"geometry":{"type":"Point","coordinates":[-0.053286,51.57696]}},{"id":"1410","type":"Feature","properties":{"layer":0},"geometry":{"type":"Point","coordinates":[-0.092121,51.436395]}},{"id":"1411","type":"Feature","properties":{"layer":0},"geometry":{"type":"Point","coordinates":[0.007705,51.412004]}},{"id":"1412","type":"Feature","properties":{"layer":0},"geometry":{"type":"Point","coordinates":[0.011113,51.490021]}},{"id":"1413","type":"Feature","properties":{"layer":0},"geometry":{"type":"Point","coordinates":[-0.181975,51.500334]}},{"id":"1414","type":"Feature","properties":{"layer":0},"geometry":{"type":"Point","coordinates":[-0.177331,51.551366]}},{"id":"1415","type":"Feature","properties":{"layer":0},"geometry":{"type":"Point","coordinates":[-0.230027,51.393912]}},{"id":"1416","type":"Feature","properties":{"layer":0},"geometry":{"type":"Point","coordinates":[0.026022,51.366596]}},{"id":"1417","type":"Feature","properties":{"layer":0},"geometry":{"type":"Point","coordinates":[-0.183625,51.549176]}},{"id":"1418","type":"Feature","properties":{"layer":0},"geometry":{"type":"Point","coordinates":[-0.193967,51.564904]}},{"id":"1419","type":"Feature","properties":{"layer":0},"geometry":{"type":"Point","coordinates":[-0.092075,51.439039]}},{"id":"1420","type":"Feature","properties":{"layer":0},"geometry":{"type":"Point","coordinates":[-0.290808,51.447313]}},{"id":"1421","type":"Feature","properties":{"layer":0},"geometry":{"type":"Point","coordinates":[-0.044444,51.656715]}},{"id":"1422","type":"Feature","properties":{"layer":0},"geometry":{"type":"Point","coordinates":[-0.130117,51.532705]}},{"id":"1423","type":"Feature","properties":{"layer":0},"geometry":{"type":"Point","coordinates":[-0.133596,51.61676]}},{"id":"1424","type":"Feature","properties":{"layer":0},"geometry":{"type":"Point","coordinates":[0.026537,51.412916]}},{"id":"1425","type":"Feature","properties":{"layer":0},"geometry":{"type":"Point","coordinates":[-0.115126,51.376792]}},{"id":"1426","type":"Feature","properties":{"layer":0},"geometry":{"type":"Point","coordinates":[0.012038,51.452166]}},{"id":"1427","type":"Feature","properties":{"layer":0},"geometry":{"type":"Point","coordinates":[0.050468,51.53114]}},{"id":"1428","type":"Feature","properties":{"layer":0},"geometry":{"type":"Point","coordinates":[-0.125986,51.58419]}},{"id":"1429","type":"Feature","properties":{"layer":0},"geometry":{"type":"Point","coordinates":[-0.081706,51.540851]}},{"id":"1430","type":"Feature","properties":{"layer":0},"geometry":{"type":"Point","coordinates":[-0.158287,51.509819]}},{"id":"1431","type":"Feature","properties":{"layer":0},"geometry":{"type":"Point","coordinates":[-0.034227,51.490492]}},{"id":"1432","type":"Feature","properties":{"layer":0},"geometry":{"type":"Point","coordinates":[-0.183752,51.438595]}},{"id":"1433","type":"Feature","properties":{"layer":0},"geometry":{"type":"Point","coordinates":[-0.066161,51.517669]}},{"id":"1434","type":"Feature","properties":{"layer":0},"geometry":{"type":"Point","coordinates":[-0.163883,51.625446]}},{"id":"1435","type":"Feature","properties":{"layer":0},"geometry":{"type":"Point","coordinates":[0.119542,51.516007]}},{"id":"1436","type":"Feature","properties":{"layer":0},"geometry":{"type":"Point","coordinates":[-0.170129,51.530217]}},{"id":"1437","type":"Feature","properties":{"layer":0},"geometry":{"type":"Point","coordinates":[-0.15123,51.508261]}},{"id":"1438","type":"Feature","properties":{"layer":0},"geometry":{"type":"Point","coordinates":[-0.136754,51.399214]}},{"id":"1439","type":"Feature","properties":{"layer":0},"geometry":{"type":"Point","coordinates":[-0.030843,51.482784]}},{"id":"1440","type":"Feature","properties":{"layer":0},"geometry":{"type":"Point","coordinates":[-0.082499,51.545207]}},{"id":"1441","type":"Feature","properties":{"layer":0},"geometry":{"type":"Point","coordinates":[-0.192061,51.474405]}},{"id":"1442","type":"Feature","properties":{"layer":0},"geometry":{"type":"Point","coordinates":[-0.103118,51.577781]}},{"id":"1443","type":"Feature","properties":{"layer":0},"geometry":{"type":"Point","coordinates":[-0.06472,51.546579]}},{"id":"1444","type":"Feature","properties":{"layer":0},"geometry":{"type":"Point","coordinates":[-0.069998,51.519223]}},{"id":"1445","type":"Feature","properties":{"layer":0},"geometry":{"type":"Point","coordinates":[0.096021,51.421018]}},{"id":"1446","type":"Feature","properties":{"layer":0},"geometry":{"type":"Point","coordinates":[-0.012558,51.482296]}},{"id":"1447","type":"Feature","properties":{"layer":0},"geometry":{"type":"Point","coordinates":[-0.085487,51.495958]}},{"id":"1448","type":"Feature","properties":{"layer":0},"geometry":{"type":"Point","coordinates":[-0.032104,51.483003]}},{"id":"1449","type":"Feature","properties":{"layer":0},"geometry":{"type":"Point","coordinates":[-0.126993,51.478948]}},{"id":"1450","type":"Feature","properties":{"layer":0},"geometry":{"type":"Point","coordinates":[0.039931,51.477968]}},{"id":"1451","type":"Feature","properties":{"layer":0},"geometry":{"type":"Point","coordinates":[-0.137966,51.473916]}},{"id":"1452","type":"Feature","properties":{"layer":0},"geometry":{"type":"Point","coordinates":[-0.065808,51.548196]}},{"id":"1453","type":"Feature","properties":{"layer":0},"geometry":{"type":"Point","coordinates":[-0.150247,51.66313]}},{"id":"1454","type":"Feature","properties":{"layer":0},"geometry":{"type":"Point","coordinates":[-0.026072,51.466078]}},{"id":"1455","type":"Feature","properties":{"layer":0},"geometry":{"type":"Point","coordinates":[-0.124138,51.510111]}},{"id":"1456","type":"Feature","properties":{"layer":0},"geometry":{"type":"Point","coordinates":[-0.120792,51.472174]}},{"id":"1457","type":"Feature","properties":{"layer":0},"geometry":{"type":"Point","coordinates":[-0.125421,51.438755]}},{"id":"1458","type":"Feature","properties":{"layer":0},"geometry":{"type":"Point","coordinates":[-0.183798,51.535232]}},{"id":"1459","type":"Feature","properties":{"layer":0},"geometry":{"type":"Point","coordinates":[-0.05856,51.473619]}},{"id":"1460","type":"Feature","properties":{"layer":0},"geometry":{"type":"Point","coordinates":[0.048652,51.395701]}},{"id":"1461","type":"Feature","properties":{"layer":0},"geometry":{"type":"Point","coordinates":[-0.146057,51.492705]}},{"id":"1462","type":"Feature","properties":{"layer":0},"geometry":{"type":"Point","coordinates":[-0.066509,51.523565]}},{"id":"1463","type":"Feature","properties":{"layer":0},"geometry":{"type":"Point","coordinates":[0.237498,51.534331]}},{"id":"1464","type":"Feature","properties":{"layer":0},"geometry":{"type":"Point","coordinates":[-0.053894,51.526243]}},{"id":"1465","type":"Feature","properties":{"layer":0},"geometry":{"type":"Point","coordinates":[0.007211,51.383631]}},{"id":"1466","type":"Feature","properties":{"layer":0},"geometry":{"type":"Point","coordinates":[-0.037779,51.567396]}},{"id":"1467","type":"Feature","properties":{"layer":0},"geometry":{"type":"Point","coordinates":[-0.104441,51.446883]}},{"id":"1468","type":"Feature","properties":{"layer":0},"geometry":{"type":"Point","coordinates":[-0.106019,51.517634]}},{"id":"1469","type":"Feature","properties":{"layer":0},"geometry":{"type":"Point","coordinates":[0.011168,51.517219]}},{"id":"1470","type":"Feature","properties":{"layer":0},"geometry":{"type":"Point","coordinates":[-0.139415,51.421589]}},{"id":"1471","type":"Feature","properties":{"layer":0},"geometry":{"type":"Point","coordinates":[0.043557,51.508121]}},{"id":"1472","type":"Feature","properties":{"layer":0},"geometry":{"type":"Point","coordinates":[-0.175713,51.435517]}},{"id":"1473","type":"Feature","properties":{"layer":0},"geometry":{"type":"Point","coordinates":[-0.138494,51.479887]}},{"id":"1474","type":"Feature","properties":{"layer":0},"geometry":{"type":"Point","coordinates":[-0.127579,51.52875]}},{"id":"1475","type":"Feature","properties":{"layer":0},"geometry":{"type":"Point","coordinates":[-0.116931,51.505233]}},{"id":"1476","type":"Feature","properties":{"layer":0},"geometry":{"type":"Point","coordinates":[-0.08603,51.501167]}},{"id":"1477","type":"Feature","properties":{"layer":0},"geometry":{"type":"Point","coordinates":[-0.103356,51.428138]}},{"id":"1478","type":"Feature","properties":{"layer":0},"geometry":{"type":"Point","coordinates":[-0.129955,51.631359]}},{"id":"1479","type":"Feature","properties":{"layer":0},"geometry":{"type":"Point","coordinates":[-0.282908,51.548365]}},{"id":"1480","type":"Feature","properties":{"layer":0},"geometry":{"type":"Point","coordinates":[-0.115945,51.543497]}},{"id":"1481","type":"Feature","properties":{"layer":0},"geometry":{"type":"Point","coordinates":[-0.147458,51.429953]}},{"id":"1482","type":"Feature","properties":{"layer":0},"geometry":{"type":"Point","coordinates":[-0.228404,51.527284]}},{"id":"1483","type":"Feature","properties":{"layer":0},"geometry":{"type":"Point","coordinates":[-0.073039,51.448103]}},{"id":"1484","type":"Feature","properties":{"layer":0},"geometry":{"type":"Point","coordinates":[-0.219853,51.576892]}},{"id":"1485","type":"Feature","properties":{"layer":0},"geometry":{"type":"Point","coordinates":[0.083321,51.392346]}},{"id":"1486","type":"Feature","properties":{"layer":0},"geometry":{"type":"Point","coordinates":[0.203345,51.559648]}},{"id":"1487","type":"Feature","properties":{"layer":0},"geometry":{"type":"Point","coordinates":[-0.231572,51.467223]}},{"id":"1488","type":"Feature","properties":{"layer":0},"geometry":{"type":"Point","coordinates":[-0.107652,51.578483]}},{"id":"1489","type":"Feature","properties":{"layer":0},"geometry":{"type":"Point","coordinates":[-0.209125,51.566531]}},{"id":"1490","type":"Feature","properties":{"layer":0},"geometry":{"type":"Point","coordinates":[0.000739,51.583707]}},{"id":"1491","type":"Feature","properties":{"layer":0},"geometry":{"type":"Point","coordinates":[-0.153448,51.442356]}},{"id":"1492","type":"Feature","properties":{"layer":0},"geometry":{"type":"Point","coordinates":[-0.059699,51.508836]}},{"id":"1493","type":"Feature","properties":{"layer":0},"geometry":{"type":"Point","coordinates":[-0.15089,51.461645]}},{"id":"1494","type":"Feature","properties":{"layer":0},"geometry":{"type":"Point","coordinates":[-0.072813,51.51502]}},{"id":"1495","type":"Feature","properties":{"layer":0},"geometry":{"type":"Point","coordinates":[-0.024478,51.584201]}},{"id":"1496","type":"Feature","properties":{"layer":0},"geometry":{"type":"Point","coordinates":[-0.055387,51.416571]}},{"id":"1497","type":"Feature","properties":{"layer":0},"geometry":{"type":"Point","coordinates":[-0.004118,51.527068]}},{"id":"1498","type":"Feature","properties":{"layer":0},"geometry":{"type":"Point","coordinates":[-0.105608,51.59669]}},{"id":"1499","type":"Feature","properties":{"layer":0},"geometry":{"type":"Point","coordinates":[-0.043013,51.54062]}},{"id":"1500","type":"Feature","properties":{"layer":0},"geometry":{"type":"Point","coordinates":[-0.153019,51.549874]}},{"id":"1501","type":"Feature","properties":{"layer":0},"geometry":{"type":"Point","coordinates":[0.03177,51.579068]}},{"id":"1502","type":"Feature","properties":{"layer":0},"geometry":{"type":"Point","coordinates":[-0.362278,51.562366]}},{"id":"1503","type":"Feature","properties":{"layer":0},"geometry":{"type":"Point","coordinates":[-0.04672,51.506207]}},{"id":"1504","type":"Feature","properties":{"layer":0},"geometry":{"type":"Point","coordinates":[-0.10678,51.514515]}},{"id":"1505","type":"Feature","properties":{"layer":0},"geometry":{"type":"Point","coordinates":[-0.18178,51.491794]}},{"id":"1506","type":"Feature","properties":{"layer":0},"geometry":{"type":"Point","coordinates":[-0.175387,51.411847]}},{"id":"1507","type":"Feature","properties":{"layer":0},"geometry":{"type":"Point","coordinates":[-0.230749,51.56518]}},{"id":"1508","type":"Feature","properties":{"layer":0},"geometry":{"type":"Point","coordinates":[-0.227295,51.488506]}},{"id":"1509","type":"Feature","properties":{"layer":0},"geometry":{"type":"Point","coordinates":[-0.101537,51.495775]}},{"id":"1510","type":"Feature","properties":{"layer":0},"geometry":{"type":"Point","coordinates":[-0.155803,51.475325]}},{"id":"1511","type":"Feature","properties":{"layer":0},"geometry":{"type":"Point","coordinates":[-0.10358,51.392743]}},{"id":"1512","type":"Feature","properties":{"layer":0},"geometry":{"type":"Point","coordinates":[-0.023263,51.427245]}},{"id":"1513","type":"Feature","properties":{"layer":0},"geometry":{"type":"Point","coordinates":[-0.027036,51.482926]}},{"id":"1514","type":"Feature","properties":{"layer":0},"geometry":{"type":"Point","coordinates":[-0.112644,51.3905]}},{"id":"1515","type":"Feature","properties":{"layer":0},"geometry":{"type":"Point","coordinates":[-0.120183,51.464615]}},{"id":"1516","type":"Feature","properties":{"layer":0},"geometry":{"type":"Point","coordinates":[-0.0141,51.441819]}},{"id":"1517","type":"Feature","properties":{"layer":0},"geometry":{"type":"Point","coordinates":[-0.030308,51.579777]}},{"id":"1518","type":"Feature","properties":{"layer":0},"geometry":{"type":"Point","coordinates":[0.069626,51.471755]}},{"id":"1519","type":"Feature","properties":{"layer":0},"geometry":{"type":"Point","coordinates":[-0.170869,51.527043]}},{"id":"1520","type":"Feature","properties":{"layer":0},"geometry":{"type":"Point","coordinates":[-0.164856,51.525181]}},{"id":"1521","type":"Feature","properties":{"layer":0},"geometry":{"type":"Point","coordinates":[-0.173255,51.478704]}},{"id":"1522","type":"Feature","properties":{"layer":0},"geometry":{"type":"Point","coordinates":[0.078252,51.433467]}},{"id":"1523","type":"Feature","properties":{"layer":0},"geometry":{"type":"Point","coordinates":[-0.014876,51.477611]}},{"id":"1524","type":"Feature","properties":{"layer":0},"geometry":{"type":"Point","coordinates":[-0.111843,51.415881]}},{"id":"1525","type":"Feature","properties":{"layer":0},"geometry":{"type":"Point","coordinates":[-0.150112,51.556501]}},{"id":"1526","type":"Feature","properties":{"layer":0},"geometry":{"type":"Point","coordinates":[-0.136131,51.437928]}},{"id":"1527","type":"Feature","properties":{"layer":0},"geometry":{"type":"Point","coordinates":[-0.206588,51.562913]}},{"id":"1528","type":"Feature","properties":{"layer":0},"geometry":{"type":"Point","coordinates":[0.008368,51.54617]}},{"id":"1529","type":"Feature","properties":{"layer":0},"geometry":{"type":"Point","coordinates":[-0.13322,51.545025]}},{"id":"1530","type":"Feature","properties":{"layer":0},"geometry":{"type":"Point","coordinates":[0.050726,51.399409]}},{"id":"1531","type":"Feature","properties":{"layer":0},"geometry":{"type":"Point","coordinates":[-0.115734,51.517799]}},{"id":"1532","type":"Feature","properties":{"layer":0},"geometry":{"type":"Point","coordinates":[-0.11671,51.495552]}},{"id":"1533","type":"Feature","properties":{"layer":0},"geometry":{"type":"Point","coordinates":[-0.169299,51.519159]}},{"id":"1534","type":"Feature","properties":{"layer":0},"geometry":{"type":"Point","coordinates":[-0.05933,51.474963]}},{"id":"1535","type":"Feature","properties":{"layer":0},"geometry":{"type":"Point","coordinates":[-0.104638,51.431084]}},{"id":"1536","type":"Feature","properties":{"layer":0},"geometry":{"type":"Point","coordinates":[-0.116843,51.514348]}},{"id":"1537","type":"Feature","properties":{"layer":0},"geometry":{"type":"Point","coordinates":[-0.45823,51.482092]}},{"id":"1538","type":"Feature","properties":{"layer":0},"geometry":{"type":"Point","coordinates":[-0.358087,51.478736]}},{"id":"1539","type":"Feature","properties":{"layer":0},"geometry":{"type":"Point","coordinates":[-0.108627,51.4608]}},{"id":"1540","type":"Feature","properties":{"layer":0},"geometry":{"type":"Point","coordinates":[-0.031029,51.339848]}},{"id":"1541","type":"Feature","properties":{"layer":0},"geometry":{"type":"Point","coordinates":[-0.080744,51.524506]}},{"id":"1542","type":"Feature","properties":{"layer":0},"geometry":{"type":"Point","coordinates":[-0.03084,51.471606]}},{"id":"1543","type":"Feature","properties":{"layer":0},"geometry":{"type":"Point","coordinates":[-0.179418,51.616052]}},{"id":"1544","type":"Feature","properties":{"layer":0},"geometry":{"type":"Point","coordinates":[-0.171519,51.49298]}},{"id":"1545","type":"Feature","properties":{"layer":0},"geometry":{"type":"Point","coordinates":[-0.193123,51.514202]}},{"id":"1546","type":"Feature","properties":{"layer":0},"geometry":{"type":"Point","coordinates":[-0.02621,51.525072]}},{"id":"1547","type":"Feature","properties":{"layer":0},"geometry":{"type":"Point","coordinates":[-0.101833,51.543934]}},{"id":"1548","type":"Feature","properties":{"layer":0},"geometry":{"type":"Point","coordinates":[-0.025859,51.422895]}},{"id":"1549","type":"Feature","properties":{"layer":0},"geometry":{"type":"Point","coordinates":[-0.18957,51.38074]}},{"id":"1550","type":"Feature","properties":{"layer":0},"geometry":{"type":"Point","coordinates":[-0.258925,51.586713]}},{"id":"1551","type":"Feature","properties":{"layer":0},"geometry":{"type":"Point","coordinates":[-0.204765,51.38084]}},{"id":"1552","type":"Feature","properties":{"layer":0},"geometry":{"type":"Point","coordinates":[-0.194434,51.493793]}},{"id":"1553","type":"Feature","properties":{"layer":0},"geometry":{"type":"Point","coordinates":[-0.391748,51.520583]}},{"id":"1554","type":"Feature","properties":{"layer":0},"geometry":{"type":"Point","coordinates":[-0.182173,51.517579]}},{"id":"1555","type":"Feature","properties":{"layer":0},"geometry":{"type":"Point","coordinates":[-0.180645,51.436355]}},{"id":"1556","type":"Feature","properties":{"layer":0},"geometry":{"type":"Point","coordinates":[0.180516,51.595159]}},{"id":"1557","type":"Feature","properties":{"layer":0},"geometry":{"type":"Point","coordinates":[-0.186981,51.626349]}},{"id":"1558","type":"Feature","properties":{"layer":0},"geometry":{"type":"Point","coordinates":[-0.095438,51.501226]}},{"id":"1559","type":"Feature","properties":{"layer":0},"geometry":{"type":"Point","coordinates":[0.011407,51.478682]}},{"id":"1560","type":"Feature","properties":{"layer":0},"geometry":{"type":"Point","coordinates":[-0.209677,51.455669]}},{"id":"1561","type":"Feature","properties":{"layer":0},"geometry":{"type":"Point","coordinates":[-0.02012,51.592291]}},{"id":"1562","type":"Feature","properties":{"layer":0},"geometry":{"type":"Point","coordinates":[-0.124352,51.458667]}},{"id":"1563","type":"Feature","properties":{"layer":0},"geometry":{"type":"Point","coordinates":[-0.139539,51.442463]}},{"id":"1564","type":"Feature","properties":{"layer":0},"geometry":{"type":"Point","coordinates":[-0.143068,51.457546]}},{"id":"1565","type":"Feature","properties":{"layer":0},"geometry":{"type":"Point","coordinates":[-0.229363,51.519375]}},{"id":"1566","type":"Feature","properties":{"layer":0},"geometry":{"type":"Point","coordinates":[-0.240841,51.522205]}},{"id":"1567","type":"Feature","properties":{"layer":0},"geometry":{"type":"Point","coordinates":[-0.058245,51.522319]}},{"id":"1568","type":"Feature","properties":{"layer":0},"geometry":{"type":"Point","coordinates":[-0.073269,51.385455]}},{"id":"1569","type":"Feature","properties":{"layer":0},"geometry":{"type":"Point","coordinates":[-0.239856,51.626407]}},{"id":"1570","type":"Feature","properties":{"layer":0},"geometry":{"type":"Point","coordinates":[0.030361,51.441824]}},{"id":"1571","type":"Feature","properties":{"layer":0},"geometry":{"type":"Point","coordinates":[-0.0311,51.604636]}},{"id":"1572","type":"Feature","properties":{"layer":0},"geometry":{"type":"Point","coordinates":[-0.242521,51.485658]}},{"id":"1573","type":"Feature","properties":{"layer":0},"geometry":{"type":"Point","coordinates":[0.004786,51.444926]}},{"id":"1574","type":"Feature","properties":{"layer":0},"geometry":{"type":"Point","coordinates":[-0.180738,51.546068]}},{"id":"1575","type":"Feature","properties":{"layer":0},"geometry":{"type":"Point","coordinates":[-0.121177,51.534693]}},{"id":"1576","type":"Feature","properties":{"layer":0},"geometry":{"type":"Point","coordinates":[-0.001667,51.583909]}},{"id":"1577","type":"Feature","properties":{"layer":0},"geometry":{"type":"Point","coordinates":[-0.074481,51.531488]}},{"id":"1578","type":"Feature","properties":{"layer":0},"geometry":{"type":"Point","coordinates":[-0.048799,51.538462]}},{"id":"1579","type":"Feature","properties":{"layer":0},"geometry":{"type":"Point","coordinates":[0.023476,51.463417]}},{"id":"1580","type":"Feature","properties":{"layer":0},"geometry":{"type":"Point","coordinates":[0.011361,51.5813]}},{"id":"1581","type":"Feature","properties":{"layer":0},"geometry":{"type":"Point","coordinates":[-0.130686,51.474121]}},{"id":"1582","type":"Feature","properties":{"layer":0},"geometry":{"type":"Point","coordinates":[-0.059324,51.457144]}},{"id":"1583","type":"Feature","properties":{"layer":0},"geometry":{"type":"Point","coordinates":[-0.164398,51.394405]}},{"id":"1584","type":"Feature","properties":{"layer":0},"geometry":{"type":"Point","coordinates":[-0.072395,51.503329]}},{"id":"1585","type":"Feature","properties":{"layer":0},"geometry":{"type":"Point","coordinates":[-0.049306,51.51389]}},{"id":"1586","type":"Feature","properties":{"layer":0},"geometry":{"type":"Point","coordinates":[-0.09302,51.417828]}},{"id":"1587","type":"Feature","properties":{"layer":0},"geometry":{"type":"Point","coordinates":[-0.022092,51.49265]}},{"id":"1588","type":"Feature","properties":{"layer":0},"geometry":{"type":"Point","coordinates":[-0.182091,51.495813]}},{"id":"1589","type":"Feature","properties":{"layer":0},"geometry":{"type":"Point","coordinates":[0.018487,51.393271]}},{"id":"1590","type":"Feature","properties":{"layer":0},"geometry":{"type":"Point","coordinates":[-0.163524,51.617081]}},{"id":"1591","type":"Feature","properties":{"layer":0},"geometry":{"type":"Point","coordinates":[-0.055262,51.525796]}},{"id":"1592","type":"Feature","properties":{"layer":0},"geometry":{"type":"Point","coordinates":[0.080595,51.390634]}},{"id":"1593","type":"Feature","properties":{"layer":0},"geometry":{"type":"Point","coordinates":[-0.154294,51.360052]}},{"id":"1594","type":"Feature","properties":{"layer":0},"geometry":{"type":"Point","coordinates":[0.027864,51.441293]}},{"id":"1595","type":"Feature","properties":{"layer":0},"geometry":{"type":"Point","coordinates":[-0.114946,51.482395]}},{"id":"1596","type":"Feature","properties":{"layer":0},"geometry":{"type":"Point","coordinates":[0.124433,51.39568]}},{"id":"1597","type":"Feature","properties":{"layer":0},"geometry":{"type":"Point","coordinates":[0.021053,51.505285]}},{"id":"1598","type":"Feature","properties":{"layer":0},"geometry":{"type":"Point","coordinates":[-0.107266,51.524426]}},{"id":"1599","type":"Feature","properties":{"layer":0},"geometry":{"type":"Point","coordinates":[-0.230168,51.396334]}},{"id":"1600","type":"Feature","properties":{"layer":0},"geometry":{"type":"Point","coordinates":[-0.323781,51.492276]}},{"id":"1601","type":"Feature","properties":{"layer":0},"geometry":{"type":"Point","coordinates":[-0.345232,51.549944]}},{"id":"1602","type":"Feature","properties":{"layer":0},"geometry":{"type":"Point","coordinates":[-0.066484,51.483481]}},{"id":"1603","type":"Feature","properties":{"layer":0},"geometry":{"type":"Point","coordinates":[-0.094116,51.493758]}},{"id":"1604","type":"Feature","properties":{"layer":0},"geometry":{"type":"Point","coordinates":[-0.195034,51.559865]}},{"id":"1605","type":"Feature","properties":{"layer":0},"geometry":{"type":"Point","coordinates":[0.011408,51.495927]}},{"id":"1606","type":"Feature","properties":{"layer":0},"geometry":{"type":"Point","coordinates":[-0.095871,51.515459]}},{"id":"1607","type":"Feature","properties":{"layer":0},"geometry":{"type":"Point","coordinates":[-0.296525,51.50169]}},{"id":"1608","type":"Feature","properties":{"layer":0},"geometry":{"type":"Point","coordinates":[-0.180921,51.468371]}},{"id":"1609","type":"Feature","properties":{"layer":0},"geometry":{"type":"Point","coordinates":[-0.139523,51.508649]}},{"id":"1610","type":"Feature","properties":{"layer":0},"geometry":{"type":"Point","coordinates":[-0.139335,51.499262]}},{"id":"1611","type":"Feature","properties":{"layer":0},"geometry":{"type":"Point","coordinates":[-0.035349,51.50221]}},{"id":"1612","type":"Feature","properties":{"layer":0},"geometry":{"type":"Point","coordinates":[0.016806,51.35642]}},{"id":"1613","type":"Feature","properties":{"layer":0},"geometry":{"type":"Point","coordinates":[-0.128006,51.450977]}},{"id":"1614","type":"Feature","properties":{"layer":0},"geometry":{"type":"Point","coordinates":[-0.049135,51.536715]}},{"id":"1615","type":"Feature","properties":{"layer":0},"geometry":{"type":"Point","coordinates":[0.212437,51.599209]}},{"id":"1616","type":"Feature","properties":{"layer":0},"geometry":{"type":"Point","coordinates":[-0.130083,51.539534]}},{"id":"1617","type":"Feature","properties":{"layer":0},"geometry":{"type":"Point","coordinates":[-0.053625,51.60717]}},{"id":"1618","type":"Feature","properties":{"layer":0},"geometry":{"type":"Point","coordinates":[-0.183255,51.469931]}},{"id":"1619","type":"Feature","properties":{"layer":0},"geometry":{"type":"Point","coordinates":[-0.225538,51.526918]}},{"id":"1620","type":"Feature","properties":{"layer":0},"geometry":{"type":"Point","coordinates":[-0.098561,51.501232]}},{"id":"1621","type":"Feature","properties":{"layer":0},"geometry":{"type":"Point","coordinates":[-0.188602,51.370568]}},{"id":"1622","type":"Feature","properties":{"layer":0},"geometry":{"type":"Point","coordinates":[-0.049354,51.524098]}},{"id":"1623","type":"Feature","properties":{"layer":0},"geometry":{"type":"Point","coordinates":[-0.028985,51.539329]}},{"id":"1624","type":"Feature","properties":{"layer":0},"geometry":{"type":"Point","coordinates":[-0.151707,51.485978]}},{"id":"1625","type":"Feature","properties":{"layer":0},"geometry":{"type":"Point","coordinates":[-0.088585,51.463719]}},{"id":"1626","type":"Feature","properties":{"layer":0},"geometry":{"type":"Point","coordinates":[-0.168821,51.541736]}},{"id":"1627","type":"Feature","properties":{"layer":0},"geometry":{"type":"Point","coordinates":[-0.261937,51.498436]}},{"id":"1628","type":"Feature","properties":{"layer":0},"geometry":{"type":"Point","coordinates":[-0.135424,51.417]}},{"id":"1629","type":"Feature","properties":{"layer":0},"geometry":{"type":"Point","coordinates":[-0.17552,51.546998]}},{"id":"1630","type":"Feature","properties":{"layer":0},"geometry":{"type":"Point","coordinates":[0.004196,51.504355]}},{"id":"1631","type":"Feature","properties":{"layer":0},"geometry":{"type":"Point","coordinates":[-0.185353,51.555028]}},{"id":"1632","type":"Feature","properties":{"layer":0},"geometry":{"type":"Point","coordinates":[-0.072466,51.484942]}},{"id":"1633","type":"Feature","properties":{"layer":0},"geometry":{"type":"Point","coordinates":[-0.045117,51.519103]}},{"id":"1634","type":"Feature","properties":{"layer":0},"geometry":{"type":"Point","coordinates":[-0.131815,51.491223]}},{"id":"1635","type":"Feature","properties":{"layer":0},"geometry":{"type":"Point","coordinates":[0.024529,51.402286]}},{"id":"1636","type":"Feature","properties":{"layer":0},"geometry":{"type":"Point","coordinates":[-0.074717,51.492641]}},{"id":"1637","type":"Feature","properties":{"layer":0},"geometry":{"type":"Point","coordinates":[-0.064364,51.592254]}},{"id":"1638","type":"Feature","properties":{"layer":0},"geometry":{"type":"Point","coordinates":[0.051233,51.499239]}},{"id":"1639","type":"Feature","properties":{"layer":0},"geometry":{"type":"Point","coordinates":[0.037296,51.491548]}},{"id":"1640","type":"Feature","properties":{"layer":0},"geometry":{"type":"Point","coordinates":[0.008791,51.518086]}},{"id":"1641","type":"Feature","properties":{"layer":0},"geometry":{"type":"Point","coordinates":[0.037377,51.502196]}},{"id":"1642","type":"Feature","properties":{"layer":0},"geometry":{"type":"Point","coordinates":[-0.141724,51.53048]}},{"id":"1643","type":"Feature","properties":{"layer":0},"geometry":{"type":"Point","coordinates":[-0.072344,51.539492]}},{"id":"1644","type":"Feature","properties":{"layer":0},"geometry":{"type":"Point","coordinates":[-0.003768,51.520898]}},{"id":"1645","type":"Feature","properties":{"layer":0},"geometry":{"type":"Point","coordinates":[-0.095788,51.513733]}},{"id":"1646","type":"Feature","properties":{"layer":0},"geometry":{"type":"Point","coordinates":[-0.101226,51.608833]}},{"id":"1647","type":"Feature","properties":{"layer":0},"geometry":{"type":"Point","coordinates":[-0.11216,51.434807]}},{"id":"1648","type":"Feature","properties":{"layer":0},"geometry":{"type":"Point","coordinates":[-0.132611,51.432334]}},{"id":"1649","type":"Feature","properties":{"layer":0},"geometry":{"type":"Point","coordinates":[-0.094368,51.535633]}},{"id":"1650","type":"Feature","properties":{"layer":0},"geometry":{"type":"Point","coordinates":[-0.148266,51.492737]}},{"id":"1651","type":"Feature","properties":{"layer":0},"geometry":{"type":"Point","coordinates":[-0.261781,51.501037]}},{"id":"1652","type":"Feature","properties":{"layer":0},"geometry":{"type":"Point","coordinates":[0.213553,51.525951]}},{"id":"1653","type":"Feature","properties":{"layer":0},"geometry":{"type":"Point","coordinates":[-0.143426,51.537555]}},{"id":"1654","type":"Feature","properties":{"layer":0},"geometry":{"type":"Point","coordinates":[-0.107689,51.504872]}},{"id":"1655","type":"Feature","properties":{"layer":0},"geometry":{"type":"Point","coordinates":[-0.151005,51.408239]}},{"id":"1656","type":"Feature","properties":{"layer":0},"geometry":{"type":"Point","coordinates":[-0.1097,51.465961]}},{"id":"1657","type":"Feature","properties":{"layer":0},"geometry":{"type":"Point","coordinates":[-0.082889,51.492838]}},{"id":"1658","type":"Feature","properties":{"layer":0},"geometry":{"type":"Point","coordinates":[-0.08002,51.412716]}},{"id":"1659","type":"Feature","properties":{"layer":0},"geometry":{"type":"Point","coordinates":[-0.031067,51.435567]}},{"id":"1660","type":"Feature","properties":{"layer":0},"geometry":{"type":"Point","coordinates":[-0.067912,51.503468]}},{"id":"1661","type":"Feature","properties":{"layer":0},"geometry":{"type":"Point","coordinates":[-0.078625,51.496298]}},{"id":"1662","type":"Feature","properties":{"layer":0},"geometry":{"type":"Point","coordinates":[-0.063626,51.456022]}},{"id":"1663","type":"Feature","properties":{"layer":0},"geometry":{"type":"Point","coordinates":[-0.236467,51.43567]}},{"id":"1664","type":"Feature","properties":{"layer":0},"geometry":{"type":"Point","coordinates":[-0.012183,51.55239]}},{"id":"1665","type":"Feature","properties":{"layer":0},"geometry":{"type":"Point","coordinates":[-0.027156,51.52665]}},{"id":"1666","type":"Feature","properties":{"layer":0},"geometry":{"type":"Point","coordinates":[0.030979,51.450526]}},{"id":"1667","type":"Feature","properties":{"layer":0},"geometry":{"type":"Point","coordinates":[-0.188618,51.484964]}},{"id":"1668","type":"Feature","properties":{"layer":0},"geometry":{"type":"Point","coordinates":[-0.058554,51.536528]}},{"id":"1669","type":"Feature","properties":{"layer":0},"geometry":{"type":"Point","coordinates":[0.021799,51.470542]}},{"id":"1670","type":"Feature","properties":{"layer":0},"geometry":{"type":"Point","coordinates":[-0.297528,51.427511]}},{"id":"1671","type":"Feature","properties":{"layer":0},"geometry":{"type":"Point","coordinates":[-0.029352,51.537451]}},{"id":"1672","type":"Feature","properties":{"layer":0},"geometry":{"type":"Point","coordinates":[-0.466973,51.614832]}},{"id":"1673","type":"Feature","properties":{"layer":0},"geometry":{"type":"Point","coordinates":[-0.032609,51.524569]}},{"id":"1674","type":"Feature","properties":{"layer":0},"geometry":{"type":"Point","coordinates":[-0.096746,51.526467]}},{"id":"1675","type":"Feature","properties":{"layer":0},"geometry":{"type":"Point","coordinates":[0.154426,51.502809]}},{"id":"1676","type":"Feature","properties":{"layer":0},"geometry":{"type":"Point","coordinates":[-0.041529,51.557093]}},{"id":"1677","type":"Feature","properties":{"layer":0},"geometry":{"type":"Point","coordinates":[-0.245284,51.48365]}},{"id":"1678","type":"Feature","properties":{"layer":0},"geometry":{"type":"Point","coordinates":[-0.043264,51.588244]}},{"id":"1679","type":"Feature","properties":{"layer":0},"geometry":{"type":"Point","coordinates":[-0.32388,51.564732]}},{"id":"1680","type":"Feature","properties":{"layer":0},"geometry":{"type":"Point","coordinates":[-0.022081,51.486442]}},{"id":"1681","type":"Feature","properties":{"layer":0},"geometry":{"type":"Point","coordinates":[-0.191634,51.579232]}},{"id":"1682","type":"Feature","properties":{"layer":0},"geometry":{"type":"Point","coordinates":[-0.102143,51.556014]}},{"id":"1683","type":"Feature","properties":{"layer":0},"geometry":{"type":"Point","coordinates":[-0.096732,51.479807]}},{"id":"1684","type":"Feature","properties":{"layer":0},"geometry":{"type":"Point","coordinates":[-0.130049,51.53465]}},{"id":"1685","type":"Feature","properties":{"layer":0},"geometry":{"type":"Point","coordinates":[-0.154055,51.312685]}},{"id":"1686","type":"Feature","properties":{"layer":0},"geometry":{"type":"Point","coordinates":[0.089946,51.44738]}},{"id":"1687","type":"Feature","properties":{"layer":0},"geometry":{"type":"Point","coordinates":[-0.107255,51.506918]}},{"id":"1688","type":"Feature","properties":{"layer":0},"geometry":{"type":"Point","coordinates":[-0.061522,51.429826]}},{"id":"1689","type":"Feature","properties":{"layer":0},"geometry":{"type":"Point","coordinates":[-0.159959,51.408944]}},{"id":"1690","type":"Feature","properties":{"layer":0},"geometry":{"type":"Point","coordinates":[-0.064782,51.513708]}},{"id":"1691","type":"Feature","properties":{"layer":0},"geometry":{"type":"Point","coordinates":[-0.141104,51.480321]}},{"id":"1692","type":"Feature","properties":{"layer":0},"geometry":{"type":"Point","coordinates":[-0.193343,51.481931]}},{"id":"1693","type":"Feature","properties":{"layer":0},"geometry":{"type":"Point","coordinates":[-0.166223,51.472885]}},{"id":"1694","type":"Feature","properties":{"layer":0},"geometry":{"type":"Point","coordinates":[-0.052352,51.560777]}},{"id":"1695","type":"Feature","properties":{"layer":0},"geometry":{"type":"Point","coordinates":[-0.015039,51.500997]}},{"id":"1696","type":"Feature","properties":{"layer":0},"geometry":{"type":"Point","coordinates":[-0.26888,51.421424]}},{"id":"1697","type":"Feature","properties":{"layer":0},"geometry":{"type":"Point","coordinates":[-0.148452,51.542563]}},{"id":"1698","type":"Feature","properties":{"layer":0},"geometry":{"type":"Point","coordinates":[-0.158503,51.390863]}},{"id":"1699","type":"Feature","properties":{"layer":0},"geometry":{"type":"Point","coordinates":[-0.305888,51.571649]}},{"id":"1700","type":"Feature","properties":{"layer":0},"geometry":{"type":"Point","coordinates":[-0.048199,51.67449]}},{"id":"1701","type":"Feature","properties":{"layer":0},"geometry":{"type":"Point","coordinates":[-0.115398,51.485456]}},{"id":"1702","type":"Feature","properties":{"layer":0},"geometry":{"type":"Point","coordinates":[-0.143202,51.562791]}},{"id":"1703","type":"Feature","properties":{"layer":0},"geometry":{"type":"Point","coordinates":[-0.122847,51.5003]}},{"id":"1704","type":"Feature","properties":{"layer":0},"geometry":{"type":"Point","coordinates":[-0.078166,51.567599]}},{"id":"1705","type":"Feature","properties":{"layer":0},"geometry":{"type":"Point","coordinates":[-0.104048,51.587898]}},{"id":"1706","type":"Feature","properties":{"layer":0},"geometry":{"type":"Point","coordinates":[-0.054104,51.508091]}},{"id":"1707","type":"Feature","properties":{"layer":0},"geometry":{"type":"Point","coordinates":[-0.126215,51.457715]}},{"id":"1708","type":"Feature","properties":{"layer":0},"geometry":{"type":"Point","coordinates":[-0.308352,51.516602]}},{"id":"1709","type":"Feature","properties":{"layer":0},"geometry":{"type":"Point","coordinates":[-0.045559,51.547368]}},{"id":"1710","type":"Feature","properties":{"layer":0},"geometry":{"type":"Point","coordinates":[-0.188735,51.407994]}},{"id":"1711","type":"Feature","properties":{"layer":0},"geometry":{"type":"Point","coordinates":[-0.434556,51.518215]}},{"id":"1712","type":"Feature","properties":{"layer":0},"geometry":{"type":"Point","coordinates":[0.057234,51.46355]}},{"id":"1713","type":"Feature","properties":{"layer":0},"geometry":{"type":"Point","coordinates":[-0.063349,51.361961]}},{"id":"1714","type":"Feature","properties":{"layer":0},"geometry":{"type":"Point","coordinates":[-0.104281,51.532167]}},{"id":"1715","type":"Feature","properties":{"layer":0},"geometry":{"type":"Point","coordinates":[-0.124965,51.442083]}},{"id":"1716","type":"Feature","properties":{"layer":0},"geometry":{"type":"Point","coordinates":[-0.259365,51.468536]}},{"id":"1717","type":"Feature","properties":{"layer":0},"geometry":{"type":"Point","coordinates":[-0.201864,51.611175]}},{"id":"1718","type":"Feature","properties":{"layer":0},"geometry":{"type":"Point","coordinates":[-0.21603,51.462664]}},{"id":"1719","type":"Feature","properties":{"layer":0},"geometry":{"type":"Point","coordinates":[-0.059247,51.542476]}},{"id":"1720","type":"Feature","properties":{"layer":0},"geometry":{"type":"Point","coordinates":[0.090937,51.422917]}},{"id":"1721","type":"Feature","properties":{"layer":0},"geometry":{"type":"Point","coordinates":[-0.1521,51.487697]}},{"id":"1722","type":"Feature","properties":{"layer":0},"geometry":{"type":"Point","coordinates":[-0.030756,51.497507]}},{"id":"1723","type":"Feature","properties":{"layer":0},"geometry":{"type":"Point","coordinates":[0.036928,51.495858]}},{"id":"1724","type":"Feature","properties":{"layer":0},"geometry":{"type":"Point","coordinates":[-0.148747,51.363911]}},{"id":"1725","type":"Feature","properties":{"layer":0},"geometry":{"type":"Point","coordinates":[0.064245,51.415018]}},{"id":"1726","type":"Feature","properties":{"layer":0},"geometry":{"type":"Point","coordinates":[-0.120026,51.536322]}},{"id":"1727","type":"Feature","properties":{"layer":0},"geometry":{"type":"Point","coordinates":[0.069135,51.569984]}},{"id":"1728","type":"Feature","properties":{"layer":0},"geometry":{"type":"Point","coordinates":[0.02872,51.437142]}},{"id":"1729","type":"Feature","properties":{"layer":0},"geometry":{"type":"Point","coordinates":[-0.175675,51.459339]}},{"id":"1730","type":"Feature","properties":{"layer":0},"geometry":{"type":"Point","coordinates":[-0.056709,51.481357]}},{"id":"1731","type":"Feature","properties":{"layer":0},"geometry":{"type":"Point","coordinates":[-0.170133,51.522319]}},{"id":"1732","type":"Feature","properties":{"layer":0},"geometry":{"type":"Point","coordinates":[-0.168691,51.538253]}},{"id":"1733","type":"Feature","properties":{"layer":0},"geometry":{"type":"Point","coordinates":[-0.02236,51.510258]}},{"id":"1734","type":"Feature","properties":{"layer":0},"geometry":{"type":"Point","coordinates":[-0.025239,51.4571]}},{"id":"1735","type":"Feature","properties":{"layer":0},"geometry":{"type":"Point","coordinates":[-0.092781,51.509503]}},{"id":"1736","type":"Feature","properties":{"layer":0},"geometry":{"type":"Point","coordinates":[-0.111625,51.461447]}},{"id":"1737","type":"Feature","properties":{"layer":0},"geometry":{"type":"Point","coordinates":[-0.112701,51.450573]}},{"id":"1738","type":"Feature","properties":{"layer":0},"geometry":{"type":"Point","coordinates":[-0.148199,51.383215]}},{"id":"1739","type":"Feature","properties":{"layer":0},"geometry":{"type":"Point","coordinates":[-0.116499,51.484948]}},{"id":"1740","type":"Feature","properties":{"layer":0},"geometry":{"type":"Point","coordinates":[-0.058608,51.504446]}},{"id":"1741","type":"Feature","properties":{"layer":0},"geometry":{"type":"Point","coordinates":[0.036672,51.480557]}},{"id":"1742","type":"Feature","properties":{"layer":0},"geometry":{"type":"Point","coordinates":[-0.193112,51.514938]}},{"id":"1743","type":"Feature","properties":{"layer":0},"geometry":{"type":"Point","coordinates":[-0.200641,51.554288]}},{"id":"1744","type":"Feature","properties":{"layer":0},"geometry":{"type":"Point","coordinates":[-0.020399,51.565813]}},{"id":"1745","type":"Feature","properties":{"layer":0},"geometry":{"type":"Point","coordinates":[-0.120777,51.352583]}},{"id":"1746","type":"Feature","properties":{"layer":0},"geometry":{"type":"Point","coordinates":[-0.079434,51.546017]}},{"id":"1747","type":"Feature","properties":{"layer":0},"geometry":{"type":"Point","coordinates":[-0.390224,51.519112]}},{"id":"1748","type":"Feature","properties":{"layer":0},"geometry":{"type":"Point","coordinates":[0.003188,51.583688]}},{"id":"1749","type":"Feature","properties":{"layer":0},"geometry":{"type":"Point","coordinates":[0.046465,51.462994]}},{"id":"1750","type":"Feature","properties":{"layer":0},"geometry":{"type":"Point","coordinates":[-0.091528,51.510166]}},{"id":"1751","type":"Feature","properties":{"layer":0},"geometry":{"type":"Point","coordinates":[-0.22199,51.460893]}},{"id":"1752","type":"Feature","properties":{"layer":0},"geometry":{"type":"Point","coordinates":[-0.125057,51.501586]}},{"id":"1753","type":"Feature","properties":{"layer":0},"geometry":{"type":"Point","coordinates":[-0.12508,51.511724]}},{"id":"1754","type":"Feature","properties":{"layer":0},"geometry":{"type":"Point","coordinates":[-0.074981,51.484868]}},{"id":"1755","type":"Feature","properties":{"layer":0},"geometry":{"type":"Point","coordinates":[-0.183362,51.646439]}},{"id":"1756","type":"Feature","properties":{"layer":0},"geometry":{"type":"Point","coordinates":[-0.075931,51.584367]}},{"id":"1757","type":"Feature","properties":{"layer":0},"geometry":{"type":"Point","coordinates":[-0.094537,51.494264]}},{"id":"1758","type":"Feature","properties":{"layer":0},"geometry":{"type":"Point","coordinates":[-0.104065,51.484777]}},{"id":"1759","type":"Feature","properties":{"layer":0},"geometry":{"type":"Point","coordinates":[-0.220165,51.512071]}},{"id":"1760","type":"Feature","properties":{"layer":0},"geometry":{"type":"Point","coordinates":[-0.042743,51.551179]}},{"id":"1761","type":"Feature","properties":{"layer":0},"geometry":{"type":"Point","coordinates":[-0.060012,51.523756]}},{"id":"1762","type":"Feature","properties":{"layer":0},"geometry":{"type":"Point","coordinates":[-0.063807,51.507344]}},{"id":"1763","type":"Feature","properties":{"layer":0},"geometry":{"type":"Point","coordinates":[-0.181042,51.521164]}},{"id":"1764","type":"Feature","properties":{"layer":0},"geometry":{"type":"Point","coordinates":[-0.084734,51.499392]}},{"id":"1765","type":"Feature","properties":{"layer":0},"geometry":{"type":"Point","coordinates":[0.036435,51.548911]}},{"id":"1766","type":"Feature","properties":{"layer":0},"geometry":{"type":"Point","coordinates":[-0.069958,51.478996]}},{"id":"1767","type":"Feature","properties":{"layer":0},"geometry":{"type":"Point","coordinates":[-0.043398,51.471954]}},{"id":"1768","type":"Feature","properties":{"layer":0},"geometry":{"type":"Point","coordinates":[-0.018235,51.384242]}},{"id":"1769","type":"Feature","properties":{"layer":0},"geometry":{"type":"Point","coordinates":[-0.248028,51.560668]}},{"id":"1770","type":"Feature","properties":{"layer":0},"geometry":{"type":"Point","coordinates":[-0.195344,51.526487]}},{"id":"1771","type":"Feature","properties":{"layer":0},"geometry":{"type":"Point","coordinates":[-0.024458,51.507923]}},{"id":"1772","type":"Feature","properties":{"layer":0},"geometry":{"type":"Point","coordinates":[-0.092463,51.589586]}},{"id":"1773","type":"Feature","properties":{"layer":0},"geometry":{"type":"Point","coordinates":[-0.160401,51.508134]}},{"id":"1774","type":"Feature","properties":{"layer":0},"geometry":{"type":"Point","coordinates":[-0.203608,51.478326]}},{"id":"1775","type":"Feature","properties":{"layer":0},"geometry":{"type":"Point","coordinates":[-0.211432,51.46081]}},{"id":"1776","type":"Feature","properties":{"layer":0},"geometry":{"type":"Point","coordinates":[0.096333,51.504834]}},{"id":"1777","type":"Feature","properties":{"layer":0},"geometry":{"type":"Point","coordinates":[-0.052049,51.468972]}},{"id":"1778","type":"Feature","properties":{"layer":0},"geometry":{"type":"Point","coordinates":[-0.070441,51.641773]}},{"id":"1779","type":"Feature","properties":{"layer":0},"geometry":{"type":"Point","coordinates":[-0.052581,51.50232]}},{"id":"1780","type":"Feature","properties":{"layer":0},"geometry":{"type":"Point","coordinates":[-0.038581,51.468314]}},{"id":"1781","type":"Feature","properties":{"layer":0},"geometry":{"type":"Point","coordinates":[-0.105839,51.431392]}},{"id":"1782","type":"Feature","properties":{"layer":0},"geometry":{"type":"Point","coordinates":[-0.097798,51.446518]}},{"id":"1783","type":"Feature","properties":{"layer":0},"geometry":{"type":"Point","coordinates":[-0.091191,51.385054]}},{"id":"1784","type":"Feature","properties":{"layer":0},"geometry":{"type":"Point","coordinates":[-0.247249,51.482692]}},{"id":"1785","type":"Feature","properties":{"layer":0},"geometry":{"type":"Point","coordinates":[-0.066891,51.43401]}},{"id":"1786","type":"Feature","properties":{"layer":0},"geometry":{"type":"Point","coordinates":[-0.286021,51.567917]}},{"id":"1787","type":"Feature","properties":{"layer":0},"geometry":{"type":"Point","coordinates":[0.082712,51.530203]}},{"id":"1788","type":"Feature","properties":{"layer":0},"geometry":{"type":"Point","coordinates":[-0.090117,51.398548]}},{"id":"1789","type":"Feature","properties":{"layer":0},"geometry":{"type":"Point","coordinates":[-0.075739,51.411656]}},{"id":"1790","type":"Feature","properties":{"layer":0},"geometry":{"type":"Point","coordinates":[-0.016784,51.494978]}},{"id":"1791","type":"Feature","properties":{"layer":0},"geometry":{"type":"Point","coordinates":[-0.112505,51.538771]}},{"id":"1792","type":"Feature","properties":{"layer":0},"geometry":{"type":"Point","coordinates":[-0.132692,51.516759]}},{"id":"1793","type":"Feature","properties":{"layer":0},"geometry":{"type":"Point","coordinates":[0.142875,51.594153]}},{"id":"1794","type":"Feature","properties":{"layer":0},"geometry":{"type":"Point","coordinates":[-0.155676,51.370403]}},{"id":"1795","type":"Feature","properties":{"layer":0},"geometry":{"type":"Point","coordinates":[-0.062069,51.441979]}},{"id":"1796","type":"Feature","properties":{"layer":0},"geometry":{"type":"Point","coordinates":[-0.006275,51.633482]}},{"id":"1797","type":"Feature","properties":{"layer":0},"geometry":{"type":"Point","coordinates":[-0.030288,51.530252]}},{"id":"1798","type":"Feature","properties":{"layer":0},"geometry":{"type":"Point","coordinates":[-0.033894,51.581969]}},{"id":"1799","type":"Feature","properties":{"layer":0},"geometry":{"type":"Point","coordinates":[-0.033857,51.498189]}},{"id":"1800","type":"Feature","properties":{"layer":0},"geometry":{"type":"Point","coordinates":[0.018648,51.489336]}},{"id":"1801","type":"Feature","properties":{"layer":0},"geometry":{"type":"Point","coordinates":[0.028068,51.431205]}},{"id":"1802","type":"Feature","properties":{"layer":0},"geometry":{"type":"Point","coordinates":[-0.092805,51.503016]}},{"id":"1803","type":"Feature","properties":{"layer":0},"geometry":{"type":"Point","coordinates":[-0.169389,51.527126]}},{"id":"1804","type":"Feature","properties":{"layer":0},"geometry":{"type":"Point","coordinates":[-0.267411,51.407994]}},{"id":"1805","type":"Feature","properties":{"layer":0},"geometry":{"type":"Point","coordinates":[-0.000248,51.555506]}},{"id":"1806","type":"Feature","properties":{"layer":0},"geometry":{"type":"Point","coordinates":[0.060873,51.510364]}},{"id":"1807","type":"Feature","properties":{"layer":0},"geometry":{"type":"Point","coordinates":[-0.280956,51.388964]}},{"id":"1808","type":"Feature","properties":{"layer":0},"geometry":{"type":"Point","coordinates":[-0.083505,51.490428]}},{"id":"1809","type":"Feature","properties":{"layer":0},"geometry":{"type":"Point","coordinates":[-0.037445,51.447196]}},{"id":"1810","type":"Feature","properties":{"layer":0},"geometry":{"type":"Point","coordinates":[-0.215419,51.61867]}},{"id":"1811","type":"Feature","properties":{"layer":0},"geometry":{"type":"Point","coordinates":[-0.085643,51.522926]}},{"id":"1812","type":"Feature","properties":{"layer":0},"geometry":{"type":"Point","coordinates":[0.037069,51.458714]}},{"id":"1813","type":"Feature","properties":{"layer":0},"geometry":{"type":"Point","coordinates":[-0.002068,51.549402]}},{"id":"1814","type":"Feature","properties":{"layer":0},"geometry":{"type":"Point","coordinates":[-0.177989,51.434038]}},{"id":"1815","type":"Feature","properties":{"layer":0},"geometry":{"type":"Point","coordinates":[-0.157732,51.55495]}},{"id":"1816","type":"Feature","properties":{"layer":0},"geometry":{"type":"Point","coordinates":[-0.100709,51.500176]}},{"id":"1817","type":"Feature","properties":{"layer":0},"geometry":{"type":"Point","coordinates":[-0.185174,51.455693]}},{"id":"1818","type":"Feature","properties":{"layer":0},"geometry":{"type":"Point","coordinates":[-0.036951,51.420912]}},{"id":"1819","type":"Feature","properties":{"layer":0},"geometry":{"type":"Point","coordinates":[-0.101386,51.53965]}},{"id":"1820","type":"Feature","properties":{"layer":0},"geometry":{"type":"Point","coordinates":[-0.066934,51.499812]}},{"id":"1821","type":"Feature","properties":{"layer":0},"geometry":{"type":"Point","coordinates":[-0.059915,51.323705]}},{"id":"1822","type":"Feature","properties":{"layer":0},"geometry":{"type":"Point","coordinates":[-0.149253,51.440981]}},{"id":"1823","type":"Feature","properties":{"layer":0},"geometry":{"type":"Point","coordinates":[-0.042655,51.49104]}},{"id":"1824","type":"Feature","properties":{"layer":0},"geometry":{"type":"Point","coordinates":[-0.116961,51.523645]}},{"id":"1825","type":"Feature","properties":{"layer":0},"geometry":{"type":"Point","coordinates":[0.037699,51.565401]}},{"id":"1826","type":"Feature","properties":{"layer":0},"geometry":{"type":"Point","coordinates":[-0.093651,51.533655]}},{"id":"1827","type":"Feature","properties":{"layer":0},"geometry":{"type":"Point","coordinates":[-0.029385,51.536914]}},{"id":"1828","type":"Feature","properties":{"layer":0},"geometry":{"type":"Point","coordinates":[-0.209258,51.405043]}},{"id":"1829","type":"Feature","properties":{"layer":0},"geometry":{"type":"Point","coordinates":[-0.053433,51.42555]}},{"id":"1830","type":"Feature","properties":{"layer":0},"geometry":{"type":"Point","coordinates":[-0.117958,51.460342]}},{"id":"1831","type":"Feature","properties":{"layer":0},"geometry":{"type":"Point","coordinates":[-0.04829,51.384169]}},{"id":"1832","type":"Feature","properties":{"layer":0},"geometry":{"type":"Point","coordinates":[0.210855,51.564989]}},{"id":"1833","type":"Feature","properties":{"layer":0},"geometry":{"type":"Point","coordinates":[-0.177102,51.466074]}},{"id":"1834","type":"Feature","properties":{"layer":0},"geometry":{"type":"Point","coordinates":[-0.039398,51.483753]}},{"id":"1835","type":"Feature","properties":{"layer":0},"geometry":{"type":"Point","coordinates":[-0.13239,51.367394]}},{"id":"1836","type":"Feature","properties":{"layer":0},"geometry":{"type":"Point","coordinates":[-0.155928,51.507175]}},{"id":"1837","type":"Feature","properties":{"layer":0},"geometry":{"type":"Point","coordinates":[-0.180491,51.437299]}},{"id":"1838","type":"Feature","properties":{"layer":0},"geometry":{"type":"Point","coordinates":[-0.148559,51.360211]}},{"id":"1839","type":"Feature","properties":{"layer":0},"geometry":{"type":"Point","coordinates":[-0.087914,51.51984]}},{"id":"1840","type":"Feature","properties":{"layer":0},"geometry":{"type":"Point","coordinates":[-0.089004,51.447895]}},{"id":"1841","type":"Feature","properties":{"layer":0},"geometry":{"type":"Point","coordinates":[-0.085421,51.390493]}},{"id":"1842","type":"Feature","properties":{"layer":0},"geometry":{"type":"Point","coordinates":[-0.11953,51.536402]}},{"id":"1843","type":"Feature","properties":{"layer":0},"geometry":{"type":"Point","coordinates":[-0.09229,51.498754]}},{"id":"1844","type":"Feature","properties":{"layer":0},"geometry":{"type":"Point","coordinates":[-0.003412,51.402219]}},{"id":"1845","type":"Feature","properties":{"layer":0},"geometry":{"type":"Point","coordinates":[-0.11613,51.471223]}},{"id":"1846","type":"Feature","properties":{"layer":0},"geometry":{"type":"Point","coordinates":[-0.100049,51.528226]}},{"id":"1847","type":"Feature","properties":{"layer":0},"geometry":{"type":"Point","coordinates":[-0.194898,51.53551]}},{"id":"1848","type":"Feature","properties":{"layer":0},"geometry":{"type":"Point","coordinates":[0.044395,51.458028]}},{"id":"1849","type":"Feature","properties":{"layer":0},"geometry":{"type":"Point","coordinates":[0.153318,51.567951]}},{"id":"1850","type":"Feature","properties":{"layer":0},"geometry":{"type":"Point","coordinates":[-0.133691,51.47919]}},{"id":"1851","type":"Feature","properties":{"layer":0},"geometry":{"type":"Point","coordinates":[0.211638,51.576317]}},{"id":"1852","type":"Feature","properties":{"layer":0},"geometry":{"type":"Point","coordinates":[-0.081424,51.456557]}},{"id":"1853","type":"Feature","properties":{"layer":0},"geometry":{"type":"Point","coordinates":[-0.236561,51.444354]}},{"id":"1854","type":"Feature","properties":{"layer":0},"geometry":{"type":"Point","coordinates":[-0.203078,51.377456]}},{"id":"1855","type":"Feature","properties":{"layer":0},"geometry":{"type":"Point","coordinates":[-0.038743,51.532352]}},{"id":"1856","type":"Feature","properties":{"layer":0},"geometry":{"type":"Point","coordinates":[-0.106462,51.494524]}},{"id":"1857","type":"Feature","properties":{"layer":0},"geometry":{"type":"Point","coordinates":[-0.176722,51.596569]}},{"id":"1858","type":"Feature","properties":{"layer":0},"geometry":{"type":"Point","coordinates":[-0.09932,51.416365]}},{"id":"1859","type":"Feature","properties":{"layer":0},"geometry":{"type":"Point","coordinates":[-0.224098,51.446201]}},{"id":"1860","type":"Feature","properties":{"layer":0},"geometry":{"type":"Point","coordinates":[-0.176121,51.405975]}},{"id":"1861","type":"Feature","properties":{"layer":0},"geometry":{"type":"Point","coordinates":[-0.000979,51.514832]}},{"id":"1862","type":"Feature","properties":{"layer":0},"geometry":{"type":"Point","coordinates":[-0.137314,51.483627]}},{"id":"1863","type":"Feature","properties":{"layer":0},"geometry":{"type":"Point","coordinates":[-0.064505,51.517696]}},{"id":"1864","type":"Feature","properties":{"layer":0},"geometry":{"type":"Point","coordinates":[-0.196852,51.57732]}},{"id":"1865","type":"Feature","properties":{"layer":0},"geometry":{"type":"Point","coordinates":[-0.1865,51.518066]}},{"id":"1866","type":"Feature","properties":{"layer":0},"geometry":{"type":"Point","coordinates":[-0.107963,51.583197]}},{"id":"1867","type":"Feature","properties":{"layer":0},"geometry":{"type":"Point","coordinates":[-0.120519,51.507509]}},{"id":"1868","type":"Feature","properties":{"layer":0},"geometry":{"type":"Point","coordinates":[-0.158658,51.489763]}},{"id":"1869","type":"Feature","properties":{"layer":0},"geometry":{"type":"Point","coordinates":[-0.348925,51.55211]}},{"id":"1870","type":"Feature","properties":{"layer":0},"geometry":{"type":"Point","coordinates":[-0.172653,51.51391]}},{"id":"1871","type":"Feature","properties":{"layer":0},"geometry":{"type":"Point","coordinates":[-0.192754,51.397212]}},{"id":"1872","type":"Feature","properties":{"layer":0},"geometry":{"type":"Point","coordinates":[0.011834,51.522833]}},{"id":"1873","type":"Feature","properties":{"layer":0},"geometry":{"type":"Point","coordinates":[-0.084909,51.545632]}},{"id":"1874","type":"Feature","properties":{"layer":0},"geometry":{"type":"Point","coordinates":[-0.121051,51.458153]}},{"id":"1875","type":"Feature","properties":{"layer":0},"geometry":{"type":"Point","coordinates":[0.141725,51.617715]}},{"id":"1876","type":"Feature","properties":{"layer":0},"geometry":{"type":"Point","coordinates":[0.019232,51.506391]}},{"id":"1877","type":"Feature","properties":{"layer":0},"geometry":{"type":"Point","coordinates":[-0.162592,51.554385]}},{"id":"1878","type":"Feature","properties":{"layer":0},"geometry":{"type":"Point","coordinates":[-0.059957,51.431173]}},{"id":"1879","type":"Feature","properties":{"layer":0},"geometry":{"type":"Point","coordinates":[-0.004542,51.451176]}},{"id":"1880","type":"Feature","properties":{"layer":0},"geometry":{"type":"Point","coordinates":[-0.13956,51.465809]}},{"id":"1881","type":"Feature","properties":{"layer":0},"geometry":{"type":"Point","coordinates":[-0.166323,51.502175]}},{"id":"1882","type":"Feature","properties":{"layer":0},"geometry":{"type":"Point","coordinates":[-0.153709,51.492049]}},{"id":"1883","type":"Feature","properties":{"layer":0},"geometry":{"type":"Point","coordinates":[-0.058609,51.624713]}},{"id":"1884","type":"Feature","properties":{"layer":0},"geometry":{"type":"Point","coordinates":[-0.15076,51.455469]}},{"id":"1885","type":"Feature","properties":{"layer":0},"geometry":{"type":"Point","coordinates":[-0.180582,51.40161]}},{"id":"1886","type":"Feature","properties":{"layer":0},"geometry":{"type":"Point","coordinates":[-0.201559,51.488047]}},{"id":"1887","type":"Feature","properties":{"layer":0},"geometry":{"type":"Point","coordinates":[-0.170183,51.400398]}},{"id":"1888","type":"Feature","properties":{"layer":0},"geometry":{"type":"Point","coordinates":[-0.099028,51.409527]}},{"id":"1889","type":"Feature","properties":{"layer":0},"geometry":{"type":"Point","coordinates":[0.035057,51.496885]}},{"id":"1890","type":"Feature","properties":{"layer":0},"geometry":{"type":"Point","coordinates":[-0.064277,51.494585]}},{"id":"1891","type":"Feature","properties":{"layer":0},"geometry":{"type":"Point","coordinates":[-0.223752,51.490118]}},{"id":"1892","type":"Feature","properties":{"layer":0},"geometry":{"type":"Point","coordinates":[-0.021027,51.506552]}},{"id":"1893","type":"Feature","properties":{"layer":0},"geometry":{"type":"Point","coordinates":[0.036912,51.540773]}},{"id":"1894","type":"Feature","properties":{"layer":0},"geometry":{"type":"Point","coordinates":[-0.089408,51.455346]}},{"id":"1895","type":"Feature","properties":{"layer":0},"geometry":{"type":"Point","coordinates":[-0.168232,51.557919]}},{"id":"1896","type":"Feature","properties":{"layer":0},"geometry":{"type":"Point","coordinates":[-0.045501,51.419546]}},{"id":"1897","type":"Feature","properties":{"layer":0},"geometry":{"type":"Point","coordinates":[-0.254766,51.643364]}},{"id":"1898","type":"Feature","properties":{"layer":0},"geometry":{"type":"Point","coordinates":[-0.113597,51.50361]}},{"id":"1899","type":"Feature","properties":{"layer":0},"geometry":{"type":"Point","coordinates":[-0.164106,51.540544]}},{"id":"1900","type":"Feature","properties":{"layer":0},"geometry":{"type":"Point","coordinates":[-0.028212,51.430386]}},{"id":"1901","type":"Feature","properties":{"layer":0},"geometry":{"type":"Point","coordinates":[-0.104791,51.546802]}},{"id":"1902","type":"Feature","properties":{"layer":0},"geometry":{"type":"Point","coordinates":[-0.148879,51.546647]}},{"id":"1903","type":"Feature","properties":{"layer":0},"geometry":{"type":"Point","coordinates":[-0.057417,51.473286]}},{"id":"1904","type":"Feature","properties":{"layer":0},"geometry":{"type":"Point","coordinates":[-0.086108,51.465176]}},{"id":"1905","type":"Feature","properties":{"layer":0},"geometry":{"type":"Point","coordinates":[-0.072619,51.538398]}},{"id":"1906","type":"Feature","properties":{"layer":0},"geometry":{"type":"Point","coordinates":[-0.052761,51.46105]}},{"id":"1907","type":"Feature","properties":{"layer":0},"geometry":{"type":"Point","coordinates":[-0.113075,51.470332]}},{"id":"1908","type":"Feature","properties":{"layer":0},"geometry":{"type":"Point","coordinates":[-0.154488,51.497443]}},{"id":"1909","type":"Feature","properties":{"layer":0},"geometry":{"type":"Point","coordinates":[-0.257167,51.502426]}},{"id":"1910","type":"Feature","properties":{"layer":0},"geometry":{"type":"Point","coordinates":[-0.104613,51.556757]}},{"id":"1911","type":"Feature","properties":{"layer":0},"geometry":{"type":"Point","coordinates":[-0.431146,51.503578]}},{"id":"1912","type":"Feature","properties":{"layer":0},"geometry":{"type":"Point","coordinates":[-0.174301,51.542728]}},{"id":"1913","type":"Feature","properties":{"layer":0},"geometry":{"type":"Point","coordinates":[0.056668,51.491392]}},{"id":"1914","type":"Feature","properties":{"layer":0},"geometry":{"type":"Point","coordinates":[-0.082147,51.46095]}},{"id":"1915","type":"Feature","properties":{"layer":0},"geometry":{"type":"Point","coordinates":[-0.119265,51.405558]}},{"id":"1916","type":"Feature","properties":{"layer":0},"geometry":{"type":"Point","coordinates":[0.076724,51.431116]}},{"id":"1917","type":"Feature","properties":{"layer":0},"geometry":{"type":"Point","coordinates":[-0.130095,51.459132]}},{"id":"1918","type":"Feature","properties":{"layer":0},"geometry":{"type":"Point","coordinates":[-0.106282,51.50951]}},{"id":"1919","type":"Feature","properties":{"layer":0},"geometry":{"type":"Point","coordinates":[0.036223,51.464872]}},{"id":"1920","type":"Feature","properties":{"layer":0},"geometry":{"type":"Point","coordinates":[-0.100463,51.560472]}},{"id":"1921","type":"Feature","properties":{"layer":0},"geometry":{"type":"Point","coordinates":[-0.146643,51.528145]}},{"id":"1922","type":"Feature","properties":{"layer":0},"geometry":{"type":"Point","coordinates":[-0.160092,51.46512]}},{"id":"1923","type":"Feature","properties":{"layer":0},"geometry":{"type":"Point","coordinates":[-0.219577,51.471433]}},{"id":"1924","type":"Feature","properties":{"layer":0},"geometry":{"type":"Point","coordinates":[-0.23734,51.407572]}},{"id":"1925","type":"Feature","properties":{"layer":0},"geometry":{"type":"Point","coordinates":[-0.019134,51.518713]}},{"id":"1926","type":"Feature","properties":{"layer":0},"geometry":{"type":"Point","coordinates":[-0.142482,51.657991]}},{"id":"1927","type":"Feature","properties":{"layer":0},"geometry":{"type":"Point","coordinates":[-0.122858,51.451646]}},{"id":"1928","type":"Feature","properties":{"layer":0},"geometry":{"type":"Point","coordinates":[-0.195533,51.489285]}},{"id":"1929","type":"Feature","properties":{"layer":0},"geometry":{"type":"Point","coordinates":[-0.136722,51.541318]}},{"id":"1930","type":"Feature","properties":{"layer":0},"geometry":{"type":"Point","coordinates":[-0.090871,51.519227]}},{"id":"1931","type":"Feature","properties":{"layer":0},"geometry":{"type":"Point","coordinates":[-0.101147,51.298582]}},{"id":"1932","type":"Feature","properties":{"layer":0},"geometry":{"type":"Point","coordinates":[-0.055579,51.481928]}},{"id":"1933","type":"Feature","properties":{"layer":0},"geometry":{"type":"Point","coordinates":[-0.068981,51.59696]}},{"id":"1934","type":"Feature","properties":{"layer":0},"geometry":{"type":"Point","coordinates":[0.167623,51.561429]}},{"id":"1935","type":"Feature","properties":{"layer":0},"geometry":{"type":"Point","coordinates":[-0.108751,51.483266]}},{"id":"1936","type":"Feature","properties":{"layer":0},"geometry":{"type":"Point","coordinates":[-0.12544,51.574287]}},{"id":"1937","type":"Feature","properties":{"layer":0},"geometry":{"type":"Point","coordinates":[-0.056642,51.488988]}},{"id":"1938","type":"Feature","properties":{"layer":0},"geometry":{"type":"Point","coordinates":[-0.169564,51.480232]}},{"id":"1939","type":"Feature","properties":{"layer":0},"geometry":{"type":"Point","coordinates":[0.01921,51.421087]}},{"id":"1940","type":"Feature","properties":{"layer":0},"geometry":{"type":"Point","coordinates":[-0.049549,51.410317]}},{"id":"1941","type":"Feature","properties":{"layer":0},"geometry":{"type":"Point","coordinates":[-0.04433,51.438673]}},{"id":"1942","type":"Feature","properties":{"layer":0},"geometry":{"type":"Point","coordinates":[0.069494,51.444843]}},{"id":"1943","type":"Feature","properties":{"layer":0},"geometry":{"type":"Point","coordinates":[-0.15047,51.368117]}},{"id":"1944","type":"Feature","properties":{"layer":0},"geometry":{"type":"Point","coordinates":[0.09749,51.46293]}},{"id":"1945","type":"Feature","properties":{"layer":0},"geometry":{"type":"Point","coordinates":[-0.049086,51.45416]}},{"id":"1946","type":"Feature","properties":{"layer":0},"geometry":{"type":"Point","coordinates":[-0.090163,51.57389]}},{"id":"1947","type":"Feature","properties":{"layer":0},"geometry":{"type":"Point","coordinates":[-0.035388,51.489369]}},{"id":"1948","type":"Feature","properties":{"layer":0},"geometry":{"type":"Point","coordinates":[-0.055634,51.54254]}},{"id":"1949","type":"Feature","properties":{"layer":0},"geometry":{"type":"Point","coordinates":[-0.003438,51.484395]}},{"id":"1950","type":"Feature","properties":{"layer":0},"geometry":{"type":"Point","coordinates":[-0.010661,51.497244]}},{"id":"1951","type":"Feature","properties":{"layer":0},"geometry":{"type":"Point","coordinates":[-0.136636,51.418245]}},{"id":"1952","type":"Feature","properties":{"layer":0},"geometry":{"type":"Point","coordinates":[-0.224624,51.52415]}},{"id":"1953","type":"Feature","properties":{"layer":0},"geometry":{"type":"Point","coordinates":[-0.1189,51.474507]}},{"id":"1954","type":"Feature","properties":{"layer":0},"geometry":{"type":"Point","coordinates":[-0.089256,51.541119]}},{"id":"1955","type":"Feature","properties":{"layer":0},"geometry":{"type":"Point","coordinates":[-0.000575,51.455792]}},{"id":"1956","type":"Feature","properties":{"layer":0},"geometry":{"type":"Point","coordinates":[-0.122138,51.5643]}},{"id":"1957","type":"Feature","properties":{"layer":0},"geometry":{"type":"Point","coordinates":[-0.04396,51.47752]}},{"id":"1958","type":"Feature","properties":{"layer":0},"geometry":{"type":"Point","coordinates":[-0.193376,51.481554]}},{"id":"1959","type":"Feature","properties":{"layer":0},"geometry":{"type":"Point","coordinates":[0.060596,51.602318]}},{"id":"1960","type":"Feature","properties":{"layer":0},"geometry":{"type":"Point","coordinates":[-0.01841,51.496193]}},{"id":"1961","type":"Feature","properties":{"layer":0},"geometry":{"type":"Point","coordinates":[-0.176792,51.458285]}},{"id":"1962","type":"Feature","properties":{"layer":0},"geometry":{"type":"Point","coordinates":[-0.158086,51.486683]}},{"id":"1963","type":"Feature","properties":{"layer":0},"geometry":{"type":"Point","coordinates":[-0.029258,51.574005]}},{"id":"1964","type":"Feature","properties":{"layer":0},"geometry":{"type":"Point","coordinates":[-0.152916,51.562289]}},{"id":"1965","type":"Feature","properties":{"layer":0},"geometry":{"type":"Point","coordinates":[-0.036218,51.5637]}},{"id":"1966","type":"Feature","properties":{"layer":0},"geometry":{"type":"Point","coordinates":[-0.135727,51.523024]}},{"id":"1967","type":"Feature","properties":{"layer":0},"geometry":{"type":"Point","coordinates":[-0.121041,51.50465]}},{"id":"1968","type":"Feature","properties":{"layer":0},"geometry":{"type":"Point","coordinates":[-0.186601,51.553286]}},{"id":"1969","type":"Feature","properties":{"layer":0},"geometry":{"type":"Point","coordinates":[-0.130365,51.549101]}},{"id":"1970","type":"Feature","properties":{"layer":0},"geometry":{"type":"Point","coordinates":[-0.14171,51.477594]}},{"id":"1971","type":"Feature","properties":{"layer":0},"geometry":{"type":"Point","coordinates":[-0.117308,51.437674]}},{"id":"1972","type":"Feature","properties":{"layer":0},"geometry":{"type":"Point","coordinates":[-0.185182,51.346128]}},{"id":"1973","type":"Feature","properties":{"layer":0},"geometry":{"type":"Point","coordinates":[-0.179181,51.437602]}},{"id":"1974","type":"Feature","properties":{"layer":0},"geometry":{"type":"Point","coordinates":[-0.197732,51.463133]}},{"id":"1975","type":"Feature","properties":{"layer":0},"geometry":{"type":"Point","coordinates":[0.023861,51.312135]}},{"id":"1976","type":"Feature","properties":{"layer":0},"geometry":{"type":"Point","coordinates":[0.005719,51.469344]}},{"id":"1977","type":"Feature","properties":{"layer":0},"geometry":{"type":"Point","coordinates":[-0.057696,51.4169]}},{"id":"1978","type":"Feature","properties":{"layer":0},"geometry":{"type":"Point","coordinates":[-0.023295,51.456597]}},{"id":"1979","type":"Feature","properties":{"layer":0},"geometry":{"type":"Point","coordinates":[-0.173197,51.489342]}},{"id":"1980","type":"Feature","properties":{"layer":0},"geometry":{"type":"Point","coordinates":[-0.018625,51.536939]}},{"id":"1981","type":"Feature","properties":{"layer":0},"geometry":{"type":"Point","coordinates":[-0.197233,51.514564]}},{"id":"1982","type":"Feature","properties":{"layer":0},"geometry":{"type":"Point","coordinates":[-0.092089,51.565185]}},{"id":"1983","type":"Feature","properties":{"layer":0},"geometry":{"type":"Point","coordinates":[-0.029683,51.481256]}},{"id":"1984","type":"Feature","properties":{"layer":0},"geometry":{"type":"Point","coordinates":[-0.301798,51.593938]}},{"id":"1985","type":"Feature","properties":{"layer":0},"geometry":{"type":"Point","coordinates":[-0.011376,51.496066]}},{"id":"1986","type":"Feature","properties":{"layer":0},"geometry":{"type":"Point","coordinates":[-0.227182,51.51626]}},{"id":"1987","type":"Feature","properties":{"layer":0},"geometry":{"type":"Point","coordinates":[-0.096922,51.536551]}},{"id":"1988","type":"Feature","properties":{"layer":0},"geometry":{"type":"Point","coordinates":[-0.088806,51.456819]}},{"id":"1989","type":"Feature","properties":{"layer":0},"geometry":{"type":"Point","coordinates":[-0.037401,51.425809]}},{"id":"1990","type":"Feature","properties":{"layer":0},"geometry":{"type":"Point","coordinates":[-0.100406,51.565102]}},{"id":"1991","type":"Feature","properties":{"layer":0},"geometry":{"type":"Point","coordinates":[-0.101669,51.518386]}},{"id":"1992","type":"Feature","properties":{"layer":0},"geometry":{"type":"Point","coordinates":[-0.01976,51.508877]}},{"id":"1993","type":"Feature","properties":{"layer":0},"geometry":{"type":"Point","coordinates":[-0.240365,51.494815]}},{"id":"1994","type":"Feature","properties":{"layer":0},"geometry":{"type":"Point","coordinates":[-0.170041,51.518443]}},{"id":"1995","type":"Feature","properties":{"layer":0},"geometry":{"type":"Point","coordinates":[-0.128086,51.41417]}},{"id":"1996","type":"Feature","properties":{"layer":0},"geometry":{"type":"Point","coordinates":[-0.169022,51.45261]}},{"id":"1997","type":"Feature","properties":{"layer":0},"geometry":{"type":"Point","coordinates":[-0.093439,51.506244]}},{"id":"1998","type":"Feature","properties":{"layer":0},"geometry":{"type":"Point","coordinates":[-0.098091,51.458566]}},{"id":"1999","type":"Feature","properties":{"layer":0},"geometry":{"type":"Point","coordinates":[-0.108973,51.535346]}},{"id":"2000","type":"Feature","properties":{"layer":0},"geometry":{"type":"Point","coordinates":[-0.10093,51.54653]}},{"id":"2001","type":"Feature","properties":{"layer":0},"geometry":{"type":"Point","coordinates":[-0.085183,51.606504]}},{"id":"2002","type":"Feature","properties":{"layer":0},"geometry":{"type":"Point","coordinates":[-0.153678,51.582374]}},{"id":"2003","type":"Feature","properties":{"layer":0},"geometry":{"type":"Point","coordinates":[0.039982,51.509505]}},{"id":"2004","type":"Feature","properties":{"layer":0},"geometry":{"type":"Point","coordinates":[-0.086057,51.491868]}},{"id":"2005","type":"Feature","properties":{"layer":0},"geometry":{"type":"Point","coordinates":[0.074713,51.573238]}},{"id":"2006","type":"Feature","properties":{"layer":0},"geometry":{"type":"Point","coordinates":[-0.08488,51.45578]}},{"id":"2007","type":"Feature","properties":{"layer":0},"geometry":{"type":"Point","coordinates":[0.015216,51.459995]}},{"id":"2008","type":"Feature","properties":{"layer":0},"geometry":{"type":"Point","coordinates":[-0.052202,51.435959]}},{"id":"2009","type":"Feature","properties":{"layer":0},"geometry":{"type":"Point","coordinates":[0.054538,51.55029]}},{"id":"2010","type":"Feature","properties":{"layer":0},"geometry":{"type":"Point","coordinates":[-0.121573,51.395744]}},{"id":"2011","type":"Feature","properties":{"layer":0},"geometry":{"type":"Point","coordinates":[-0.236169,51.560478]}},{"id":"2012","type":"Feature","properties":{"layer":0},"geometry":{"type":"Point","coordinates":[-0.045581,51.456266]}},{"id":"2013","type":"Feature","properties":{"layer":0},"geometry":{"type":"Point","coordinates":[-0.134985,51.525278]}},{"id":"2014","type":"Feature","properties":{"layer":0},"geometry":{"type":"Point","coordinates":[0.173919,51.460487]}},{"id":"2015","type":"Feature","properties":{"layer":0},"geometry":{"type":"Point","coordinates":[-0.30711,51.602316]}},{"id":"2016","type":"Feature","properties":{"layer":0},"geometry":{"type":"Point","coordinates":[-0.142264,51.538806]}},{"id":"2017","type":"Feature","properties":{"layer":0},"geometry":{"type":"Point","coordinates":[0.037787,51.421464]}},{"id":"2018","type":"Feature","properties":{"layer":0},"geometry":{"type":"Point","coordinates":[-0.100421,51.456824]}},{"id":"2019","type":"Feature","properties":{"layer":0},"geometry":{"type":"Point","coordinates":[-0.111018,51.471096]}},{"id":"2020","type":"Feature","properties":{"layer":0},"geometry":{"type":"Point","coordinates":[-0.074887,51.539341]}},{"id":"2021","type":"Feature","properties":{"layer":0},"geometry":{"type":"Point","coordinates":[-0.081715,51.53799]}},{"id":"2022","type":"Feature","properties":{"layer":0},"geometry":{"type":"Point","coordinates":[-0.053235,51.450636]}},{"id":"2023","type":"Feature","properties":{"layer":0},"geometry":{"type":"Point","coordinates":[-0.118183,51.524944]}},{"id":"2024","type":"Feature","properties":{"layer":0},"geometry":{"type":"Point","coordinates":[-0.14522,51.47887]}},{"id":"2025","type":"Feature","properties":{"layer":0},"geometry":{"type":"Point","coordinates":[0.130113,51.479443]}},{"id":"2026","type":"Feature","properties":{"layer":0},"geometry":{"type":"Point","coordinates":[0.160412,51.550121]}},{"id":"2027","type":"Feature","properties":{"layer":0},"geometry":{"type":"Point","coordinates":[-0.084489,51.529594]}},{"id":"2028","type":"Feature","properties":{"layer":0},"geometry":{"type":"Point","coordinates":[-0.131844,51.528194]}},{"id":"2029","type":"Feature","properties":{"layer":0},"geometry":{"type":"Point","coordinates":[-0.075397,51.517158]}},{"id":"2030","type":"Feature","properties":{"layer":0},"geometry":{"type":"Point","coordinates":[-0.068782,51.453974]}},{"id":"2031","type":"Feature","properties":{"layer":0},"geometry":{"type":"Point","coordinates":[-0.096909,51.426352]}},{"id":"2032","type":"Feature","properties":{"layer":0},"geometry":{"type":"Point","coordinates":[-0.244453,51.558087]}},{"id":"2033","type":"Feature","properties":{"layer":0},"geometry":{"type":"Point","coordinates":[0.012048,51.351402]}},{"id":"2034","type":"Feature","properties":{"layer":0},"geometry":{"type":"Point","coordinates":[-0.023401,51.45693]}},{"id":"2035","type":"Feature","properties":{"layer":0},"geometry":{"type":"Point","coordinates":[-0.064592,51.487509]}},{"id":"2036","type":"Feature","properties":{"layer":0},"geometry":{"type":"Point","coordinates":[-0.1235,51.529724]}},{"id":"2037","type":"Feature","properties":{"layer":0},"geometry":{"type":"Point","coordinates":[-0.183032,51.456927]}},{"id":"2038","type":"Feature","properties":{"layer":0},"geometry":{"type":"Point","coordinates":[-0.360303,51.538773]}},{"id":"2039","type":"Feature","properties":{"layer":0},"geometry":{"type":"Point","coordinates":[-0.446257,51.580131]}},{"id":"2040","type":"Feature","properties":{"layer":0},"geometry":{"type":"Point","coordinates":[0.249237,51.542838]}},{"id":"2041","type":"Feature","properties":{"layer":0},"geometry":{"type":"Point","coordinates":[-0.280523,51.545949]}},{"id":"2042","type":"Feature","properties":{"layer":0},"geometry":{"type":"Point","coordinates":[-0.119258,51.583502]}},{"id":"2043","type":"Feature","properties":{"layer":0},"geometry":{"type":"Point","coordinates":[-0.105284,51.39007]}},{"id":"2044","type":"Feature","properties":{"layer":0},"geometry":{"type":"Point","coordinates":[-0.238508,51.538593]}},{"id":"2045","type":"Feature","properties":{"layer":0},"geometry":{"type":"Point","coordinates":[-0.116089,51.611564]}},{"id":"2046","type":"Feature","properties":{"layer":0},"geometry":{"type":"Point","coordinates":[-0.109843,51.476298]}},{"id":"2047","type":"Feature","properties":{"layer":0},"geometry":{"type":"Point","coordinates":[-0.179393,51.536445]}},{"id":"2048","type":"Feature","properties":{"layer":0},"geometry":{"type":"Point","coordinates":[-0.020208,51.494747]}},{"id":"2049","type":"Feature","properties":{"layer":0},"geometry":{"type":"Point","coordinates":[-0.060933,51.473777]}},{"id":"2050","type":"Feature","properties":{"layer":0},"geometry":{"type":"Point","coordinates":[-0.212524,51.473506]}},{"id":"2051","type":"Feature","properties":{"layer":0},"geometry":{"type":"Point","coordinates":[0.018069,51.548639]}},{"id":"2052","type":"Feature","properties":{"layer":0},"geometry":{"type":"Point","coordinates":[-0.352975,51.572859]}},{"id":"2053","type":"Feature","properties":{"layer":0},"geometry":{"type":"Point","coordinates":[-0.122138,51.483653]}},{"id":"2054","type":"Feature","properties":{"layer":0},"geometry":{"type":"Point","coordinates":[-0.050935,51.510468]}},{"id":"2055","type":"Feature","properties":{"layer":0},"geometry":{"type":"Point","coordinates":[-0.107828,51.557087]}},{"id":"2056","type":"Feature","properties":{"layer":0},"geometry":{"type":"Point","coordinates":[-0.272773,51.572952]}},{"id":"2057","type":"Feature","properties":{"layer":0},"geometry":{"type":"Point","coordinates":[0.028284,51.526293]}},{"id":"2058","type":"Feature","properties":{"layer":0},"geometry":{"type":"Point","coordinates":[-0.055733,51.539713]}},{"id":"2059","type":"Feature","properties":{"layer":0},"geometry":{"type":"Point","coordinates":[-0.089868,51.399488]}},{"id":"2060","type":"Feature","properties":{"layer":0},"geometry":{"type":"Point","coordinates":[-0.194107,51.390296]}},{"id":"2061","type":"Feature","properties":{"layer":0},"geometry":{"type":"Point","coordinates":[-0.050597,51.478927]}},{"id":"2062","type":"Feature","properties":{"layer":0},"geometry":{"type":"Point","coordinates":[-0.092758,51.548775]}},{"id":"2063","type":"Feature","properties":{"layer":0},"geometry":{"type":"Point","coordinates":[-0.189175,51.352412]}},{"id":"2064","type":"Feature","properties":{"layer":0},"geometry":{"type":"Point","coordinates":[-0.025529,51.440957]}},{"id":"2065","type":"Feature","properties":{"layer":0},"geometry":{"type":"Point","coordinates":[-0.051735,51.506345]}},{"id":"2066","type":"Feature","properties":{"layer":0},"geometry":{"type":"Point","coordinates":[-0.12571,51.424679]}},{"id":"2067","type":"Feature","properties":{"layer":0},"geometry":{"type":"Point","coordinates":[-0.138772,51.558311]}},{"id":"2068","type":"Feature","properties":{"layer":0},"geometry":{"type":"Point","coordinates":[-0.126212,51.448991]}},{"id":"2069","type":"Feature","properties":{"layer":0},"geometry":{"type":"Point","coordinates":[-0.142109,51.428196]}},{"id":"2070","type":"Feature","properties":{"layer":0},"geometry":{"type":"Point","coordinates":[-0.032092,51.549014]}},{"id":"2071","type":"Feature","properties":{"layer":0},"geometry":{"type":"Point","coordinates":[-0.019166,51.480467]}},{"id":"2072","type":"Feature","properties":{"layer":0},"geometry":{"type":"Point","coordinates":[0.023677,51.497923]}},{"id":"2073","type":"Feature","properties":{"layer":0},"geometry":{"type":"Point","coordinates":[-0.134083,51.436719]}},{"id":"2074","type":"Feature","properties":{"layer":0},"geometry":{"type":"Point","coordinates":[-0.115399,51.508264]}},{"id":"2075","type":"Feature","properties":{"layer":0},"geometry":{"type":"Point","coordinates":[-0.117043,51.486689]}},{"id":"2076","type":"Feature","properties":{"layer":0},"geometry":{"type":"Point","coordinates":[0.12382,51.496112]}},{"id":"2077","type":"Feature","properties":{"layer":0},"geometry":{"type":"Point","coordinates":[-0.144874,51.511264]}},{"id":"2078","type":"Feature","properties":{"layer":0},"geometry":{"type":"Point","coordinates":[0.117336,51.512387]}},{"id":"2079","type":"Feature","properties":{"layer":0},"geometry":{"type":"Point","coordinates":[-0.091359,51.439899]}},{"id":"2080","type":"Feature","properties":{"layer":0},"geometry":{"type":"Point","coordinates":[-0.199669,51.5181]}},{"id":"2081","type":"Feature","properties":{"layer":0},"geometry":{"type":"Point","coordinates":[-0.177572,51.567065]}},{"id":"2082","type":"Feature","properties":{"layer":0},"geometry":{"type":"Point","coordinates":[-0.07113,51.532824]}},{"id":"2083","type":"Feature","properties":{"layer":0},"geometry":{"type":"Point","coordinates":[-0.103388,51.51203]}},{"id":"2084","type":"Feature","properties":{"layer":0},"geometry":{"type":"Point","coordinates":[-0.07331,51.61481]}},{"id":"2085","type":"Feature","properties":{"layer":0},"geometry":{"type":"Point","coordinates":[-0.155703,51.512756]}},{"id":"2086","type":"Feature","properties":{"layer":0},"geometry":{"type":"Point","coordinates":[-0.049222,51.510064]}},{"id":"2087","type":"Feature","properties":{"layer":0},"geometry":{"type":"Point","coordinates":[-0.027053,51.485584]}},{"id":"2088","type":"Feature","properties":{"layer":0},"geometry":{"type":"Point","coordinates":[-0.053424,51.431869]}},{"id":"2089","type":"Feature","properties":{"layer":0},"geometry":{"type":"Point","coordinates":[-0.086191,51.425558]}},{"id":"2090","type":"Feature","properties":{"layer":0},"geometry":{"type":"Point","coordinates":[-0.140238,51.527807]}},{"id":"2091","type":"Feature","properties":{"layer":0},"geometry":{"type":"Point","coordinates":[-0.117477,51.581032]}},{"id":"2092","type":"Feature","properties":{"layer":0},"geometry":{"type":"Point","coordinates":[-0.025811,51.509893]}},{"id":"2093","type":"Feature","properties":{"layer":0},"geometry":{"type":"Point","coordinates":[-0.445072,51.532396]}},{"id":"2094","type":"Feature","properties":{"layer":0},"geometry":{"type":"Point","coordinates":[-0.102557,51.444283]}},{"id":"2095","type":"Feature","properties":{"layer":0},"geometry":{"type":"Point","coordinates":[-0.19512,51.524534]}},{"id":"2096","type":"Feature","properties":{"layer":0},"geometry":{"type":"Point","coordinates":[-0.145691,51.45874]}},{"id":"2097","type":"Feature","properties":{"layer":0},"geometry":{"type":"Point","coordinates":[-0.112126,51.518064]}},{"id":"2098","type":"Feature","properties":{"layer":0},"geometry":{"type":"Point","coordinates":[-0.118938,51.492689]}},{"id":"2099","type":"Feature","properties":{"layer":0},"geometry":{"type":"Point","coordinates":[-0.091157,51.525061]}},{"id":"2100","type":"Feature","properties":{"layer":0},"geometry":{"type":"Point","coordinates":[-0.035434,51.488995]}},{"id":"2101","type":"Feature","properties":{"layer":0},"geometry":{"type":"Point","coordinates":[-0.091732,51.505102]}},{"id":"2102","type":"Feature","properties":{"layer":0},"geometry":{"type":"Point","coordinates":[-0.089056,51.58742]}},{"id":"2103","type":"Feature","properties":{"layer":0},"geometry":{"type":"Point","coordinates":[-0.184741,51.48486]}},{"id":"2104","type":"Feature","properties":{"layer":0},"geometry":{"type":"Point","coordinates":[-0.173384,51.509723]}},{"id":"2105","type":"Feature","properties":{"layer":0},"geometry":{"type":"Point","coordinates":[-0.124514,51.389871]}},{"id":"2106","type":"Feature","properties":{"layer":0},"geometry":{"type":"Point","coordinates":[-0.180471,51.511729]}},{"id":"2107","type":"Feature","properties":{"layer":0},"geometry":{"type":"Point","coordinates":[-0.346055,51.565843]}},{"id":"2108","type":"Feature","properties":{"layer":0},"geometry":{"type":"Point","coordinates":[-0.137304,51.388322]}},{"id":"2109","type":"Feature","properties":{"layer":0},"geometry":{"type":"Point","coordinates":[-0.103021,51.516586]}},{"id":"2110","type":"Feature","properties":{"layer":0},"geometry":{"type":"Point","coordinates":[-0.185947,51.491679]}},{"id":"2111","type":"Feature","properties":{"layer":0},"geometry":{"type":"Point","coordinates":[-0.016825,51.401664]}},{"id":"2112","type":"Feature","properties":{"layer":0},"geometry":{"type":"Point","coordinates":[-0.226757,51.491907]}},{"id":"2113","type":"Feature","properties":{"layer":0},"geometry":{"type":"Point","coordinates":[-0.024901,51.550125]}},{"id":"2114","type":"Feature","properties":{"layer":0},"geometry":{"type":"Point","coordinates":[0.070478,51.477336]}},{"id":"2115","type":"Feature","properties":{"layer":0},"geometry":{"type":"Point","coordinates":[-0.116963,51.423334]}},{"id":"2116","type":"Feature","properties":{"layer":0},"geometry":{"type":"Point","coordinates":[-0.011434,51.580123]}},{"id":"2117","type":"Feature","properties":{"layer":0},"geometry":{"type":"Point","coordinates":[-0.166415,51.488707]}},{"id":"2118","type":"Feature","properties":{"layer":0},"geometry":{"type":"Point","coordinates":[-0.027376,51.47348]}},{"id":"2119","type":"Feature","properties":{"layer":0},"geometry":{"type":"Point","coordinates":[-0.051918,51.613889]}},{"id":"2120","type":"Feature","properties":{"layer":0},"geometry":{"type":"Point","coordinates":[-0.051629,51.534519]}},{"id":"2121","type":"Feature","properties":{"layer":0},"geometry":{"type":"Point","coordinates":[-0.165972,51.453461]}},{"id":"2122","type":"Feature","properties":{"layer":0},"geometry":{"type":"Point","coordinates":[-0.043026,51.406165]}},{"id":"2123","type":"Feature","properties":{"layer":0},"geometry":{"type":"Point","coordinates":[-0.192948,51.465585]}},{"id":"2124","type":"Feature","properties":{"layer":0},"geometry":{"type":"Point","coordinates":[-0.06915,51.496154]}},{"id":"2125","type":"Feature","properties":{"layer":0},"geometry":{"type":"Point","coordinates":[-0.080388,51.462786]}},{"id":"2126","type":"Feature","properties":{"layer":0},"geometry":{"type":"Point","coordinates":[-0.036463,51.388464]}},{"id":"2127","type":"Feature","properties":{"layer":0},"geometry":{"type":"Point","coordinates":[-0.081593,51.390708]}},{"id":"2128","type":"Feature","properties":{"layer":0},"geometry":{"type":"Point","coordinates":[-0.132447,51.545025]}},{"id":"2129","type":"Feature","properties":{"layer":0},"geometry":{"type":"Point","coordinates":[0.00039,51.390466]}},{"id":"2130","type":"Feature","properties":{"layer":0},"geometry":{"type":"Point","coordinates":[-0.007956,51.530867]}},{"id":"2131","type":"Feature","properties":{"layer":0},"geometry":{"type":"Point","coordinates":[-0.204292,51.56328]}},{"id":"2132","type":"Feature","properties":{"layer":0},"geometry":{"type":"Point","coordinates":[-0.203285,51.402204]}},{"id":"2133","type":"Feature","properties":{"layer":0},"geometry":{"type":"Point","coordinates":[-0.307167,51.567141]}},{"id":"2134","type":"Feature","properties":{"layer":0},"geometry":{"type":"Point","coordinates":[-0.092938,51.476086]}},{"id":"2135","type":"Feature","properties":{"layer":0},"geometry":{"type":"Point","coordinates":[0.034703,51.483127]}},{"id":"2136","type":"Feature","properties":{"layer":0},"geometry":{"type":"Point","coordinates":[-0.09719,51.372545]}},{"id":"2137","type":"Feature","properties":{"layer":0},"geometry":{"type":"Point","coordinates":[-0.034088,51.439065]}},{"id":"2138","type":"Feature","properties":{"layer":0},"geometry":{"type":"Point","coordinates":[-0.008016,51.457607]}},{"id":"2139","type":"Feature","properties":{"layer":0},"geometry":{"type":"Point","coordinates":[-0.120337,51.479812]}},{"id":"2140","type":"Feature","properties":{"layer":0},"geometry":{"type":"Point","coordinates":[-0.104001,51.522293]}},{"id":"2141","type":"Feature","properties":{"layer":0},"geometry":{"type":"Point","coordinates":[-0.098549,51.504939]}},{"id":"2142","type":"Feature","properties":{"layer":0},"geometry":{"type":"Point","coordinates":[-0.146701,51.4599]}},{"id":"2143","type":"Feature","properties":{"layer":0},"geometry":{"type":"Point","coordinates":[0.202225,51.546603]}},{"id":"2144","type":"Feature","properties":{"layer":0},"geometry":{"type":"Point","coordinates":[0.022197,51.488166]}},{"id":"2145","type":"Feature","properties":{"layer":0},"geometry":{"type":"Point","coordinates":[-0.094931,51.442796]}},{"id":"2146","type":"Feature","properties":{"layer":0},"geometry":{"type":"Point","coordinates":[-0.086827,51.569092]}},{"id":"2147","type":"Feature","properties":{"layer":0},"geometry":{"type":"Point","coordinates":[-0.167181,51.4484]}},{"id":"2148","type":"Feature","properties":{"layer":0},"geometry":{"type":"Point","coordinates":[-0.081091,51.418366]}},{"id":"2149","type":"Feature","properties":{"layer":0},"geometry":{"type":"Point","coordinates":[-0.014297,51.47226]}},{"id":"2150","type":"Feature","properties":{"layer":0},"geometry":{"type":"Point","coordinates":[-0.041648,51.442806]}},{"id":"2151","type":"Feature","properties":{"layer":0},"geometry":{"type":"Point","coordinates":[-0.104914,51.501122]}},{"id":"2152","type":"Feature","properties":{"layer":0},"geometry":{"type":"Point","coordinates":[-0.056246,51.555925]}},{"id":"2153","type":"Feature","properties":{"layer":0},"geometry":{"type":"Point","coordinates":[-0.118019,51.497429]}},{"id":"2154","type":"Feature","properties":{"layer":0},"geometry":{"type":"Point","coordinates":[-0.112937,51.363942]}},{"id":"2155","type":"Feature","properties":{"layer":0},"geometry":{"type":"Point","coordinates":[0.02556,51.467186]}},{"id":"2156","type":"Feature","properties":{"layer":0},"geometry":{"type":"Point","coordinates":[-0.08902,51.538198]}},{"id":"2157","type":"Feature","properties":{"layer":0},"geometry":{"type":"Point","coordinates":[0.071186,51.563426]}},{"id":"2158","type":"Feature","properties":{"layer":0},"geometry":{"type":"Point","coordinates":[-0.019808,51.368616]}},{"id":"2159","type":"Feature","properties":{"layer":0},"geometry":{"type":"Point","coordinates":[-0.061115,51.475015]}},{"id":"2160","type":"Feature","properties":{"layer":0},"geometry":{"type":"Point","coordinates":[-0.097853,51.437019]}},{"id":"2161","type":"Feature","properties":{"layer":0},"geometry":{"type":"Point","coordinates":[-0.109533,51.501565]}},{"id":"2162","type":"Feature","properties":{"layer":0},"geometry":{"type":"Point","coordinates":[-0.222619,51.517966]}},{"id":"2163","type":"Feature","properties":{"layer":0},"geometry":{"type":"Point","coordinates":[-0.152918,51.544165]}},{"id":"2164","type":"Feature","properties":{"layer":0},"geometry":{"type":"Point","coordinates":[-0.127694,51.464975]}},{"id":"2165","type":"Feature","properties":{"layer":0},"geometry":{"type":"Point","coordinates":[-0.11672,51.588912]}},{"id":"2166","type":"Feature","properties":{"layer":0},"geometry":{"type":"Point","coordinates":[-0.166304,51.528383]}},{"id":"2167","type":"Feature","properties":{"layer":0},"geometry":{"type":"Point","coordinates":[-0.067954,51.409958]}},{"id":"2168","type":"Feature","properties":{"layer":0},"geometry":{"type":"Point","coordinates":[-0.101954,51.477905]}},{"id":"2169","type":"Feature","properties":{"layer":0},"geometry":{"type":"Point","coordinates":[-0.050113,51.541702]}},{"id":"2170","type":"Feature","properties":{"layer":0},"geometry":{"type":"Point","coordinates":[-0.051861,51.490467]}},{"id":"2171","type":"Feature","properties":{"layer":0},"geometry":{"type":"Point","coordinates":[-0.013011,51.433002]}},{"id":"2172","type":"Feature","properties":{"layer":0},"geometry":{"type":"Point","coordinates":[-0.051654,51.47695]}},{"id":"2173","type":"Feature","properties":{"layer":0},"geometry":{"type":"Point","coordinates":[0.056292,51.447369]}},{"id":"2174","type":"Feature","properties":{"layer":0},"geometry":{"type":"Point","coordinates":[-0.096055,51.547576]}},{"id":"2175","type":"Feature","properties":{"layer":0},"geometry":{"type":"Point","coordinates":[-0.145205,51.459615]}},{"id":"2176","type":"Feature","properties":{"layer":0},"geometry":{"type":"Point","coordinates":[0.097726,51.375459]}},{"id":"2177","type":"Feature","properties":{"layer":0},"geometry":{"type":"Point","coordinates":[-0.108691,51.52687]}},{"id":"2178","type":"Feature","properties":{"layer":0},"geometry":{"type":"Point","coordinates":[-0.117011,51.520134]}},{"id":"2179","type":"Feature","properties":{"layer":0},"geometry":{"type":"Point","coordinates":[-0.217279,51.44019]}},{"id":"2180","type":"Feature","properties":{"layer":0},"geometry":{"type":"Point","coordinates":[0.01708,51.541221]}},{"id":"2181","type":"Feature","properties":{"layer":0},"geometry":{"type":"Point","coordinates":[-0.129704,51.532009]}},{"id":"2182","type":"Feature","properties":{"layer":0},"geometry":{"type":"Point","coordinates":[0.022949,51.357224]}},{"id":"2183","type":"Feature","properties":{"layer":0},"geometry":{"type":"Point","coordinates":[-0.047845,51.51314]}},{"id":"2184","type":"Feature","properties":{"layer":0},"geometry":{"type":"Point","coordinates":[-0.13896,51.550457]}},{"id":"2185","type":"Feature","properties":{"layer":0},"geometry":{"type":"Point","coordinates":[-0.042502,51.364214]}},{"id":"2186","type":"Feature","properties":{"layer":0},"geometry":{"type":"Point","coordinates":[-0.064838,51.463322]}},{"id":"2187","type":"Feature","properties":{"layer":0},"geometry":{"type":"Point","coordinates":[-0.062269,51.531145]}},{"id":"2188","type":"Feature","properties":{"layer":0},"geometry":{"type":"Point","coordinates":[-0.06884,51.504345]}},{"id":"2189","type":"Feature","properties":{"layer":0},"geometry":{"type":"Point","coordinates":[-0.122276,51.454919]}},{"id":"2190","type":"Feature","properties":{"layer":0},"geometry":{"type":"Point","coordinates":[-0.071166,51.45145]}},{"id":"2191","type":"Feature","properties":{"layer":0},"geometry":{"type":"Point","coordinates":[-0.129593,51.502061]}},{"id":"2192","type":"Feature","properties":{"layer":0},"geometry":{"type":"Point","coordinates":[-0.184934,51.516864]}},{"id":"2193","type":"Feature","properties":{"layer":0},"geometry":{"type":"Point","coordinates":[-0.044383,51.597666]}},{"id":"2194","type":"Feature","properties":{"layer":0},"geometry":{"type":"Point","coordinates":[0.073398,51.430657]}},{"id":"2195","type":"Feature","properties":{"layer":0},"geometry":{"type":"Point","coordinates":[-0.035625,51.53909]}},{"id":"2196","type":"Feature","properties":{"layer":0},"geometry":{"type":"Point","coordinates":[-0.073311,51.511415]}},{"id":"2197","type":"Feature","properties":{"layer":0},"geometry":{"type":"Point","coordinates":[-0.091456,51.381725]}},{"id":"2198","type":"Feature","properties":{"layer":0},"geometry":{"type":"Point","coordinates":[-0.395243,51.532118]}},{"id":"2199","type":"Feature","properties":{"layer":0},"geometry":{"type":"Point","coordinates":[0.015727,51.49283]}},{"id":"2200","type":"Feature","properties":{"layer":0},"geometry":{"type":"Point","coordinates":[-0.058576,51.409067]}},{"id":"2201","type":"Feature","properties":{"layer":0},"geometry":{"type":"Point","coordinates":[-0.004049,51.470197]}},{"id":"2202","type":"Feature","properties":{"layer":0},"geometry":{"type":"Point","coordinates":[-0.167649,51.531574]}},{"id":"2203","type":"Feature","properties":{"layer":0},"geometry":{"type":"Point","coordinates":[-0.12914,51.393094]}},{"id":"2204","type":"Feature","properties":{"layer":0},"geometry":{"type":"Point","coordinates":[-0.132673,51.348492]}},{"id":"2205","type":"Feature","properties":{"layer":0},"geometry":{"type":"Point","coordinates":[-0.181822,51.611023]}},{"id":"2206","type":"Feature","properties":{"layer":0},"geometry":{"type":"Point","coordinates":[-0.204953,51.389342]}},{"id":"2207","type":"Feature","properties":{"layer":0},"geometry":{"type":"Point","coordinates":[-0.064423,51.548906]}},{"id":"2208","type":"Feature","properties":{"layer":0},"geometry":{"type":"Point","coordinates":[-0.028453,51.57554]}},{"id":"2209","type":"Feature","properties":{"layer":0},"geometry":{"type":"Point","coordinates":[-0.088,51.517697]}},{"id":"2210","type":"Feature","properties":{"layer":0},"geometry":{"type":"Point","coordinates":[-0.113102,51.476067]}},{"id":"2211","type":"Feature","properties":{"layer":0},"geometry":{"type":"Point","coordinates":[-0.191851,51.516906]}},{"id":"2212","type":"Feature","properties":{"layer":0},"geometry":{"type":"Point","coordinates":[-0.109108,51.478228]}},{"id":"2213","type":"Feature","properties":{"layer":0},"geometry":{"type":"Point","coordinates":[-0.034874,51.38919]}},{"id":"2214","type":"Feature","properties":{"layer":0},"geometry":{"type":"Point","coordinates":[-0.160726,51.526306]}},{"id":"2215","type":"Feature","properties":{"layer":0},"geometry":{"type":"Point","coordinates":[-0.174678,51.427227]}},{"id":"2216","type":"Feature","properties":{"layer":0},"geometry":{"type":"Point","coordinates":[-0.032968,51.459163]}},{"id":"2217","type":"Feature","properties":{"layer":0},"geometry":{"type":"Point","coordinates":[-0.003143,51.574359]}},{"id":"2218","type":"Feature","properties":{"layer":0},"geometry":{"type":"Point","coordinates":[-0.19904,51.554398]}},{"id":"2219","type":"Feature","properties":{"layer":0},"geometry":{"type":"Point","coordinates":[-0.181967,51.538071]}},{"id":"2220","type":"Feature","properties":{"layer":0},"geometry":{"type":"Point","coordinates":[0.051005,51.503698]}},{"id":"2221","type":"Feature","properties":{"layer":0},"geometry":{"type":"Point","coordinates":[0.144682,51.448962]}},{"id":"2222","type":"Feature","properties":{"layer":0},"geometry":{"type":"Point","coordinates":[-0.079994,51.421615]}},{"id":"2223","type":"Feature","properties":{"layer":0},"geometry":{"type":"Point","coordinates":[-0.394059,51.442285]}},{"id":"2224","type":"Feature","properties":{"layer":0},"geometry":{"type":"Point","coordinates":[-0.074525,51.423638]}},{"id":"2225","type":"Feature","properties":{"layer":0},"geometry":{"type":"Point","coordinates":[-0.404887,51.474516]}},{"id":"2226","type":"Feature","properties":{"layer":0},"geometry":{"type":"Point","coordinates":[-0.083819,51.441965]}},{"id":"2227","type":"Feature","properties":{"layer":0},"geometry":{"type":"Point","coordinates":[-0.088304,51.456372]}},{"id":"2228","type":"Feature","properties":{"layer":0},"geometry":{"type":"Point","coordinates":[-0.473143,51.545957]}},{"id":"2229","type":"Feature","properties":{"layer":0},"geometry":{"type":"Point","coordinates":[-0.094951,51.564746]}},{"id":"2230","type":"Feature","properties":{"layer":0},"geometry":{"type":"Point","coordinates":[-0.44793,51.570358]}},{"id":"2231","type":"Feature","properties":{"layer":0},"geometry":{"type":"Point","coordinates":[0.091542,51.531898]}},{"id":"2232","type":"Feature","properties":{"layer":0},"geometry":{"type":"Point","coordinates":[-0.149734,51.500322]}},{"id":"2233","type":"Feature","properties":{"layer":0},"geometry":{"type":"Point","coordinates":[-0.189052,51.371064]}},{"id":"2234","type":"Feature","properties":{"layer":0},"geometry":{"type":"Point","coordinates":[-0.116802,51.471202]}},{"id":"2235","type":"Feature","properties":{"layer":0},"geometry":{"type":"Point","coordinates":[-0.059632,51.426455]}},{"id":"2236","type":"Feature","properties":{"layer":0},"geometry":{"type":"Point","coordinates":[-0.205776,51.505842]}},{"id":"2237","type":"Feature","properties":{"layer":0},"geometry":{"type":"Point","coordinates":[-0.076153,51.490742]}},{"id":"2238","type":"Feature","properties":{"layer":0},"geometry":{"type":"Point","coordinates":[-0.014584,51.461385]}},{"id":"2239","type":"Feature","properties":{"layer":0},"geometry":{"type":"Point","coordinates":[-0.087311,51.43558]}},{"id":"2240","type":"Feature","properties":{"layer":0},"geometry":{"type":"Point","coordinates":[-0.048574,51.482615]}},{"id":"2241","type":"Feature","properties":{"layer":0},"geometry":{"type":"Point","coordinates":[-0.085114,51.398896]}},{"id":"2242","type":"Feature","properties":{"layer":0},"geometry":{"type":"Point","coordinates":[0.004876,51.424149]}},{"id":"2243","type":"Feature","properties":{"layer":0},"geometry":{"type":"Point","coordinates":[-0.054236,51.551197]}},{"id":"2244","type":"Feature","properties":{"layer":0},"geometry":{"type":"Point","coordinates":[-0.1758,51.460732]}},{"id":"2245","type":"Feature","properties":{"layer":0},"geometry":{"type":"Point","coordinates":[0.176954,51.520717]}},{"id":"2246","type":"Feature","properties":{"layer":0},"geometry":{"type":"Point","coordinates":[0.114339,51.446655]}},{"id":"2247","type":"Feature","properties":{"layer":0},"geometry":{"type":"Point","coordinates":[-0.152646,51.419553]}},{"id":"2248","type":"Feature","properties":{"layer":0},"geometry":{"type":"Point","coordinates":[0.154462,51.598678]}},{"id":"2249","type":"Feature","properties":{"layer":0},"geometry":{"type":"Point","coordinates":[-0.017541,51.617701]}},{"id":"2250","type":"Feature","properties":{"layer":0},"geometry":{"type":"Point","coordinates":[-0.252076,51.521773]}},{"id":"2251","type":"Feature","properties":{"layer":0},"geometry":{"type":"Point","coordinates":[-0.085909,51.497872]}},{"id":"2252","type":"Feature","properties":{"layer":0},"geometry":{"type":"Point","coordinates":[-0.06776,51.480247]}},{"id":"2253","type":"Feature","properties":{"layer":0},"geometry":{"type":"Point","coordinates":[-0.052386,51.499836]}},{"id":"2254","type":"Feature","properties":{"layer":0},"geometry":{"type":"Point","coordinates":[-0.093089,51.491459]}},{"id":"2255","type":"Feature","properties":{"layer":0},"geometry":{"type":"Point","coordinates":[0.005266,51.576996]}},{"id":"2256","type":"Feature","properties":{"layer":0},"geometry":{"type":"Point","coordinates":[-0.187607,51.542593]}},{"id":"2257","type":"Feature","properties":{"layer":0},"geometry":{"type":"Point","coordinates":[-0.147027,51.413815]}},{"id":"2258","type":"Feature","properties":{"layer":0},"geometry":{"type":"Point","coordinates":[-0.10924,51.421509]}},{"id":"2259","type":"Feature","properties":{"layer":0},"geometry":{"type":"Point","coordinates":[-0.203002,51.410407]}},{"id":"2260","type":"Feature","properties":{"layer":0},"geometry":{"type":"Point","coordinates":[0.007305,51.497161]}},{"id":"2261","type":"Feature","properties":{"layer":0},"geometry":{"type":"Point","coordinates":[-0.415269,51.530508]}},{"id":"2262","type":"Feature","properties":{"layer":0},"geometry":{"type":"Point","coordinates":[-0.13093,51.457896]}},{"id":"2263","type":"Feature","properties":{"layer":0},"geometry":{"type":"Point","coordinates":[-0.134221,51.40736]}},{"id":"2264","type":"Feature","properties":{"layer":0},"geometry":{"type":"Point","coordinates":[0.055826,51.37736]}},{"id":"2265","type":"Feature","properties":{"layer":0},"geometry":{"type":"Point","coordinates":[-0.078274,51.551074]}},{"id":"2266","type":"Feature","properties":{"layer":0},"geometry":{"type":"Point","coordinates":[-0.117197,51.389706]}},{"id":"2267","type":"Feature","properties":{"layer":0},"geometry":{"type":"Point","coordinates":[-0.050032,51.644632]}},{"id":"2268","type":"Feature","properties":{"layer":0},"geometry":{"type":"Point","coordinates":[-0.106426,51.541985]}},{"id":"2269","type":"Feature","properties":{"layer":0},"geometry":{"type":"Point","coordinates":[-0.01918,51.362775]}},{"id":"2270","type":"Feature","properties":{"layer":0},"geometry":{"type":"Point","coordinates":[-0.017,51.571124]}},{"id":"2271","type":"Feature","properties":{"layer":0},"geometry":{"type":"Point","coordinates":[0.005468,51.511769]}},{"id":"2272","type":"Feature","properties":{"layer":0},"geometry":{"type":"Point","coordinates":[0.005004,51.488395]}},{"id":"2273","type":"Feature","properties":{"layer":0},"geometry":{"type":"Point","coordinates":[-0.420662,51.524254]}},{"id":"2274","type":"Feature","properties":{"layer":0},"geometry":{"type":"Point","coordinates":[-0.124443,51.299094]}},{"id":"2275","type":"Feature","properties":{"layer":0},"geometry":{"type":"Point","coordinates":[-0.075201,51.497587]}},{"id":"2276","type":"Feature","properties":{"layer":0},"geometry":{"type":"Point","coordinates":[-0.02695,51.540536]}},{"id":"2277","type":"Feature","properties":{"layer":0},"geometry":{"type":"Point","coordinates":[-0.025142,51.569459]}},{"id":"2278","type":"Feature","properties":{"layer":0},"geometry":{"type":"Point","coordinates":[-0.024222,51.513721]}},{"id":"2279","type":"Feature","properties":{"layer":0},"geometry":{"type":"Point","coordinates":[-0.083119,51.411843]}},{"id":"2280","type":"Feature","properties":{"layer":0},"geometry":{"type":"Point","coordinates":[-0.081408,51.474739]}},{"id":"2281","type":"Feature","properties":{"layer":0},"geometry":{"type":"Point","coordinates":[-0.027752,51.40608]}},{"id":"2282","type":"Feature","properties":{"layer":0},"geometry":{"type":"Point","coordinates":[-0.051798,51.574611]}},{"id":"2283","type":"Feature","properties":{"layer":0},"geometry":{"type":"Point","coordinates":[-0.107527,51.550585]}},{"id":"2284","type":"Feature","properties":{"layer":0},"geometry":{"type":"Point","coordinates":[-0.053538,51.44107]}},{"id":"2285","type":"Feature","properties":{"layer":0},"geometry":{"type":"Point","coordinates":[0.067913,51.427044]}},{"id":"2286","type":"Feature","properties":{"layer":0},"geometry":{"type":"Point","coordinates":[-0.01982,51.465382]}},{"id":"2287","type":"Feature","properties":{"layer":0},"geometry":{"type":"Point","coordinates":[-0.208629,51.413126]}},{"id":"2288","type":"Feature","properties":{"layer":0},"geometry":{"type":"Point","coordinates":[-0.108585,51.535582]}},{"id":"2289","type":"Feature","properties":{"layer":0},"geometry":{"type":"Point","coordinates":[0.21563,51.583196]}},{"id":"2290","type":"Feature","properties":{"layer":0},"geometry":{"type":"Point","coordinates":[-0.13352,51.431224]}},{"id":"2291","type":"Feature","properties":{"layer":0},"geometry":{"type":"Point","coordinates":[-0.159927,51.489849]}},{"id":"2292","type":"Feature","properties":{"layer":0},"geometry":{"type":"Point","coordinates":[0.023535,51.523516]}},{"id":"2293","type":"Feature","properties":{"layer":0},"geometry":{"type":"Point","coordinates":[-0.221226,51.453224]}},{"id":"2294","type":"Feature","properties":{"layer":0},"geometry":{"type":"Point","coordinates":[-0.04972,51.542583]}},{"id":"2295","type":"Feature","properties":{"layer":0},"geometry":{"type":"Point","coordinates":[-0.089369,51.548915]}},{"id":"2296","type":"Feature","properties":{"layer":0},"geometry":{"type":"Point","coordinates":[-0.104493,51.49186]}},{"id":"2297","type":"Feature","properties":{"layer":0},"geometry":{"type":"Point","coordinates":[-0.147113,51.494524]}},{"id":"2298","type":"Feature","properties":{"layer":0},"geometry":{"type":"Point","coordinates":[-0.129298,51.570852]}},{"id":"2299","type":"Feature","properties":{"layer":0},"geometry":{"type":"Point","coordinates":[-0.116977,51.497938]}},{"id":"2300","type":"Feature","properties":{"layer":0},"geometry":{"type":"Point","coordinates":[-0.019176,51.577601]}},{"id":"2301","type":"Feature","properties":{"layer":0},"geometry":{"type":"Point","coordinates":[-0.139209,51.448928]}},{"id":"2302","type":"Feature","properties":{"layer":0},"geometry":{"type":"Point","coordinates":[0.144963,51.534183]}},{"id":"2303","type":"Feature","properties":{"layer":0},"geometry":{"type":"Point","coordinates":[-0.059658,51.535168]}},{"id":"2304","type":"Feature","properties":{"layer":0},"geometry":{"type":"Point","coordinates":[0.12598,51.523517]}},{"id":"2305","type":"Feature","properties":{"layer":0},"geometry":{"type":"Point","coordinates":[-0.209456,51.413004]}},{"id":"2306","type":"Feature","properties":{"layer":0},"geometry":{"type":"Point","coordinates":[0.026022,51.433811]}},{"id":"2307","type":"Feature","properties":{"layer":0},"geometry":{"type":"Point","coordinates":[-0.213306,51.482646]}},{"id":"2308","type":"Feature","properties":{"layer":0},"geometry":{"type":"Point","coordinates":[-0.164976,51.457933]}},{"id":"2309","type":"Feature","properties":{"layer":0},"geometry":{"type":"Point","coordinates":[-0.201869,51.524628]}},{"id":"2310","type":"Feature","properties":{"layer":0},"geometry":{"type":"Point","coordinates":[-0.059497,51.469348]}},{"id":"2311","type":"Feature","properties":{"layer":0},"geometry":{"type":"Point","coordinates":[-0.110876,51.505023]}},{"id":"2312","type":"Feature","properties":{"layer":0},"geometry":{"type":"Point","coordinates":[-0.024383,51.539206]}},{"id":"2313","type":"Feature","properties":{"layer":0},"geometry":{"type":"Point","coordinates":[0.016664,51.578322]}},{"id":"2314","type":"Feature","properties":{"layer":0},"geometry":{"type":"Point","coordinates":[-0.052042,51.526004]}},{"id":"2315","type":"Feature","properties":{"layer":0},"geometry":{"type":"Point","coordinates":[-0.127299,51.496571]}},{"id":"2316","type":"Feature","properties":{"layer":0},"geometry":{"type":"Point","coordinates":[-0.138714,51.541077]}},{"id":"2317","type":"Feature","properties":{"layer":0},"geometry":{"type":"Point","coordinates":[-0.104509,51.388706]}},{"id":"2318","type":"Feature","properties":{"layer":0},"geometry":{"type":"Point","coordinates":[0.017235,51.45274]}},{"id":"2319","type":"Feature","properties":{"layer":0},"geometry":{"type":"Point","coordinates":[-0.082892,51.479402]}},{"id":"2320","type":"Feature","properties":{"layer":0},"geometry":{"type":"Point","coordinates":[-0.111647,51.556998]}},{"id":"2321","type":"Feature","properties":{"layer":0},"geometry":{"type":"Point","coordinates":[0.017893,51.522418]}},{"id":"2322","type":"Feature","properties":{"layer":0},"geometry":{"type":"Point","coordinates":[-0.131378,51.486506]}},{"id":"2323","type":"Feature","properties":{"layer":0},"geometry":{"type":"Point","coordinates":[-0.079969,51.438959]}},{"id":"2324","type":"Feature","properties":{"layer":0},"geometry":{"type":"Point","coordinates":[-0.063582,51.489065]}},{"id":"2325","type":"Feature","properties":{"layer":0},"geometry":{"type":"Point","coordinates":[0.139873,51.443127]}},{"id":"2326","type":"Feature","properties":{"layer":0},"geometry":{"type":"Point","coordinates":[-0.119995,51.507697]}},{"id":"2327","type":"Feature","properties":{"layer":0},"geometry":{"type":"Point","coordinates":[-0.123553,51.428921]}},{"id":"2328","type":"Feature","properties":{"layer":0},"geometry":{"type":"Point","coordinates":[-0.15241,51.479839]}},{"id":"2329","type":"Feature","properties":{"layer":0},"geometry":{"type":"Point","coordinates":[-0.102344,51.581151]}},{"id":"2330","type":"Feature","properties":{"layer":0},"geometry":{"type":"Point","coordinates":[-0.033789,51.54053]}},{"id":"2331","type":"Feature","properties":{"layer":0},"geometry":{"type":"Point","coordinates":[-0.024305,51.499296]}},{"id":"2332","type":"Feature","properties":{"layer":0},"geometry":{"type":"Point","coordinates":[-0.08474,51.442592]}},{"id":"2333","type":"Feature","properties":{"layer":0},"geometry":{"type":"Point","coordinates":[-0.285987,51.468907]}},{"id":"2334","type":"Feature","properties":{"layer":0},"geometry":{"type":"Point","coordinates":[-0.118028,51.477499]}},{"id":"2335","type":"Feature","properties":{"layer":0},"geometry":{"type":"Point","coordinates":[-0.067824,51.502169]}},{"id":"2336","type":"Feature","properties":{"layer":0},"geometry":{"type":"Point","coordinates":[0.069048,51.435557]}},{"id":"2337","type":"Feature","properties":{"layer":0},"geometry":{"type":"Point","coordinates":[-0.056053,51.576268]}},{"id":"2338","type":"Feature","properties":{"layer":0},"geometry":{"type":"Point","coordinates":[-0.170539,51.453227]}},{"id":"2339","type":"Feature","properties":{"layer":0},"geometry":{"type":"Point","coordinates":[-0.071228,51.53561]}},{"id":"2340","type":"Feature","properties":{"layer":0},"geometry":{"type":"Point","coordinates":[-0.220468,51.483288]}},{"id":"2341","type":"Feature","properties":{"layer":0},"geometry":{"type":"Point","coordinates":[-0.227137,51.498516]}},{"id":"2342","type":"Feature","properties":{"layer":0},"geometry":{"type":"Point","coordinates":[-0.105867,51.468923]}},{"id":"2343","type":"Feature","properties":{"layer":0},"geometry":{"type":"Point","coordinates":[-0.126628,51.588562]}},{"id":"2344","type":"Feature","properties":{"layer":0},"geometry":{"type":"Point","coordinates":[-0.092142,51.462918]}},{"id":"2345","type":"Feature","properties":{"layer":0},"geometry":{"type":"Point","coordinates":[0.043036,51.471247]}},{"id":"2346","type":"Feature","properties":{"layer":0},"geometry":{"type":"Point","coordinates":[-0.04299,51.479079]}},{"id":"2347","type":"Feature","properties":{"layer":0},"geometry":{"type":"Point","coordinates":[-0.165066,51.508974]}},{"id":"2348","type":"Feature","properties":{"layer":0},"geometry":{"type":"Point","coordinates":[-0.211274,51.492749]}},{"id":"2349","type":"Feature","properties":{"layer":0},"geometry":{"type":"Point","coordinates":[-0.059989,51.465639]}},{"id":"2350","type":"Feature","properties":{"layer":0},"geometry":{"type":"Point","coordinates":[-0.234522,51.588793]}},{"id":"2351","type":"Feature","properties":{"layer":0},"geometry":{"type":"Point","coordinates":[-0.009119,51.464868]}},{"id":"2352","type":"Feature","properties":{"layer":0},"geometry":{"type":"Point","coordinates":[-0.114138,51.378731]}},{"id":"2353","type":"Feature","properties":{"layer":0},"geometry":{"type":"Point","coordinates":[0.037923,51.522337]}},{"id":"2354","type":"Feature","properties":{"layer":0},"geometry":{"type":"Point","coordinates":[-0.049614,51.491419]}},{"id":"2355","type":"Feature","properties":{"layer":0},"geometry":{"type":"Point","coordinates":[-0.019924,51.463705]}},{"id":"2356","type":"Feature","properties":{"layer":0},"geometry":{"type":"Point","coordinates":[-0.09338,51.4931]}},{"id":"2357","type":"Feature","properties":{"layer":0},"geometry":{"type":"Point","coordinates":[-0.097639,51.487059]}},{"id":"2358","type":"Feature","properties":{"layer":0},"geometry":{"type":"Point","coordinates":[0.00746,51.463567]}},{"id":"2359","type":"Feature","properties":{"layer":0},"geometry":{"type":"Point","coordinates":[-0.113757,51.461803]}},{"id":"2360","type":"Feature","properties":{"layer":0},"geometry":{"type":"Point","coordinates":[-0.055997,51.504301]}},{"id":"2361","type":"Feature","properties":{"layer":0},"geometry":{"type":"Point","coordinates":[-0.247479,51.582998]}},{"id":"2362","type":"Feature","properties":{"layer":0},"geometry":{"type":"Point","coordinates":[-0.436016,51.51302]}},{"id":"2363","type":"Feature","properties":{"layer":0},"geometry":{"type":"Point","coordinates":[-0.100029,51.496624]}},{"id":"2364","type":"Feature","properties":{"layer":0},"geometry":{"type":"Point","coordinates":[-0.203848,51.447037]}},{"id":"2365","type":"Feature","properties":{"layer":0},"geometry":{"type":"Point","coordinates":[-0.12422,51.461209]}},{"id":"2366","type":"Feature","properties":{"layer":0},"geometry":{"type":"Point","coordinates":[-0.132061,51.555134]}},{"id":"2367","type":"Feature","properties":{"layer":0},"geometry":{"type":"Point","coordinates":[-0.162011,51.415633]}},{"id":"2368","type":"Feature","properties":{"layer":0},"geometry":{"type":"Point","coordinates":[-0.058424,51.517552]}},{"id":"2369","type":"Feature","properties":{"layer":0},"geometry":{"type":"Point","coordinates":[-0.11816,51.427131]}},{"id":"2370","type":"Feature","properties":{"layer":0},"geometry":{"type":"Point","coordinates":[-0.089823,51.574154]}},{"id":"2371","type":"Feature","properties":{"layer":0},"geometry":{"type":"Point","coordinates":[-0.117423,51.489026]}},{"id":"2372","type":"Feature","properties":{"layer":0},"geometry":{"type":"Point","coordinates":[-0.203045,51.455154]}},{"id":"2373","type":"Feature","properties":{"layer":0},"geometry":{"type":"Point","coordinates":[-0.097353,51.510143]}},{"id":"2374","type":"Feature","properties":{"layer":0},"geometry":{"type":"Point","coordinates":[-0.127897,51.502311]}},{"id":"2375","type":"Feature","properties":{"layer":0},"geometry":{"type":"Point","coordinates":[-0.161525,51.516718]}},{"id":"2376","type":"Feature","properties":{"layer":0},"geometry":{"type":"Point","coordinates":[-0.058809,51.32638]}},{"id":"2377","type":"Feature","properties":{"layer":0},"geometry":{"type":"Point","coordinates":[-0.198234,51.354907]}},{"id":"2378","type":"Feature","properties":{"layer":0},"geometry":{"type":"Point","coordinates":[-0.101431,51.551407]}},{"id":"2379","type":"Feature","properties":{"layer":0},"geometry":{"type":"Point","coordinates":[-0.026981,51.531965]}},{"id":"2380","type":"Feature","properties":{"layer":0},"geometry":{"type":"Point","coordinates":[-0.14817,51.464342]}},{"id":"2381","type":"Feature","properties":{"layer":0},"geometry":{"type":"Point","coordinates":[-0.121857,51.453692]}},{"id":"2382","type":"Feature","properties":{"layer":0},"geometry":{"type":"Point","coordinates":[-0.045864,51.505417]}},{"id":"2383","type":"Feature","properties":{"layer":0},"geometry":{"type":"Point","coordinates":[-0.036238,51.564016]}},{"id":"2384","type":"Feature","properties":{"layer":0},"geometry":{"type":"Point","coordinates":[-0.071603,51.58918]}},{"id":"2385","type":"Feature","properties":{"layer":0},"geometry":{"type":"Point","coordinates":[-0.220127,51.473482]}},{"id":"2386","type":"Feature","properties":{"layer":0},"geometry":{"type":"Point","coordinates":[-0.069722,51.46324]}},{"id":"2387","type":"Feature","properties":{"layer":0},"geometry":{"type":"Point","coordinates":[-0.1136,51.4396]}},{"id":"2388","type":"Feature","properties":{"layer":0},"geometry":{"type":"Point","coordinates":[-0.015997,51.450613]}},{"id":"2389","type":"Feature","properties":{"layer":0},"geometry":{"type":"Point","coordinates":[-0.133536,51.530367]}},{"id":"2390","type":"Feature","properties":{"layer":0},"geometry":{"type":"Point","coordinates":[0.098656,51.376505]}},{"id":"2391","type":"Feature","properties":{"layer":0},"geometry":{"type":"Point","coordinates":[-0.108934,51.467262]}},{"id":"2392","type":"Feature","properties":{"layer":0},"geometry":{"type":"Point","coordinates":[-0.174092,51.65145]}},{"id":"2393","type":"Feature","properties":{"layer":0},"geometry":{"type":"Point","coordinates":[-0.09962,51.428721]}},{"id":"2394","type":"Feature","properties":{"layer":0},"geometry":{"type":"Point","coordinates":[-0.405344,51.589038]}},{"id":"2395","type":"Feature","properties":{"layer":0},"geometry":{"type":"Point","coordinates":[-0.059217,51.570215]}},{"id":"2396","type":"Feature","properties":{"layer":0},"geometry":{"type":"Point","coordinates":[-0.019874,51.526596]}},{"id":"2397","type":"Feature","properties":{"layer":0},"geometry":{"type":"Point","coordinates":[-0.044079,51.530297]}},{"id":"2398","type":"Feature","properties":{"layer":0},"geometry":{"type":"Point","coordinates":[-0.003914,51.414759]}},{"id":"2399","type":"Feature","properties":{"layer":0},"geometry":{"type":"Point","coordinates":[0.222039,51.596796]}},{"id":"2400","type":"Feature","properties":{"layer":0},"geometry":{"type":"Point","coordinates":[0.087208,51.33676]}},{"id":"2401","type":"Feature","properties":{"layer":0},"geometry":{"type":"Point","coordinates":[-0.005956,51.505329]}},{"id":"2402","type":"Feature","properties":{"layer":0},"geometry":{"type":"Point","coordinates":[-0.143616,51.445449]}},{"id":"2403","type":"Feature","properties":{"layer":0},"geometry":{"type":"Point","coordinates":[0.007116,51.420022]}},{"id":"2404","type":"Feature","properties":{"layer":0},"geometry":{"type":"Point","coordinates":[-0.103909,51.538664]}},{"id":"2405","type":"Feature","properties":{"layer":0},"geometry":{"type":"Point","coordinates":[-0.103233,51.504811]}},{"id":"2406","type":"Feature","properties":{"layer":0},"geometry":{"type":"Point","coordinates":[-0.044906,51.52943]}},{"id":"2407","type":"Feature","properties":{"layer":0},"geometry":{"type":"Point","coordinates":[-0.124538,51.484171]}},{"id":"2408","type":"Feature","properties":{"layer":0},"geometry":{"type":"Point","coordinates":[-0.079121,51.584347]}},{"id":"2409","type":"Feature","properties":{"layer":0},"geometry":{"type":"Point","coordinates":[-0.182999,51.504585]}},{"id":"2410","type":"Feature","properties":{"layer":0},"geometry":{"type":"Point","coordinates":[-0.012506,51.535354]}},{"id":"2411","type":"Feature","properties":{"layer":0},"geometry":{"type":"Point","coordinates":[-0.131366,51.47841]}},{"id":"2412","type":"Feature","properties":{"layer":0},"geometry":{"type":"Point","coordinates":[-0.094705,51.524998]}},{"id":"2413","type":"Feature","properties":{"layer":0},"geometry":{"type":"Point","coordinates":[-0.230262,51.649452]}},{"id":"2414","type":"Feature","properties":{"layer":0},"geometry":{"type":"Point","coordinates":[-0.133012,51.414632]}},{"id":"2415","type":"Feature","properties":{"layer":0},"geometry":{"type":"Point","coordinates":[-0.116791,51.469003]}},{"id":"2416","type":"Feature","properties":{"layer":0},"geometry":{"type":"Point","coordinates":[-0.086494,51.444912]}},{"id":"2417","type":"Feature","properties":{"layer":0},"geometry":{"type":"Point","coordinates":[-0.000008,51.431665]}},{"id":"2418","type":"Feature","properties":{"layer":0},"geometry":{"type":"Point","coordinates":[-0.131401,51.543025]}},{"id":"2419","type":"Feature","properties":{"layer":0},"geometry":{"type":"Point","coordinates":[0.116918,51.511773]}},{"id":"2420","type":"Feature","properties":{"layer":0},"geometry":{"type":"Point","coordinates":[-0.195959,51.52538]}},{"id":"2421","type":"Feature","properties":{"layer":0},"geometry":{"type":"Point","coordinates":[-0.261423,51.388939]}},{"id":"2422","type":"Feature","properties":{"layer":0},"geometry":{"type":"Point","coordinates":[-0.079423,51.597215]}},{"id":"2423","type":"Feature","properties":{"layer":0},"geometry":{"type":"Point","coordinates":[-0.048035,51.413662]}},{"id":"2424","type":"Feature","properties":{"layer":0},"geometry":{"type":"Point","coordinates":[0.001111,51.59413]}},{"id":"2425","type":"Feature","properties":{"layer":0},"geometry":{"type":"Point","coordinates":[-0.023667,51.534017]}},{"id":"2426","type":"Feature","properties":{"layer":0},"geometry":{"type":"Point","coordinates":[-0.023091,51.472668]}},{"id":"2427","type":"Feature","properties":{"layer":0},"geometry":{"type":"Point","coordinates":[0.180877,51.500357]}},{"id":"2428","type":"Feature","properties":{"layer":0},"geometry":{"type":"Point","coordinates":[-0.094426,51.645855]}},{"id":"2429","type":"Feature","properties":{"layer":0},"geometry":{"type":"Point","coordinates":[-0.041787,51.634239]}},{"id":"2430","type":"Feature","properties":{"layer":0},"geometry":{"type":"Point","coordinates":[0.243113,51.555849]}},{"id":"2431","type":"Feature","properties":{"layer":0},"geometry":{"type":"Point","coordinates":[-0.077701,51.572779]}},{"id":"2432","type":"Feature","properties":{"layer":0},"geometry":{"type":"Point","coordinates":[-0.122083,51.521358]}},{"id":"2433","type":"Feature","properties":{"layer":0},"geometry":{"type":"Point","coordinates":[-0.048652,51.469352]}},{"id":"2434","type":"Feature","properties":{"layer":0},"geometry":{"type":"Point","coordinates":[-0.002843,51.533824]}},{"id":"2435","type":"Feature","properties":{"layer":0},"geometry":{"type":"Point","coordinates":[-0.179288,51.464225]}},{"id":"2436","type":"Feature","properties":{"layer":0},"geometry":{"type":"Point","coordinates":[-0.09049,51.48765]}},{"id":"2437","type":"Feature","properties":{"layer":0},"geometry":{"type":"Point","coordinates":[-0.048919,51.400156]}},{"id":"2438","type":"Feature","properties":{"layer":0},"geometry":{"type":"Point","coordinates":[-0.149473,51.480366]}},{"id":"2439","type":"Feature","properties":{"layer":0},"geometry":{"type":"Point","coordinates":[-0.029775,51.495603]}},{"id":"2440","type":"Feature","properties":{"layer":0},"geometry":{"type":"Point","coordinates":[-0.105269,51.447786]}},{"id":"2441","type":"Feature","properties":{"layer":0},"geometry":{"type":"Point","coordinates":[-0.046338,51.499942]}},{"id":"2442","type":"Feature","properties":{"layer":0},"geometry":{"type":"Point","coordinates":[-0.115958,51.521105]}},{"id":"2443","type":"Feature","properties":{"layer":0},"geometry":{"type":"Point","coordinates":[-0.074509,51.387711]}},{"id":"2444","type":"Feature","properties":{"layer":0},"geometry":{"type":"Point","coordinates":[-0.132777,51.4941]}},{"id":"2445","type":"Feature","properties":{"layer":0},"geometry":{"type":"Point","coordinates":[-0.044728,51.485526]}},{"id":"2446","type":"Feature","properties":{"layer":0},"geometry":{"type":"Point","coordinates":[-0.135071,51.384655]}},{"id":"2447","type":"Feature","properties":{"layer":0},"geometry":{"type":"Point","coordinates":[0.184981,51.498383]}},{"id":"2448","type":"Feature","properties":{"layer":0},"geometry":{"type":"Point","coordinates":[-0.207616,51.52483]}},{"id":"2449","type":"Feature","properties":{"layer":0},"geometry":{"type":"Point","coordinates":[-0.036005,51.530998]}},{"id":"2450","type":"Feature","properties":{"layer":0},"geometry":{"type":"Point","coordinates":[-0.17334,51.512908]}},{"id":"2451","type":"Feature","properties":{"layer":0},"geometry":{"type":"Point","coordinates":[0.021607,51.45579]}},{"id":"2452","type":"Feature","properties":{"layer":0},"geometry":{"type":"Point","coordinates":[-0.143491,51.466736]}},{"id":"2453","type":"Feature","properties":{"layer":0},"geometry":{"type":"Point","coordinates":[-0.180521,51.56674]}},{"id":"2454","type":"Feature","properties":{"layer":0},"geometry":{"type":"Point","coordinates":[-0.088696,51.429318]}},{"id":"2455","type":"Feature","properties":{"layer":0},"geometry":{"type":"Point","coordinates":[-0.049039,51.651319]}},{"id":"2456","type":"Feature","properties":{"layer":0},"geometry":{"type":"Point","coordinates":[-0.156001,51.510882]}},{"id":"2457","type":"Feature","properties":{"layer":0},"geometry":{"type":"Point","coordinates":[-0.330008,51.535743]}},{"id":"2458","type":"Feature","properties":{"layer":0},"geometry":{"type":"Point","coordinates":[-0.092413,51.470401]}},{"id":"2459","type":"Feature","properties":{"layer":0},"geometry":{"type":"Point","coordinates":[-0.212062,51.350233]}},{"id":"2460","type":"Feature","properties":{"layer":0},"geometry":{"type":"Point","coordinates":[-0.152211,51.48102]}},{"id":"2461","type":"Feature","properties":{"layer":0},"geometry":{"type":"Point","coordinates":[-0.112778,51.494868]}},{"id":"2462","type":"Feature","properties":{"layer":0},"geometry":{"type":"Point","coordinates":[-0.043101,51.562831]}},{"id":"2463","type":"Feature","properties":{"layer":0},"geometry":{"type":"Point","coordinates":[-0.120366,51.514841]}},{"id":"2464","type":"Feature","properties":{"layer":0},"geometry":{"type":"Point","coordinates":[-0.097625,51.648976]}},{"id":"2465","type":"Feature","properties":{"layer":0},"geometry":{"type":"Point","coordinates":[0.166301,51.547586]}},{"id":"2466","type":"Feature","properties":{"layer":0},"geometry":{"type":"Point","coordinates":[-0.133668,51.472041]}},{"id":"2467","type":"Feature","properties":{"layer":0},"geometry":{"type":"Point","coordinates":[-0.423766,51.61042]}},{"id":"2468","type":"Feature","properties":{"layer":0},"geometry":{"type":"Point","coordinates":[0.001472,51.444222]}},{"id":"2469","type":"Feature","properties":{"layer":0},"geometry":{"type":"Point","coordinates":[0.001063,51.435382]}},{"id":"2470","type":"Feature","properties":{"layer":0},"geometry":{"type":"Point","coordinates":[-0.142347,51.532191]}},{"id":"2471","type":"Feature","properties":{"layer":0},"geometry":{"type":"Point","coordinates":[-0.167541,51.649429]}},{"id":"2472","type":"Feature","properties":{"layer":0},"geometry":{"type":"Point","coordinates":[-0.088855,51.571124]}},{"id":"2473","type":"Feature","properties":{"layer":0},"geometry":{"type":"Point","coordinates":[-0.069131,51.471757]}},{"id":"2474","type":"Feature","properties":{"layer":0},"geometry":{"type":"Point","coordinates":[-0.026125,51.468619]}},{"id":"2475","type":"Feature","properties":{"layer":0},"geometry":{"type":"Point","coordinates":[-0.153667,51.564389]}},{"id":"2476","type":"Feature","properties":{"layer":0},"geometry":{"type":"Point","coordinates":[-0.035693,51.549207]}},{"id":"2477","type":"Feature","properties":{"layer":0},"geometry":{"type":"Point","coordinates":[0.190073,51.45524]}},{"id":"2478","type":"Feature","properties":{"layer":0},"geometry":{"type":"Point","coordinates":[0.021647,51.47775]}},{"id":"2479","type":"Feature","properties":{"layer":0},"geometry":{"type":"Point","coordinates":[-0.14594,51.492889]}},{"id":"2480","type":"Feature","properties":{"layer":0},"geometry":{"type":"Point","coordinates":[-0.186908,51.52027]}},{"id":"2481","type":"Feature","properties":{"layer":0},"geometry":{"type":"Point","coordinates":[-0.099354,51.37652]}},{"id":"2482","type":"Feature","properties":{"layer":0},"geometry":{"type":"Point","coordinates":[-0.047664,51.518178]}},{"id":"2483","type":"Feature","properties":{"layer":0},"geometry":{"type":"Point","coordinates":[-0.241049,51.491489]}},{"id":"2484","type":"Feature","properties":{"layer":0},"geometry":{"type":"Point","coordinates":[-0.200648,51.428495]}},{"id":"2485","type":"Feature","properties":{"layer":0},"geometry":{"type":"Point","coordinates":[-0.131213,51.445265]}},{"id":"2486","type":"Feature","properties":{"layer":0},"geometry":{"type":"Point","coordinates":[-0.105753,51.481954]}},{"id":"2487","type":"Feature","properties":{"layer":0},"geometry":{"type":"Point","coordinates":[-0.060217,51.615834]}},{"id":"2488","type":"Feature","properties":{"layer":0},"geometry":{"type":"Point","coordinates":[0.19799,51.498473]}},{"id":"2489","type":"Feature","properties":{"layer":0},"geometry":{"type":"Point","coordinates":[-0.097637,51.486246]}},{"id":"2490","type":"Feature","properties":{"layer":0},"geometry":{"type":"Point","coordinates":[-0.118092,51.534975]}},{"id":"2491","type":"Feature","properties":{"layer":0},"geometry":{"type":"Point","coordinates":[-0.079992,51.601238]}},{"id":"2492","type":"Feature","properties":{"layer":0},"geometry":{"type":"Point","coordinates":[0.180366,51.546706]}},{"id":"2493","type":"Feature","properties":{"layer":0},"geometry":{"type":"Point","coordinates":[-0.149939,51.549251]}},{"id":"2494","type":"Feature","properties":{"layer":0},"geometry":{"type":"Point","coordinates":[0.007586,51.517201]}},{"id":"2495","type":"Feature","properties":{"layer":0},"geometry":{"type":"Point","coordinates":[-0.053019,51.464639]}},{"id":"2496","type":"Feature","properties":{"layer":0},"geometry":{"type":"Point","coordinates":[-0.149755,51.475039]}},{"id":"2497","type":"Feature","properties":{"layer":0},"geometry":{"type":"Point","coordinates":[0.214629,51.53337]}},{"id":"2498","type":"Feature","properties":{"layer":0},"geometry":{"type":"Point","coordinates":[0.032763,51.549707]}},{"id":"2499","type":"Feature","properties":{"layer":0},"geometry":{"type":"Point","coordinates":[-0.027784,51.408004]}}]}