{"type":"FeatureCollection","features":[{"id":"0","type":"Feature","properties":{},"geometry":{"type":"Point","coordinates":[-2.900961,43.259726]}},{"id":"1","type":"Feature","properties":{},"geometry":{"type":"Point","coordinates":[-2.915678,43.219535]}},{"id":"2","type":"Feature","properties":{},"geometry":{"type":"Point","coordinates":[-2.925503,43.268915]}},{"id":"3","type":"Feature","properties":{},"geometry":{"type":"Point","coordinates":[-2.92311,43.262627]}},{"id":"4","type":"Feature","properties":{},"geometry":{"type":"Point","coordinates":[-2.929107,43.264217]}},{"id":"5","type":"Feature","properties":{},"geometry":{"type":"Point","coordinates":[-2.951252,43.274774]}},{"id":"6","type":"Feature","properties":{},"geometry":{"type":"Point","coordinates":[-2.956835,43.269583]}},{"id":"7","type":"Feature","properties":{},"geometry":{"type":"Point","coordinates":[-2.950156,43.259022]}},{"id":"8","type":"Feature","properties":{},"geometry":{"type":"Point","coordinates":[-2.920511,43.249854]}},{"id":"9","type":"Feature","properties":{},"geometry":{"type":"Point","coordinates":[-2.956091,43.258151]}},{"id":"10","type":"Feature","properties":{},"geometry":{"type":"Point","coordinates":[-2.970445,43.267724]}},{"id":"11","type":"Feature","properties":{},"geometry":{"type":"Point","coordinates":[-2.952609,43.27308]}},{"id":"12","type":"Feature","properties":{},"geometry":{"type":"Point","coordinates":[-2.939861,43.239281]}},{"id":"13","type":"Feature","properties":{},"geometry":{"type":"Point","coordinates":[-2.919207,43.243399]}},{"id":"14","type":"Feature","properties":{},"geometry":{"type":"Point","coordinates":[-2.919669,43.258519]}},{"id":"15","type":"Feature","properties":{},"geometry":{"type":"Point","coordinates":[-2.941417,43.249367]}},{"id":"16","type":"Feature","properties":{},"geometry":{"type":"Point","coordinates":[-2.936148,43.260267]}},{"id":"17","type":"Feature","properties":{},"geometry":{"type":"Point","coordinates":[-2.904398,43.257549]}},{"id":"18","type":"Feature","properties":{},"geometry":{"type":"Point","coordinates":[-2.96604,43.252744]}},{"id":"19","type":"Feature","properties":{},"geometry":{"type":"Point","coordinates":[-2.94073,43.262859]}},{"id":"20","type":"Feature","properties":{},"geometry":{"type":"Point","coordinates":[-2.948978,43.252331]}},{"id":"21","type":"Feature","properties":{},"geometry":{"type":"Point","coordinates":[-2.961985,43.264648]}},{"id":"22","type":"Feature","properties":{},"geometry":{"type":"Point","coordinates":[-2.907254,43.256291]}},{"id":"23","type":"Feature","properties":{},"geometry":{"type":"Point","coordinates":[-2.905091,43.269153]}},{"id":"24","type":"Feature","properties":{},"geometry":{"type":"Point","coordinates":[-2.944138,43.246871]}},{"id":"25","type":"Feature","properties":{},"geometry":{"type":"Point","coordinates":[-2.948354,43.272785]}},{"id":"26","type":"Feature","properties":{},"geometry":{"type":"Point","coordinates":[-2.928158,43.267139]}},{"id":"27","type":"Feature","properties":{},"geometry":{"type":"Point","coordinates":[-2.92826,43.249781]}},{"id":"28","type":"Feature","properties":{},"geometry":{"type":"Point","coordinates":[-2.943489,43.269068]}},{"id":"29","type":"Feature","properties":{},"geometry":{"type":"Point","coordinates":[-2.900931,43.260726]}},{"id":"30","type":"Feature","properties":{},"geometry":{"type":"Point","coordinates":[-2.911225,43.252476]}},{"id":"31","type":"Feature","properties":{},"geometry":{"type":"Point","coordinates":[-2.920764,43.265303]}},{"id":"32","type":"Feature","properties":{},"geometry":{"type":"Point","coordinates":[-2.979116,43.246768]}},{"id":"33","type":"Feature","properties":{},"geometry":{"type":"Point","coordinates":[-2.925586,43.267666]}},{"id":"34","type":"Feature","properties":{},"geometry":{"type":"Point","coordinates":[-2.915308,43.262558]}},{"id":"35","type":"Feature","properties":{},"geometry":{"type":"Point","coordinates":[-2.943879,43.226171]}},{"id":"36","type":"Feature","properties":{},"geometry":{"type":"Point","coordinates":[-2.935416,43.26285]}},{"id":"37","type":"Feature","properties":{},"geometry":{"type":"Point","coordinates":[-2.980738,43.247052]}},{"id":"38","type":"Feature","properties":{},"geometry":{"type":"Point","coordinates":[-2.917091,43.263647]}},{"id":"39","type":"Feature","properties":{},"geometry":{"type":"Point","coordinates":[-2.920036,43.270433]}},{"id":"40","type":"Feature","properties":{},"geometry":{"type":"Point","coordinates":[-2.936779,43.275379]}},{"id":"41","type":"Feature","properties":{},"geometry":{"type":"Point","coordinates":[-2.907486,43.248056]}},{"id":"42","type":"Feature","properties":{},"geometry":{"type":"Point","coordinates":[-2.968573,43.270691]}},{"id":"43","type":"Feature","properties":{},"geometry":{"type":"Point","coordinates":[-2.916874,43.284808]}},{"id":"44","type":"Feature","properties":{},"geometry":{"type":"Point","coordinates":[-2.963577,43.282848]}},{"id":"45","type":"Feature","properties":{},"geometry":{"type":"Point","coordinates":[-2.942009,43.266163]}},{"id":"46","type":"Feature","properties":{},"geometry":{"type":"Point","coordinates":[-2.914586,43.221796]}},{"id":"47","type":"Feature","properties":{},"geometry":{"type":"Point","coordinates":[-2.947205,43.271804]}},{"id":"48","type":"Feature","properties":{},"geometry":{"type":"Point","coordinates":[-2.907653,43.248499]}},{"id":"49","type":"Feature","properties":{},"geometry":{"type":"Point","coordinates":[-2.950149,43.261629]}},{"id":"50","type":"Feature","properties":{},"geometry":{"type":"Point","coordinates":[-2.920098,43.257302]}},{"id":"51","type":"Feature","properties":{},"geometry":{"type":"Point","coordinates":[-2.915661,43.267904]}},{"id":"52","type":"Feature","properties":{},"geometry":{"type":"Point","coordinates":[-2.960595,43.274121]}},{"id":"53","type":"Feature","properties":{},"geometry":{"type":"Point","coordinates":[-2.952115,43.275309]}},{"id":"54","type":"Feature","properties":{},"geometry":{"type":"Point","coordinates":[-2.923343,43.225462]}},{"id":"55","type":"Feature","properties":{},"geometry":{"type":"Point","coordinates":[-2.895903,43.26841]}},{"id":"56","type":"Feature","properties":{},"geometry":{"type":"Point","coordinates":[-2.951422,43.268005]}},{"id":"57","type":"Feature","properties":{},"geometry":{"type":"Point","coordinates":[-2.97319,43.279141]}},{"id":"58","type":"Feature","properties":{},"geometry":{"type":"Point","coordinates":[-2.904682,43.246744]}},{"id":"59","type":"Feature","properties":{},"geometry":{"type":"Point","coordinates":[-2.945991,43.244716]}},{"id":"60","type":"Feature","properties":{},"geometry":{"type":"Point","coordinates":[-2.913662,43.253039]}},{"id":"61","type":"Feature","properties":{},"geometry":{"type":"Point","coordinates":[-2.961554,43.279304]}},{"id":"62","type":"Feature","properties":{},"geometry":{"type":"Point","coordinates":[-2.931,43.26652]}},{"id":"63","type":"Feature","properties":{},"geometry":{"type":"Point","coordinates":[-2.923243,43.259793]}},{"id":"64","type":"Feature","properties":{},"geometry":{"type":"Point","coordinates":[-2.956269,43.269486]}},{"id":"65","type":"Feature","properties":{},"geometry":{"type":"Point","coordinates":[-2.924864,43.257098]}},{"id":"66","type":"Feature","properties":{},"geometry":{"type":"Point","coordinates":[-2.917995,43.245423]}},{"id":"67","type":"Feature","properties":{},"geometry":{"type":"Point","coordinates":[-2.957238,43.272011]}},{"id":"68","type":"Feature","properties":{},"geometry":{"type":"Point","coordinates":[-2.933207,43.236177]}},{"id":"69","type":"Feature","properties":{},"geometry":{"type":"Point","coordinates":[-2.959775,43.275415]}},{"id":"70","type":"Feature","properties":{},"geometry":{"type":"Point","coordinates":[-2.925601,43.265434]}},{"id":"71","type":"Feature","properties":{},"geometry":{"type":"Point","coordinates":[-2.903164,43.254964]}},{"id":"72","type":"Feature","properties":{},"geometry":{"type":"Point","coordinates":[-2.936995,43.2695]}},{"id":"73","type":"Feature","properties":{},"geometry":{"type":"Point","coordinates":[-2.936509,43.234491]}},{"id":"74","type":"Feature","properties":{},"geometry":{"type":"Point","coordinates":[-2.905458,43.250668]}},{"id":"75","type":"Feature","properties":{},"geometry":{"type":"Point","coordinates":[-2.956522,43.258045]}},{"id":"76","type":"Feature","properties":{},"geometry":{"type":"Point","coordinates":[-2.905939,43.254727]}},{"id":"77","type":"Feature","properties":{},"geometry":{"type":"Point","coordinates":[-2.94176,43.252113]}},{"id":"78","type":"Feature","properties":{},"geometry":{"type":"Point","coordinates":[-2.934083,43.236235]}},{"id":"79","type":"Feature","properties":{},"geometry":{"type":"Point","coordinates":[-2.888354,43.264051]}},{"id":"80","type":"Feature","properties":{},"geometry":{"type":"Point","coordinates":[-2.912788,43.260333]}},{"id":"81","type":"Feature","properties":{},"geometry":{"type":"Point","coordinates":[-2.9175,43.266367]}},{"id":"82","type":"Feature","properties":{},"geometry":{"type":"Point","coordinates":[-2.918992,43.252257]}},{"id":"83","type":"Feature","properties":{},"geometry":{"type":"Point","coordinates":[-2.929005,43.262918]}},{"id":"84","type":"Feature","properties":{},"geometry":{"type":"Point","coordinates":[-2.943319,43.245119]}},{"id":"85","type":"Feature","properties":{},"geometry":{"type":"Point","coordinates":[-2.98404,43.245425]}},{"id":"86","type":"Feature","properties":{},"geometry":{"type":"Point","coordinates":[-2.940807,43.260591]}},{"id":"87","type":"Feature","properties":{},"geometry":{"type":"Point","coordinates":[-2.973454,43.275536]}},{"id":"88","type":"Feature","properties":{},"geometry":{"type":"Point","coordinates":[-2.961971,43.265914]}},{"id":"89","type":"Feature","properties":{},"geometry":{"type":"Point","coordinates":[-2.904982,43.249734]}},{"id":"90","type":"Feature","properties":{},"geometry":{"type":"Point","coordinates":[-2.931755,43.26663]}},{"id":"91","type":"Feature","properties":{},"geometry":{"type":"Point","coordinates":[-2.919497,43.264539]}},{"id":"92","type":"Feature","properties":{},"geometry":{"type":"Point","coordinates":[-2.967949,43.273205]}},{"id":"93","type":"Feature","properties":{},"geometry":{"type":"Point","coordinates":[-2.950073,43.276391]}},{"id":"94","type":"Feature","properties":{},"geometry":{"type":"Point","coordinates":[-2.916247,43.268474]}},{"id":"95","type":"Feature","properties":{},"geometry":{"type":"Point","coordinates":[-2.932783,43.250645]}},{"id":"96","type":"Feature","properties":{},"geometry":{"type":"Point","coordinates":[-2.919626,43.248008]}},{"id":"97","type":"Feature","properties":{},"geometry":{"type":"Point","coordinates":[-2.96719,43.231863]}},{"id":"98","type":"Feature","properties":{},"geometry":{"type":"Point","coordinates":[-2.959413,43.261286]}},{"id":"99","type":"Feature","properties":{},"geometry":{"type":"Point","coordinates":[-2.924903,43.228427]}},{"id":"100","type":"Feature","properties":{},"geometry":{"type":"Point","coordinates":[-2.968967,43.257976]}},{"id":"101","type":"Feature","properties":{},"geometry":{"type":"Point","coordinates":[-2.943228,43.254186]}},{"id":"102","type":"Feature","properties":{},"geometry":{"type":"Point","coordinates":[-2.974509,43.248553]}},{"id":"103","type":"Feature","properties":{},"geometry":{"type":"Point","coordinates":[-2.942381,43.254701]}},{"id":"104","type":"Feature","properties":{},"geometry":{"type":"Point","coordinates":[-2.93006,43.25273]}},{"id":"105","type":"Feature","properties":{},"geometry":{"type":"Point","coordinates":[-2.952508,43.265297]}},{"id":"106","type":"Feature","properties":{},"geometry":{"type":"Point","coordinates":[-2.924039,43.255581]}},{"id":"107","type":"Feature","properties":{},"geometry":{"type":"Point","coordinates":[-2.965125,43.281649]}},{"id":"108","type":"Feature","properties":{},"geometry":{"type":"Point","coordinates":[-2.97543,43.273298]}},{"id":"109","type":"Feature","properties":{},"geometry":{"type":"Point","coordinates":[-2.950874,43.272125]}},{"id":"110","type":"Feature","properties":{},"geometry":{"type":"Point","coordinates":[-2.916792,43.229871]}},{"id":"111","type":"Feature","properties":{},"geometry":{"type":"Point","coordinates":[-2.94341,43.217343]}},{"id":"112","type":"Feature","properties":{},"geometry":{"type":"Point","coordinates":[-2.970249,43.274362]}},{"id":"113","type":"Feature","properties":{},"geometry":{"type":"Point","coordinates":[-2.916411,43.254993]}},{"id":"114","type":"Feature","properties":{},"geometry":{"type":"Point","coordinates":[-2.972697,43.279775]}},{"id":"115","type":"Feature","properties":{},"geometry":{"type":"Point","coordinates":[-2.920579,43.267048]}},{"id":"116","type":"Feature","properties":{},"geometry":{"type":"Point","coordinates":[-2.946978,43.260863]}},{"id":"117","type":"Feature","properties":{},"geometry":{"type":"Point","coordinates":[-2.936541,43.270124]}},{"id":"118","type":"Feature","properties":{},"geometry":{"type":"Point","coordinates":[-2.941399,43.239069]}},{"id":"119","type":"Feature","properties":{},"geometry":{"type":"Point","coordinates":[-2.945498,43.26961]}},{"id":"120","type":"Feature","properties":{},"geometry":{"type":"Point","coordinates":[-2.924219,43.257733]}},{"id":"121","type":"Feature","properties":{},"geometry":{"type":"Point","coordinates":[-2.952066,43.244611]}},{"id":"122","type":"Feature","properties":{},"geometry":{"type":"Point","coordinates":[-2.958917,43.275025]}},{"id":"123","type":"Feature","properties":{},"geometry":{"type":"Point","coordinates":[-2.947651,43.269786]}},{"id":"124","type":"Feature","properties":{},"geometry":{"type":"Point","coordinates":[-2.928313,43.248633]}},{"id":"125","type":"Feature","properties":{},"geometry":{"type":"Point","coordinates":[-2.955293,43.263327]}},{"id":"126","type":"Feature","properties":{},"geometry":{"type":"Point","coordinates":[-2.939673,43.270055]}},{"id":"127","type":"Feature","properties":{},"geometry":{"type":"Point","coordinates":[-2.945727,43.266479]}},{"id":"128","type":"Feature","properties":{},"geometry":{"type":"Point","coordinates":[-2.965059,43.269606]}},{"id":"129","type":"Feature","properties":{},"geometry":{"type":"Point","coordinates":[-2.922066,43.257378]}},{"id":"130","type":"Feature","properties":{},"geometry":{"type":"Point","coordinates":[-2.935268,43.251738]}},{"id":"131","type":"Feature","properties":{},"geometry":{"type":"Point","coordinates":[-2.924545,43.269933]}},{"id":"132","type":"Feature","properties":{},"geometry":{"type":"Point","coordinates":[-2.910485,43.250865]}},{"id":"133","type":"Feature","properties":{},"geometry":{"type":"Point","coordinates":[-2.923617,43.253135]}},{"id":"134","type":"Feature","properties":{},"geometry":{"type":"Point","coordinates":[-2.89786,43.25573]}},{"id":"135","type":"Feature","properties":{},"geometry":{"type":"Point","coordinates":[-2.956287,43.236228]}},{"id":"136","type":"Feature","properties":{},"geometry":{"type":"Point","coordinates":[-2.956804,43.281263]}},{"id":"137","type":"Feature","properties":{},"geometry":{"type":"Point","coordinates":[-2.948733,43.25866]}},{"id":"138","type":"Feature","properties":{},"geometry":{"type":"Point","coordinates":[-2.900183,43.261481]}},{"id":"139","type":"Feature","properties":{},"geometry":{"type":"Point","coordinates":[-2.940554,43.26868]}},{"id":"140","type":"Feature","properties":{},"geometry":{"type":"Point","coordinates":[-2.965707,43.245627]}},{"id":"141","type":"Feature","properties":{},"geometry":{"type":"Point","coordinates":[-2.964256,43.280439]}},{"id":"142","type":"Feature","properties":{},"geometry":{"type":"Point","coordinates":[-2.951704,43.276802]}},{"id":"143","type":"Feature","properties":{},"geometry":{"type":"Point","coordinates":[-2.945626,43.25496]}},{"id":"144","type":"Feature","properties":{},"geometry":{"type":"Point","coordinates":[-2.938452,43.247852]}},{"id":"145","type":"Feature","properties":{},"geometry":{"type":"Point","coordinates":[-2.947996,43.23919]}},{"id":"146","type":"Feature","properties":{},"geometry":{"type":"Point","coordinates":[-2.936194,43.261101]}},{"id":"147","type":"Feature","properties":{},"geometry":{"type":"Point","coordinates":[-2.935772,43.249192]}},{"id":"148","type":"Feature","properties":{},"geometry":{"type":"Point","coordinates":[-2.927058,43.260838]}},{"id":"149","type":"Feature","properties":{},"geometry":{"type":"Point","coordinates":[-2.944101,43.253738]}},{"id":"150","type":"Feature","properties":{},"geometry":{"type":"Point","coordinates":[-2.95347,43.275635]}},{"id":"151","type":"Feature","properties":{},"geometry":{"type":"Point","coordinates":[-2.940248,43.272665]}},{"id":"152","type":"Feature","properties":{},"geometry":{"type":"Point","coordinates":[-2.967004,43.284657]}},{"id":"153","type":"Feature","properties":{},"geometry":{"type":"Point","coordinates":[-2.930101,43.242447]}},{"id":"154","type":"Feature","properties":{},"geometry":{"type":"Point","coordinates":[-2.935652,43.257918]}},{"id":"155","type":"Feature","properties":{},"geometry":{"type":"Point","coordinates":[-2.935191,43.263235]}},{"id":"156","type":"Feature","properties":{},"geometry":{"type":"Point","coordinates":[-2.922833,43.226482]}},{"id":"157","type":"Feature","properties":{},"geometry":{"type":"Point","coordinates":[-2.933905,43.270081]}},{"id":"158","type":"Feature","properties":{},"geometry":{"type":"Point","coordinates":[-2.96352,43.284399]}},{"id":"159","type":"Feature","properties":{},"geometry":{"type":"Point","coordinates":[-2.967096,43.246554]}},{"id":"160","type":"Feature","properties":{},"geometry":{"type":"Point","coordinates":[-2.959072,43.268337]}},{"id":"161","type":"Feature","properties":{},"geometry":{"type":"Point","coordinates":[-2.916398,43.262799]}},{"id":"162","type":"Feature","properties":{},"geometry":{"type":"Point","coordinates":[-2.935966,43.257388]}},{"id":"163","type":"Feature","properties":{},"geometry":{"type":"Point","coordinates":[-2.923898,43.268108]}},{"id":"164","type":"Feature","properties":{},"geometry":{"type":"Point","coordinates":[-2.939115,43.239241]}},{"id":"165","type":"Feature","properties":{},"geometry":{"type":"Point","coordinates":[-2.974431,43.270616]}},{"id":"166","type":"Feature","properties":{},"geometry":{"type":"Point","coordinates":[-2.884132,43.262724]}},{"id":"167","type":"Feature","properties":{},"geometry":{"type":"Point","coordinates":[-2.961554,43.277817]}},{"id":"168","type":"Feature","properties":{},"geometry":{"type":"Point","coordinates":[-2.934855,43.262833]}},{"id":"169","type":"Feature","properties":{},"geometry":{"type":"Point","coordinates":[-2.903503,43.258842]}},{"id":"170","type":"Feature","properties":{},"geometry":{"type":"Point","coordinates":[-2.911842,43.229059]}},{"id":"171","type":"Feature","properties":{},"geometry":{"type":"Point","coordinates":[-2.972471,43.279637]}},{"id":"172","type":"Feature","properties":{},"geometry":{"type":"Point","coordinates":[-2.943671,43.245721]}},{"id":"173","type":"Feature","properties":{},"geometry":{"type":"Point","coordinates":[-2.94068,43.246838]}},{"id":"174","type":"Feature","properties":{},"geometry":{"type":"Point","coordinates":[-2.896667,43.25913]}},{"id":"175","type":"Feature","properties":{},"geometry":{"type":"Point","coordinates":[-2.924199,43.257467]}},{"id":"176","type":"Feature","properties":{},"geometry":{"type":"Point","coordinates":[-2.913388,43.252966]}},{"id":"177","type":"Feature","properties":{},"geometry":{"type":"Point","coordinates":[-2.941745,43.246854]}},{"id":"178","type":"Feature","properties":{},"geometry":{"type":"Point","coordinates":[-2.921218,43.247057]}},{"id":"179","type":"Feature","properties":{},"geometry":{"type":"Point","coordinates":[-2.957513,43.283505]}},{"id":"180","type":"Feature","properties":{},"geometry":{"type":"Point","coordinates":[-2.968978,43.270645]}},{"id":"181","type":"Feature","properties":{},"geometry":{"type":"Point","coordinates":[-2.967159,43.285622]}},{"id":"182","type":"Feature","properties":{},"geometry":{"type":"Point","coordinates":[-2.94615,43.248106]}},{"id":"183","type":"Feature","properties":{},"geometry":{"type":"Point","coordinates":[-2.916631,43.263346]}},{"id":"184","type":"Feature","properties":{},"geometry":{"type":"Point","coordinates":[-2.925859,43.269043]}},{"id":"185","type":"Feature","properties":{},"geometry":{"type":"Point","coordinates":[-2.921598,43.241928]}},{"id":"186","type":"Feature","properties":{},"geometry":{"type":"Point","coordinates":[-2.908795,43.253457]}},{"id":"187","type":"Feature","properties":{},"geometry":{"type":"Point","coordinates":[-2.93813,43.248167]}},{"id":"188","type":"Feature","properties":{},"geometry":{"type":"Point","coordinates":[-2.920764,43.254514]}},{"id":"189","type":"Feature","properties":{},"geometry":{"type":"Point","coordinates":[-2.896344,43.253394]}},{"id":"190","type":"Feature","properties":{},"geometry":{"type":"Point","coordinates":[-2.962063,43.275325]}},{"id":"191","type":"Feature","properties":{},"geometry":{"type":"Point","coordinates":[-2.94119,43.269688]}},{"id":"192","type":"Feature","properties":{},"geometry":{"type":"Point","coordinates":[-2.910482,43.249012]}},{"id":"193","type":"Feature","properties":{},"geometry":{"type":"Point","coordinates":[-2.973508,43.279856]}},{"id":"194","type":"Feature","properties":{},"geometry":{"type":"Point","coordinates":[-2.941853,43.266557]}},{"id":"195","type":"Feature","properties":{},"geometry":{"type":"Point","coordinates":[-2.963464,43.262442]}},{"id":"196","type":"Feature","properties":{},"geometry":{"type":"Point","coordinates":[-2.961949,43.257791]}},{"id":"197","type":"Feature","properties":{},"geometry":{"type":"Point","coordinates":[-2.961425,43.278653]}},{"id":"198","type":"Feature","properties":{},"geometry":{"type":"Point","coordinates":[-2.938843,43.245886]}},{"id":"199","type":"Feature","properties":{},"geometry":{"type":"Point","coordinates":[-2.929063,43.25404]}},{"id":"200","type":"Feature","properties":{},"geometry":{"type":"Point","coordinates":[-2.944845,43.275333]}},{"id":"201","type":"Feature","properties":{},"geometry":{"type":"Point","coordinates":[-2.923705,43.26576]}},{"id":"202","type":"Feature","properties":{},"geometry":{"type":"Point","coordinates":[-2.943781,43.231053]}},{"id":"203","type":"Feature","properties":{},"geometry":{"type":"Point","coordinates":[-2.918456,43.250055]}},{"id":"204","type":"Feature","properties":{},"geometry":{"type":"Point","coordinates":[-2.969597,43.27476]}},{"id":"205","type":"Feature","properties":{},"geometry":{"type":"Point","coordinates":[-2.937878,43.23634]}},{"id":"206","type":"Feature","properties":{},"geometry":{"type":"Point","coordinates":[-2.945117,43.259722]}},{"id":"207","type":"Feature","properties":{},"geometry":{"type":"Point","coordinates":[-2.952931,43.25985]}},{"id":"208","type":"Feature","properties":{},"geometry":{"type":"Point","coordinates":[-2.954209,43.269605]}},{"id":"209","type":"Feature","properties":{},"geometry":{"type":"Point","coordinates":[-2.954782,43.256976]}},{"id":"210","type":"Feature","properties":{},"geometry":{"type":"Point","coordinates":[-2.921581,43.258027]}},{"id":"211","type":"Feature","properties":{},"geometry":{"type":"Point","coordinates":[-2.948845,43.253376]}},{"id":"212","type":"Feature","properties":{},"geometry":{"type":"Point","coordinates":[-2.907268,43.248213]}},{"id":"213","type":"Feature","properties":{},"geometry":{"type":"Point","coordinates":[-2.912871,43.254076]}},{"id":"214","type":"Feature","properties":{},"geometry":{"type":"Point","coordinates":[-2.912551,43.259813]}},{"id":"215","type":"Feature","properties":{},"geometry":{"type":"Point","coordinates":[-2.915863,43.249761]}},{"id":"216","type":"Feature","properties":{},"geometry":{"type":"Point","coordinates":[-2.916591,43.260613]}},{"id":"217","type":"Feature","properties":{},"geometry":{"type":"Point","coordinates":[-2.955317,43.262236]}},{"id":"218","type":"Feature","properties":{},"geometry":{"type":"Point","coordinates":[-2.91861,43.254358]}},{"id":"219","type":"Feature","properties":{},"geometry":{"type":"Point","coordinates":[-2.952702,43.280604]}},{"id":"220","type":"Feature","properties":{},"geometry":{"type":"Point","coordinates":[-2.963751,43.244229]}},{"id":"221","type":"Feature","properties":{},"geometry":{"type":"Point","coordinates":[-2.930958,43.232338]}},{"id":"222","type":"Feature","properties":{},"geometry":{"type":"Point","coordinates":[-2.950384,43.241328]}},{"id":"223","type":"Feature","properties":{},"geometry":{"type":"Point","coordinates":[-2.949084,43.266071]}},{"id":"224","type":"Feature","properties":{},"geometry":{"type":"Point","coordinates":[-2.933119,43.265689]}},{"id":"225","type":"Feature","properties":{},"geometry":{"type":"Point","coordinates":[-2.937347,43.278296]}},{"id":"226","type":"Feature","properties":{},"geometry":{"type":"Point","coordinates":[-2.927894,43.252815]}},{"id":"227","type":"Feature","properties":{},"geometry":{"type":"Point","coordinates":[-2.972346,43.281151]}},{"id":"228","type":"Feature","properties":{},"geometry":{"type":"Point","coordinates":[-2.929545,43.260086]}},{"id":"229","type":"Feature","properties":{},"geometry":{"type":"Point","coordinates":[-2.961993,43.26693]}},{"id":"230","type":"Feature","properties":{},"geometry":{"type":"Point","coordinates":[-2.93928,43.250801]}},{"id":"231","type":"Feature","properties":{},"geometry":{"type":"Point","coordinates":[-2.953525,43.270944]}},{"id":"232","type":"Feature","properties":{},"geometry":{"type":"Point","coordinates":[-2.927007,43.254622]}},{"id":"233","type":"Feature","properties":{},"geometry":{"type":"Point","coordinates":[-2.899958,43.249124]}},{"id":"234","type":"Feature","properties":{},"geometry":{"type":"Point","coordinates":[-2.925246,43.256114]}},{"id":"235","type":"Feature","properties":{},"geometry":{"type":"Point","coordinates":[-2.922085,43.216796]}},{"id":"236","type":"Feature","properties":{},"geometry":{"type":"Point","coordinates":[-2.924617,43.275877]}},{"id":"237","type":"Feature","properties":{},"geometry":{"type":"Point","coordinates":[-2.91627,43.26773]}},{"id":"238","type":"Feature","properties":{},"geometry":{"type":"Point","coordinates":[-2.919966,43.256363]}},{"id":"239","type":"Feature","properties":{},"geometry":{"type":"Point","coordinates":[-2.957782,43.272627]}},{"id":"240","type":"Feature","properties":{},"geometry":{"type":"Point","coordinates":[-2.94939,43.274153]}},{"id":"241","type":"Feature","properties":{},"geometry":{"type":"Point","coordinates":[-2.916187,43.254142]}},{"id":"242","type":"Feature","properties":{},"geometry":{"type":"Point","coordinates":[-2.951762,43.258116]}},{"id":"243","type":"Feature","properties":{},"geometry":{"type":"Point","coordinates":[-2.959946,43.275425]}},{"id":"244","type":"Feature","properties":{},"geometry":{"type":"Point","coordinates":[-2.947493,43.259921]}},{"id":"245","type":"Feature","properties":{},"geometry":{"type":"Point","coordinates":[-2.955764,43.276315]}},{"id":"246","type":"Feature","properties":{},"geometry":{"type":"Point","coordinates":[-2.936262,43.277903]}},{"id":"247","type":"Feature","properties":{},"geometry":{"type":"Point","coordinates":[-2.932377,43.246839]}},{"id":"248","type":"Feature","properties":{},"geometry":{"type":"Point","coordinates":[-2.944296,43.244924]}},{"id":"249","type":"Feature","properties":{},"geometry":{"type":"Point","coordinates":[-2.970563,43.277192]}},{"id":"250","type":"Feature","properties":{},"geometry":{"type":"Point","coordinates":[-2.962076,43.27408]}},{"id":"251","type":"Feature","properties":{},"geometry":{"type":"Point","coordinates":[-2.945997,43.271829]}},{"id":"252","type":"Feature","properties":{},"geometry":{"type":"Point","coordinates":[-2.975037,43.27856]}},{"id":"253","type":"Feature","properties":{},"geometry":{"type":"Point","coordinates":[-2.906492,43.254385]}},{"id":"254","type":"Feature","properties":{},"geometry":{"type":"Point","coordinates":[-2.900517,43.259789]}},{"id":"255","type":"Feature","properties":{},"geometry":{"type":"Point","coordinates":[-2.946196,43.245746]}},{"id":"256","type":"Feature","properties":{},"geometry":{"type":"Point","coordinates":[-2.919031,43.26363]}},{"id":"257","type":"Feature","properties":{},"geometry":{"type":"Point","coordinates":[-2.934203,43.253335]}},{"id":"258","type":"Feature","properties":{},"geometry":{"type":"Point","coordinates":[-2.960441,43.277976]}},{"id":"259","type":"Feature","properties":{},"geometry":{"type":"Point","coordinates":[-2.909396,43.254029]}},{"id":"260","type":"Feature","properties":{},"geometry":{"type":"Point","coordinates":[-2.94478,43.260611]}},{"id":"261","type":"Feature","properties":{},"geometry":{"type":"Point","coordinates":[-2.897796,43.253771]}},{"id":"262","type":"Feature","properties":{},"geometry":{"type":"Point","coordinates":[-2.923225,43.26491]}},{"id":"263","type":"Feature","properties":{},"geometry":{"type":"Point","coordinates":[-2.950075,43.25591]}},{"id":"264","type":"Feature","properties":{},"geometry":{"type":"Point","coordinates":[-2.919959,43.246936]}},{"id":"265","type":"Feature","properties":{},"geometry":{"type":"Point","coordinates":[-2.957116,43.27142]}},{"id":"266","type":"Feature","properties":{},"geometry":{"type":"Point","coordinates":[-2.966591,43.270612]}},{"id":"267","type":"Feature","properties":{},"geometry":{"type":"Point","coordinates":[-2.938047,43.256576]}},{"id":"268","type":"Feature","properties":{},"geometry":{"type":"Point","coordinates":[-2.917525,43.266444]}},{"id":"269","type":"Feature","properties":{},"geometry":{"type":"Point","coordinates":[-2.940648,43.25188]}},{"id":"270","type":"Feature","properties":{},"geometry":{"type":"Point","coordinates":[-2.920294,43.268816]}},{"id":"271","type":"Feature","properties":{},"geometry":{"type":"Point","coordinates":[-2.909752,43.250568]}},{"id":"272","type":"Feature","properties":{},"geometry":{"type":"Point","coordinates":[-2.917717,43.261198]}},{"id":"273","type":"Feature","properties":{},"geometry":{"type":"Point","coordinates":[-2.948758,43.261881]}},{"id":"274","type":"Feature","properties":{},"geometry":{"type":"Point","coordinates":[-2.899129,43.26081]}},{"id":"275","type":"Feature","properties":{},"geometry":{"type":"Point","coordinates":[-2.952662,43.268207]}},{"id":"276","type":"Feature","properties":{},"geometry":{"type":"Point","coordinates":[-2.93002,43.25258]}},{"id":"277","type":"Feature","properties":{},"geometry":{"type":"Point","coordinates":[-2.948991,43.254145]}},{"id":"278","type":"Feature","properties":{},"geometry":{"type":"Point","coordinates":[-2.927866,43.258532]}},{"id":"279","type":"Feature","properties":{},"geometry":{"type":"Point","coordinates":[-2.91155,43.265789]}},{"id":"280","type":"Feature","properties":{},"geometry":{"type":"Point","coordinates":[-2.959108,43.279011]}},{"id":"281","type":"Feature","properties":{},"geometry":{"type":"Point","coordinates":[-2.913991,43.25803]}},{"id":"282","type":"Feature","properties":{},"geometry":{"type":"Point","coordinates":[-2.950732,43.26858]}},{"id":"283","type":"Feature","properties":{},"geometry":{"type":"Point","coordinates":[-2.929095,43.24657]}},{"id":"284","type":"Feature","properties":{},"geometry":{"type":"Point","coordinates":[-2.915212,43.256656]}},{"id":"285","type":"Feature","properties":{},"geometry":{"type":"Point","coordinates":[-2.896119,43.266251]}},{"id":"286","type":"Feature","properties":{},"geometry":{"type":"Point","coordinates":[-2.917938,43.262796]}},{"id":"287","type":"Feature","properties":{},"geometry":{"type":"Point","coordinates":[-2.959294,43.250667]}},{"id":"288","type":"Feature","properties":{},"geometry":{"type":"Point","coordinates":[-2.93071,43.248804]}},{"id":"289","type":"Feature","properties":{},"geometry":{"type":"Point","coordinates":[-2.948749,43.261536]}},{"id":"290","type":"Feature","properties":{},"geometry":{"type":"Point","coordinates":[-2.907607,43.270629]}},{"id":"291","type":"Feature","properties":{},"geometry":{"type":"Point","coordinates":[-2.942783,43.224362]}},{"id":"292","type":"Feature","properties":{},"geometry":{"type":"Point","coordinates":[-2.909522,43.249197]}},{"id":"293","type":"Feature","properties":{},"geometry":{"type":"Point","coordinates":[-2.919959,43.249658]}},{"id":"294","type":"Feature","properties":{},"geometry":{"type":"Point","coordinates":[-2.946154,43.219379]}},{"id":"295","type":"Feature","properties":{},"geometry":{"type":"Point","coordinates":[-2.923418,43.253026]}},{"id":"296","type":"Feature","properties":{},"geometry":{"type":"Point","coordinates":[-2.933505,43.268302]}},{"id":"297","type":"Feature","properties":{},"geometry":{"type":"Point","coordinates":[-2.943561,43.247478]}},{"id":"298","type":"Feature","properties":{},"geometry":{"type":"Point","coordinates":[-2.948699,43.261753]}},{"id":"299","type":"Feature","properties":{},"geometry":{"type":"Point","coordinates":[-2.950119,43.274495]}},{"id":"300","type":"Feature","properties":{},"geometry":{"type":"Point","coordinates":[-2.953345,43.270149]}},{"id":"301","type":"Feature","properties":{},"geometry":{"type":"Point","coordinates":[-2.956845,43.264767]}},{"id":"302","type":"Feature","properties":{},"geometry":{"type":"Point","coordinates":[-2.929647,43.277703]}},{"id":"303","type":"Feature","properties":{},"geometry":{"type":"Point","coordinates":[-2.940395,43.255275]}},{"id":"304","type":"Feature","properties":{},"geometry":{"type":"Point","coordinates":[-2.955376,43.276284]}},{"id":"305","type":"Feature","properties":{},"geometry":{"type":"Point","coordinates":[-2.920085,43.247117]}},{"id":"306","type":"Feature","properties":{},"geometry":{"type":"Point","coordinates":[-2.955956,43.234565]}},{"id":"307","type":"Feature","properties":{},"geometry":{"type":"Point","coordinates":[-2.936771,43.254804]}},{"id":"308","type":"Feature","properties":{},"geometry":{"type":"Point","coordinates":[-2.899562,43.260545]}},{"id":"309","type":"Feature","properties":{},"geometry":{"type":"Point","coordinates":[-2.908832,43.252643]}},{"id":"310","type":"Feature","properties":{},"geometry":{"type":"Point","coordinates":[-2.909917,43.25594]}},{"id":"311","type":"Feature","properties":{},"geometry":{"type":"Point","coordinates":[-2.96202,43.284053]}},{"id":"312","type":"Feature","properties":{},"geometry":{"type":"Point","coordinates":[-2.918327,43.262614]}},{"id":"313","type":"Feature","properties":{},"geometry":{"type":"Point","coordinates":[-2.950886,43.235825]}},{"id":"314","type":"Feature","properties":{},"geometry":{"type":"Point","coordinates":[-2.938741,43.268886]}},{"id":"315","type":"Feature","properties":{},"geometry":{"type":"Point","coordinates":[-2.944488,43.257851]}},{"id":"316","type":"Feature","properties":{},"geometry":{"type":"Point","coordinates":[-2.916631,43.249016]}},{"id":"317","type":"Feature","properties":{},"geometry":{"type":"Point","coordinates":[-2.910179,43.249408]}},{"id":"318","type":"Feature","properties":{},"geometry":{"type":"Point","coordinates":[-2.913263,43.262681]}},{"id":"319","type":"Feature","properties":{},"geometry":{"type":"Point","coordinates":[-2.930097,43.244839]}},{"id":"320","type":"Feature","properties":{},"geometry":{"type":"Point","coordinates":[-2.923044,43.260402]}},{"id":"321","type":"Feature","properties":{},"geometry":{"type":"Point","coordinates":[-2.93614,43.270919]}},{"id":"322","type":"Feature","properties":{},"geometry":{"type":"Point","coordinates":[-2.962381,43.278057]}},{"id":"323","type":"Feature","properties":{},"geometry":{"type":"Point","coordinates":[-2.916587,43.250028]}},{"id":"324","type":"Feature","properties":{},"geometry":{"type":"Point","coordinates":[-2.913532,43.232454]}},{"id":"325","type":"Feature","properties":{},"geometry":{"type":"Point","coordinates":[-2.917514,43.227532]}},{"id":"326","type":"Feature","properties":{},"geometry":{"type":"Point","coordinates":[-2.897632,43.258811]}},{"id":"327","type":"Feature","properties":{},"geometry":{"type":"Point","coordinates":[-2.93442,43.262692]}},{"id":"328","type":"Feature","properties":{},"geometry":{"type":"Point","coordinates":[-2.900938,43.259754]}},{"id":"329","type":"Feature","properties":{},"geometry":{"type":"Point","coordinates":[-2.942287,43.265493]}},{"id":"330","type":"Feature","properties":{},"geometry":{"type":"Point","coordinates":[-2.899541,43.261105]}},{"id":"331","type":"Feature","properties":{},"geometry":{"type":"Point","coordinates":[-2.898454,43.263176]}},{"id":"332","type":"Feature","properties":{},"geometry":{"type":"Point","coordinates":[-2.958913,43.278852]}},{"id":"333","type":"Feature","properties":{},"geometry":{"type":"Point","coordinates":[-2.931575,43.233381]}},{"id":"334","type":"Feature","properties":{},"geometry":{"type":"Point","coordinates":[-2.9396,43.271915]}},{"id":"335","type":"Feature","properties":{},"geometry":{"type":"Point","coordinates":[-2.956515,43.255942]}},{"id":"336","type":"Feature","properties":{},"geometry":{"type":"Point","coordinates":[-2.939989,43.26042]}},{"id":"337","type":"Feature","properties":{},"geometry":{"type":"Point","coordinates":[-2.95118,43.259362]}},{"id":"338","type":"Feature","properties":{},"geometry":{"type":"Point","coordinates":[-2.939961,43.267585]}},{"id":"339","type":"Feature","properties":{},"geometry":{"type":"Point","coordinates":[-2.931263,43.241969]}},{"id":"340","type":"Feature","properties":{},"geometry":{"type":"Point","coordinates":[-2.911955,43.258373]}},{"id":"341","type":"Feature","properties":{},"geometry":{"type":"Point","coordinates":[-2.971415,43.268055]}},{"id":"342","type":"Feature","properties":{},"geometry":{"type":"Point","coordinates":[-2.915378,43.257978]}},{"id":"343","type":"Feature","properties":{},"geometry":{"type":"Point","coordinates":[-2.930058,43.27057]}},{"id":"344","type":"Feature","properties":{},"geometry":{"type":"Point","coordinates":[-2.925665,43.265441]}},{"id":"345","type":"Feature","properties":{},"geometry":{"type":"Point","coordinates":[-2.940007,43.266704]}},{"id":"346","type":"Feature","properties":{},"geometry":{"type":"Point","coordinates":[-2.915184,43.2457]}},{"id":"347","type":"Feature","properties":{},"geometry":{"type":"Point","coordinates":[-2.943003,43.271001]}},{"id":"348","type":"Feature","properties":{},"geometry":{"type":"Point","coordinates":[-2.92978,43.220711]}},{"id":"349","type":"Feature","properties":{},"geometry":{"type":"Point","coordinates":[-2.937739,43.251786]}},{"id":"350","type":"Feature","properties":{},"geometry":{"type":"Point","coordinates":[-2.948412,43.275359]}},{"id":"351","type":"Feature","properties":{},"geometry":{"type":"Point","coordinates":[-2.947777,43.231403]}},{"id":"352","type":"Feature","properties":{},"geometry":{"type":"Point","coordinates":[-2.893122,43.267412]}},{"id":"353","type":"Feature","properties":{},"geometry":{"type":"Point","coordinates":[-2.926386,43.272195]}},{"id":"354","type":"Feature","properties":{},"geometry":{"type":"Point","coordinates":[-2.915291,43.272401]}},{"id":"355","type":"Feature","properties":{},"geometry":{"type":"Point","coordinates":[-2.889674,43.268168]}},{"id":"356","type":"Feature","properties":{},"geometry":{"type":"Point","coordinates":[-2.910215,43.263254]}},{"id":"357","type":"Feature","properties":{},"geometry":{"type":"Point","coordinates":[-2.924389,43.258179]}},{"id":"358","type":"Feature","properties":{},"geometry":{"type":"Point","coordinates":[-2.898592,43.260995]}},{"id":"359","type":"Feature","properties":{},"geometry":{"type":"Point","coordinates":[-2.942013,43.231693]}},{"id":"360","type":"Feature","properties":{},"geometry":{"type":"Point","coordinates":[-2.934222,43.219145]}},{"id":"361","type":"Feature","properties":{},"geometry":{"type":"Point","coordinates":[-2.936735,43.250202]}},{"id":"362","type":"Feature","properties":{},"geometry":{"type":"Point","coordinates":[-2.935278,43.244379]}},{"id":"363","type":"Feature","properties":{},"geometry":{"type":"Point","coordinates":[-2.947763,43.269114]}},{"id":"364","type":"Feature","properties":{},"geometry":{"type":"Point","coordinates":[-2.93796,43.247454]}},{"id":"365","type":"Feature","properties":{},"geometry":{"type":"Point","coordinates":[-2.922066,43.257362]}},{"id":"366","type":"Feature","properties":{},"geometry":{"type":"Point","coordinates":[-2.908089,43.249028]}},{"id":"367","type":"Feature","properties":{},"geometry":{"type":"Point","coordinates":[-2.953596,43.283767]}},{"id":"368","type":"Feature","properties":{},"geometry":{"type":"Point","coordinates":[-2.894251,43.268416]}},{"id":"369","type":"Feature","properties":{},"geometry":{"type":"Point","coordinates":[-2.917726,43.247299]}},{"id":"370","type":"Feature","properties":{},"geometry":{"type":"Point","coordinates":[-2.893191,43.26771]}},{"id":"371","type":"Feature","properties":{},"geometry":{"type":"Point","coordinates":[-2.929036,43.27753]}},{"id":"372","type":"Feature","properties":{},"geometry":{"type":"Point","coordinates":[-2.961312,43.276908]}},{"id":"373","type":"Feature","properties":{},"geometry":{"type":"Point","coordinates":[-2.93552,43.250076]}},{"id":"374","type":"Feature","properties":{},"geometry":{"type":"Point","coordinates":[-2.920292,43.270424]}},{"id":"375","type":"Feature","properties":{},"geometry":{"type":"Point","coordinates":[-2.925921,43.243796]}},{"id":"376","type":"Feature","properties":{},"geometry":{"type":"Point","coordinates":[-2.949137,43.254477]}},{"id":"377","type":"Feature","properties":{},"geometry":{"type":"Point","coordinates":[-2.916655,43.255423]}},{"id":"378","type":"Feature","properties":{},"geometry":{"type":"Point","coordinates":[-2.933697,43.267705]}},{"id":"379","type":"Feature","properties":{},"geometry":{"type":"Point","coordinates":[-2.931934,43.269829]}},{"id":"380","type":"Feature","properties":{},"geometry":{"type":"Point","coordinates":[-2.965624,43.269044]}},{"id":"381","type":"Feature","properties":{},"geometry":{"type":"Point","coordinates":[-2.903235,43.273698]}},{"id":"382","type":"Feature","properties":{},"geometry":{"type":"Point","coordinates":[-2.927773,43.241922]}},{"id":"383","type":"Feature","properties":{},"geometry":{"type":"Point","coordinates":[-2.927816,43.249537]}},{"id":"384","type":"Feature","properties":{},"geometry":{"type":"Point","coordinates":[-2.909194,43.255809]}},{"id":"385","type":"Feature","properties":{},"geometry":{"type":"Point","coordinates":[-2.937958,43.266321]}},{"id":"386","type":"Feature","properties":{},"geometry":{"type":"Point","coordinates":[-2.917549,43.268714]}},{"id":"387","type":"Feature","properties":{},"geometry":{"type":"Point","coordinates":[-2.953563,43.274989]}},{"id":"388","type":"Feature","properties":{},"geometry":{"type":"Point","coordinates":[-2.91576,43.268102]}},{"id":"389","type":"Feature","properties":{},"geometry":{"type":"Point","coordinates":[-2.965059,43.280767]}},{"id":"390","type":"Feature","properties":{},"geometry":{"type":"Point","coordinates":[-2.930261,43.262012]}},{"id":"391","type":"Feature","properties":{},"geometry":{"type":"Point","coordinates":[-2.916297,43.26374]}},{"id":"392","type":"Feature","properties":{},"geometry":{"type":"Point","coordinates":[-2.92345,43.273373]}},{"id":"393","type":"Feature","properties":{},"geometry":{"type":"Point","coordinates":[-2.913307,43.260411]}},{"id":"394","type":"Feature","properties":{},"geometry":{"type":"Point","coordinates":[-2.9355,43.270098]}},{"id":"395","type":"Feature","properties":{},"geometry":{"type":"Point","coordinates":[-2.973397,43.262715]}},{"id":"396","type":"Feature","properties":{},"geometry":{"type":"Point","coordinates":[-2.958817,43.267397]}},{"id":"397","type":"Feature","properties":{},"geometry":{"type":"Point","coordinates":[-2.913441,43.247001]}},{"id":"398","type":"Feature","properties":{},"geometry":{"type":"Point","coordinates":[-2.948676,43.271107]}},{"id":"399","type":"Feature","properties":{},"geometry":{"type":"Point","coordinates":[-2.938752,43.270098]}},{"id":"400","type":"Feature","properties":{},"geometry":{"type":"Point","coordinates":[-2.921244,43.233981]}},{"id":"401","type":"Feature","properties":{},"geometry":{"type":"Point","coordinates":[-2.944502,43.266042]}},{"id":"402","type":"Feature","properties":{},"geometry":{"type":"Point","coordinates":[-2.928494,43.274461]}},{"id":"403","type":"Feature","properties":{},"geometry":{"type":"Point","coordinates":[-2.931253,43.241576]}},{"id":"404","type":"Feature","properties":{},"geometry":{"type":"Point","coordinates":[-2.917957,43.249666]}},{"id":"405","type":"Feature","properties":{},"geometry":{"type":"Point","coordinates":[-2.912963,43.26214]}},{"id":"406","type":"Feature","properties":{},"geometry":{"type":"Point","coordinates":[-2.924493,43.269829]}},{"id":"407","type":"Feature","properties":{},"geometry":{"type":"Point","coordinates":[-2.959759,43.277403]}},{"id":"408","type":"Feature","properties":{},"geometry":{"type":"Point","coordinates":[-2.955789,43.276462]}},{"id":"409","type":"Feature","properties":{},"geometry":{"type":"Point","coordinates":[-2.950235,43.265599]}},{"id":"410","type":"Feature","properties":{},"geometry":{"type":"Point","coordinates":[-2.920425,43.25721]}},{"id":"411","type":"Feature","properties":{},"geometry":{"type":"Point","coordinates":[-2.975076,43.246986]}},{"id":"412","type":"Feature","properties":{},"geometry":{"type":"Point","coordinates":[-2.964262,43.284168]}},{"id":"413","type":"Feature","properties":{},"geometry":{"type":"Point","coordinates":[-2.908744,43.247459]}},{"id":"414","type":"Feature","properties":{},"geometry":{"type":"Point","coordinates":[-2.956977,43.254657]}},{"id":"415","type":"Feature","properties":{},"geometry":{"type":"Point","coordinates":[-2.93898,43.271694]}},{"id":"416","type":"Feature","properties":{},"geometry":{"type":"Point","coordinates":[-2.926637,43.26092]}},{"id":"417","type":"Feature","properties":{},"geometry":{"type":"Point","coordinates":[-2.910982,43.26425]}},{"id":"418","type":"Feature","properties":{},"geometry":{"type":"Point","coordinates":[-2.942421,43.276798]}},{"id":"419","type":"Feature","properties":{},"geometry":{"type":"Point","coordinates":[-2.936204,43.268106]}},{"id":"420","type":"Feature","properties":{},"geometry":{"type":"Point","coordinates":[-2.91094,43.22066]}},{"id":"421","type":"Feature","properties":{},"geometry":{"type":"Point","coordinates":[-2.954201,43.259999]}},{"id":"422","type":"Feature","properties":{},"geometry":{"type":"Point","coordinates":[-2.914279,43.251172]}},{"id":"423","type":"Feature","properties":{},"geometry":{"type":"Point","coordinates":[-2.96242,43.263146]}},{"id":"424","type":"Feature","properties":{},"geometry":{"type":"Point","coordinates":[-2.941709,43.253509]}},{"id":"425","type":"Feature","properties":{},"geometry":{"type":"Point","coordinates":[-2.94606,43.265205]}},{"id":"426","type":"Feature","properties":{},"geometry":{"type":"Point","coordinates":[-2.936001,43.247897]}},{"id":"427","type":"Feature","properties":{},"geometry":{"type":"Point","coordinates":[-2.915194,43.279686]}},{"id":"428","type":"Feature","properties":{},"geometry":{"type":"Point","coordinates":[-2.949781,43.275522]}},{"id":"429","type":"Feature","properties":{},"geometry":{"type":"Point","coordinates":[-2.959161,43.27816]}},{"id":"430","type":"Feature","properties":{},"geometry":{"type":"Point","coordinates":[-2.930381,43.25372]}},{"id":"431","type":"Feature","properties":{},"geometry":{"type":"Point","coordinates":[-2.902897,43.264734]}},{"id":"432","type":"Feature","properties":{},"geometry":{"type":"Point","coordinates":[-2.963379,43.277608]}},{"id":"433","type":"Feature","properties":{},"geometry":{"type":"Point","coordinates":[-2.956058,43.266573]}},{"id":"434","type":"Feature","properties":{},"geometry":{"type":"Point","coordinates":[-2.895518,43.260981]}},{"id":"435","type":"Feature","properties":{},"geometry":{"type":"Point","coordinates":[-2.947553,43.228018]}},{"id":"436","type":"Feature","properties":{},"geometry":{"type":"Point","coordinates":[-2.925502,43.267784]}},{"id":"437","type":"Feature","properties":{},"geometry":{"type":"Point","coordinates":[-2.922021,43.264435]}},{"id":"438","type":"Feature","properties":{},"geometry":{"type":"Point","coordinates":[-2.956792,43.280931]}},{"id":"439","type":"Feature","properties":{},"geometry":{"type":"Point","coordinates":[-2.911842,43.270745]}},{"id":"440","type":"Feature","properties":{},"geometry":{"type":"Point","coordinates":[-2.970248,43.272828]}},{"id":"441","type":"Feature","properties":{},"geometry":{"type":"Point","coordinates":[-2.903194,43.248751]}},{"id":"442","type":"Feature","properties":{},"geometry":{"type":"Point","coordinates":[-2.932893,43.223324]}},{"id":"443","type":"Feature","properties":{},"geometry":{"type":"Point","coordinates":[-2.96647,43.286414]}},{"id":"444","type":"Feature","properties":{},"geometry":{"type":"Point","coordinates":[-2.899883,43.25558]}},{"id":"445","type":"Feature","properties":{},"geometry":{"type":"Point","coordinates":[-2.931762,43.224975]}},{"id":"446","type":"Feature","properties":{},"geometry":{"type":"Point","coordinates":[-2.943589,43.273929]}},{"id":"447","type":"Feature","properties":{},"geometry":{"type":"Point","coordinates":[-2.946024,43.268762]}},{"id":"448","type":"Feature","properties":{},"geometry":{"type":"Point","coordinates":[-2.899393,43.260118]}},{"id":"449","type":"Feature","properties":{},"geometry":{"type":"Point","coordinates":[-2.927733,43.258326]}},{"id":"450","type":"Feature","properties":{},"geometry":{"type":"Point","coordinates":[-2.916407,43.250327]}},{"id":"451","type":"Feature","properties":{},"geometry":{"type":"Point","coordinates":[-2.961874,43.26009]}},{"id":"452","type":"Feature","properties":{},"geometry":{"type":"Point","coordinates":[-2.957571,43.253831]}},{"id":"453","type":"Feature","properties":{},"geometry":{"type":"Point","coordinates":[-2.917737,43.243799]}},{"id":"454","type":"Feature","properties":{},"geometry":{"type":"Point","coordinates":[-2.938053,43.253128]}},{"id":"455","type":"Feature","properties":{},"geometry":{"type":"Point","coordinates":[-2.93588,43.272318]}},{"id":"456","type":"Feature","properties":{},"geometry":{"type":"Point","coordinates":[-2.973199,43.251318]}},{"id":"457","type":"Feature","properties":{},"geometry":{"type":"Point","coordinates":[-2.912497,43.258468]}},{"id":"458","type":"Feature","properties":{},"geometry":{"type":"Point","coordinates":[-2.961171,43.285714]}},{"id":"459","type":"Feature","properties":{},"geometry":{"type":"Point","coordinates":[-2.902088,43.26205]}},{"id":"460","type":"Feature","properties":{},"geometry":{"type":"Point","coordinates":[-2.919159,43.258624]}},{"id":"461","type":"Feature","properties":{},"geometry":{"type":"Point","coordinates":[-2.962055,43.264872]}},{"id":"462","type":"Feature","properties":{},"geometry":{"type":"Point","coordinates":[-2.918656,43.255524]}},{"id":"463","type":"Feature","properties":{},"geometry":{"type":"Point","coordinates":[-2.959161,43.247117]}},{"id":"464","type":"Feature","properties":{},"geometry":{"type":"Point","coordinates":[-2.914773,43.251]}},{"id":"465","type":"Feature","properties":{},"geometry":{"type":"Point","coordinates":[-2.939144,43.267104]}},{"id":"466","type":"Feature","properties":{},"geometry":{"type":"Point","coordinates":[-2.95508,43.273951]}},{"id":"467","type":"Feature","properties":{},"geometry":{"type":"Point","coordinates":[-2.956199,43.277037]}},{"id":"468","type":"Feature","properties":{},"geometry":{"type":"Point","coordinates":[-2.943882,43.243173]}},{"id":"469","type":"Feature","properties":{},"geometry":{"type":"Point","coordinates":[-2.896782,43.261828]}},{"id":"470","type":"Feature","properties":{},"geometry":{"type":"Point","coordinates":[-2.972137,43.278613]}},{"id":"471","type":"Feature","properties":{},"geometry":{"type":"Point","coordinates":[-2.923457,43.259864]}},{"id":"472","type":"Feature","properties":{},"geometry":{"type":"Point","coordinates":[-2.961939,43.274671]}},{"id":"473","type":"Feature","properties":{},"geometry":{"type":"Point","coordinates":[-2.939503,43.256815]}},{"id":"474","type":"Feature","properties":{},"geometry":{"type":"Point","coordinates":[-2.942013,43.240425]}},{"id":"475","type":"Feature","properties":{},"geometry":{"type":"Point","coordinates":[-2.930259,43.245612]}},{"id":"476","type":"Feature","properties":{},"geometry":{"type":"Point","coordinates":[-2.9577,43.254505]}},{"id":"477","type":"Feature","properties":{},"geometry":{"type":"Point","coordinates":[-2.958196,43.262447]}},{"id":"478","type":"Feature","properties":{},"geometry":{"type":"Point","coordinates":[-2.947931,43.258933]}},{"id":"479","type":"Feature","properties":{},"geometry":{"type":"Point","coordinates":[-2.934063,43.215565]}},{"id":"480","type":"Feature","properties":{},"geometry":{"type":"Point","coordinates":[-2.931547,43.244589]}},{"id":"481","type":"Feature","properties":{},"geometry":{"type":"Point","coordinates":[-2.953094,43.264834]}},{"id":"482","type":"Feature","properties":{},"geometry":{"type":"Point","coordinates":[-2.933088,43.26751]}},{"id":"483","type":"Feature","properties":{},"geometry":{"type":"Point","coordinates":[-2.906544,43.260827]}},{"id":"484","type":"Feature","properties":{},"geometry":{"type":"Point","coordinates":[-2.958585,43.260356]}},{"id":"485","type":"Feature","properties":{},"geometry":{"type":"Point","coordinates":[-2.912795,43.257775]}},{"id":"486","type":"Feature","properties":{},"geometry":{"type":"Point","coordinates":[-2.940643,43.260523]}},{"id":"487","type":"Feature","properties":{},"geometry":{"type":"Point","coordinates":[-2.900599,43.26041]}},{"id":"488","type":"Feature","properties":{},"geometry":{"type":"Point","coordinates":[-2.959537,43.278141]}},{"id":"489","type":"Feature","properties":{},"geometry":{"type":"Point","coordinates":[-2.918316,43.254558]}},{"id":"490","type":"Feature","properties":{},"geometry":{"type":"Point","coordinates":[-2.906278,43.252261]}},{"id":"491","type":"Feature","properties":{},"geometry":{"type":"Point","coordinates":[-2.908368,43.248931]}},{"id":"492","type":"Feature","properties":{},"geometry":{"type":"Point","coordinates":[-2.921424,43.267221]}},{"id":"493","type":"Feature","properties":{},"geometry":{"type":"Point","coordinates":[-2.958784,43.276139]}},{"id":"494","type":"Feature","properties":{},"geometry":{"type":"Point","coordinates":[-2.902016,43.259727]}},{"id":"495","type":"Feature","properties":{},"geometry":{"type":"Point","coordinates":[-2.944053,43.26757]}},{"id":"496","type":"Feature","properties":{},"geometry":{"type":"Point","coordinates":[-2.936882,43.254627]}},{"id":"497","type":"Feature","properties":{},"geometry":{"type":"Point","coordinates":[-2.948856,43.260573]}},{"id":"498","type":"Feature","properties":{},"geometry":{"type":"Point","coordinates":[-2.928701,43.255962]}},{"id":"499","type":"Feature","properties":{},"geometry":{"type":"Point","coordinates":[-2.949847,43.260917]}},{"id":"0","type":"Feature","properties":{"recordingID":"92-CS-1902","recordingTime":"2025-05-18T22:39:30.000Z","recordingCategory":"PO3"},"geometry":{"type":"Point","coordinates":[-2.900961,43.259726]}},{"id":"1","type":"Feature","properties":{"recordingID":"76-X-1","recordingTime":"2025-07-14T03:32:14.000Z","recordingCategory":"jKz"},"geometry":{"type":"Point","coordinates":[-2.915678,43.219535]}},{"id":"2","type":"Feature","properties":{"recordingID":"84-ZA-683","recordingTime":"2025-07-31T22:18:24.000Z","recordingCategory":"vZm"},"geometry":{"type":"Point","coordinates":[-2.925503,43.268915]}},{"id":"3","type":"Feature","properties":{"recordingID":"39-IB-2","recordingTime":"2025-04-18T19:04:18.000Z","recordingCategory":"MSf"},"geometry":{"type":"Point","coordinates":[-2.92311,43.262627]}},{"id":"4","type":"Feature","properties":{"recordingID":"786-CE-7","recordingTime":"2025-09-14T15:13:38.000Z","recordingCategory":"cL7"},"geometry":{"type":"Point","coordinates":[-2.929107,43.264217]}},{"id":"5","type":"Feature","properties":{"recordingID":"45-K-153","recordingTime":"2025-05-16T06:56:55.000Z","recordingCategory":"DNV"},"geometry":{"type":"Point","coordinates":[-2.951252,43.274774]}},{"id":"6","type":"Feature","properties":{"recordingID":"19-W-1109","recordingTime":"2025-02-21T08:21:28.000Z","recordingCategory":"HfR"},"geometry":{"type":"Point","coordinates":[-2.956835,43.269583]}},{"id":"7","type":"Feature","properties":{"recordingID":"80-W-471","recordingTime":"2025-10-09T03:18:54.000Z","recordingCategory":"u5o"},"geometry":{"type":"Point","coordinates":[-2.950156,43.259022]}},{"id":"8","type":"Feature","properties":{"recordingID":"834-BT-957","recordingTime":"2025-06-30T02:35:04.000Z","recordingCategory":"tjf"},"geometry":{"type":"Point","coordinates":[-2.920511,43.249854]}},{"id":"9","type":"Feature","properties":{"recordingID":"33-N-9","recordingTime":"2025-09-06T19:20:55.000Z","recordingCategory":"N07"},"geometry":{"type":"Point","coordinates":[-2.956091,43.258151]}},{"id":"10","type":"Feature","properties":{"recordingID":"36-M-8","recordingTime":"2025-09-08T21:18:46.000Z","recordingCategory":"3yM"},"geometry":{"type":"Point","coordinates":[-2.970445,43.267724]}},{"id":"11","type":"Feature","properties":{"recordingID":"56-BW-7","recordingTime":"2025-08-26T19:24:34.000Z","recordingCategory":"QaU"},"geometry":{"type":"Point","coordinates":[-2.952609,43.27308]}},{"id":"12","type":"Feature","properties":{"recordingID":"394-G-1274","recordingTime":"2025-09-30T11:36:40.000Z","recordingCategory":"xtR"},"geometry":{"type":"Point","coordinates":[-2.939861,43.239281]}},{"id":"13","type":"Feature","properties":{"recordingID":"94-E-11","recordingTime":"2025-06-04T03:49:56.000Z","recordingCategory":"KX4"},"geometry":{"type":"Point","coordinates":[-2.919207,43.243399]}},{"id":"14","type":"Feature","properties":{"recordingID":"67-AZ-51","recordingTime":"2025-12-08T12:37:16.000Z","recordingCategory":"BFp"},"geometry":{"type":"Point","coordinates":[-2.919669,43.258519]}},{"id":"15","type":"Feature","properties":{"recordingID":"47-ZK-771","recordingTime":"2025-02-18T13:56:24.000Z","recordingCategory":"1sr"},"geometry":{"type":"Point","coordinates":[-2.941417,43.249367]}},{"id":"16","type":"Feature","properties":{"recordingID":"612-AK-16","recordingTime":"2025-08-02T11:43:04.000Z","recordingCategory":"8sh"},"geometry":{"type":"Point","coordinates":[-2.936148,43.260267]}},{"id":"17","type":"Feature","properties":{"recordingID":"74-MV-498","recordingTime":"2025-04-05T21:22:14.000Z","recordingCategory":"a6S"},"geometry":{"type":"Point","coordinates":[-2.904398,43.257549]}},{"id":"18","type":"Feature","properties":{"recordingID":"87-HL-9236","recordingTime":"2025-06-23T21:46:02.000Z","recordingCategory":"Nz0"},"geometry":{"type":"Point","coordinates":[-2.96604,43.252744]}},{"id":"19","type":"Feature","properties":{"recordingID":"61-A-4","recordingTime":"2025-09-30T05:34:39.000Z","recordingCategory":"yPe"},"geometry":{"type":"Point","coordinates":[-2.94073,43.262859]}},{"id":"20","type":"Feature","properties":{"recordingID":"198-GJ-1559","recordingTime":"2025-11-27T04:57:40.000Z","recordingCategory":"t31"},"geometry":{"type":"Point","coordinates":[-2.948978,43.252331]}},{"id":"21","type":"Feature","properties":{"recordingID":"516-BT-9782","recordingTime":"2025-10-14T19:35:13.000Z","recordingCategory":"1TW"},"geometry":{"type":"Point","coordinates":[-2.961985,43.264648]}},{"id":"22","type":"Feature","properties":{"recordingID":"823-CM-568","recordingTime":"2025-10-27T11:04:10.000Z","recordingCategory":"h75"},"geometry":{"type":"Point","coordinates":[-2.907254,43.256291]}},{"id":"23","type":"Feature","properties":{"recordingID":"696-E-6","recordingTime":"2025-04-23T02:53:17.000Z","recordingCategory":"Ggo"},"geometry":{"type":"Point","coordinates":[-2.905091,43.269153]}},{"id":"24","type":"Feature","properties":{"recordingID":"567-Q-330","recordingTime":"2025-10-11T18:23:40.000Z","recordingCategory":"Qj5"},"geometry":{"type":"Point","coordinates":[-2.944138,43.246871]}},{"id":"25","type":"Feature","properties":{"recordingID":"218-LZ-493","recordingTime":"2025-10-17T08:28:50.000Z","recordingCategory":"8um"},"geometry":{"type":"Point","coordinates":[-2.948354,43.272785]}},{"id":"26","type":"Feature","properties":{"recordingID":"717-WP-788","recordingTime":"2025-09-11T05:11:48.000Z","recordingCategory":"VhW"},"geometry":{"type":"Point","coordinates":[-2.928158,43.267139]}},{"id":"27","type":"Feature","properties":{"recordingID":"945-OP-15","recordingTime":"2025-09-07T14:01:40.000Z","recordingCategory":"K96"},"geometry":{"type":"Point","coordinates":[-2.92826,43.249781]}},{"id":"28","type":"Feature","properties":{"recordingID":"64-AW-554","recordingTime":"2025-05-03T02:21:52.000Z","recordingCategory":"N5g"},"geometry":{"type":"Point","coordinates":[-2.943489,43.269068]}},{"id":"29","type":"Feature","properties":{"recordingID":"13-CW-06","recordingTime":"2025-08-23T05:56:16.000Z","recordingCategory":"8JV"},"geometry":{"type":"Point","coordinates":[-2.900931,43.260726]}},{"id":"30","type":"Feature","properties":{"recordingID":"96-AR-2","recordingTime":"2025-08-21T23:51:12.000Z","recordingCategory":"ObZ"},"geometry":{"type":"Point","coordinates":[-2.911225,43.252476]}},{"id":"31","type":"Feature","properties":{"recordingID":"087-TQ-2889","recordingTime":"2025-01-25T01:00:55.000Z","recordingCategory":"YkS"},"geometry":{"type":"Point","coordinates":[-2.920764,43.265303]}},{"id":"32","type":"Feature","properties":{"recordingID":"286-JT-827","recordingTime":"2025-03-03T21:23:58.000Z","recordingCategory":"RUB"},"geometry":{"type":"Point","coordinates":[-2.979116,43.246768]}},{"id":"33","type":"Feature","properties":{"recordingID":"221-ZJ-422","recordingTime":"2025-06-27T16:21:37.000Z","recordingCategory":"yGc"},"geometry":{"type":"Point","coordinates":[-2.925586,43.267666]}},{"id":"34","type":"Feature","properties":{"recordingID":"24-HX-275","recordingTime":"2025-09-12T11:12:37.000Z","recordingCategory":"1sR"},"geometry":{"type":"Point","coordinates":[-2.915308,43.262558]}},{"id":"35","type":"Feature","properties":{"recordingID":"310-ME-424","recordingTime":"2025-03-31T12:02:25.000Z","recordingCategory":"Xy2"},"geometry":{"type":"Point","coordinates":[-2.943879,43.226171]}},{"id":"36","type":"Feature","properties":{"recordingID":"411-Z-74","recordingTime":"2025-01-26T02:41:38.000Z","recordingCategory":"HxW"},"geometry":{"type":"Point","coordinates":[-2.935416,43.26285]}},{"id":"37","type":"Feature","properties":{"recordingID":"925-B-9","recordingTime":"2025-09-07T03:34:22.000Z","recordingCategory":"k72"},"geometry":{"type":"Point","coordinates":[-2.980738,43.247052]}},{"id":"38","type":"Feature","properties":{"recordingID":"52-B-4909","recordingTime":"2025-05-12T18:01:10.000Z","recordingCategory":"M6i"},"geometry":{"type":"Point","coordinates":[-2.917091,43.263647]}},{"id":"39","type":"Feature","properties":{"recordingID":"189-PI-68","recordingTime":"2025-11-25T18:10:39.000Z","recordingCategory":"x7r"},"geometry":{"type":"Point","coordinates":[-2.920036,43.270433]}},{"id":"40","type":"Feature","properties":{"recordingID":"73-PF-2786","recordingTime":"2025-02-19T07:13:42.000Z","recordingCategory":"5r6"},"geometry":{"type":"Point","coordinates":[-2.936779,43.275379]}},{"id":"41","type":"Feature","properties":{"recordingID":"588-LX-143","recordingTime":"2025-07-26T11:42:12.000Z","recordingCategory":"pOP"},"geometry":{"type":"Point","coordinates":[-2.907486,43.248056]}},{"id":"42","type":"Feature","properties":{"recordingID":"25-Q-0961","recordingTime":"2025-06-11T20:19:37.000Z","recordingCategory":"yg8"},"geometry":{"type":"Point","coordinates":[-2.968573,43.270691]}},{"id":"43","type":"Feature","properties":{"recordingID":"061-H-1781","recordingTime":"2025-07-18T23:36:36.000Z","recordingCategory":"kmR"},"geometry":{"type":"Point","coordinates":[-2.916874,43.284808]}},{"id":"44","type":"Feature","properties":{"recordingID":"41-SY-45","recordingTime":"2025-04-15T17:19:51.000Z","recordingCategory":"lhs"},"geometry":{"type":"Point","coordinates":[-2.963577,43.282848]}},{"id":"45","type":"Feature","properties":{"recordingID":"62-WS-5047","recordingTime":"2025-04-24T14:44:42.000Z","recordingCategory":"aLT"},"geometry":{"type":"Point","coordinates":[-2.942009,43.266163]}},{"id":"46","type":"Feature","properties":{"recordingID":"462-S-17","recordingTime":"2025-03-21T13:50:19.000Z","recordingCategory":"p5f"},"geometry":{"type":"Point","coordinates":[-2.914586,43.221796]}},{"id":"47","type":"Feature","properties":{"recordingID":"038-KK-371","recordingTime":"2025-03-01T10:38:07.000Z","recordingCategory":"TJd"},"geometry":{"type":"Point","coordinates":[-2.947205,43.271804]}},{"id":"48","type":"Feature","properties":{"recordingID":"63-I-903","recordingTime":"2025-06-29T19:55:36.000Z","recordingCategory":"tRS"},"geometry":{"type":"Point","coordinates":[-2.907653,43.248499]}},{"id":"49","type":"Feature","properties":{"recordingID":"13-GK-229","recordingTime":"2025-02-19T17:04:46.000Z","recordingCategory":"Vyj"},"geometry":{"type":"Point","coordinates":[-2.950149,43.261629]}},{"id":"50","type":"Feature","properties":{"recordingID":"04-FI-9","recordingTime":"2025-08-15T02:19:08.000Z","recordingCategory":"Foh"},"geometry":{"type":"Point","coordinates":[-2.920098,43.257302]}},{"id":"51","type":"Feature","properties":{"recordingID":"685-XM-48","recordingTime":"2025-03-23T13:52:08.000Z","recordingCategory":"HF0"},"geometry":{"type":"Point","coordinates":[-2.915661,43.267904]}},{"id":"52","type":"Feature","properties":{"recordingID":"06-R-031","recordingTime":"2025-03-19T21:34:29.000Z","recordingCategory":"uZH"},"geometry":{"type":"Point","coordinates":[-2.960595,43.274121]}},{"id":"53","type":"Feature","properties":{"recordingID":"49-DK-472","recordingTime":"2025-06-22T14:39:57.000Z","recordingCategory":"obH"},"geometry":{"type":"Point","coordinates":[-2.952115,43.275309]}},{"id":"54","type":"Feature","properties":{"recordingID":"048-CT-3","recordingTime":"2025-04-14T06:05:35.000Z","recordingCategory":"ogi"},"geometry":{"type":"Point","coordinates":[-2.923343,43.225462]}},{"id":"55","type":"Feature","properties":{"recordingID":"08-GD-3232","recordingTime":"2025-01-01T02:37:47.000Z","recordingCategory":"Yqc"},"geometry":{"type":"Point","coordinates":[-2.895903,43.26841]}},{"id":"56","type":"Feature","properties":{"recordingID":"33-SY-390","recordingTime":"2025-11-25T16:44:38.000Z","recordingCategory":"HTg"},"geometry":{"type":"Point","coordinates":[-2.951422,43.268005]}},{"id":"57","type":"Feature","properties":{"recordingID":"560-A-72","recordingTime":"2025-11-02T03:15:08.000Z","recordingCategory":"MKX"},"geometry":{"type":"Point","coordinates":[-2.97319,43.279141]}},{"id":"58","type":"Feature","properties":{"recordingID":"71-UA-6","recordingTime":"2025-11-29T07:05:44.000Z","recordingCategory":"UyP"},"geometry":{"type":"Point","coordinates":[-2.904682,43.246744]}},{"id":"59","type":"Feature","properties":{"recordingID":"57-BK-58","recordingTime":"2025-08-04T12:57:48.000Z","recordingCategory":"Oy1"},"geometry":{"type":"Point","coordinates":[-2.945991,43.244716]}},{"id":"60","type":"Feature","properties":{"recordingID":"96-T-771","recordingTime":"2025-03-24T00:50:06.000Z","recordingCategory":"VrE"},"geometry":{"type":"Point","coordinates":[-2.913662,43.253039]}},{"id":"61","type":"Feature","properties":{"recordingID":"42-S-282","recordingTime":"2025-08-27T14:46:16.000Z","recordingCategory":"eJB"},"geometry":{"type":"Point","coordinates":[-2.961554,43.279304]}},{"id":"62","type":"Feature","properties":{"recordingID":"14-MV-350","recordingTime":"2025-06-04T19:43:47.000Z","recordingCategory":"YlF"},"geometry":{"type":"Point","coordinates":[-2.931,43.26652]}},{"id":"63","type":"Feature","properties":{"recordingID":"46-X-067","recordingTime":"2025-12-08T21:43:39.000Z","recordingCategory":"DeY"},"geometry":{"type":"Point","coordinates":[-2.923243,43.259793]}},{"id":"64","type":"Feature","properties":{"recordingID":"589-II-4120","recordingTime":"2025-06-25T05:12:16.000Z","recordingCategory":"Wkd"},"geometry":{"type":"Point","coordinates":[-2.956269,43.269486]}},{"id":"65","type":"Feature","properties":{"recordingID":"027-TV-24","recordingTime":"2025-01-12T02:12:06.000Z","recordingCategory":"dyG"},"geometry":{"type":"Point","coordinates":[-2.924864,43.257098]}},{"id":"66","type":"Feature","properties":{"recordingID":"43-E-4725","recordingTime":"2025-07-12T11:35:40.000Z","recordingCategory":"oWu"},"geometry":{"type":"Point","coordinates":[-2.917995,43.245423]}},{"id":"67","type":"Feature","properties":{"recordingID":"32-Z-4","recordingTime":"2025-12-26T06:51:39.000Z","recordingCategory":"ZoW"},"geometry":{"type":"Point","coordinates":[-2.957238,43.272011]}},{"id":"68","type":"Feature","properties":{"recordingID":"740-Y-1","recordingTime":"2025-12-27T05:53:30.000Z","recordingCategory":"Pyi"},"geometry":{"type":"Point","coordinates":[-2.933207,43.236177]}},{"id":"69","type":"Feature","properties":{"recordingID":"04-L-6012","recordingTime":"2025-10-23T07:26:03.000Z","recordingCategory":"tgd"},"geometry":{"type":"Point","coordinates":[-2.959775,43.275415]}},{"id":"70","type":"Feature","properties":{"recordingID":"898-Q-4292","recordingTime":"2025-11-15T09:29:28.000Z","recordingCategory":"MPY"},"geometry":{"type":"Point","coordinates":[-2.925601,43.265434]}},{"id":"71","type":"Feature","properties":{"recordingID":"31-F-93","recordingTime":"2025-07-08T12:53:47.000Z","recordingCategory":"HsL"},"geometry":{"type":"Point","coordinates":[-2.903164,43.254964]}},{"id":"72","type":"Feature","properties":{"recordingID":"41-DX-12","recordingTime":"2025-10-26T02:49:52.000Z","recordingCategory":"i4f"},"geometry":{"type":"Point","coordinates":[-2.936995,43.2695]}},{"id":"73","type":"Feature","properties":{"recordingID":"228-H-2","recordingTime":"2025-05-16T21:38:13.000Z","recordingCategory":"Ib7"},"geometry":{"type":"Point","coordinates":[-2.936509,43.234491]}},{"id":"74","type":"Feature","properties":{"recordingID":"246-HQ-49","recordingTime":"2025-09-02T11:14:19.000Z","recordingCategory":"m7H"},"geometry":{"type":"Point","coordinates":[-2.905458,43.250668]}},{"id":"75","type":"Feature","properties":{"recordingID":"99-H-447","recordingTime":"2025-07-25T11:34:08.000Z","recordingCategory":"CSw"},"geometry":{"type":"Point","coordinates":[-2.956522,43.258045]}},{"id":"76","type":"Feature","properties":{"recordingID":"67-C-3357","recordingTime":"2025-09-02T17:02:55.000Z","recordingCategory":"6Eb"},"geometry":{"type":"Point","coordinates":[-2.905939,43.254727]}},{"id":"77","type":"Feature","properties":{"recordingID":"403-IY-899","recordingTime":"2025-05-22T22:59:35.000Z","recordingCategory":"A8V"},"geometry":{"type":"Point","coordinates":[-2.94176,43.252113]}},{"id":"78","type":"Feature","properties":{"recordingID":"00-O-5175","recordingTime":"2025-09-11T14:55:32.000Z","recordingCategory":"tTd"},"geometry":{"type":"Point","coordinates":[-2.934083,43.236235]}},{"id":"79","type":"Feature","properties":{"recordingID":"947-MB-9321","recordingTime":"2025-06-13T16:46:37.000Z","recordingCategory":"kZQ"},"geometry":{"type":"Point","coordinates":[-2.888354,43.264051]}},{"id":"80","type":"Feature","properties":{"recordingID":"774-B-5","recordingTime":"2025-10-01T04:25:41.000Z","recordingCategory":"OjQ"},"geometry":{"type":"Point","coordinates":[-2.912788,43.260333]}},{"id":"81","type":"Feature","properties":{"recordingID":"19-MM-3407","recordingTime":"2025-10-11T20:50:39.000Z","recordingCategory":"VQX"},"geometry":{"type":"Point","coordinates":[-2.9175,43.266367]}},{"id":"82","type":"Feature","properties":{"recordingID":"02-N-1321","recordingTime":"2025-11-04T00:58:22.000Z","recordingCategory":"bvo"},"geometry":{"type":"Point","coordinates":[-2.918992,43.252257]}},{"id":"83","type":"Feature","properties":{"recordingID":"669-AA-5","recordingTime":"2025-05-07T02:39:52.000Z","recordingCategory":"ynt"},"geometry":{"type":"Point","coordinates":[-2.929005,43.262918]}},{"id":"84","type":"Feature","properties":{"recordingID":"508-Q-2","recordingTime":"2025-08-04T04:24:58.000Z","recordingCategory":"rI7"},"geometry":{"type":"Point","coordinates":[-2.943319,43.245119]}},{"id":"85","type":"Feature","properties":{"recordingID":"78-X-0205","recordingTime":"2025-11-09T04:07:38.000Z","recordingCategory":"rdv"},"geometry":{"type":"Point","coordinates":[-2.98404,43.245425]}},{"id":"86","type":"Feature","properties":{"recordingID":"91-QN-18","recordingTime":"2025-11-01T13:15:30.000Z","recordingCategory":"tVp"},"geometry":{"type":"Point","coordinates":[-2.940807,43.260591]}},{"id":"87","type":"Feature","properties":{"recordingID":"776-OK-7029","recordingTime":"2025-07-19T06:50:26.000Z","recordingCategory":"IsX"},"geometry":{"type":"Point","coordinates":[-2.973454,43.275536]}},{"id":"88","type":"Feature","properties":{"recordingID":"014-P-6340","recordingTime":"2025-12-09T23:46:02.000Z","recordingCategory":"77p"},"geometry":{"type":"Point","coordinates":[-2.961971,43.265914]}},{"id":"89","type":"Feature","properties":{"recordingID":"59-B-8008","recordingTime":"2025-04-11T07:29:54.000Z","recordingCategory":"x7R"},"geometry":{"type":"Point","coordinates":[-2.904982,43.249734]}},{"id":"90","type":"Feature","properties":{"recordingID":"38-OF-5","recordingTime":"2025-02-12T22:10:52.000Z","recordingCategory":"Kgz"},"geometry":{"type":"Point","coordinates":[-2.931755,43.26663]}},{"id":"91","type":"Feature","properties":{"recordingID":"144-KQ-5","recordingTime":"2025-03-30T05:42:58.000Z","recordingCategory":"oYo"},"geometry":{"type":"Point","coordinates":[-2.919497,43.264539]}},{"id":"92","type":"Feature","properties":{"recordingID":"38-X-9733","recordingTime":"2025-04-03T21:16:36.000Z","recordingCategory":"V6x"},"geometry":{"type":"Point","coordinates":[-2.967949,43.273205]}},{"id":"93","type":"Feature","properties":{"recordingID":"63-SL-918","recordingTime":"2025-11-19T08:49:48.000Z","recordingCategory":"Ysw"},"geometry":{"type":"Point","coordinates":[-2.950073,43.276391]}},{"id":"94","type":"Feature","properties":{"recordingID":"820-L-95","recordingTime":"2025-02-26T19:18:14.000Z","recordingCategory":"jvE"},"geometry":{"type":"Point","coordinates":[-2.916247,43.268474]}},{"id":"95","type":"Feature","properties":{"recordingID":"45-S-8","recordingTime":"2025-02-14T09:04:57.000Z","recordingCategory":"3Y5"},"geometry":{"type":"Point","coordinates":[-2.932783,43.250645]}},{"id":"96","type":"Feature","properties":{"recordingID":"818-QI-060","recordingTime":"2025-03-21T13:17:32.000Z","recordingCategory":"l62"},"geometry":{"type":"Point","coordinates":[-2.919626,43.248008]}},{"id":"97","type":"Feature","properties":{"recordingID":"35-R-2","recordingTime":"2025-10-19T21:00:48.000Z","recordingCategory":"FBQ"},"geometry":{"type":"Point","coordinates":[-2.96719,43.231863]}},{"id":"98","type":"Feature","properties":{"recordingID":"73-H-6","recordingTime":"2025-09-27T18:43:30.000Z","recordingCategory":"xmC"},"geometry":{"type":"Point","coordinates":[-2.959413,43.261286]}},{"id":"99","type":"Feature","properties":{"recordingID":"555-A-9689","recordingTime":"2025-04-19T10:39:27.000Z","recordingCategory":"QaF"},"geometry":{"type":"Point","coordinates":[-2.924903,43.228427]}},{"id":"100","type":"Feature","properties":{"recordingID":"506-VC-534","recordingTime":"2025-05-31T08:09:25.000Z","recordingCategory":"3gF"},"geometry":{"type":"Point","coordinates":[-2.968967,43.257976]}},{"id":"101","type":"Feature","properties":{"recordingID":"322-FZ-9814","recordingTime":"2025-01-17T17:00:48.000Z","recordingCategory":"x5z"},"geometry":{"type":"Point","coordinates":[-2.943228,43.254186]}},{"id":"102","type":"Feature","properties":{"recordingID":"48-Z-1","recordingTime":"2025-03-09T22:04:34.000Z","recordingCategory":"acL"},"geometry":{"type":"Point","coordinates":[-2.974509,43.248553]}},{"id":"103","type":"Feature","properties":{"recordingID":"375-VM-984","recordingTime":"2025-11-24T05:20:19.000Z","recordingCategory":"rVl"},"geometry":{"type":"Point","coordinates":[-2.942381,43.254701]}},{"id":"104","type":"Feature","properties":{"recordingID":"714-H-86","recordingTime":"2025-03-28T15:09:18.000Z","recordingCategory":"O4h"},"geometry":{"type":"Point","coordinates":[-2.93006,43.25273]}},{"id":"105","type":"Feature","properties":{"recordingID":"21-S-6223","recordingTime":"2025-12-14T07:09:18.000Z","recordingCategory":"2sg"},"geometry":{"type":"Point","coordinates":[-2.952508,43.265297]}},{"id":"106","type":"Feature","properties":{"recordingID":"83-T-7","recordingTime":"2025-07-26T21:46:11.000Z","recordingCategory":"zGg"},"geometry":{"type":"Point","coordinates":[-2.924039,43.255581]}},{"id":"107","type":"Feature","properties":{"recordingID":"889-UO-4288","recordingTime":"2025-03-12T02:40:21.000Z","recordingCategory":"f4H"},"geometry":{"type":"Point","coordinates":[-2.965125,43.281649]}},{"id":"108","type":"Feature","properties":{"recordingID":"91-Y-254","recordingTime":"2025-10-03T05:51:54.000Z","recordingCategory":"6LX"},"geometry":{"type":"Point","coordinates":[-2.97543,43.273298]}},{"id":"109","type":"Feature","properties":{"recordingID":"770-Q-3","recordingTime":"2025-08-28T12:35:11.000Z","recordingCategory":"O9z"},"geometry":{"type":"Point","coordinates":[-2.950874,43.272125]}},{"id":"110","type":"Feature","properties":{"recordingID":"71-X-33","recordingTime":"2025-10-04T08:24:24.000Z","recordingCategory":"XWp"},"geometry":{"type":"Point","coordinates":[-2.916792,43.229871]}},{"id":"111","type":"Feature","properties":{"recordingID":"26-V-53","recordingTime":"2025-10-05T05:09:36.000Z","recordingCategory":"Sgo"},"geometry":{"type":"Point","coordinates":[-2.94341,43.217343]}},{"id":"112","type":"Feature","properties":{"recordingID":"591-FD-947","recordingTime":"2025-02-27T20:21:03.000Z","recordingCategory":"d2F"},"geometry":{"type":"Point","coordinates":[-2.970249,43.274362]}},{"id":"113","type":"Feature","properties":{"recordingID":"86-WN-0","recordingTime":"2025-09-07T09:58:39.000Z","recordingCategory":"BAM"},"geometry":{"type":"Point","coordinates":[-2.916411,43.254993]}},{"id":"114","type":"Feature","properties":{"recordingID":"123-I-4714","recordingTime":"2025-05-04T03:14:26.000Z","recordingCategory":"pzE"},"geometry":{"type":"Point","coordinates":[-2.972697,43.279775]}},{"id":"115","type":"Feature","properties":{"recordingID":"47-PW-2456","recordingTime":"2025-02-14T18:09:15.000Z","recordingCategory":"Mx6"},"geometry":{"type":"Point","coordinates":[-2.920579,43.267048]}},{"id":"116","type":"Feature","properties":{"recordingID":"266-W-275","recordingTime":"2025-08-30T17:54:47.000Z","recordingCategory":"wTk"},"geometry":{"type":"Point","coordinates":[-2.946978,43.260863]}},{"id":"117","type":"Feature","properties":{"recordingID":"91-AB-9","recordingTime":"2025-08-25T15:11:22.000Z","recordingCategory":"Roy"},"geometry":{"type":"Point","coordinates":[-2.936541,43.270124]}},{"id":"118","type":"Feature","properties":{"recordingID":"60-VK-9254","recordingTime":"2025-01-21T13:12:48.000Z","recordingCategory":"wta"},"geometry":{"type":"Point","coordinates":[-2.941399,43.239069]}},{"id":"119","type":"Feature","properties":{"recordingID":"558-WO-0","recordingTime":"2025-07-06T01:08:42.000Z","recordingCategory":"BK8"},"geometry":{"type":"Point","coordinates":[-2.945498,43.26961]}},{"id":"120","type":"Feature","properties":{"recordingID":"52-J-901","recordingTime":"2025-08-18T05:01:23.000Z","recordingCategory":"47d"},"geometry":{"type":"Point","coordinates":[-2.924219,43.257733]}},{"id":"121","type":"Feature","properties":{"recordingID":"11-K-83","recordingTime":"2025-11-19T22:32:46.000Z","recordingCategory":"S8N"},"geometry":{"type":"Point","coordinates":[-2.952066,43.244611]}},{"id":"122","type":"Feature","properties":{"recordingID":"659-UV-7","recordingTime":"2025-05-29T21:16:07.000Z","recordingCategory":"G0I"},"geometry":{"type":"Point","coordinates":[-2.958917,43.275025]}},{"id":"123","type":"Feature","properties":{"recordingID":"638-F-24","recordingTime":"2025-05-09T06:28:36.000Z","recordingCategory":"7vc"},"geometry":{"type":"Point","coordinates":[-2.947651,43.269786]}},{"id":"124","type":"Feature","properties":{"recordingID":"88-M-6","recordingTime":"2025-05-21T17:47:46.000Z","recordingCategory":"ehW"},"geometry":{"type":"Point","coordinates":[-2.928313,43.248633]}},{"id":"125","type":"Feature","properties":{"recordingID":"53-ZQ-8271","recordingTime":"2025-03-12T05:56:13.000Z","recordingCategory":"TAR"},"geometry":{"type":"Point","coordinates":[-2.955293,43.263327]}},{"id":"126","type":"Feature","properties":{"recordingID":"599-S-2144","recordingTime":"2025-04-10T14:00:10.000Z","recordingCategory":"KvI"},"geometry":{"type":"Point","coordinates":[-2.939673,43.270055]}},{"id":"127","type":"Feature","properties":{"recordingID":"552-WJ-88","recordingTime":"2025-05-19T18:10:01.000Z","recordingCategory":"F24"},"geometry":{"type":"Point","coordinates":[-2.945727,43.266479]}},{"id":"128","type":"Feature","properties":{"recordingID":"954-GU-5846","recordingTime":"2025-06-29T19:42:45.000Z","recordingCategory":"75x"},"geometry":{"type":"Point","coordinates":[-2.965059,43.269606]}},{"id":"129","type":"Feature","properties":{"recordingID":"225-IW-169","recordingTime":"2025-06-08T00:45:56.000Z","recordingCategory":"G6H"},"geometry":{"type":"Point","coordinates":[-2.922066,43.257378]}},{"id":"130","type":"Feature","properties":{"recordingID":"552-XC-24","recordingTime":"2025-06-22T01:34:56.000Z","recordingCategory":"N6y"},"geometry":{"type":"Point","coordinates":[-2.935268,43.251738]}},{"id":"131","type":"Feature","properties":{"recordingID":"563-F-619","recordingTime":"2025-08-25T09:07:36.000Z","recordingCategory":"uLE"},"geometry":{"type":"Point","coordinates":[-2.924545,43.269933]}},{"id":"132","type":"Feature","properties":{"recordingID":"755-I-5175","recordingTime":"2025-08-22T12:05:41.000Z","recordingCategory":"tOK"},"geometry":{"type":"Point","coordinates":[-2.910485,43.250865]}},{"id":"133","type":"Feature","properties":{"recordingID":"27-K-22","recordingTime":"2025-01-08T16:59:27.000Z","recordingCategory":"z4b"},"geometry":{"type":"Point","coordinates":[-2.923617,43.253135]}},{"id":"134","type":"Feature","properties":{"recordingID":"866-B-41","recordingTime":"2025-01-24T07:53:44.000Z","recordingCategory":"ASK"},"geometry":{"type":"Point","coordinates":[-2.89786,43.25573]}},{"id":"135","type":"Feature","properties":{"recordingID":"80-A-6","recordingTime":"2025-03-05T22:52:14.000Z","recordingCategory":"zW1"},"geometry":{"type":"Point","coordinates":[-2.956287,43.236228]}},{"id":"136","type":"Feature","properties":{"recordingID":"39-VU-6470","recordingTime":"2025-04-21T19:55:51.000Z","recordingCategory":"kkk"},"geometry":{"type":"Point","coordinates":[-2.956804,43.281263]}},{"id":"137","type":"Feature","properties":{"recordingID":"91-A-9","recordingTime":"2025-11-12T17:42:58.000Z","recordingCategory":"75s"},"geometry":{"type":"Point","coordinates":[-2.948733,43.25866]}},{"id":"138","type":"Feature","properties":{"recordingID":"983-UI-532","recordingTime":"2025-03-09T09:15:59.000Z","recordingCategory":"Xy1"},"geometry":{"type":"Point","coordinates":[-2.900183,43.261481]}},{"id":"139","type":"Feature","properties":{"recordingID":"75-Q-72","recordingTime":"2025-08-26T18:29:29.000Z","recordingCategory":"gJ7"},"geometry":{"type":"Point","coordinates":[-2.940554,43.26868]}},{"id":"140","type":"Feature","properties":{"recordingID":"93-DN-525","recordingTime":"2025-12-15T00:25:44.000Z","recordingCategory":"Zb7"},"geometry":{"type":"Point","coordinates":[-2.965707,43.245627]}},{"id":"141","type":"Feature","properties":{"recordingID":"748-XK-175","recordingTime":"2025-04-08T21:43:31.000Z","recordingCategory":"LM5"},"geometry":{"type":"Point","coordinates":[-2.964256,43.280439]}},{"id":"142","type":"Feature","properties":{"recordingID":"88-HK-6414","recordingTime":"2025-12-05T04:02:46.000Z","recordingCategory":"neB"},"geometry":{"type":"Point","coordinates":[-2.951704,43.276802]}},{"id":"143","type":"Feature","properties":{"recordingID":"63-X-08","recordingTime":"2025-06-09T11:01:48.000Z","recordingCategory":"uRx"},"geometry":{"type":"Point","coordinates":[-2.945626,43.25496]}},{"id":"144","type":"Feature","properties":{"recordingID":"383-WH-65","recordingTime":"2025-01-23T11:57:39.000Z","recordingCategory":"K3s"},"geometry":{"type":"Point","coordinates":[-2.938452,43.247852]}},{"id":"145","type":"Feature","properties":{"recordingID":"285-QN-6032","recordingTime":"2025-08-05T09:09:28.000Z","recordingCategory":"srj"},"geometry":{"type":"Point","coordinates":[-2.947996,43.23919]}},{"id":"146","type":"Feature","properties":{"recordingID":"43-MT-54","recordingTime":"2025-10-12T23:55:04.000Z","recordingCategory":"mBY"},"geometry":{"type":"Point","coordinates":[-2.936194,43.261101]}},{"id":"147","type":"Feature","properties":{"recordingID":"729-B-02","recordingTime":"2025-01-22T20:36:44.000Z","recordingCategory":"LbB"},"geometry":{"type":"Point","coordinates":[-2.935772,43.249192]}},{"id":"148","type":"Feature","properties":{"recordingID":"73-T-934","recordingTime":"2025-05-13T22:44:04.000Z","recordingCategory":"ugu"},"geometry":{"type":"Point","coordinates":[-2.927058,43.260838]}},{"id":"149","type":"Feature","properties":{"recordingID":"981-U-7","recordingTime":"2025-03-22T21:45:07.000Z","recordingCategory":"Eyi"},"geometry":{"type":"Point","coordinates":[-2.944101,43.253738]}},{"id":"150","type":"Feature","properties":{"recordingID":"758-MR-218","recordingTime":"2025-05-03T06:08:57.000Z","recordingCategory":"QHl"},"geometry":{"type":"Point","coordinates":[-2.95347,43.275635]}},{"id":"151","type":"Feature","properties":{"recordingID":"79-Z-7","recordingTime":"2025-06-18T13:12:38.000Z","recordingCategory":"a2m"},"geometry":{"type":"Point","coordinates":[-2.940248,43.272665]}},{"id":"152","type":"Feature","properties":{"recordingID":"86-UU-6","recordingTime":"2025-02-03T16:58:11.000Z","recordingCategory":"rna"},"geometry":{"type":"Point","coordinates":[-2.967004,43.284657]}},{"id":"153","type":"Feature","properties":{"recordingID":"58-QJ-9155","recordingTime":"2025-12-22T04:04:06.000Z","recordingCategory":"dek"},"geometry":{"type":"Point","coordinates":[-2.930101,43.242447]}},{"id":"154","type":"Feature","properties":{"recordingID":"553-HA-95","recordingTime":"2025-08-12T10:08:29.000Z","recordingCategory":"I0E"},"geometry":{"type":"Point","coordinates":[-2.935652,43.257918]}},{"id":"155","type":"Feature","properties":{"recordingID":"426-PN-65","recordingTime":"2025-06-17T01:17:40.000Z","recordingCategory":"I0r"},"geometry":{"type":"Point","coordinates":[-2.935191,43.263235]}},{"id":"156","type":"Feature","properties":{"recordingID":"412-QM-9129","recordingTime":"2025-12-16T21:39:36.000Z","recordingCategory":"wue"},"geometry":{"type":"Point","coordinates":[-2.922833,43.226482]}},{"id":"157","type":"Feature","properties":{"recordingID":"42-S-6","recordingTime":"2025-11-16T14:17:35.000Z","recordingCategory":"RbN"},"geometry":{"type":"Point","coordinates":[-2.933905,43.270081]}},{"id":"158","type":"Feature","properties":{"recordingID":"82-OL-08","recordingTime":"2025-03-20T19:05:40.000Z","recordingCategory":"7h0"},"geometry":{"type":"Point","coordinates":[-2.96352,43.284399]}},{"id":"159","type":"Feature","properties":{"recordingID":"93-C-3","recordingTime":"2025-11-10T22:06:15.000Z","recordingCategory":"k1n"},"geometry":{"type":"Point","coordinates":[-2.967096,43.246554]}},{"id":"160","type":"Feature","properties":{"recordingID":"58-U-73","recordingTime":"2025-01-21T20:15:55.000Z","recordingCategory":"5vH"},"geometry":{"type":"Point","coordinates":[-2.959072,43.268337]}},{"id":"161","type":"Feature","properties":{"recordingID":"49-A-2","recordingTime":"2025-04-15T22:17:21.000Z","recordingCategory":"6R8"},"geometry":{"type":"Point","coordinates":[-2.916398,43.262799]}},{"id":"162","type":"Feature","properties":{"recordingID":"23-GL-5403","recordingTime":"2025-08-30T15:46:20.000Z","recordingCategory":"ql3"},"geometry":{"type":"Point","coordinates":[-2.935966,43.257388]}},{"id":"163","type":"Feature","properties":{"recordingID":"51-IH-42","recordingTime":"2025-11-06T04:38:59.000Z","recordingCategory":"vDp"},"geometry":{"type":"Point","coordinates":[-2.923898,43.268108]}},{"id":"164","type":"Feature","properties":{"recordingID":"89-PA-397","recordingTime":"2025-03-26T22:36:19.000Z","recordingCategory":"S0h"},"geometry":{"type":"Point","coordinates":[-2.939115,43.239241]}},{"id":"165","type":"Feature","properties":{"recordingID":"21-Q-5109","recordingTime":"2025-12-09T03:05:42.000Z","recordingCategory":"eTD"},"geometry":{"type":"Point","coordinates":[-2.974431,43.270616]}},{"id":"166","type":"Feature","properties":{"recordingID":"16-GM-3020","recordingTime":"2025-11-25T16:15:25.000Z","recordingCategory":"leS"},"geometry":{"type":"Point","coordinates":[-2.884132,43.262724]}},{"id":"167","type":"Feature","properties":{"recordingID":"509-H-8","recordingTime":"2025-11-05T17:17:02.000Z","recordingCategory":"RfN"},"geometry":{"type":"Point","coordinates":[-2.961554,43.277817]}},{"id":"168","type":"Feature","properties":{"recordingID":"697-Z-99","recordingTime":"2025-10-25T01:01:35.000Z","recordingCategory":"k9K"},"geometry":{"type":"Point","coordinates":[-2.934855,43.262833]}},{"id":"169","type":"Feature","properties":{"recordingID":"81-YC-36","recordingTime":"2025-06-15T17:20:05.000Z","recordingCategory":"QxE"},"geometry":{"type":"Point","coordinates":[-2.903503,43.258842]}},{"id":"170","type":"Feature","properties":{"recordingID":"91-M-74","recordingTime":"2025-02-28T01:44:20.000Z","recordingCategory":"7qJ"},"geometry":{"type":"Point","coordinates":[-2.911842,43.229059]}},{"id":"171","type":"Feature","properties":{"recordingID":"869-DV-63","recordingTime":"2025-10-05T07:25:12.000Z","recordingCategory":"BSM"},"geometry":{"type":"Point","coordinates":[-2.972471,43.279637]}},{"id":"172","type":"Feature","properties":{"recordingID":"64-E-91","recordingTime":"2025-04-14T21:06:07.000Z","recordingCategory":"17f"},"geometry":{"type":"Point","coordinates":[-2.943671,43.245721]}},{"id":"173","type":"Feature","properties":{"recordingID":"584-YM-2638","recordingTime":"2025-01-10T23:07:32.000Z","recordingCategory":"lGl"},"geometry":{"type":"Point","coordinates":[-2.94068,43.246838]}},{"id":"174","type":"Feature","properties":{"recordingID":"21-FQ-5011","recordingTime":"2025-05-14T21:57:05.000Z","recordingCategory":"O2I"},"geometry":{"type":"Point","coordinates":[-2.896667,43.25913]}},{"id":"175","type":"Feature","properties":{"recordingID":"482-CY-456","recordingTime":"2025-12-28T08:40:57.000Z","recordingCategory":"giA"},"geometry":{"type":"Point","coordinates":[-2.924199,43.257467]}},{"id":"176","type":"Feature","properties":{"recordingID":"776-NS-4","recordingTime":"2025-05-11T10:57:29.000Z","recordingCategory":"O6C"},"geometry":{"type":"Point","coordinates":[-2.913388,43.252966]}},{"id":"177","type":"Feature","properties":{"recordingID":"312-JQ-9","recordingTime":"2025-05-01T12:28:59.000Z","recordingCategory":"GTq"},"geometry":{"type":"Point","coordinates":[-2.941745,43.246854]}},{"id":"178","type":"Feature","properties":{"recordingID":"74-CX-9099","recordingTime":"2025-07-03T18:46:10.000Z","recordingCategory":"wEK"},"geometry":{"type":"Point","coordinates":[-2.921218,43.247057]}},{"id":"179","type":"Feature","properties":{"recordingID":"193-ZF-20","recordingTime":"2025-05-03T22:50:35.000Z","recordingCategory":"1X5"},"geometry":{"type":"Point","coordinates":[-2.957513,43.283505]}},{"id":"180","type":"Feature","properties":{"recordingID":"676-WJ-3","recordingTime":"2025-05-16T00:35:14.000Z","recordingCategory":"ttH"},"geometry":{"type":"Point","coordinates":[-2.968978,43.270645]}},{"id":"181","type":"Feature","properties":{"recordingID":"59-NC-7726","recordingTime":"2025-11-18T00:24:17.000Z","recordingCategory":"MAn"},"geometry":{"type":"Point","coordinates":[-2.967159,43.285622]}},{"id":"182","type":"Feature","properties":{"recordingID":"444-F-4436","recordingTime":"2025-04-13T22:21:47.000Z","recordingCategory":"AJu"},"geometry":{"type":"Point","coordinates":[-2.94615,43.248106]}},{"id":"183","type":"Feature","properties":{"recordingID":"24-EM-8187","recordingTime":"2025-04-01T23:01:27.000Z","recordingCategory":"pE3"},"geometry":{"type":"Point","coordinates":[-2.916631,43.263346]}},{"id":"184","type":"Feature","properties":{"recordingID":"853-W-35","recordingTime":"2025-05-08T22:35:50.000Z","recordingCategory":"lul"},"geometry":{"type":"Point","coordinates":[-2.925859,43.269043]}},{"id":"185","type":"Feature","properties":{"recordingID":"262-RC-7191","recordingTime":"2025-01-01T02:03:54.000Z","recordingCategory":"zwS"},"geometry":{"type":"Point","coordinates":[-2.921598,43.241928]}},{"id":"186","type":"Feature","properties":{"recordingID":"64-R-7339","recordingTime":"2025-05-09T04:31:19.000Z","recordingCategory":"uFC"},"geometry":{"type":"Point","coordinates":[-2.908795,43.253457]}},{"id":"187","type":"Feature","properties":{"recordingID":"103-I-6249","recordingTime":"2025-06-18T00:27:09.000Z","recordingCategory":"o8y"},"geometry":{"type":"Point","coordinates":[-2.93813,43.248167]}},{"id":"188","type":"Feature","properties":{"recordingID":"093-LB-026","recordingTime":"2025-04-18T21:42:58.000Z","recordingCategory":"aSV"},"geometry":{"type":"Point","coordinates":[-2.920764,43.254514]}},{"id":"189","type":"Feature","properties":{"recordingID":"74-U-0","recordingTime":"2025-08-15T18:46:45.000Z","recordingCategory":"TJv"},"geometry":{"type":"Point","coordinates":[-2.896344,43.253394]}},{"id":"190","type":"Feature","properties":{"recordingID":"54-VU-118","recordingTime":"2025-05-08T10:39:46.000Z","recordingCategory":"Zh3"},"geometry":{"type":"Point","coordinates":[-2.962063,43.275325]}},{"id":"191","type":"Feature","properties":{"recordingID":"77-O-4","recordingTime":"2025-12-26T20:44:08.000Z","recordingCategory":"WEz"},"geometry":{"type":"Point","coordinates":[-2.94119,43.269688]}},{"id":"192","type":"Feature","properties":{"recordingID":"592-OE-053","recordingTime":"2025-05-17T20:55:49.000Z","recordingCategory":"8oT"},"geometry":{"type":"Point","coordinates":[-2.910482,43.249012]}},{"id":"193","type":"Feature","properties":{"recordingID":"68-QY-4","recordingTime":"2025-06-03T07:27:13.000Z","recordingCategory":"ms0"},"geometry":{"type":"Point","coordinates":[-2.973508,43.279856]}},{"id":"194","type":"Feature","properties":{"recordingID":"45-AI-7","recordingTime":"2025-12-27T14:08:51.000Z","recordingCategory":"5CR"},"geometry":{"type":"Point","coordinates":[-2.941853,43.266557]}},{"id":"195","type":"Feature","properties":{"recordingID":"605-D-86","recordingTime":"2025-04-26T12:32:11.000Z","recordingCategory":"ZGM"},"geometry":{"type":"Point","coordinates":[-2.963464,43.262442]}},{"id":"196","type":"Feature","properties":{"recordingID":"59-B-6839","recordingTime":"2025-08-27T06:23:23.000Z","recordingCategory":"gbX"},"geometry":{"type":"Point","coordinates":[-2.961949,43.257791]}},{"id":"197","type":"Feature","properties":{"recordingID":"016-NS-415","recordingTime":"2025-11-02T01:27:21.000Z","recordingCategory":"aeD"},"geometry":{"type":"Point","coordinates":[-2.961425,43.278653]}},{"id":"198","type":"Feature","properties":{"recordingID":"32-KR-338","recordingTime":"2025-06-30T04:37:28.000Z","recordingCategory":"doq"},"geometry":{"type":"Point","coordinates":[-2.938843,43.245886]}},{"id":"199","type":"Feature","properties":{"recordingID":"155-OB-6513","recordingTime":"2025-01-16T01:45:11.000Z","recordingCategory":"cMC"},"geometry":{"type":"Point","coordinates":[-2.929063,43.25404]}},{"id":"200","type":"Feature","properties":{"recordingID":"804-X-2463","recordingTime":"2025-05-30T19:16:51.000Z","recordingCategory":"Ogf"},"geometry":{"type":"Point","coordinates":[-2.944845,43.275333]}},{"id":"201","type":"Feature","properties":{"recordingID":"726-FZ-7859","recordingTime":"2025-11-08T04:14:21.000Z","recordingCategory":"bwn"},"geometry":{"type":"Point","coordinates":[-2.923705,43.26576]}},{"id":"202","type":"Feature","properties":{"recordingID":"63-K-63","recordingTime":"2025-12-11T19:26:05.000Z","recordingCategory":"gxb"},"geometry":{"type":"Point","coordinates":[-2.943781,43.231053]}},{"id":"203","type":"Feature","properties":{"recordingID":"26-U-512","recordingTime":"2025-05-13T12:20:45.000Z","recordingCategory":"9Sb"},"geometry":{"type":"Point","coordinates":[-2.918456,43.250055]}},{"id":"204","type":"Feature","properties":{"recordingID":"461-D-4","recordingTime":"2025-12-26T03:07:26.000Z","recordingCategory":"Mf5"},"geometry":{"type":"Point","coordinates":[-2.969597,43.27476]}},{"id":"205","type":"Feature","properties":{"recordingID":"93-SJ-942","recordingTime":"2025-06-07T06:46:13.000Z","recordingCategory":"UWf"},"geometry":{"type":"Point","coordinates":[-2.937878,43.23634]}},{"id":"206","type":"Feature","properties":{"recordingID":"191-WG-2097","recordingTime":"2025-04-18T23:10:21.000Z","recordingCategory":"5XY"},"geometry":{"type":"Point","coordinates":[-2.945117,43.259722]}},{"id":"207","type":"Feature","properties":{"recordingID":"55-G-65","recordingTime":"2025-12-26T22:25:18.000Z","recordingCategory":"hgC"},"geometry":{"type":"Point","coordinates":[-2.952931,43.25985]}},{"id":"208","type":"Feature","properties":{"recordingID":"14-R-531","recordingTime":"2025-11-16T08:37:37.000Z","recordingCategory":"1JP"},"geometry":{"type":"Point","coordinates":[-2.954209,43.269605]}},{"id":"209","type":"Feature","properties":{"recordingID":"32-EB-49","recordingTime":"2025-05-25T12:28:21.000Z","recordingCategory":"sD6"},"geometry":{"type":"Point","coordinates":[-2.954782,43.256976]}},{"id":"210","type":"Feature","properties":{"recordingID":"37-X-9","recordingTime":"2025-03-03T19:50:33.000Z","recordingCategory":"W46"},"geometry":{"type":"Point","coordinates":[-2.921581,43.258027]}},{"id":"211","type":"Feature","properties":{"recordingID":"18-JG-0","recordingTime":"2025-07-14T20:27:22.000Z","recordingCategory":"5OR"},"geometry":{"type":"Point","coordinates":[-2.948845,43.253376]}},{"id":"212","type":"Feature","properties":{"recordingID":"04-M-45","recordingTime":"2025-04-11T13:37:27.000Z","recordingCategory":"ef2"},"geometry":{"type":"Point","coordinates":[-2.907268,43.248213]}},{"id":"213","type":"Feature","properties":{"recordingID":"79-A-6607","recordingTime":"2025-06-19T22:03:24.000Z","recordingCategory":"7PF"},"geometry":{"type":"Point","coordinates":[-2.912871,43.254076]}},{"id":"214","type":"Feature","properties":{"recordingID":"901-T-6","recordingTime":"2025-05-19T14:07:58.000Z","recordingCategory":"FoC"},"geometry":{"type":"Point","coordinates":[-2.912551,43.259813]}},{"id":"215","type":"Feature","properties":{"recordingID":"49-GF-007","recordingTime":"2025-05-04T11:16:25.000Z","recordingCategory":"MJF"},"geometry":{"type":"Point","coordinates":[-2.915863,43.249761]}},{"id":"216","type":"Feature","properties":{"recordingID":"168-BN-143","recordingTime":"2025-07-16T07:09:07.000Z","recordingCategory":"bW5"},"geometry":{"type":"Point","coordinates":[-2.916591,43.260613]}},{"id":"217","type":"Feature","properties":{"recordingID":"84-DA-983","recordingTime":"2025-11-07T12:40:40.000Z","recordingCategory":"a60"},"geometry":{"type":"Point","coordinates":[-2.955317,43.262236]}},{"id":"218","type":"Feature","properties":{"recordingID":"37-K-7517","recordingTime":"2025-11-14T10:14:21.000Z","recordingCategory":"DTb"},"geometry":{"type":"Point","coordinates":[-2.91861,43.254358]}},{"id":"219","type":"Feature","properties":{"recordingID":"29-QT-5","recordingTime":"2025-11-08T00:49:58.000Z","recordingCategory":"hv4"},"geometry":{"type":"Point","coordinates":[-2.952702,43.280604]}},{"id":"220","type":"Feature","properties":{"recordingID":"43-I-5066","recordingTime":"2025-09-23T13:10:54.000Z","recordingCategory":"Wzj"},"geometry":{"type":"Point","coordinates":[-2.963751,43.244229]}},{"id":"221","type":"Feature","properties":{"recordingID":"963-L-5384","recordingTime":"2025-01-22T02:45:51.000Z","recordingCategory":"0LI"},"geometry":{"type":"Point","coordinates":[-2.930958,43.232338]}},{"id":"222","type":"Feature","properties":{"recordingID":"08-IX-8","recordingTime":"2025-01-31T23:21:30.000Z","recordingCategory":"hbi"},"geometry":{"type":"Point","coordinates":[-2.950384,43.241328]}},{"id":"223","type":"Feature","properties":{"recordingID":"202-FH-47","recordingTime":"2025-12-24T01:27:06.000Z","recordingCategory":"HwQ"},"geometry":{"type":"Point","coordinates":[-2.949084,43.266071]}},{"id":"224","type":"Feature","properties":{"recordingID":"17-GS-088","recordingTime":"2025-08-18T14:28:17.000Z","recordingCategory":"bmt"},"geometry":{"type":"Point","coordinates":[-2.933119,43.265689]}},{"id":"225","type":"Feature","properties":{"recordingID":"78-L-27","recordingTime":"2025-07-08T20:57:11.000Z","recordingCategory":"WtS"},"geometry":{"type":"Point","coordinates":[-2.937347,43.278296]}},{"id":"226","type":"Feature","properties":{"recordingID":"97-X-175","recordingTime":"2025-03-05T22:45:28.000Z","recordingCategory":"Z79"},"geometry":{"type":"Point","coordinates":[-2.927894,43.252815]}},{"id":"227","type":"Feature","properties":{"recordingID":"457-YQ-44","recordingTime":"2025-12-04T03:00:39.000Z","recordingCategory":"uNS"},"geometry":{"type":"Point","coordinates":[-2.972346,43.281151]}},{"id":"228","type":"Feature","properties":{"recordingID":"577-R-941","recordingTime":"2025-06-20T21:34:12.000Z","recordingCategory":"xdu"},"geometry":{"type":"Point","coordinates":[-2.929545,43.260086]}},{"id":"229","type":"Feature","properties":{"recordingID":"708-CZ-455","recordingTime":"2025-06-03T00:38:04.000Z","recordingCategory":"Sel"},"geometry":{"type":"Point","coordinates":[-2.961993,43.26693]}},{"id":"230","type":"Feature","properties":{"recordingID":"336-G-048","recordingTime":"2025-10-23T03:08:51.000Z","recordingCategory":"IEK"},"geometry":{"type":"Point","coordinates":[-2.93928,43.250801]}},{"id":"231","type":"Feature","properties":{"recordingID":"24-X-775","recordingTime":"2025-05-26T00:33:41.000Z","recordingCategory":"j6X"},"geometry":{"type":"Point","coordinates":[-2.953525,43.270944]}},{"id":"232","type":"Feature","properties":{"recordingID":"889-G-20","recordingTime":"2025-07-13T02:32:29.000Z","recordingCategory":"V43"},"geometry":{"type":"Point","coordinates":[-2.927007,43.254622]}},{"id":"233","type":"Feature","properties":{"recordingID":"610-Y-4154","recordingTime":"2025-02-03T09:40:01.000Z","recordingCategory":"i06"},"geometry":{"type":"Point","coordinates":[-2.899958,43.249124]}},{"id":"234","type":"Feature","properties":{"recordingID":"719-BX-95","recordingTime":"2025-03-13T15:22:22.000Z","recordingCategory":"MEz"},"geometry":{"type":"Point","coordinates":[-2.925246,43.256114]}},{"id":"235","type":"Feature","properties":{"recordingID":"60-A-496","recordingTime":"2025-12-17T19:38:04.000Z","recordingCategory":"42X"},"geometry":{"type":"Point","coordinates":[-2.922085,43.216796]}},{"id":"236","type":"Feature","properties":{"recordingID":"888-TL-42","recordingTime":"2025-02-01T02:49:27.000Z","recordingCategory":"BlR"},"geometry":{"type":"Point","coordinates":[-2.924617,43.275877]}},{"id":"237","type":"Feature","properties":{"recordingID":"91-IX-6225","recordingTime":"2025-07-31T23:35:13.000Z","recordingCategory":"dOh"},"geometry":{"type":"Point","coordinates":[-2.91627,43.26773]}},{"id":"238","type":"Feature","properties":{"recordingID":"347-TG-90","recordingTime":"2025-07-30T08:38:53.000Z","recordingCategory":"AKT"},"geometry":{"type":"Point","coordinates":[-2.919966,43.256363]}},{"id":"239","type":"Feature","properties":{"recordingID":"49-Z-932","recordingTime":"2025-11-16T12:17:20.000Z","recordingCategory":"hBA"},"geometry":{"type":"Point","coordinates":[-2.957782,43.272627]}},{"id":"240","type":"Feature","properties":{"recordingID":"57-M-0923","recordingTime":"2025-04-30T16:53:37.000Z","recordingCategory":"EZ5"},"geometry":{"type":"Point","coordinates":[-2.94939,43.274153]}},{"id":"241","type":"Feature","properties":{"recordingID":"46-NF-7","recordingTime":"2025-07-26T21:13:38.000Z","recordingCategory":"BVE"},"geometry":{"type":"Point","coordinates":[-2.916187,43.254142]}},{"id":"242","type":"Feature","properties":{"recordingID":"039-KK-88","recordingTime":"2025-04-05T00:32:41.000Z","recordingCategory":"xpH"},"geometry":{"type":"Point","coordinates":[-2.951762,43.258116]}},{"id":"243","type":"Feature","properties":{"recordingID":"60-CM-9","recordingTime":"2025-04-26T06:21:07.000Z","recordingCategory":"Ynu"},"geometry":{"type":"Point","coordinates":[-2.959946,43.275425]}},{"id":"244","type":"Feature","properties":{"recordingID":"51-PX-0","recordingTime":"2025-09-27T00:24:30.000Z","recordingCategory":"5kt"},"geometry":{"type":"Point","coordinates":[-2.947493,43.259921]}},{"id":"245","type":"Feature","properties":{"recordingID":"45-JV-2","recordingTime":"2025-10-04T13:16:18.000Z","recordingCategory":"7Jm"},"geometry":{"type":"Point","coordinates":[-2.955764,43.276315]}},{"id":"246","type":"Feature","properties":{"recordingID":"777-KI-9","recordingTime":"2025-03-29T20:59:00.000Z","recordingCategory":"7OE"},"geometry":{"type":"Point","coordinates":[-2.936262,43.277903]}},{"id":"247","type":"Feature","properties":{"recordingID":"63-A-8","recordingTime":"2025-02-06T12:39:38.000Z","recordingCategory":"lwL"},"geometry":{"type":"Point","coordinates":[-2.932377,43.246839]}},{"id":"248","type":"Feature","properties":{"recordingID":"05-OL-92","recordingTime":"2025-09-10T21:57:49.000Z","recordingCategory":"OPk"},"geometry":{"type":"Point","coordinates":[-2.944296,43.244924]}},{"id":"249","type":"Feature","properties":{"recordingID":"066-LD-8632","recordingTime":"2025-06-24T04:55:54.000Z","recordingCategory":"SIR"},"geometry":{"type":"Point","coordinates":[-2.970563,43.277192]}},{"id":"250","type":"Feature","properties":{"recordingID":"504-ER-2842","recordingTime":"2025-12-31T18:36:48.000Z","recordingCategory":"tK1"},"geometry":{"type":"Point","coordinates":[-2.962076,43.27408]}},{"id":"251","type":"Feature","properties":{"recordingID":"436-P-8","recordingTime":"2025-04-13T02:24:40.000Z","recordingCategory":"i0d"},"geometry":{"type":"Point","coordinates":[-2.945997,43.271829]}},{"id":"252","type":"Feature","properties":{"recordingID":"96-NO-268","recordingTime":"2025-09-13T05:53:18.000Z","recordingCategory":"8PB"},"geometry":{"type":"Point","coordinates":[-2.975037,43.27856]}},{"id":"253","type":"Feature","properties":{"recordingID":"78-A-89","recordingTime":"2025-10-13T18:27:55.000Z","recordingCategory":"W9T"},"geometry":{"type":"Point","coordinates":[-2.906492,43.254385]}},{"id":"254","type":"Feature","properties":{"recordingID":"37-L-1","recordingTime":"2025-10-16T11:48:14.000Z","recordingCategory":"4vZ"},"geometry":{"type":"Point","coordinates":[-2.900517,43.259789]}},{"id":"255","type":"Feature","properties":{"recordingID":"567-MJ-35","recordingTime":"2025-03-24T17:55:41.000Z","recordingCategory":"Jih"},"geometry":{"type":"Point","coordinates":[-2.946196,43.245746]}},{"id":"256","type":"Feature","properties":{"recordingID":"12-K-3277","recordingTime":"2025-11-06T17:08:30.000Z","recordingCategory":"Lpw"},"geometry":{"type":"Point","coordinates":[-2.919031,43.26363]}},{"id":"257","type":"Feature","properties":{"recordingID":"862-W-580","recordingTime":"2025-04-15T18:57:35.000Z","recordingCategory":"iK5"},"geometry":{"type":"Point","coordinates":[-2.934203,43.253335]}},{"id":"258","type":"Feature","properties":{"recordingID":"33-T-0488","recordingTime":"2025-07-02T11:58:33.000Z","recordingCategory":"70w"},"geometry":{"type":"Point","coordinates":[-2.960441,43.277976]}},{"id":"259","type":"Feature","properties":{"recordingID":"36-JY-44","recordingTime":"2025-08-30T23:11:13.000Z","recordingCategory":"04c"},"geometry":{"type":"Point","coordinates":[-2.909396,43.254029]}},{"id":"260","type":"Feature","properties":{"recordingID":"855-JT-6308","recordingTime":"2025-09-06T15:46:50.000Z","recordingCategory":"WNL"},"geometry":{"type":"Point","coordinates":[-2.94478,43.260611]}},{"id":"261","type":"Feature","properties":{"recordingID":"359-O-5","recordingTime":"2025-01-14T01:15:48.000Z","recordingCategory":"NEo"},"geometry":{"type":"Point","coordinates":[-2.897796,43.253771]}},{"id":"262","type":"Feature","properties":{"recordingID":"04-CA-9521","recordingTime":"2025-12-02T13:31:53.000Z","recordingCategory":"dqN"},"geometry":{"type":"Point","coordinates":[-2.923225,43.26491]}},{"id":"263","type":"Feature","properties":{"recordingID":"48-Q-92","recordingTime":"2025-03-31T02:54:25.000Z","recordingCategory":"9Nk"},"geometry":{"type":"Point","coordinates":[-2.950075,43.25591]}},{"id":"264","type":"Feature","properties":{"recordingID":"092-Y-76","recordingTime":"2025-06-07T01:06:26.000Z","recordingCategory":"Q3U"},"geometry":{"type":"Point","coordinates":[-2.919959,43.246936]}},{"id":"265","type":"Feature","properties":{"recordingID":"824-Y-9","recordingTime":"2025-11-14T05:17:31.000Z","recordingCategory":"LpT"},"geometry":{"type":"Point","coordinates":[-2.957116,43.27142]}},{"id":"266","type":"Feature","properties":{"recordingID":"65-J-04","recordingTime":"2025-07-26T19:56:04.000Z","recordingCategory":"8zs"},"geometry":{"type":"Point","coordinates":[-2.966591,43.270612]}},{"id":"267","type":"Feature","properties":{"recordingID":"541-Q-3030","recordingTime":"2025-07-05T13:39:48.000Z","recordingCategory":"M8b"},"geometry":{"type":"Point","coordinates":[-2.938047,43.256576]}},{"id":"268","type":"Feature","properties":{"recordingID":"82-Y-228","recordingTime":"2025-08-15T02:18:19.000Z","recordingCategory":"P62"},"geometry":{"type":"Point","coordinates":[-2.917525,43.266444]}},{"id":"269","type":"Feature","properties":{"recordingID":"841-PE-93","recordingTime":"2025-07-20T02:11:03.000Z","recordingCategory":"IdB"},"geometry":{"type":"Point","coordinates":[-2.940648,43.25188]}},{"id":"270","type":"Feature","properties":{"recordingID":"62-L-544","recordingTime":"2025-11-26T15:06:51.000Z","recordingCategory":"AzR"},"geometry":{"type":"Point","coordinates":[-2.920294,43.268816]}},{"id":"271","type":"Feature","properties":{"recordingID":"721-A-1","recordingTime":"2025-04-29T08:51:17.000Z","recordingCategory":"RE3"},"geometry":{"type":"Point","coordinates":[-2.909752,43.250568]}},{"id":"272","type":"Feature","properties":{"recordingID":"218-D-166","recordingTime":"2025-10-31T18:39:15.000Z","recordingCategory":"VIx"},"geometry":{"type":"Point","coordinates":[-2.917717,43.261198]}},{"id":"273","type":"Feature","properties":{"recordingID":"267-E-2","recordingTime":"2025-11-02T11:37:27.000Z","recordingCategory":"WvI"},"geometry":{"type":"Point","coordinates":[-2.948758,43.261881]}},{"id":"274","type":"Feature","properties":{"recordingID":"833-T-93","recordingTime":"2025-05-24T07:20:48.000Z","recordingCategory":"wwv"},"geometry":{"type":"Point","coordinates":[-2.899129,43.26081]}},{"id":"275","type":"Feature","properties":{"recordingID":"06-L-67","recordingTime":"2025-11-24T07:30:32.000Z","recordingCategory":"QlO"},"geometry":{"type":"Point","coordinates":[-2.952662,43.268207]}},{"id":"276","type":"Feature","properties":{"recordingID":"778-F-208","recordingTime":"2025-02-04T00:40:33.000Z","recordingCategory":"GTx"},"geometry":{"type":"Point","coordinates":[-2.93002,43.25258]}},{"id":"277","type":"Feature","properties":{"recordingID":"104-D-8767","recordingTime":"2025-11-15T22:16:14.000Z","recordingCategory":"zED"},"geometry":{"type":"Point","coordinates":[-2.948991,43.254145]}},{"id":"278","type":"Feature","properties":{"recordingID":"39-FH-206","recordingTime":"2025-12-22T11:46:49.000Z","recordingCategory":"Vmt"},"geometry":{"type":"Point","coordinates":[-2.927866,43.258532]}},{"id":"279","type":"Feature","properties":{"recordingID":"408-B-93","recordingTime":"2025-03-07T12:38:23.000Z","recordingCategory":"2Qm"},"geometry":{"type":"Point","coordinates":[-2.91155,43.265789]}},{"id":"280","type":"Feature","properties":{"recordingID":"881-V-084","recordingTime":"2025-05-10T15:31:26.000Z","recordingCategory":"0dx"},"geometry":{"type":"Point","coordinates":[-2.959108,43.279011]}},{"id":"281","type":"Feature","properties":{"recordingID":"06-D-888","recordingTime":"2025-03-17T11:36:59.000Z","recordingCategory":"hyk"},"geometry":{"type":"Point","coordinates":[-2.913991,43.25803]}},{"id":"282","type":"Feature","properties":{"recordingID":"362-FC-2","recordingTime":"2025-12-16T10:45:22.000Z","recordingCategory":"Srq"},"geometry":{"type":"Point","coordinates":[-2.950732,43.26858]}},{"id":"283","type":"Feature","properties":{"recordingID":"985-RZ-5","recordingTime":"2025-09-17T14:00:44.000Z","recordingCategory":"hMV"},"geometry":{"type":"Point","coordinates":[-2.929095,43.24657]}},{"id":"284","type":"Feature","properties":{"recordingID":"72-WG-98","recordingTime":"2025-12-18T15:20:53.000Z","recordingCategory":"rR8"},"geometry":{"type":"Point","coordinates":[-2.915212,43.256656]}},{"id":"285","type":"Feature","properties":{"recordingID":"381-LM-09","recordingTime":"2025-11-23T18:47:22.000Z","recordingCategory":"f3P"},"geometry":{"type":"Point","coordinates":[-2.896119,43.266251]}},{"id":"286","type":"Feature","properties":{"recordingID":"42-I-7118","recordingTime":"2025-10-31T19:21:05.000Z","recordingCategory":"Aff"},"geometry":{"type":"Point","coordinates":[-2.917938,43.262796]}},{"id":"287","type":"Feature","properties":{"recordingID":"56-T-5","recordingTime":"2025-06-25T15:25:45.000Z","recordingCategory":"Rse"},"geometry":{"type":"Point","coordinates":[-2.959294,43.250667]}},{"id":"288","type":"Feature","properties":{"recordingID":"754-P-516","recordingTime":"2025-04-27T15:12:47.000Z","recordingCategory":"exx"},"geometry":{"type":"Point","coordinates":[-2.93071,43.248804]}},{"id":"289","type":"Feature","properties":{"recordingID":"17-K-27","recordingTime":"2025-07-11T18:36:51.000Z","recordingCategory":"arj"},"geometry":{"type":"Point","coordinates":[-2.948749,43.261536]}},{"id":"290","type":"Feature","properties":{"recordingID":"13-Q-1126","recordingTime":"2025-06-27T06:44:28.000Z","recordingCategory":"XDC"},"geometry":{"type":"Point","coordinates":[-2.907607,43.270629]}},{"id":"291","type":"Feature","properties":{"recordingID":"67-R-4","recordingTime":"2025-11-21T18:13:34.000Z","recordingCategory":"zoW"},"geometry":{"type":"Point","coordinates":[-2.942783,43.224362]}},{"id":"292","type":"Feature","properties":{"recordingID":"28-H-4","recordingTime":"2025-01-29T01:09:31.000Z","recordingCategory":"e2R"},"geometry":{"type":"Point","coordinates":[-2.909522,43.249197]}},{"id":"293","type":"Feature","properties":{"recordingID":"172-YU-903","recordingTime":"2025-11-23T02:13:03.000Z","recordingCategory":"tHw"},"geometry":{"type":"Point","coordinates":[-2.919959,43.249658]}},{"id":"294","type":"Feature","properties":{"recordingID":"18-AD-77","recordingTime":"2025-06-16T06:40:42.000Z","recordingCategory":"P2H"},"geometry":{"type":"Point","coordinates":[-2.946154,43.219379]}},{"id":"295","type":"Feature","properties":{"recordingID":"313-AE-8298","recordingTime":"2025-04-20T00:41:00.000Z","recordingCategory":"Rpm"},"geometry":{"type":"Point","coordinates":[-2.923418,43.253026]}},{"id":"296","type":"Feature","properties":{"recordingID":"33-S-825","recordingTime":"2025-09-13T01:00:29.000Z","recordingCategory":"JkZ"},"geometry":{"type":"Point","coordinates":[-2.933505,43.268302]}},{"id":"297","type":"Feature","properties":{"recordingID":"78-LO-671","recordingTime":"2025-02-12T10:34:16.000Z","recordingCategory":"mvD"},"geometry":{"type":"Point","coordinates":[-2.943561,43.247478]}},{"id":"298","type":"Feature","properties":{"recordingID":"38-R-9","recordingTime":"2025-03-25T19:01:55.000Z","recordingCategory":"kvO"},"geometry":{"type":"Point","coordinates":[-2.948699,43.261753]}},{"id":"299","type":"Feature","properties":{"recordingID":"116-XH-906","recordingTime":"2025-06-01T15:58:07.000Z","recordingCategory":"MNL"},"geometry":{"type":"Point","coordinates":[-2.950119,43.274495]}},{"id":"300","type":"Feature","properties":{"recordingID":"37-R-0581","recordingTime":"2025-01-20T02:40:30.000Z","recordingCategory":"6jp"},"geometry":{"type":"Point","coordinates":[-2.953345,43.270149]}},{"id":"301","type":"Feature","properties":{"recordingID":"10-H-10","recordingTime":"2025-05-24T22:26:13.000Z","recordingCategory":"iHH"},"geometry":{"type":"Point","coordinates":[-2.956845,43.264767]}},{"id":"302","type":"Feature","properties":{"recordingID":"884-JF-39","recordingTime":"2025-10-30T12:24:48.000Z","recordingCategory":"kn6"},"geometry":{"type":"Point","coordinates":[-2.929647,43.277703]}},{"id":"303","type":"Feature","properties":{"recordingID":"01-N-579","recordingTime":"2025-12-02T05:30:00.000Z","recordingCategory":"b0T"},"geometry":{"type":"Point","coordinates":[-2.940395,43.255275]}},{"id":"304","type":"Feature","properties":{"recordingID":"832-F-8430","recordingTime":"2025-11-29T22:05:34.000Z","recordingCategory":"Obo"},"geometry":{"type":"Point","coordinates":[-2.955376,43.276284]}},{"id":"305","type":"Feature","properties":{"recordingID":"657-IK-450","recordingTime":"2025-03-16T23:29:23.000Z","recordingCategory":"veC"},"geometry":{"type":"Point","coordinates":[-2.920085,43.247117]}},{"id":"306","type":"Feature","properties":{"recordingID":"203-BR-171","recordingTime":"2025-11-06T15:07:39.000Z","recordingCategory":"9O3"},"geometry":{"type":"Point","coordinates":[-2.955956,43.234565]}},{"id":"307","type":"Feature","properties":{"recordingID":"29-Y-0464","recordingTime":"2025-03-07T14:03:03.000Z","recordingCategory":"9Pl"},"geometry":{"type":"Point","coordinates":[-2.936771,43.254804]}},{"id":"308","type":"Feature","properties":{"recordingID":"32-C-90","recordingTime":"2025-03-31T13:32:50.000Z","recordingCategory":"kPe"},"geometry":{"type":"Point","coordinates":[-2.899562,43.260545]}},{"id":"309","type":"Feature","properties":{"recordingID":"58-FZ-93","recordingTime":"2025-10-30T21:44:23.000Z","recordingCategory":"fAX"},"geometry":{"type":"Point","coordinates":[-2.908832,43.252643]}},{"id":"310","type":"Feature","properties":{"recordingID":"745-C-257","recordingTime":"2025-07-09T09:34:47.000Z","recordingCategory":"5zf"},"geometry":{"type":"Point","coordinates":[-2.909917,43.25594]}},{"id":"311","type":"Feature","properties":{"recordingID":"173-RU-82","recordingTime":"2025-03-12T14:38:22.000Z","recordingCategory":"7SD"},"geometry":{"type":"Point","coordinates":[-2.96202,43.284053]}},{"id":"312","type":"Feature","properties":{"recordingID":"11-LE-48","recordingTime":"2025-02-22T07:08:31.000Z","recordingCategory":"Czp"},"geometry":{"type":"Point","coordinates":[-2.918327,43.262614]}},{"id":"313","type":"Feature","properties":{"recordingID":"65-TG-73","recordingTime":"2025-08-10T21:47:44.000Z","recordingCategory":"vlK"},"geometry":{"type":"Point","coordinates":[-2.950886,43.235825]}},{"id":"314","type":"Feature","properties":{"recordingID":"99-S-63","recordingTime":"2025-09-09T03:49:21.000Z","recordingCategory":"o9h"},"geometry":{"type":"Point","coordinates":[-2.938741,43.268886]}},{"id":"315","type":"Feature","properties":{"recordingID":"807-A-0","recordingTime":"2025-09-06T02:24:27.000Z","recordingCategory":"flU"},"geometry":{"type":"Point","coordinates":[-2.944488,43.257851]}},{"id":"316","type":"Feature","properties":{"recordingID":"807-KA-7","recordingTime":"2025-12-18T00:16:27.000Z","recordingCategory":"WRu"},"geometry":{"type":"Point","coordinates":[-2.916631,43.249016]}},{"id":"317","type":"Feature","properties":{"recordingID":"655-BJ-4","recordingTime":"2025-05-23T14:39:38.000Z","recordingCategory":"MCt"},"geometry":{"type":"Point","coordinates":[-2.910179,43.249408]}},{"id":"318","type":"Feature","properties":{"recordingID":"043-KN-457","recordingTime":"2025-11-11T12:13:46.000Z","recordingCategory":"GCV"},"geometry":{"type":"Point","coordinates":[-2.913263,43.262681]}},{"id":"319","type":"Feature","properties":{"recordingID":"10-P-899","recordingTime":"2025-04-24T23:48:30.000Z","recordingCategory":"7Yg"},"geometry":{"type":"Point","coordinates":[-2.930097,43.244839]}},{"id":"320","type":"Feature","properties":{"recordingID":"58-AA-340","recordingTime":"2025-05-24T03:20:35.000Z","recordingCategory":"rgZ"},"geometry":{"type":"Point","coordinates":[-2.923044,43.260402]}},{"id":"321","type":"Feature","properties":{"recordingID":"49-FK-4468","recordingTime":"2025-01-02T22:57:10.000Z","recordingCategory":"jY5"},"geometry":{"type":"Point","coordinates":[-2.93614,43.270919]}},{"id":"322","type":"Feature","properties":{"recordingID":"65-A-2","recordingTime":"2025-02-20T00:38:26.000Z","recordingCategory":"pvj"},"geometry":{"type":"Point","coordinates":[-2.962381,43.278057]}},{"id":"323","type":"Feature","properties":{"recordingID":"96-W-2249","recordingTime":"2025-05-26T23:51:23.000Z","recordingCategory":"4X6"},"geometry":{"type":"Point","coordinates":[-2.916587,43.250028]}},{"id":"324","type":"Feature","properties":{"recordingID":"73-T-818","recordingTime":"2025-04-14T17:46:44.000Z","recordingCategory":"S6p"},"geometry":{"type":"Point","coordinates":[-2.913532,43.232454]}},{"id":"325","type":"Feature","properties":{"recordingID":"482-MB-511","recordingTime":"2025-10-24T06:12:00.000Z","recordingCategory":"qok"},"geometry":{"type":"Point","coordinates":[-2.917514,43.227532]}},{"id":"326","type":"Feature","properties":{"recordingID":"68-DK-0614","recordingTime":"2025-09-22T01:07:54.000Z","recordingCategory":"6C3"},"geometry":{"type":"Point","coordinates":[-2.897632,43.258811]}},{"id":"327","type":"Feature","properties":{"recordingID":"62-PF-1999","recordingTime":"2025-03-18T20:31:32.000Z","recordingCategory":"ZXX"},"geometry":{"type":"Point","coordinates":[-2.93442,43.262692]}},{"id":"328","type":"Feature","properties":{"recordingID":"81-LD-6","recordingTime":"2025-05-05T11:37:46.000Z","recordingCategory":"CHE"},"geometry":{"type":"Point","coordinates":[-2.900938,43.259754]}},{"id":"329","type":"Feature","properties":{"recordingID":"22-H-09","recordingTime":"2025-08-06T12:19:15.000Z","recordingCategory":"EbR"},"geometry":{"type":"Point","coordinates":[-2.942287,43.265493]}},{"id":"330","type":"Feature","properties":{"recordingID":"003-ME-6","recordingTime":"2025-05-21T16:30:11.000Z","recordingCategory":"2me"},"geometry":{"type":"Point","coordinates":[-2.899541,43.261105]}},{"id":"331","type":"Feature","properties":{"recordingID":"10-LU-62","recordingTime":"2025-12-27T04:56:16.000Z","recordingCategory":"rd6"},"geometry":{"type":"Point","coordinates":[-2.898454,43.263176]}},{"id":"332","type":"Feature","properties":{"recordingID":"787-ZT-839","recordingTime":"2025-12-06T22:56:49.000Z","recordingCategory":"QpQ"},"geometry":{"type":"Point","coordinates":[-2.958913,43.278852]}},{"id":"333","type":"Feature","properties":{"recordingID":"79-S-64","recordingTime":"2025-12-01T06:04:26.000Z","recordingCategory":"19i"},"geometry":{"type":"Point","coordinates":[-2.931575,43.233381]}},{"id":"334","type":"Feature","properties":{"recordingID":"240-D-2037","recordingTime":"2025-09-14T02:31:27.000Z","recordingCategory":"A7b"},"geometry":{"type":"Point","coordinates":[-2.9396,43.271915]}},{"id":"335","type":"Feature","properties":{"recordingID":"85-A-717","recordingTime":"2025-05-31T21:38:45.000Z","recordingCategory":"BO6"},"geometry":{"type":"Point","coordinates":[-2.956515,43.255942]}},{"id":"336","type":"Feature","properties":{"recordingID":"644-Y-205","recordingTime":"2025-05-30T05:52:37.000Z","recordingCategory":"87s"},"geometry":{"type":"Point","coordinates":[-2.939989,43.26042]}},{"id":"337","type":"Feature","properties":{"recordingID":"304-O-67","recordingTime":"2025-11-08T20:34:45.000Z","recordingCategory":"rGB"},"geometry":{"type":"Point","coordinates":[-2.95118,43.259362]}},{"id":"338","type":"Feature","properties":{"recordingID":"35-Z-874","recordingTime":"2025-09-22T12:49:16.000Z","recordingCategory":"vWx"},"geometry":{"type":"Point","coordinates":[-2.939961,43.267585]}},{"id":"339","type":"Feature","properties":{"recordingID":"69-KW-188","recordingTime":"2025-11-29T20:50:00.000Z","recordingCategory":"uSO"},"geometry":{"type":"Point","coordinates":[-2.931263,43.241969]}},{"id":"340","type":"Feature","properties":{"recordingID":"70-M-31","recordingTime":"2025-10-17T01:49:09.000Z","recordingCategory":"50k"},"geometry":{"type":"Point","coordinates":[-2.911955,43.258373]}},{"id":"341","type":"Feature","properties":{"recordingID":"38-EL-21","recordingTime":"2025-12-25T23:15:38.000Z","recordingCategory":"MXq"},"geometry":{"type":"Point","coordinates":[-2.971415,43.268055]}},{"id":"342","type":"Feature","properties":{"recordingID":"368-O-29","recordingTime":"2025-04-16T22:14:34.000Z","recordingCategory":"CLd"},"geometry":{"type":"Point","coordinates":[-2.915378,43.257978]}},{"id":"343","type":"Feature","properties":{"recordingID":"834-YJ-2473","recordingTime":"2025-12-29T06:44:27.000Z","recordingCategory":"yKq"},"geometry":{"type":"Point","coordinates":[-2.930058,43.27057]}},{"id":"344","type":"Feature","properties":{"recordingID":"26-I-3292","recordingTime":"2025-11-08T07:59:07.000Z","recordingCategory":"CRs"},"geometry":{"type":"Point","coordinates":[-2.925665,43.265441]}},{"id":"345","type":"Feature","properties":{"recordingID":"82-A-304","recordingTime":"2025-03-17T13:08:01.000Z","recordingCategory":"b8h"},"geometry":{"type":"Point","coordinates":[-2.940007,43.266704]}},{"id":"346","type":"Feature","properties":{"recordingID":"646-ZZ-8032","recordingTime":"2025-03-02T04:43:21.000Z","recordingCategory":"86e"},"geometry":{"type":"Point","coordinates":[-2.915184,43.2457]}},{"id":"347","type":"Feature","properties":{"recordingID":"936-LN-6582","recordingTime":"2025-10-31T05:55:40.000Z","recordingCategory":"y22"},"geometry":{"type":"Point","coordinates":[-2.943003,43.271001]}},{"id":"348","type":"Feature","properties":{"recordingID":"463-VD-4003","recordingTime":"2025-07-05T03:35:03.000Z","recordingCategory":"8ZY"},"geometry":{"type":"Point","coordinates":[-2.92978,43.220711]}},{"id":"349","type":"Feature","properties":{"recordingID":"25-MX-9","recordingTime":"2025-12-08T11:49:43.000Z","recordingCategory":"ceB"},"geometry":{"type":"Point","coordinates":[-2.937739,43.251786]}},{"id":"350","type":"Feature","properties":{"recordingID":"66-WE-775","recordingTime":"2025-09-12T13:34:01.000Z","recordingCategory":"z3y"},"geometry":{"type":"Point","coordinates":[-2.948412,43.275359]}},{"id":"351","type":"Feature","properties":{"recordingID":"22-IZ-30","recordingTime":"2025-04-09T08:00:03.000Z","recordingCategory":"XzZ"},"geometry":{"type":"Point","coordinates":[-2.947777,43.231403]}},{"id":"352","type":"Feature","properties":{"recordingID":"567-XY-22","recordingTime":"2025-02-22T06:14:20.000Z","recordingCategory":"Odf"},"geometry":{"type":"Point","coordinates":[-2.893122,43.267412]}},{"id":"353","type":"Feature","properties":{"recordingID":"02-BQ-98","recordingTime":"2025-09-07T12:49:27.000Z","recordingCategory":"NyR"},"geometry":{"type":"Point","coordinates":[-2.926386,43.272195]}},{"id":"354","type":"Feature","properties":{"recordingID":"13-S-08","recordingTime":"2025-05-11T19:52:33.000Z","recordingCategory":"PO8"},"geometry":{"type":"Point","coordinates":[-2.915291,43.272401]}},{"id":"355","type":"Feature","properties":{"recordingID":"84-VI-32","recordingTime":"2025-04-13T03:23:51.000Z","recordingCategory":"AiK"},"geometry":{"type":"Point","coordinates":[-2.889674,43.268168]}},{"id":"356","type":"Feature","properties":{"recordingID":"84-V-508","recordingTime":"2025-07-28T00:16:59.000Z","recordingCategory":"EZp"},"geometry":{"type":"Point","coordinates":[-2.910215,43.263254]}},{"id":"357","type":"Feature","properties":{"recordingID":"440-CM-5483","recordingTime":"2025-12-20T05:48:23.000Z","recordingCategory":"zES"},"geometry":{"type":"Point","coordinates":[-2.924389,43.258179]}},{"id":"358","type":"Feature","properties":{"recordingID":"63-K-4","recordingTime":"2025-10-08T10:07:23.000Z","recordingCategory":"NEW"},"geometry":{"type":"Point","coordinates":[-2.898592,43.260995]}},{"id":"359","type":"Feature","properties":{"recordingID":"802-MW-24","recordingTime":"2025-06-24T13:31:01.000Z","recordingCategory":"uPL"},"geometry":{"type":"Point","coordinates":[-2.942013,43.231693]}},{"id":"360","type":"Feature","properties":{"recordingID":"262-J-5495","recordingTime":"2025-07-08T05:22:20.000Z","recordingCategory":"HWt"},"geometry":{"type":"Point","coordinates":[-2.934222,43.219145]}},{"id":"361","type":"Feature","properties":{"recordingID":"332-AZ-2825","recordingTime":"2025-12-22T16:39:58.000Z","recordingCategory":"Bh7"},"geometry":{"type":"Point","coordinates":[-2.936735,43.250202]}},{"id":"362","type":"Feature","properties":{"recordingID":"525-C-7274","recordingTime":"2025-10-30T12:03:18.000Z","recordingCategory":"KKW"},"geometry":{"type":"Point","coordinates":[-2.935278,43.244379]}},{"id":"363","type":"Feature","properties":{"recordingID":"718-OK-3","recordingTime":"2025-07-25T16:18:27.000Z","recordingCategory":"Liq"},"geometry":{"type":"Point","coordinates":[-2.947763,43.269114]}},{"id":"364","type":"Feature","properties":{"recordingID":"42-H-5099","recordingTime":"2025-11-11T18:07:51.000Z","recordingCategory":"hU1"},"geometry":{"type":"Point","coordinates":[-2.93796,43.247454]}},{"id":"365","type":"Feature","properties":{"recordingID":"469-WD-729","recordingTime":"2025-12-21T06:47:43.000Z","recordingCategory":"yIO"},"geometry":{"type":"Point","coordinates":[-2.922066,43.257362]}},{"id":"366","type":"Feature","properties":{"recordingID":"58-GM-174","recordingTime":"2025-11-13T14:11:49.000Z","recordingCategory":"4tT"},"geometry":{"type":"Point","coordinates":[-2.908089,43.249028]}},{"id":"367","type":"Feature","properties":{"recordingID":"81-W-829","recordingTime":"2025-09-01T17:44:43.000Z","recordingCategory":"iDD"},"geometry":{"type":"Point","coordinates":[-2.953596,43.283767]}},{"id":"368","type":"Feature","properties":{"recordingID":"750-L-7088","recordingTime":"2025-09-11T19:52:47.000Z","recordingCategory":"8I1"},"geometry":{"type":"Point","coordinates":[-2.894251,43.268416]}},{"id":"369","type":"Feature","properties":{"recordingID":"52-K-480","recordingTime":"2025-03-27T03:52:02.000Z","recordingCategory":"5ze"},"geometry":{"type":"Point","coordinates":[-2.917726,43.247299]}},{"id":"370","type":"Feature","properties":{"recordingID":"099-D-9","recordingTime":"2025-10-30T22:53:13.000Z","recordingCategory":"gtz"},"geometry":{"type":"Point","coordinates":[-2.893191,43.26771]}},{"id":"371","type":"Feature","properties":{"recordingID":"79-CZ-5","recordingTime":"2025-08-22T03:21:11.000Z","recordingCategory":"1sq"},"geometry":{"type":"Point","coordinates":[-2.929036,43.27753]}},{"id":"372","type":"Feature","properties":{"recordingID":"721-V-47","recordingTime":"2025-10-25T20:34:42.000Z","recordingCategory":"aUA"},"geometry":{"type":"Point","coordinates":[-2.961312,43.276908]}},{"id":"373","type":"Feature","properties":{"recordingID":"36-MR-1418","recordingTime":"2025-09-01T21:06:53.000Z","recordingCategory":"gKS"},"geometry":{"type":"Point","coordinates":[-2.93552,43.250076]}},{"id":"374","type":"Feature","properties":{"recordingID":"635-TF-4","recordingTime":"2025-09-12T02:19:02.000Z","recordingCategory":"Fty"},"geometry":{"type":"Point","coordinates":[-2.920292,43.270424]}},{"id":"375","type":"Feature","properties":{"recordingID":"30-NM-732","recordingTime":"2025-03-30T00:13:57.000Z","recordingCategory":"qJw"},"geometry":{"type":"Point","coordinates":[-2.925921,43.243796]}},{"id":"376","type":"Feature","properties":{"recordingID":"733-B-26","recordingTime":"2025-07-28T02:44:01.000Z","recordingCategory":"Xu6"},"geometry":{"type":"Point","coordinates":[-2.949137,43.254477]}},{"id":"377","type":"Feature","properties":{"recordingID":"208-AB-0","recordingTime":"2025-11-06T19:06:40.000Z","recordingCategory":"ZiY"},"geometry":{"type":"Point","coordinates":[-2.916655,43.255423]}},{"id":"378","type":"Feature","properties":{"recordingID":"070-C-4016","recordingTime":"2025-03-03T19:45:55.000Z","recordingCategory":"HuZ"},"geometry":{"type":"Point","coordinates":[-2.933697,43.267705]}},{"id":"379","type":"Feature","properties":{"recordingID":"18-Y-4173","recordingTime":"2025-01-05T13:47:08.000Z","recordingCategory":"jf8"},"geometry":{"type":"Point","coordinates":[-2.931934,43.269829]}},{"id":"380","type":"Feature","properties":{"recordingID":"250-DO-3253","recordingTime":"2025-05-09T13:51:24.000Z","recordingCategory":"JxT"},"geometry":{"type":"Point","coordinates":[-2.965624,43.269044]}},{"id":"381","type":"Feature","properties":{"recordingID":"930-M-2073","recordingTime":"2025-10-18T21:05:40.000Z","recordingCategory":"KJq"},"geometry":{"type":"Point","coordinates":[-2.903235,43.273698]}},{"id":"382","type":"Feature","properties":{"recordingID":"39-T-29","recordingTime":"2025-05-03T16:20:25.000Z","recordingCategory":"BT2"},"geometry":{"type":"Point","coordinates":[-2.927773,43.241922]}},{"id":"383","type":"Feature","properties":{"recordingID":"839-R-1","recordingTime":"2025-07-31T12:57:39.000Z","recordingCategory":"jQA"},"geometry":{"type":"Point","coordinates":[-2.927816,43.249537]}},{"id":"384","type":"Feature","properties":{"recordingID":"68-NA-3576","recordingTime":"2025-02-16T00:44:27.000Z","recordingCategory":"pF4"},"geometry":{"type":"Point","coordinates":[-2.909194,43.255809]}},{"id":"385","type":"Feature","properties":{"recordingID":"18-XO-05","recordingTime":"2025-11-06T17:31:37.000Z","recordingCategory":"yb0"},"geometry":{"type":"Point","coordinates":[-2.937958,43.266321]}},{"id":"386","type":"Feature","properties":{"recordingID":"39-OB-69","recordingTime":"2025-06-25T00:02:01.000Z","recordingCategory":"ZUl"},"geometry":{"type":"Point","coordinates":[-2.917549,43.268714]}},{"id":"387","type":"Feature","properties":{"recordingID":"626-OT-792","recordingTime":"2025-04-09T03:24:05.000Z","recordingCategory":"SCm"},"geometry":{"type":"Point","coordinates":[-2.953563,43.274989]}},{"id":"388","type":"Feature","properties":{"recordingID":"961-NV-368","recordingTime":"2025-10-23T12:21:27.000Z","recordingCategory":"GPZ"},"geometry":{"type":"Point","coordinates":[-2.91576,43.268102]}},{"id":"389","type":"Feature","properties":{"recordingID":"091-V-7333","recordingTime":"2025-04-25T18:27:47.000Z","recordingCategory":"UBt"},"geometry":{"type":"Point","coordinates":[-2.965059,43.280767]}},{"id":"390","type":"Feature","properties":{"recordingID":"63-TO-4173","recordingTime":"2025-06-11T16:40:23.000Z","recordingCategory":"Mi3"},"geometry":{"type":"Point","coordinates":[-2.930261,43.262012]}},{"id":"391","type":"Feature","properties":{"recordingID":"89-I-9","recordingTime":"2025-11-18T10:27:20.000Z","recordingCategory":"889"},"geometry":{"type":"Point","coordinates":[-2.916297,43.26374]}},{"id":"392","type":"Feature","properties":{"recordingID":"61-M-4608","recordingTime":"2025-08-28T03:42:10.000Z","recordingCategory":"iUd"},"geometry":{"type":"Point","coordinates":[-2.92345,43.273373]}},{"id":"393","type":"Feature","properties":{"recordingID":"07-BN-4","recordingTime":"2025-12-23T00:14:40.000Z","recordingCategory":"Nik"},"geometry":{"type":"Point","coordinates":[-2.913307,43.260411]}},{"id":"394","type":"Feature","properties":{"recordingID":"395-JD-6291","recordingTime":"2025-11-04T16:12:23.000Z","recordingCategory":"mcO"},"geometry":{"type":"Point","coordinates":[-2.9355,43.270098]}},{"id":"395","type":"Feature","properties":{"recordingID":"91-UI-9","recordingTime":"2025-11-04T01:22:58.000Z","recordingCategory":"dL3"},"geometry":{"type":"Point","coordinates":[-2.973397,43.262715]}},{"id":"396","type":"Feature","properties":{"recordingID":"985-B-70","recordingTime":"2025-09-09T10:48:52.000Z","recordingCategory":"Me7"},"geometry":{"type":"Point","coordinates":[-2.958817,43.267397]}},{"id":"397","type":"Feature","properties":{"recordingID":"432-SJ-39","recordingTime":"2025-09-23T19:21:44.000Z","recordingCategory":"ri3"},"geometry":{"type":"Point","coordinates":[-2.913441,43.247001]}},{"id":"398","type":"Feature","properties":{"recordingID":"406-H-713","recordingTime":"2025-01-13T09:50:16.000Z","recordingCategory":"0kF"},"geometry":{"type":"Point","coordinates":[-2.948676,43.271107]}},{"id":"399","type":"Feature","properties":{"recordingID":"70-XF-0541","recordingTime":"2025-06-04T22:37:28.000Z","recordingCategory":"bzF"},"geometry":{"type":"Point","coordinates":[-2.938752,43.270098]}},{"id":"400","type":"Feature","properties":{"recordingID":"173-Q-963","recordingTime":"2025-06-06T10:18:43.000Z","recordingCategory":"Luj"},"geometry":{"type":"Point","coordinates":[-2.921244,43.233981]}},{"id":"401","type":"Feature","properties":{"recordingID":"595-UD-4024","recordingTime":"2025-10-20T16:56:37.000Z","recordingCategory":"CA5"},"geometry":{"type":"Point","coordinates":[-2.944502,43.266042]}},{"id":"402","type":"Feature","properties":{"recordingID":"283-EZ-2","recordingTime":"2025-11-04T11:23:09.000Z","recordingCategory":"6dx"},"geometry":{"type":"Point","coordinates":[-2.928494,43.274461]}},{"id":"403","type":"Feature","properties":{"recordingID":"91-A-305","recordingTime":"2025-02-19T04:53:44.000Z","recordingCategory":"8vs"},"geometry":{"type":"Point","coordinates":[-2.931253,43.241576]}},{"id":"404","type":"Feature","properties":{"recordingID":"576-F-1","recordingTime":"2025-12-01T08:18:41.000Z","recordingCategory":"gwN"},"geometry":{"type":"Point","coordinates":[-2.917957,43.249666]}},{"id":"405","type":"Feature","properties":{"recordingID":"586-Z-7","recordingTime":"2025-04-06T17:30:41.000Z","recordingCategory":"moc"},"geometry":{"type":"Point","coordinates":[-2.912963,43.26214]}},{"id":"406","type":"Feature","properties":{"recordingID":"741-V-37","recordingTime":"2025-06-26T09:49:06.000Z","recordingCategory":"dwa"},"geometry":{"type":"Point","coordinates":[-2.924493,43.269829]}},{"id":"407","type":"Feature","properties":{"recordingID":"46-D-931","recordingTime":"2025-01-23T03:47:07.000Z","recordingCategory":"PK7"},"geometry":{"type":"Point","coordinates":[-2.959759,43.277403]}},{"id":"408","type":"Feature","properties":{"recordingID":"09-Y-0517","recordingTime":"2025-12-05T22:44:21.000Z","recordingCategory":"E05"},"geometry":{"type":"Point","coordinates":[-2.955789,43.276462]}},{"id":"409","type":"Feature","properties":{"recordingID":"149-C-35","recordingTime":"2025-01-07T07:18:57.000Z","recordingCategory":"Fk8"},"geometry":{"type":"Point","coordinates":[-2.950235,43.265599]}},{"id":"410","type":"Feature","properties":{"recordingID":"865-O-56","recordingTime":"2025-05-06T13:02:17.000Z","recordingCategory":"vwW"},"geometry":{"type":"Point","coordinates":[-2.920425,43.25721]}},{"id":"411","type":"Feature","properties":{"recordingID":"61-FA-3","recordingTime":"2025-04-23T05:14:25.000Z","recordingCategory":"fHE"},"geometry":{"type":"Point","coordinates":[-2.975076,43.246986]}},{"id":"412","type":"Feature","properties":{"recordingID":"704-WJ-2","recordingTime":"2025-11-28T04:40:08.000Z","recordingCategory":"RpW"},"geometry":{"type":"Point","coordinates":[-2.964262,43.284168]}},{"id":"413","type":"Feature","properties":{"recordingID":"486-MZ-1039","recordingTime":"2025-10-30T20:49:36.000Z","recordingCategory":"6Lh"},"geometry":{"type":"Point","coordinates":[-2.908744,43.247459]}},{"id":"414","type":"Feature","properties":{"recordingID":"694-WA-218","recordingTime":"2025-11-11T10:59:51.000Z","recordingCategory":"Ijq"},"geometry":{"type":"Point","coordinates":[-2.956977,43.254657]}},{"id":"415","type":"Feature","properties":{"recordingID":"532-T-77","recordingTime":"2025-02-03T01:35:15.000Z","recordingCategory":"rwz"},"geometry":{"type":"Point","coordinates":[-2.93898,43.271694]}},{"id":"416","type":"Feature","properties":{"recordingID":"820-QY-1293","recordingTime":"2025-01-18T17:53:42.000Z","recordingCategory":"0VT"},"geometry":{"type":"Point","coordinates":[-2.926637,43.26092]}},{"id":"417","type":"Feature","properties":{"recordingID":"84-NS-7888","recordingTime":"2025-03-29T18:15:46.000Z","recordingCategory":"wDV"},"geometry":{"type":"Point","coordinates":[-2.910982,43.26425]}},{"id":"418","type":"Feature","properties":{"recordingID":"882-R-5161","recordingTime":"2025-07-11T07:32:56.000Z","recordingCategory":"VEM"},"geometry":{"type":"Point","coordinates":[-2.942421,43.276798]}},{"id":"419","type":"Feature","properties":{"recordingID":"12-MP-9","recordingTime":"2025-05-22T21:42:28.000Z","recordingCategory":"9S5"},"geometry":{"type":"Point","coordinates":[-2.936204,43.268106]}},{"id":"420","type":"Feature","properties":{"recordingID":"942-S-5784","recordingTime":"2025-10-25T05:29:55.000Z","recordingCategory":"eYV"},"geometry":{"type":"Point","coordinates":[-2.91094,43.22066]}},{"id":"421","type":"Feature","properties":{"recordingID":"511-B-30","recordingTime":"2025-11-07T13:31:13.000Z","recordingCategory":"LAq"},"geometry":{"type":"Point","coordinates":[-2.954201,43.259999]}},{"id":"422","type":"Feature","properties":{"recordingID":"793-R-871","recordingTime":"2025-11-07T13:23:51.000Z","recordingCategory":"LMj"},"geometry":{"type":"Point","coordinates":[-2.914279,43.251172]}},{"id":"423","type":"Feature","properties":{"recordingID":"51-U-1","recordingTime":"2025-08-22T23:09:36.000Z","recordingCategory":"x0i"},"geometry":{"type":"Point","coordinates":[-2.96242,43.263146]}},{"id":"424","type":"Feature","properties":{"recordingID":"39-NQ-2","recordingTime":"2025-09-27T17:43:18.000Z","recordingCategory":"LE5"},"geometry":{"type":"Point","coordinates":[-2.941709,43.253509]}},{"id":"425","type":"Feature","properties":{"recordingID":"95-ZY-452","recordingTime":"2025-12-21T07:00:40.000Z","recordingCategory":"7G9"},"geometry":{"type":"Point","coordinates":[-2.94606,43.265205]}},{"id":"426","type":"Feature","properties":{"recordingID":"193-BP-7688","recordingTime":"2025-05-13T04:27:09.000Z","recordingCategory":"LnO"},"geometry":{"type":"Point","coordinates":[-2.936001,43.247897]}},{"id":"427","type":"Feature","properties":{"recordingID":"34-P-53","recordingTime":"2025-04-27T00:32:47.000Z","recordingCategory":"9dy"},"geometry":{"type":"Point","coordinates":[-2.915194,43.279686]}},{"id":"428","type":"Feature","properties":{"recordingID":"83-U-0","recordingTime":"2025-09-02T20:27:19.000Z","recordingCategory":"Jw8"},"geometry":{"type":"Point","coordinates":[-2.949781,43.275522]}},{"id":"429","type":"Feature","properties":{"recordingID":"24-K-580","recordingTime":"2025-05-06T17:38:13.000Z","recordingCategory":"maR"},"geometry":{"type":"Point","coordinates":[-2.959161,43.27816]}},{"id":"430","type":"Feature","properties":{"recordingID":"69-GY-0290","recordingTime":"2025-09-14T14:47:40.000Z","recordingCategory":"AeV"},"geometry":{"type":"Point","coordinates":[-2.930381,43.25372]}},{"id":"431","type":"Feature","properties":{"recordingID":"40-EV-557","recordingTime":"2025-12-31T17:20:05.000Z","recordingCategory":"KV5"},"geometry":{"type":"Point","coordinates":[-2.902897,43.264734]}},{"id":"432","type":"Feature","properties":{"recordingID":"96-ZH-4297","recordingTime":"2025-09-12T06:56:05.000Z","recordingCategory":"Ofg"},"geometry":{"type":"Point","coordinates":[-2.963379,43.277608]}},{"id":"433","type":"Feature","properties":{"recordingID":"20-S-37","recordingTime":"2025-04-04T05:20:01.000Z","recordingCategory":"XjP"},"geometry":{"type":"Point","coordinates":[-2.956058,43.266573]}},{"id":"434","type":"Feature","properties":{"recordingID":"221-UN-579","recordingTime":"2025-10-22T01:11:00.000Z","recordingCategory":"9uq"},"geometry":{"type":"Point","coordinates":[-2.895518,43.260981]}},{"id":"435","type":"Feature","properties":{"recordingID":"14-U-734","recordingTime":"2025-12-22T17:43:20.000Z","recordingCategory":"6YW"},"geometry":{"type":"Point","coordinates":[-2.947553,43.228018]}},{"id":"436","type":"Feature","properties":{"recordingID":"106-F-9","recordingTime":"2025-11-22T04:21:44.000Z","recordingCategory":"qmS"},"geometry":{"type":"Point","coordinates":[-2.925502,43.267784]}},{"id":"437","type":"Feature","properties":{"recordingID":"915-IV-2424","recordingTime":"2025-10-26T14:15:28.000Z","recordingCategory":"Fxd"},"geometry":{"type":"Point","coordinates":[-2.922021,43.264435]}},{"id":"438","type":"Feature","properties":{"recordingID":"465-B-14","recordingTime":"2025-12-26T03:07:14.000Z","recordingCategory":"7JC"},"geometry":{"type":"Point","coordinates":[-2.956792,43.280931]}},{"id":"439","type":"Feature","properties":{"recordingID":"24-AK-5","recordingTime":"2025-08-14T18:25:09.000Z","recordingCategory":"Kfw"},"geometry":{"type":"Point","coordinates":[-2.911842,43.270745]}},{"id":"440","type":"Feature","properties":{"recordingID":"878-H-068","recordingTime":"2025-12-18T22:06:42.000Z","recordingCategory":"szr"},"geometry":{"type":"Point","coordinates":[-2.970248,43.272828]}},{"id":"441","type":"Feature","properties":{"recordingID":"411-KO-6","recordingTime":"2025-10-08T18:46:29.000Z","recordingCategory":"qeQ"},"geometry":{"type":"Point","coordinates":[-2.903194,43.248751]}},{"id":"442","type":"Feature","properties":{"recordingID":"799-YD-8477","recordingTime":"2025-10-20T10:08:58.000Z","recordingCategory":"wbS"},"geometry":{"type":"Point","coordinates":[-2.932893,43.223324]}},{"id":"443","type":"Feature","properties":{"recordingID":"41-P-9","recordingTime":"2025-09-14T06:01:48.000Z","recordingCategory":"jn8"},"geometry":{"type":"Point","coordinates":[-2.96647,43.286414]}},{"id":"444","type":"Feature","properties":{"recordingID":"194-FF-81","recordingTime":"2025-10-29T00:53:39.000Z","recordingCategory":"TGl"},"geometry":{"type":"Point","coordinates":[-2.899883,43.25558]}},{"id":"445","type":"Feature","properties":{"recordingID":"13-I-12","recordingTime":"2025-08-26T22:34:38.000Z","recordingCategory":"o6C"},"geometry":{"type":"Point","coordinates":[-2.931762,43.224975]}},{"id":"446","type":"Feature","properties":{"recordingID":"390-TX-4230","recordingTime":"2025-06-26T19:21:22.000Z","recordingCategory":"dB8"},"geometry":{"type":"Point","coordinates":[-2.943589,43.273929]}},{"id":"447","type":"Feature","properties":{"recordingID":"738-Q-529","recordingTime":"2025-03-20T10:02:34.000Z","recordingCategory":"wXE"},"geometry":{"type":"Point","coordinates":[-2.946024,43.268762]}},{"id":"448","type":"Feature","properties":{"recordingID":"568-I-090","recordingTime":"2025-02-14T03:27:07.000Z","recordingCategory":"RnH"},"geometry":{"type":"Point","coordinates":[-2.899393,43.260118]}},{"id":"449","type":"Feature","properties":{"recordingID":"83-A-25","recordingTime":"2025-03-01T05:51:11.000Z","recordingCategory":"nHl"},"geometry":{"type":"Point","coordinates":[-2.927733,43.258326]}},{"id":"450","type":"Feature","properties":{"recordingID":"37-JK-172","recordingTime":"2025-06-06T20:18:22.000Z","recordingCategory":"9in"},"geometry":{"type":"Point","coordinates":[-2.916407,43.250327]}},{"id":"451","type":"Feature","properties":{"recordingID":"596-P-24","recordingTime":"2025-12-27T06:59:16.000Z","recordingCategory":"y6B"},"geometry":{"type":"Point","coordinates":[-2.961874,43.26009]}},{"id":"452","type":"Feature","properties":{"recordingID":"957-O-517","recordingTime":"2025-05-22T15:49:34.000Z","recordingCategory":"fHs"},"geometry":{"type":"Point","coordinates":[-2.957571,43.253831]}},{"id":"453","type":"Feature","properties":{"recordingID":"190-A-339","recordingTime":"2025-06-15T22:59:35.000Z","recordingCategory":"8YG"},"geometry":{"type":"Point","coordinates":[-2.917737,43.243799]}},{"id":"454","type":"Feature","properties":{"recordingID":"69-Q-587","recordingTime":"2025-09-12T10:23:16.000Z","recordingCategory":"uti"},"geometry":{"type":"Point","coordinates":[-2.938053,43.253128]}},{"id":"455","type":"Feature","properties":{"recordingID":"81-UX-2","recordingTime":"2025-08-22T10:43:07.000Z","recordingCategory":"5zo"},"geometry":{"type":"Point","coordinates":[-2.93588,43.272318]}},{"id":"456","type":"Feature","properties":{"recordingID":"272-B-699","recordingTime":"2025-08-05T11:38:09.000Z","recordingCategory":"Ri8"},"geometry":{"type":"Point","coordinates":[-2.973199,43.251318]}},{"id":"457","type":"Feature","properties":{"recordingID":"05-VZ-5","recordingTime":"2025-09-04T19:57:51.000Z","recordingCategory":"JUU"},"geometry":{"type":"Point","coordinates":[-2.912497,43.258468]}},{"id":"458","type":"Feature","properties":{"recordingID":"33-RQ-9","recordingTime":"2025-12-03T02:43:41.000Z","recordingCategory":"AYi"},"geometry":{"type":"Point","coordinates":[-2.961171,43.285714]}},{"id":"459","type":"Feature","properties":{"recordingID":"151-RZ-7","recordingTime":"2025-05-24T01:05:32.000Z","recordingCategory":"5QJ"},"geometry":{"type":"Point","coordinates":[-2.902088,43.26205]}},{"id":"460","type":"Feature","properties":{"recordingID":"280-QJ-949","recordingTime":"2025-06-04T10:59:46.000Z","recordingCategory":"K2C"},"geometry":{"type":"Point","coordinates":[-2.919159,43.258624]}},{"id":"461","type":"Feature","properties":{"recordingID":"46-LS-6792","recordingTime":"2025-10-23T11:40:17.000Z","recordingCategory":"MdR"},"geometry":{"type":"Point","coordinates":[-2.962055,43.264872]}},{"id":"462","type":"Feature","properties":{"recordingID":"44-HJ-9","recordingTime":"2025-10-02T10:48:53.000Z","recordingCategory":"EnA"},"geometry":{"type":"Point","coordinates":[-2.918656,43.255524]}},{"id":"463","type":"Feature","properties":{"recordingID":"89-PL-3206","recordingTime":"2025-10-06T18:15:39.000Z","recordingCategory":"tX5"},"geometry":{"type":"Point","coordinates":[-2.959161,43.247117]}},{"id":"464","type":"Feature","properties":{"recordingID":"162-UO-1","recordingTime":"2025-04-06T04:24:50.000Z","recordingCategory":"F4M"},"geometry":{"type":"Point","coordinates":[-2.914773,43.251]}},{"id":"465","type":"Feature","properties":{"recordingID":"928-WP-47","recordingTime":"2025-03-19T03:15:04.000Z","recordingCategory":"PBx"},"geometry":{"type":"Point","coordinates":[-2.939144,43.267104]}},{"id":"466","type":"Feature","properties":{"recordingID":"396-T-050","recordingTime":"2025-04-18T22:58:57.000Z","recordingCategory":"4LQ"},"geometry":{"type":"Point","coordinates":[-2.95508,43.273951]}},{"id":"467","type":"Feature","properties":{"recordingID":"75-ZO-958","recordingTime":"2025-05-06T07:25:33.000Z","recordingCategory":"4rm"},"geometry":{"type":"Point","coordinates":[-2.956199,43.277037]}},{"id":"468","type":"Feature","properties":{"recordingID":"991-MB-81","recordingTime":"2025-10-13T09:19:32.000Z","recordingCategory":"Htf"},"geometry":{"type":"Point","coordinates":[-2.943882,43.243173]}},{"id":"469","type":"Feature","properties":{"recordingID":"666-X-596","recordingTime":"2025-08-30T07:43:26.000Z","recordingCategory":"CuF"},"geometry":{"type":"Point","coordinates":[-2.896782,43.261828]}},{"id":"470","type":"Feature","properties":{"recordingID":"51-JH-66","recordingTime":"2025-10-20T12:24:10.000Z","recordingCategory":"S5L"},"geometry":{"type":"Point","coordinates":[-2.972137,43.278613]}},{"id":"471","type":"Feature","properties":{"recordingID":"79-PK-9","recordingTime":"2025-09-16T21:33:12.000Z","recordingCategory":"JAF"},"geometry":{"type":"Point","coordinates":[-2.923457,43.259864]}},{"id":"472","type":"Feature","properties":{"recordingID":"16-RQ-4985","recordingTime":"2025-07-20T14:00:13.000Z","recordingCategory":"SRS"},"geometry":{"type":"Point","coordinates":[-2.961939,43.274671]}},{"id":"473","type":"Feature","properties":{"recordingID":"528-PZ-11","recordingTime":"2025-07-13T12:42:43.000Z","recordingCategory":"Jes"},"geometry":{"type":"Point","coordinates":[-2.939503,43.256815]}},{"id":"474","type":"Feature","properties":{"recordingID":"269-NS-7721","recordingTime":"2025-05-11T07:24:37.000Z","recordingCategory":"xM2"},"geometry":{"type":"Point","coordinates":[-2.942013,43.240425]}},{"id":"475","type":"Feature","properties":{"recordingID":"41-R-8088","recordingTime":"2025-07-15T17:43:36.000Z","recordingCategory":"NO2"},"geometry":{"type":"Point","coordinates":[-2.930259,43.245612]}},{"id":"476","type":"Feature","properties":{"recordingID":"12-K-17","recordingTime":"2025-02-04T05:45:20.000Z","recordingCategory":"7o3"},"geometry":{"type":"Point","coordinates":[-2.9577,43.254505]}},{"id":"477","type":"Feature","properties":{"recordingID":"376-SB-3","recordingTime":"2025-03-13T20:34:13.000Z","recordingCategory":"R5J"},"geometry":{"type":"Point","coordinates":[-2.958196,43.262447]}},{"id":"478","type":"Feature","properties":{"recordingID":"847-GB-9601","recordingTime":"2025-01-15T22:34:56.000Z","recordingCategory":"9S1"},"geometry":{"type":"Point","coordinates":[-2.947931,43.258933]}},{"id":"479","type":"Feature","properties":{"recordingID":"02-LJ-660","recordingTime":"2025-06-29T00:44:07.000Z","recordingCategory":"APO"},"geometry":{"type":"Point","coordinates":[-2.934063,43.215565]}},{"id":"480","type":"Feature","properties":{"recordingID":"446-A-86","recordingTime":"2025-08-26T07:01:42.000Z","recordingCategory":"VCn"},"geometry":{"type":"Point","coordinates":[-2.931547,43.244589]}},{"id":"481","type":"Feature","properties":{"recordingID":"367-ZH-5861","recordingTime":"2025-01-16T09:41:51.000Z","recordingCategory":"WjW"},"geometry":{"type":"Point","coordinates":[-2.953094,43.264834]}},{"id":"482","type":"Feature","properties":{"recordingID":"22-Q-19","recordingTime":"2025-10-03T02:25:36.000Z","recordingCategory":"0Nb"},"geometry":{"type":"Point","coordinates":[-2.933088,43.26751]}},{"id":"483","type":"Feature","properties":{"recordingID":"53-ZX-33","recordingTime":"2025-11-17T12:40:16.000Z","recordingCategory":"aQO"},"geometry":{"type":"Point","coordinates":[-2.906544,43.260827]}},{"id":"484","type":"Feature","properties":{"recordingID":"110-JI-8","recordingTime":"2025-04-08T09:41:25.000Z","recordingCategory":"e7c"},"geometry":{"type":"Point","coordinates":[-2.958585,43.260356]}},{"id":"485","type":"Feature","properties":{"recordingID":"973-SE-6135","recordingTime":"2025-05-01T13:10:27.000Z","recordingCategory":"Yzg"},"geometry":{"type":"Point","coordinates":[-2.912795,43.257775]}},{"id":"486","type":"Feature","properties":{"recordingID":"37-Z-91","recordingTime":"2025-09-24T07:02:24.000Z","recordingCategory":"Cdz"},"geometry":{"type":"Point","coordinates":[-2.940643,43.260523]}},{"id":"487","type":"Feature","properties":{"recordingID":"321-BV-0244","recordingTime":"2025-03-25T14:44:20.000Z","recordingCategory":"Q8I"},"geometry":{"type":"Point","coordinates":[-2.900599,43.26041]}},{"id":"488","type":"Feature","properties":{"recordingID":"495-U-16","recordingTime":"2025-07-01T15:47:23.000Z","recordingCategory":"prr"},"geometry":{"type":"Point","coordinates":[-2.959537,43.278141]}},{"id":"489","type":"Feature","properties":{"recordingID":"535-J-7","recordingTime":"2025-01-02T00:14:37.000Z","recordingCategory":"APc"},"geometry":{"type":"Point","coordinates":[-2.918316,43.254558]}},{"id":"490","type":"Feature","properties":{"recordingID":"90-C-4","recordingTime":"2025-08-01T11:02:18.000Z","recordingCategory":"7Vf"},"geometry":{"type":"Point","coordinates":[-2.906278,43.252261]}},{"id":"491","type":"Feature","properties":{"recordingID":"03-R-1","recordingTime":"2025-01-13T15:13:08.000Z","recordingCategory":"aeO"},"geometry":{"type":"Point","coordinates":[-2.908368,43.248931]}},{"id":"492","type":"Feature","properties":{"recordingID":"892-FN-1022","recordingTime":"2025-07-17T10:03:17.000Z","recordingCategory":"IGZ"},"geometry":{"type":"Point","coordinates":[-2.921424,43.267221]}},{"id":"493","type":"Feature","properties":{"recordingID":"37-D-143","recordingTime":"2025-03-31T04:46:49.000Z","recordingCategory":"nVs"},"geometry":{"type":"Point","coordinates":[-2.958784,43.276139]}},{"id":"494","type":"Feature","properties":{"recordingID":"85-S-63","recordingTime":"2025-06-24T23:04:14.000Z","recordingCategory":"lmr"},"geometry":{"type":"Point","coordinates":[-2.902016,43.259727]}},{"id":"495","type":"Feature","properties":{"recordingID":"27-QQ-7680","recordingTime":"2025-07-16T16:17:40.000Z","recordingCategory":"faY"},"geometry":{"type":"Point","coordinates":[-2.944053,43.26757]}},{"id":"496","type":"Feature","properties":{"recordingID":"064-T-378","recordingTime":"2025-07-22T19:46:05.000Z","recordingCategory":"OH4"},"geometry":{"type":"Point","coordinates":[-2.936882,43.254627]}},{"id":"497","type":"Feature","properties":{"recordingID":"249-W-8","recordingTime":"2025-04-10T02:12:03.000Z","recordingCategory":"nSt"},"geometry":{"type":"Point","coordinates":[-2.948856,43.260573]}},{"id":"498","type":"Feature","properties":{"recordingID":"76-GV-48","recordingTime":"2025-06-10T23:43:56.000Z","recordingCategory":"Gjy"},"geometry":{"type":"Point","coordinates":[-2.928701,43.255962]}},{"id":"499","type":"Feature","properties":{"recordingID":"90-FD-79","recordingTime":"2025-01-20T19:39:50.000Z","recordingCategory":"EKQ"},"geometry":{"type":"Point","coordinates":[-2.949847,43.260917]}}]}