{
"type": "FeatureCollection",
"name": "scenario4_Bilbao_data_selected",
"crs": { "type": "name", "properties": { "name": "urn:ogc:def:crs:OGC:1.3:CRS84" } },
"features": [
{ "type": "Feature", "properties": { "id": "2", "recordingID": null, "recordingTime": null, "recordingCategory": null }, "geometry": { "type": "Point", "coordinates": [ -2.925503, 43.268915 ] } },
{ "type": "Feature", "properties": { "id": "3", "recordingID": null, "recordingTime": null, "recordingCategory": null }, "geometry": { "type": "Point", "coordinates": [ -2.92311, 43.262627 ] } },
{ "type": "Feature", "properties": { "id": "4", "recordingID": null, "recordingTime": null, "recordingCategory": null }, "geometry": { "type": "Point", "coordinates": [ -2.929107, 43.264217 ] } },
{ "type": "Feature", "properties": { "id": "5", "recordingID": null, "recordingTime": null, "recordingCategory": null }, "geometry": { "type": "Point", "coordinates": [ -2.951252, 43.274774 ] } },
{ "type": "Feature", "properties": { "id": "6", "recordingID": null, "recordingTime": null, "recordingCategory": null }, "geometry": { "type": "Point", "coordinates": [ -2.956835, 43.269583 ] } },
{ "type": "Feature", "properties": { "id": "7", "recordingID": null, "recordingTime": null, "recordingCategory": null }, "geometry": { "type": "Point", "coordinates": [ -2.950156, 43.259022 ] } },
{ "type": "Feature", "properties": { "id": "8", "recordingID": null, "recordingTime": null, "recordingCategory": null }, "geometry": { "type": "Point", "coordinates": [ -2.920511, 43.249854 ] } },
{ "type": "Feature", "properties": { "id": "11", "recordingID": null, "recordingTime": null, "recordingCategory": null }, "geometry": { "type": "Point", "coordinates": [ -2.952609, 43.27308 ] } },
{ "type": "Feature", "properties": { "id": "13", "recordingID": null, "recordingTime": null, "recordingCategory": null }, "geometry": { "type": "Point", "coordinates": [ -2.919207, 43.243399 ] } },
{ "type": "Feature", "properties": { "id": "14", "recordingID": null, "recordingTime": null, "recordingCategory": null }, "geometry": { "type": "Point", "coordinates": [ -2.919669, 43.258519 ] } },
{ "type": "Feature", "properties": { "id": "15", "recordingID": null, "recordingTime": null, "recordingCategory": null }, "geometry": { "type": "Point", "coordinates": [ -2.941417, 43.249367 ] } },
{ "type": "Feature", "properties": { "id": "16", "recordingID": null, "recordingTime": null, "recordingCategory": null }, "geometry": { "type": "Point", "coordinates": [ -2.936148, 43.260267 ] } },
{ "type": "Feature", "properties": { "id": "19", "recordingID": null, "recordingTime": null, "recordingCategory": null }, "geometry": { "type": "Point", "coordinates": [ -2.94073, 43.262859 ] } },
{ "type": "Feature", "properties": { "id": "25", "recordingID": null, "recordingTime": null, "recordingCategory": null }, "geometry": { "type": "Point", "coordinates": [ -2.948354, 43.272785 ] } },
{ "type": "Feature", "properties": { "id": "26", "recordingID": null, "recordingTime": null, "recordingCategory": null }, "geometry": { "type": "Point", "coordinates": [ -2.928158, 43.267139 ] } },
{ "type": "Feature", "properties": { "id": "27", "recordingID": null, "recordingTime": null, "recordingCategory": null }, "geometry": { "type": "Point", "coordinates": [ -2.92826, 43.249781 ] } },
{ "type": "Feature", "properties": { "id": "28", "recordingID": null, "recordingTime": null, "recordingCategory": null }, "geometry": { "type": "Point", "coordinates": [ -2.943489, 43.269068 ] } },
{ "type": "Feature", "properties": { "id": "30", "recordingID": null, "recordingTime": null, "recordingCategory": null }, "geometry": { "type": "Point", "coordinates": [ -2.911225, 43.252476 ] } },
{ "type": "Feature", "properties": { "id": "31", "recordingID": null, "recordingTime": null, "recordingCategory": null }, "geometry": { "type": "Point", "coordinates": [ -2.920764, 43.265303 ] } },
{ "type": "Feature", "properties": { "id": "33", "recordingID": null, "recordingTime": null, "recordingCategory": null }, "geometry": { "type": "Point", "coordinates": [ -2.925586, 43.267666 ] } },
{ "type": "Feature", "properties": { "id": "34", "recordingID": null, "recordingTime": null, "recordingCategory": null }, "geometry": { "type": "Point", "coordinates": [ -2.915308, 43.262558 ] } },
{ "type": "Feature", "properties": { "id": "36", "recordingID": null, "recordingTime": null, "recordingCategory": null }, "geometry": { "type": "Point", "coordinates": [ -2.935416, 43.26285 ] } },
{ "type": "Feature", "properties": { "id": "38", "recordingID": null, "recordingTime": null, "recordingCategory": null }, "geometry": { "type": "Point", "coordinates": [ -2.917091, 43.263647 ] } },
{ "type": "Feature", "properties": { "id": "41", "recordingID": null, "recordingTime": null, "recordingCategory": null }, "geometry": { "type": "Point", "coordinates": [ -2.907486, 43.248056 ] } },
{ "type": "Feature", "properties": { "id": "44", "recordingID": null, "recordingTime": null, "recordingCategory": null }, "geometry": { "type": "Point", "coordinates": [ -2.963577, 43.282848 ] } },
{ "type": "Feature", "properties": { "id": "45", "recordingID": null, "recordingTime": null, "recordingCategory": null }, "geometry": { "type": "Point", "coordinates": [ -2.942009, 43.266163 ] } },
{ "type": "Feature", "properties": { "id": "47", "recordingID": null, "recordingTime": null, "recordingCategory": null }, "geometry": { "type": "Point", "coordinates": [ -2.947205, 43.271804 ] } },
{ "type": "Feature", "properties": { "id": "48", "recordingID": null, "recordingTime": null, "recordingCategory": null }, "geometry": { "type": "Point", "coordinates": [ -2.907653, 43.248499 ] } },
{ "type": "Feature", "properties": { "id": "49", "recordingID": null, "recordingTime": null, "recordingCategory": null }, "geometry": { "type": "Point", "coordinates": [ -2.950149, 43.261629 ] } },
{ "type": "Feature", "properties": { "id": "50", "recordingID": null, "recordingTime": null, "recordingCategory": null }, "geometry": { "type": "Point", "coordinates": [ -2.920098, 43.257302 ] } },
{ "type": "Feature", "properties": { "id": "52", "recordingID": null, "recordingTime": null, "recordingCategory": null }, "geometry": { "type": "Point", "coordinates": [ -2.960595, 43.274121 ] } },
{ "type": "Feature", "properties": { "id": "53", "recordingID": null, "recordingTime": null, "recordingCategory": null }, "geometry": { "type": "Point", "coordinates": [ -2.952115, 43.275309 ] } },
{ "type": "Feature", "properties": { "id": "56", "recordingID": null, "recordingTime": null, "recordingCategory": null }, "geometry": { "type": "Point", "coordinates": [ -2.951422, 43.268005 ] } },
{ "type": "Feature", "properties": { "id": "60", "recordingID": null, "recordingTime": null, "recordingCategory": null }, "geometry": { "type": "Point", "coordinates": [ -2.913662, 43.253039 ] } },
{ "type": "Feature", "properties": { "id": "61", "recordingID": null, "recordingTime": null, "recordingCategory": null }, "geometry": { "type": "Point", "coordinates": [ -2.961554, 43.279304 ] } },
{ "type": "Feature", "properties": { "id": "62", "recordingID": null, "recordingTime": null, "recordingCategory": null }, "geometry": { "type": "Point", "coordinates": [ -2.931, 43.26652 ] } },
{ "type": "Feature", "properties": { "id": "63", "recordingID": null, "recordingTime": null, "recordingCategory": null }, "geometry": { "type": "Point", "coordinates": [ -2.923243, 43.259793 ] } },
{ "type": "Feature", "properties": { "id": "64", "recordingID": null, "recordingTime": null, "recordingCategory": null }, "geometry": { "type": "Point", "coordinates": [ -2.956269, 43.269486 ] } },
{ "type": "Feature", "properties": { "id": "65", "recordingID": null, "recordingTime": null, "recordingCategory": null }, "geometry": { "type": "Point", "coordinates": [ -2.924864, 43.257098 ] } },
{ "type": "Feature", "properties": { "id": "66", "recordingID": null, "recordingTime": null, "recordingCategory": null }, "geometry": { "type": "Point", "coordinates": [ -2.917995, 43.245423 ] } },
{ "type": "Feature", "properties": { "id": "67", "recordingID": null, "recordingTime": null, "recordingCategory": null }, "geometry": { "type": "Point", "coordinates": [ -2.957238, 43.272011 ] } },
{ "type": "Feature", "properties": { "id": "69", "recordingID": null, "recordingTime": null, "recordingCategory": null }, "geometry": { "type": "Point", "coordinates": [ -2.959775, 43.275415 ] } },
{ "type": "Feature", "properties": { "id": "70", "recordingID": null, "recordingTime": null, "recordingCategory": null }, "geometry": { "type": "Point", "coordinates": [ -2.925601, 43.265434 ] } },
{ "type": "Feature", "properties": { "id": "72", "recordingID": null, "recordingTime": null, "recordingCategory": null }, "geometry": { "type": "Point", "coordinates": [ -2.936995, 43.2695 ] } },
{ "type": "Feature", "properties": { "id": "77", "recordingID": null, "recordingTime": null, "recordingCategory": null }, "geometry": { "type": "Point", "coordinates": [ -2.94176, 43.252113 ] } },
{ "type": "Feature", "properties": { "id": "80", "recordingID": null, "recordingTime": null, "recordingCategory": null }, "geometry": { "type": "Point", "coordinates": [ -2.912788, 43.260333 ] } },
{ "type": "Feature", "properties": { "id": "81", "recordingID": null, "recordingTime": null, "recordingCategory": null }, "geometry": { "type": "Point", "coordinates": [ -2.9175, 43.266367 ] } },
{ "type": "Feature", "properties": { "id": "82", "recordingID": null, "recordingTime": null, "recordingCategory": null }, "geometry": { "type": "Point", "coordinates": [ -2.918992, 43.252257 ] } },
{ "type": "Feature", "properties": { "id": "83", "recordingID": null, "recordingTime": null, "recordingCategory": null }, "geometry": { "type": "Point", "coordinates": [ -2.929005, 43.262918 ] } },
{ "type": "Feature", "properties": { "id": "86", "recordingID": null, "recordingTime": null, "recordingCategory": null }, "geometry": { "type": "Point", "coordinates": [ -2.940807, 43.260591 ] } },
{ "type": "Feature", "properties": { "id": "90", "recordingID": null, "recordingTime": null, "recordingCategory": null }, "geometry": { "type": "Point", "coordinates": [ -2.931755, 43.26663 ] } },
{ "type": "Feature", "properties": { "id": "91", "recordingID": null, "recordingTime": null, "recordingCategory": null }, "geometry": { "type": "Point", "coordinates": [ -2.919497, 43.264539 ] } },
{ "type": "Feature", "properties": { "id": "95", "recordingID": null, "recordingTime": null, "recordingCategory": null }, "geometry": { "type": "Point", "coordinates": [ -2.932783, 43.250645 ] } },
{ "type": "Feature", "properties": { "id": "96", "recordingID": null, "recordingTime": null, "recordingCategory": null }, "geometry": { "type": "Point", "coordinates": [ -2.919626, 43.248008 ] } },
{ "type": "Feature", "properties": { "id": "101", "recordingID": null, "recordingTime": null, "recordingCategory": null }, "geometry": { "type": "Point", "coordinates": [ -2.943228, 43.254186 ] } },
{ "type": "Feature", "properties": { "id": "103", "recordingID": null, "recordingTime": null, "recordingCategory": null }, "geometry": { "type": "Point", "coordinates": [ -2.942381, 43.254701 ] } },
{ "type": "Feature", "properties": { "id": "104", "recordingID": null, "recordingTime": null, "recordingCategory": null }, "geometry": { "type": "Point", "coordinates": [ -2.93006, 43.25273 ] } },
{ "type": "Feature", "properties": { "id": "105", "recordingID": null, "recordingTime": null, "recordingCategory": null }, "geometry": { "type": "Point", "coordinates": [ -2.952508, 43.265297 ] } },
{ "type": "Feature", "properties": { "id": "106", "recordingID": null, "recordingTime": null, "recordingCategory": null }, "geometry": { "type": "Point", "coordinates": [ -2.924039, 43.255581 ] } },
{ "type": "Feature", "properties": { "id": "107", "recordingID": null, "recordingTime": null, "recordingCategory": null }, "geometry": { "type": "Point", "coordinates": [ -2.965125, 43.281649 ] } },
{ "type": "Feature", "properties": { "id": "109", "recordingID": null, "recordingTime": null, "recordingCategory": null }, "geometry": { "type": "Point", "coordinates": [ -2.950874, 43.272125 ] } },
{ "type": "Feature", "properties": { "id": "113", "recordingID": null, "recordingTime": null, "recordingCategory": null }, "geometry": { "type": "Point", "coordinates": [ -2.916411, 43.254993 ] } },
{ "type": "Feature", "properties": { "id": "115", "recordingID": null, "recordingTime": null, "recordingCategory": null }, "geometry": { "type": "Point", "coordinates": [ -2.920579, 43.267048 ] } },
{ "type": "Feature", "properties": { "id": "116", "recordingID": null, "recordingTime": null, "recordingCategory": null }, "geometry": { "type": "Point", "coordinates": [ -2.946978, 43.260863 ] } },
{ "type": "Feature", "properties": { "id": "117", "recordingID": null, "recordingTime": null, "recordingCategory": null }, "geometry": { "type": "Point", "coordinates": [ -2.936541, 43.270124 ] } },
{ "type": "Feature", "properties": { "id": "119", "recordingID": null, "recordingTime": null, "recordingCategory": null }, "geometry": { "type": "Point", "coordinates": [ -2.945498, 43.26961 ] } },
{ "type": "Feature", "properties": { "id": "120", "recordingID": null, "recordingTime": null, "recordingCategory": null }, "geometry": { "type": "Point", "coordinates": [ -2.924219, 43.257733 ] } },
{ "type": "Feature", "properties": { "id": "122", "recordingID": null, "recordingTime": null, "recordingCategory": null }, "geometry": { "type": "Point", "coordinates": [ -2.958917, 43.275025 ] } },
{ "type": "Feature", "properties": { "id": "123", "recordingID": null, "recordingTime": null, "recordingCategory": null }, "geometry": { "type": "Point", "coordinates": [ -2.947651, 43.269786 ] } },
{ "type": "Feature", "properties": { "id": "124", "recordingID": null, "recordingTime": null, "recordingCategory": null }, "geometry": { "type": "Point", "coordinates": [ -2.928313, 43.248633 ] } },
{ "type": "Feature", "properties": { "id": "125", "recordingID": null, "recordingTime": null, "recordingCategory": null }, "geometry": { "type": "Point", "coordinates": [ -2.955293, 43.263327 ] } },
{ "type": "Feature", "properties": { "id": "126", "recordingID": null, "recordingTime": null, "recordingCategory": null }, "geometry": { "type": "Point", "coordinates": [ -2.939673, 43.270055 ] } },
{ "type": "Feature", "properties": { "id": "127", "recordingID": null, "recordingTime": null, "recordingCategory": null }, "geometry": { "type": "Point", "coordinates": [ -2.945727, 43.266479 ] } },
{ "type": "Feature", "properties": { "id": "129", "recordingID": null, "recordingTime": null, "recordingCategory": null }, "geometry": { "type": "Point", "coordinates": [ -2.922066, 43.257378 ] } },
{ "type": "Feature", "properties": { "id": "130", "recordingID": null, "recordingTime": null, "recordingCategory": null }, "geometry": { "type": "Point", "coordinates": [ -2.935268, 43.251738 ] } },
{ "type": "Feature", "properties": { "id": "131", "recordingID": null, "recordingTime": null, "recordingCategory": null }, "geometry": { "type": "Point", "coordinates": [ -2.924545, 43.269933 ] } },
{ "type": "Feature", "properties": { "id": "132", "recordingID": null, "recordingTime": null, "recordingCategory": null }, "geometry": { "type": "Point", "coordinates": [ -2.910485, 43.250865 ] } },
{ "type": "Feature", "properties": { "id": "133", "recordingID": null, "recordingTime": null, "recordingCategory": null }, "geometry": { "type": "Point", "coordinates": [ -2.923617, 43.253135 ] } },
{ "type": "Feature", "properties": { "id": "137", "recordingID": null, "recordingTime": null, "recordingCategory": null }, "geometry": { "type": "Point", "coordinates": [ -2.948733, 43.25866 ] } },
{ "type": "Feature", "properties": { "id": "139", "recordingID": null, "recordingTime": null, "recordingCategory": null }, "geometry": { "type": "Point", "coordinates": [ -2.940554, 43.26868 ] } },
{ "type": "Feature", "properties": { "id": "141", "recordingID": null, "recordingTime": null, "recordingCategory": null }, "geometry": { "type": "Point", "coordinates": [ -2.964256, 43.280439 ] } },
{ "type": "Feature", "properties": { "id": "143", "recordingID": null, "recordingTime": null, "recordingCategory": null }, "geometry": { "type": "Point", "coordinates": [ -2.945626, 43.25496 ] } },
{ "type": "Feature", "properties": { "id": "144", "recordingID": null, "recordingTime": null, "recordingCategory": null }, "geometry": { "type": "Point", "coordinates": [ -2.938452, 43.247852 ] } },
{ "type": "Feature", "properties": { "id": "146", "recordingID": null, "recordingTime": null, "recordingCategory": null }, "geometry": { "type": "Point", "coordinates": [ -2.936194, 43.261101 ] } },
{ "type": "Feature", "properties": { "id": "147", "recordingID": null, "recordingTime": null, "recordingCategory": null }, "geometry": { "type": "Point", "coordinates": [ -2.935772, 43.249192 ] } },
{ "type": "Feature", "properties": { "id": "148", "recordingID": null, "recordingTime": null, "recordingCategory": null }, "geometry": { "type": "Point", "coordinates": [ -2.927058, 43.260838 ] } },
{ "type": "Feature", "properties": { "id": "149", "recordingID": null, "recordingTime": null, "recordingCategory": null }, "geometry": { "type": "Point", "coordinates": [ -2.944101, 43.253738 ] } },
{ "type": "Feature", "properties": { "id": "150", "recordingID": null, "recordingTime": null, "recordingCategory": null }, "geometry": { "type": "Point", "coordinates": [ -2.95347, 43.275635 ] } },
{ "type": "Feature", "properties": { "id": "153", "recordingID": null, "recordingTime": null, "recordingCategory": null }, "geometry": { "type": "Point", "coordinates": [ -2.930101, 43.242447 ] } },
{ "type": "Feature", "properties": { "id": "154", "recordingID": null, "recordingTime": null, "recordingCategory": null }, "geometry": { "type": "Point", "coordinates": [ -2.935652, 43.257918 ] } },
{ "type": "Feature", "properties": { "id": "155", "recordingID": null, "recordingTime": null, "recordingCategory": null }, "geometry": { "type": "Point", "coordinates": [ -2.935191, 43.263235 ] } },
{ "type": "Feature", "properties": { "id": "160", "recordingID": null, "recordingTime": null, "recordingCategory": null }, "geometry": { "type": "Point", "coordinates": [ -2.959072, 43.268337 ] } },
{ "type": "Feature", "properties": { "id": "161", "recordingID": null, "recordingTime": null, "recordingCategory": null }, "geometry": { "type": "Point", "coordinates": [ -2.916398, 43.262799 ] } },
{ "type": "Feature", "properties": { "id": "162", "recordingID": null, "recordingTime": null, "recordingCategory": null }, "geometry": { "type": "Point", "coordinates": [ -2.935966, 43.257388 ] } },
{ "type": "Feature", "properties": { "id": "163", "recordingID": null, "recordingTime": null, "recordingCategory": null }, "geometry": { "type": "Point", "coordinates": [ -2.923898, 43.268108 ] } },
{ "type": "Feature", "properties": { "id": "167", "recordingID": null, "recordingTime": null, "recordingCategory": null }, "geometry": { "type": "Point", "coordinates": [ -2.961554, 43.277817 ] } },
{ "type": "Feature", "properties": { "id": "168", "recordingID": null, "recordingTime": null, "recordingCategory": null }, "geometry": { "type": "Point", "coordinates": [ -2.934855, 43.262833 ] } },
{ "type": "Feature", "properties": { "id": "175", "recordingID": null, "recordingTime": null, "recordingCategory": null }, "geometry": { "type": "Point", "coordinates": [ -2.924199, 43.257467 ] } },
{ "type": "Feature", "properties": { "id": "176", "recordingID": null, "recordingTime": null, "recordingCategory": null }, "geometry": { "type": "Point", "coordinates": [ -2.913388, 43.252966 ] } },
{ "type": "Feature", "properties": { "id": "178", "recordingID": null, "recordingTime": null, "recordingCategory": null }, "geometry": { "type": "Point", "coordinates": [ -2.921218, 43.247057 ] } },
{ "type": "Feature", "properties": { "id": "183", "recordingID": null, "recordingTime": null, "recordingCategory": null }, "geometry": { "type": "Point", "coordinates": [ -2.916631, 43.263346 ] } },
{ "type": "Feature", "properties": { "id": "184", "recordingID": null, "recordingTime": null, "recordingCategory": null }, "geometry": { "type": "Point", "coordinates": [ -2.925859, 43.269043 ] } },
{ "type": "Feature", "properties": { "id": "186", "recordingID": null, "recordingTime": null, "recordingCategory": null }, "geometry": { "type": "Point", "coordinates": [ -2.908795, 43.253457 ] } },
{ "type": "Feature", "properties": { "id": "187", "recordingID": null, "recordingTime": null, "recordingCategory": null }, "geometry": { "type": "Point", "coordinates": [ -2.93813, 43.248167 ] } },
{ "type": "Feature", "properties": { "id": "188", "recordingID": null, "recordingTime": null, "recordingCategory": null }, "geometry": { "type": "Point", "coordinates": [ -2.920764, 43.254514 ] } },
{ "type": "Feature", "properties": { "id": "190", "recordingID": null, "recordingTime": null, "recordingCategory": null }, "geometry": { "type": "Point", "coordinates": [ -2.962063, 43.275325 ] } },
{ "type": "Feature", "properties": { "id": "191", "recordingID": null, "recordingTime": null, "recordingCategory": null }, "geometry": { "type": "Point", "coordinates": [ -2.94119, 43.269688 ] } },
{ "type": "Feature", "properties": { "id": "192", "recordingID": null, "recordingTime": null, "recordingCategory": null }, "geometry": { "type": "Point", "coordinates": [ -2.910482, 43.249012 ] } },
{ "type": "Feature", "properties": { "id": "194", "recordingID": null, "recordingTime": null, "recordingCategory": null }, "geometry": { "type": "Point", "coordinates": [ -2.941853, 43.266557 ] } },
{ "type": "Feature", "properties": { "id": "197", "recordingID": null, "recordingTime": null, "recordingCategory": null }, "geometry": { "type": "Point", "coordinates": [ -2.961425, 43.278653 ] } },
{ "type": "Feature", "properties": { "id": "199", "recordingID": null, "recordingTime": null, "recordingCategory": null }, "geometry": { "type": "Point", "coordinates": [ -2.929063, 43.25404 ] } },
{ "type": "Feature", "properties": { "id": "201", "recordingID": null, "recordingTime": null, "recordingCategory": null }, "geometry": { "type": "Point", "coordinates": [ -2.923705, 43.26576 ] } },
{ "type": "Feature", "properties": { "id": "203", "recordingID": null, "recordingTime": null, "recordingCategory": null }, "geometry": { "type": "Point", "coordinates": [ -2.918456, 43.250055 ] } },
{ "type": "Feature", "properties": { "id": "206", "recordingID": null, "recordingTime": null, "recordingCategory": null }, "geometry": { "type": "Point", "coordinates": [ -2.945117, 43.259722 ] } },
{ "type": "Feature", "properties": { "id": "207", "recordingID": null, "recordingTime": null, "recordingCategory": null }, "geometry": { "type": "Point", "coordinates": [ -2.952931, 43.25985 ] } },
{ "type": "Feature", "properties": { "id": "208", "recordingID": null, "recordingTime": null, "recordingCategory": null }, "geometry": { "type": "Point", "coordinates": [ -2.954209, 43.269605 ] } },
{ "type": "Feature", "properties": { "id": "210", "recordingID": null, "recordingTime": null, "recordingCategory": null }, "geometry": { "type": "Point", "coordinates": [ -2.921581, 43.258027 ] } },
{ "type": "Feature", "properties": { "id": "212", "recordingID": null, "recordingTime": null, "recordingCategory": null }, "geometry": { "type": "Point", "coordinates": [ -2.907268, 43.248213 ] } },
{ "type": "Feature", "properties": { "id": "213", "recordingID": null, "recordingTime": null, "recordingCategory": null }, "geometry": { "type": "Point", "coordinates": [ -2.912871, 43.254076 ] } },
{ "type": "Feature", "properties": { "id": "214", "recordingID": null, "recordingTime": null, "recordingCategory": null }, "geometry": { "type": "Point", "coordinates": [ -2.912551, 43.259813 ] } },
{ "type": "Feature", "properties": { "id": "215", "recordingID": null, "recordingTime": null, "recordingCategory": null }, "geometry": { "type": "Point", "coordinates": [ -2.915863, 43.249761 ] } },
{ "type": "Feature", "properties": { "id": "216", "recordingID": null, "recordingTime": null, "recordingCategory": null }, "geometry": { "type": "Point", "coordinates": [ -2.916591, 43.260613 ] } },
{ "type": "Feature", "properties": { "id": "217", "recordingID": null, "recordingTime": null, "recordingCategory": null }, "geometry": { "type": "Point", "coordinates": [ -2.955317, 43.262236 ] } },
{ "type": "Feature", "properties": { "id": "218", "recordingID": null, "recordingTime": null, "recordingCategory": null }, "geometry": { "type": "Point", "coordinates": [ -2.91861, 43.254358 ] } },
{ "type": "Feature", "properties": { "id": "223", "recordingID": null, "recordingTime": null, "recordingCategory": null }, "geometry": { "type": "Point", "coordinates": [ -2.949084, 43.266071 ] } },
{ "type": "Feature", "properties": { "id": "224", "recordingID": null, "recordingTime": null, "recordingCategory": null }, "geometry": { "type": "Point", "coordinates": [ -2.933119, 43.265689 ] } },
{ "type": "Feature", "properties": { "id": "226", "recordingID": null, "recordingTime": null, "recordingCategory": null }, "geometry": { "type": "Point", "coordinates": [ -2.927894, 43.252815 ] } },
{ "type": "Feature", "properties": { "id": "228", "recordingID": null, "recordingTime": null, "recordingCategory": null }, "geometry": { "type": "Point", "coordinates": [ -2.929545, 43.260086 ] } },
{ "type": "Feature", "properties": { "id": "230", "recordingID": null, "recordingTime": null, "recordingCategory": null }, "geometry": { "type": "Point", "coordinates": [ -2.93928, 43.250801 ] } },
{ "type": "Feature", "properties": { "id": "231", "recordingID": null, "recordingTime": null, "recordingCategory": null }, "geometry": { "type": "Point", "coordinates": [ -2.953525, 43.270944 ] } },
{ "type": "Feature", "properties": { "id": "232", "recordingID": null, "recordingTime": null, "recordingCategory": null }, "geometry": { "type": "Point", "coordinates": [ -2.927007, 43.254622 ] } },
{ "type": "Feature", "properties": { "id": "234", "recordingID": null, "recordingTime": null, "recordingCategory": null }, "geometry": { "type": "Point", "coordinates": [ -2.925246, 43.256114 ] } },
{ "type": "Feature", "properties": { "id": "237", "recordingID": null, "recordingTime": null, "recordingCategory": null }, "geometry": { "type": "Point", "coordinates": [ -2.91627, 43.26773 ] } },
{ "type": "Feature", "properties": { "id": "238", "recordingID": null, "recordingTime": null, "recordingCategory": null }, "geometry": { "type": "Point", "coordinates": [ -2.919966, 43.256363 ] } },
{ "type": "Feature", "properties": { "id": "239", "recordingID": null, "recordingTime": null, "recordingCategory": null }, "geometry": { "type": "Point", "coordinates": [ -2.957782, 43.272627 ] } },
{ "type": "Feature", "properties": { "id": "241", "recordingID": null, "recordingTime": null, "recordingCategory": null }, "geometry": { "type": "Point", "coordinates": [ -2.916187, 43.254142 ] } },
{ "type": "Feature", "properties": { "id": "242", "recordingID": null, "recordingTime": null, "recordingCategory": null }, "geometry": { "type": "Point", "coordinates": [ -2.951762, 43.258116 ] } },
{ "type": "Feature", "properties": { "id": "243", "recordingID": null, "recordingTime": null, "recordingCategory": null }, "geometry": { "type": "Point", "coordinates": [ -2.959946, 43.275425 ] } },
{ "type": "Feature", "properties": { "id": "244", "recordingID": null, "recordingTime": null, "recordingCategory": null }, "geometry": { "type": "Point", "coordinates": [ -2.947493, 43.259921 ] } },
{ "type": "Feature", "properties": { "id": "245", "recordingID": null, "recordingTime": null, "recordingCategory": null }, "geometry": { "type": "Point", "coordinates": [ -2.955764, 43.276315 ] } },
{ "type": "Feature", "properties": { "id": "247", "recordingID": null, "recordingTime": null, "recordingCategory": null }, "geometry": { "type": "Point", "coordinates": [ -2.932377, 43.246839 ] } },
{ "type": "Feature", "properties": { "id": "250", "recordingID": null, "recordingTime": null, "recordingCategory": null }, "geometry": { "type": "Point", "coordinates": [ -2.962076, 43.27408 ] } },
{ "type": "Feature", "properties": { "id": "251", "recordingID": null, "recordingTime": null, "recordingCategory": null }, "geometry": { "type": "Point", "coordinates": [ -2.945997, 43.271829 ] } },
{ "type": "Feature", "properties": { "id": "256", "recordingID": null, "recordingTime": null, "recordingCategory": null }, "geometry": { "type": "Point", "coordinates": [ -2.919031, 43.26363 ] } },
{ "type": "Feature", "properties": { "id": "257", "recordingID": null, "recordingTime": null, "recordingCategory": null }, "geometry": { "type": "Point", "coordinates": [ -2.934203, 43.253335 ] } },
{ "type": "Feature", "properties": { "id": "258", "recordingID": null, "recordingTime": null, "recordingCategory": null }, "geometry": { "type": "Point", "coordinates": [ -2.960441, 43.277976 ] } },
{ "type": "Feature", "properties": { "id": "259", "recordingID": null, "recordingTime": null, "recordingCategory": null }, "geometry": { "type": "Point", "coordinates": [ -2.909396, 43.254029 ] } },
{ "type": "Feature", "properties": { "id": "260", "recordingID": null, "recordingTime": null, "recordingCategory": null }, "geometry": { "type": "Point", "coordinates": [ -2.94478, 43.260611 ] } },
{ "type": "Feature", "properties": { "id": "262", "recordingID": null, "recordingTime": null, "recordingCategory": null }, "geometry": { "type": "Point", "coordinates": [ -2.923225, 43.26491 ] } },
{ "type": "Feature", "properties": { "id": "263", "recordingID": null, "recordingTime": null, "recordingCategory": null }, "geometry": { "type": "Point", "coordinates": [ -2.950075, 43.25591 ] } },
{ "type": "Feature", "properties": { "id": "264", "recordingID": null, "recordingTime": null, "recordingCategory": null }, "geometry": { "type": "Point", "coordinates": [ -2.919959, 43.246936 ] } },
{ "type": "Feature", "properties": { "id": "265", "recordingID": null, "recordingTime": null, "recordingCategory": null }, "geometry": { "type": "Point", "coordinates": [ -2.957116, 43.27142 ] } },
{ "type": "Feature", "properties": { "id": "267", "recordingID": null, "recordingTime": null, "recordingCategory": null }, "geometry": { "type": "Point", "coordinates": [ -2.938047, 43.256576 ] } },
{ "type": "Feature", "properties": { "id": "268", "recordingID": null, "recordingTime": null, "recordingCategory": null }, "geometry": { "type": "Point", "coordinates": [ -2.917525, 43.266444 ] } },
{ "type": "Feature", "properties": { "id": "269", "recordingID": null, "recordingTime": null, "recordingCategory": null }, "geometry": { "type": "Point", "coordinates": [ -2.940648, 43.25188 ] } },
{ "type": "Feature", "properties": { "id": "270", "recordingID": null, "recordingTime": null, "recordingCategory": null }, "geometry": { "type": "Point", "coordinates": [ -2.920294, 43.268816 ] } },
{ "type": "Feature", "properties": { "id": "271", "recordingID": null, "recordingTime": null, "recordingCategory": null }, "geometry": { "type": "Point", "coordinates": [ -2.909752, 43.250568 ] } },
{ "type": "Feature", "properties": { "id": "272", "recordingID": null, "recordingTime": null, "recordingCategory": null }, "geometry": { "type": "Point", "coordinates": [ -2.917717, 43.261198 ] } },
{ "type": "Feature", "properties": { "id": "273", "recordingID": null, "recordingTime": null, "recordingCategory": null }, "geometry": { "type": "Point", "coordinates": [ -2.948758, 43.261881 ] } },
{ "type": "Feature", "properties": { "id": "275", "recordingID": null, "recordingTime": null, "recordingCategory": null }, "geometry": { "type": "Point", "coordinates": [ -2.952662, 43.268207 ] } },
{ "type": "Feature", "properties": { "id": "276", "recordingID": null, "recordingTime": null, "recordingCategory": null }, "geometry": { "type": "Point", "coordinates": [ -2.93002, 43.25258 ] } },
{ "type": "Feature", "properties": { "id": "278", "recordingID": null, "recordingTime": null, "recordingCategory": null }, "geometry": { "type": "Point", "coordinates": [ -2.927866, 43.258532 ] } },
{ "type": "Feature", "properties": { "id": "280", "recordingID": null, "recordingTime": null, "recordingCategory": null }, "geometry": { "type": "Point", "coordinates": [ -2.959108, 43.279011 ] } },
{ "type": "Feature", "properties": { "id": "281", "recordingID": null, "recordingTime": null, "recordingCategory": null }, "geometry": { "type": "Point", "coordinates": [ -2.913991, 43.25803 ] } },
{ "type": "Feature", "properties": { "id": "282", "recordingID": null, "recordingTime": null, "recordingCategory": null }, "geometry": { "type": "Point", "coordinates": [ -2.950732, 43.26858 ] } },
{ "type": "Feature", "properties": { "id": "283", "recordingID": null, "recordingTime": null, "recordingCategory": null }, "geometry": { "type": "Point", "coordinates": [ -2.929095, 43.24657 ] } },
{ "type": "Feature", "properties": { "id": "284", "recordingID": null, "recordingTime": null, "recordingCategory": null }, "geometry": { "type": "Point", "coordinates": [ -2.915212, 43.256656 ] } },
{ "type": "Feature", "properties": { "id": "286", "recordingID": null, "recordingTime": null, "recordingCategory": null }, "geometry": { "type": "Point", "coordinates": [ -2.917938, 43.262796 ] } },
{ "type": "Feature", "properties": { "id": "288", "recordingID": null, "recordingTime": null, "recordingCategory": null }, "geometry": { "type": "Point", "coordinates": [ -2.93071, 43.248804 ] } },
{ "type": "Feature", "properties": { "id": "289", "recordingID": null, "recordingTime": null, "recordingCategory": null }, "geometry": { "type": "Point", "coordinates": [ -2.948749, 43.261536 ] } },
{ "type": "Feature", "properties": { "id": "292", "recordingID": null, "recordingTime": null, "recordingCategory": null }, "geometry": { "type": "Point", "coordinates": [ -2.909522, 43.249197 ] } },
{ "type": "Feature", "properties": { "id": "293", "recordingID": null, "recordingTime": null, "recordingCategory": null }, "geometry": { "type": "Point", "coordinates": [ -2.919959, 43.249658 ] } },
{ "type": "Feature", "properties": { "id": "295", "recordingID": null, "recordingTime": null, "recordingCategory": null }, "geometry": { "type": "Point", "coordinates": [ -2.923418, 43.253026 ] } },
{ "type": "Feature", "properties": { "id": "296", "recordingID": null, "recordingTime": null, "recordingCategory": null }, "geometry": { "type": "Point", "coordinates": [ -2.933505, 43.268302 ] } },
{ "type": "Feature", "properties": { "id": "298", "recordingID": null, "recordingTime": null, "recordingCategory": null }, "geometry": { "type": "Point", "coordinates": [ -2.948699, 43.261753 ] } },
{ "type": "Feature", "properties": { "id": "300", "recordingID": null, "recordingTime": null, "recordingCategory": null }, "geometry": { "type": "Point", "coordinates": [ -2.953345, 43.270149 ] } },
{ "type": "Feature", "properties": { "id": "301", "recordingID": null, "recordingTime": null, "recordingCategory": null }, "geometry": { "type": "Point", "coordinates": [ -2.956845, 43.264767 ] } },
{ "type": "Feature", "properties": { "id": "303", "recordingID": null, "recordingTime": null, "recordingCategory": null }, "geometry": { "type": "Point", "coordinates": [ -2.940395, 43.255275 ] } },
{ "type": "Feature", "properties": { "id": "304", "recordingID": null, "recordingTime": null, "recordingCategory": null }, "geometry": { "type": "Point", "coordinates": [ -2.955376, 43.276284 ] } },
{ "type": "Feature", "properties": { "id": "305", "recordingID": null, "recordingTime": null, "recordingCategory": null }, "geometry": { "type": "Point", "coordinates": [ -2.920085, 43.247117 ] } },
{ "type": "Feature", "properties": { "id": "307", "recordingID": null, "recordingTime": null, "recordingCategory": null }, "geometry": { "type": "Point", "coordinates": [ -2.936771, 43.254804 ] } },
{ "type": "Feature", "properties": { "id": "309", "recordingID": null, "recordingTime": null, "recordingCategory": null }, "geometry": { "type": "Point", "coordinates": [ -2.908832, 43.252643 ] } },
{ "type": "Feature", "properties": { "id": "310", "recordingID": null, "recordingTime": null, "recordingCategory": null }, "geometry": { "type": "Point", "coordinates": [ -2.909917, 43.25594 ] } },
{ "type": "Feature", "properties": { "id": "312", "recordingID": null, "recordingTime": null, "recordingCategory": null }, "geometry": { "type": "Point", "coordinates": [ -2.918327, 43.262614 ] } },
{ "type": "Feature", "properties": { "id": "314", "recordingID": null, "recordingTime": null, "recordingCategory": null }, "geometry": { "type": "Point", "coordinates": [ -2.938741, 43.268886 ] } },
{ "type": "Feature", "properties": { "id": "315", "recordingID": null, "recordingTime": null, "recordingCategory": null }, "geometry": { "type": "Point", "coordinates": [ -2.944488, 43.257851 ] } },
{ "type": "Feature", "properties": { "id": "316", "recordingID": null, "recordingTime": null, "recordingCategory": null }, "geometry": { "type": "Point", "coordinates": [ -2.916631, 43.249016 ] } },
{ "type": "Feature", "properties": { "id": "317", "recordingID": null, "recordingTime": null, "recordingCategory": null }, "geometry": { "type": "Point", "coordinates": [ -2.910179, 43.249408 ] } },
{ "type": "Feature", "properties": { "id": "319", "recordingID": null, "recordingTime": null, "recordingCategory": null }, "geometry": { "type": "Point", "coordinates": [ -2.930097, 43.244839 ] } },
{ "type": "Feature", "properties": { "id": "320", "recordingID": null, "recordingTime": null, "recordingCategory": null }, "geometry": { "type": "Point", "coordinates": [ -2.923044, 43.260402 ] } },
{ "type": "Feature", "properties": { "id": "322", "recordingID": null, "recordingTime": null, "recordingCategory": null }, "geometry": { "type": "Point", "coordinates": [ -2.962381, 43.278057 ] } },
{ "type": "Feature", "properties": { "id": "323", "recordingID": null, "recordingTime": null, "recordingCategory": null }, "geometry": { "type": "Point", "coordinates": [ -2.916587, 43.250028 ] } },
{ "type": "Feature", "properties": { "id": "327", "recordingID": null, "recordingTime": null, "recordingCategory": null }, "geometry": { "type": "Point", "coordinates": [ -2.93442, 43.262692 ] } },
{ "type": "Feature", "properties": { "id": "329", "recordingID": null, "recordingTime": null, "recordingCategory": null }, "geometry": { "type": "Point", "coordinates": [ -2.942287, 43.265493 ] } },
{ "type": "Feature", "properties": { "id": "332", "recordingID": null, "recordingTime": null, "recordingCategory": null }, "geometry": { "type": "Point", "coordinates": [ -2.958913, 43.278852 ] } },
{ "type": "Feature", "properties": { "id": "336", "recordingID": null, "recordingTime": null, "recordingCategory": null }, "geometry": { "type": "Point", "coordinates": [ -2.939989, 43.26042 ] } },
{ "type": "Feature", "properties": { "id": "337", "recordingID": null, "recordingTime": null, "recordingCategory": null }, "geometry": { "type": "Point", "coordinates": [ -2.95118, 43.259362 ] } },
{ "type": "Feature", "properties": { "id": "338", "recordingID": null, "recordingTime": null, "recordingCategory": null }, "geometry": { "type": "Point", "coordinates": [ -2.939961, 43.267585 ] } },
{ "type": "Feature", "properties": { "id": "339", "recordingID": null, "recordingTime": null, "recordingCategory": null }, "geometry": { "type": "Point", "coordinates": [ -2.931263, 43.241969 ] } },
{ "type": "Feature", "properties": { "id": "340", "recordingID": null, "recordingTime": null, "recordingCategory": null }, "geometry": { "type": "Point", "coordinates": [ -2.911955, 43.258373 ] } },
{ "type": "Feature", "properties": { "id": "342", "recordingID": null, "recordingTime": null, "recordingCategory": null }, "geometry": { "type": "Point", "coordinates": [ -2.915378, 43.257978 ] } },
{ "type": "Feature", "properties": { "id": "344", "recordingID": null, "recordingTime": null, "recordingCategory": null }, "geometry": { "type": "Point", "coordinates": [ -2.925665, 43.265441 ] } },
{ "type": "Feature", "properties": { "id": "345", "recordingID": null, "recordingTime": null, "recordingCategory": null }, "geometry": { "type": "Point", "coordinates": [ -2.940007, 43.266704 ] } },
{ "type": "Feature", "properties": { "id": "346", "recordingID": null, "recordingTime": null, "recordingCategory": null }, "geometry": { "type": "Point", "coordinates": [ -2.915184, 43.2457 ] } },
{ "type": "Feature", "properties": { "id": "349", "recordingID": null, "recordingTime": null, "recordingCategory": null }, "geometry": { "type": "Point", "coordinates": [ -2.937739, 43.251786 ] } },
{ "type": "Feature", "properties": { "id": "357", "recordingID": null, "recordingTime": null, "recordingCategory": null }, "geometry": { "type": "Point", "coordinates": [ -2.924389, 43.258179 ] } },
{ "type": "Feature", "properties": { "id": "361", "recordingID": null, "recordingTime": null, "recordingCategory": null }, "geometry": { "type": "Point", "coordinates": [ -2.936735, 43.250202 ] } },
{ "type": "Feature", "properties": { "id": "362", "recordingID": null, "recordingTime": null, "recordingCategory": null }, "geometry": { "type": "Point", "coordinates": [ -2.935278, 43.244379 ] } },
{ "type": "Feature", "properties": { "id": "363", "recordingID": null, "recordingTime": null, "recordingCategory": null }, "geometry": { "type": "Point", "coordinates": [ -2.947763, 43.269114 ] } },
{ "type": "Feature", "properties": { "id": "364", "recordingID": null, "recordingTime": null, "recordingCategory": null }, "geometry": { "type": "Point", "coordinates": [ -2.93796, 43.247454 ] } },
{ "type": "Feature", "properties": { "id": "365", "recordingID": null, "recordingTime": null, "recordingCategory": null }, "geometry": { "type": "Point", "coordinates": [ -2.922066, 43.257362 ] } },
{ "type": "Feature", "properties": { "id": "366", "recordingID": null, "recordingTime": null, "recordingCategory": null }, "geometry": { "type": "Point", "coordinates": [ -2.908089, 43.249028 ] } },
{ "type": "Feature", "properties": { "id": "369", "recordingID": null, "recordingTime": null, "recordingCategory": null }, "geometry": { "type": "Point", "coordinates": [ -2.917726, 43.247299 ] } },
{ "type": "Feature", "properties": { "id": "372", "recordingID": null, "recordingTime": null, "recordingCategory": null }, "geometry": { "type": "Point", "coordinates": [ -2.961312, 43.276908 ] } },
{ "type": "Feature", "properties": { "id": "373", "recordingID": null, "recordingTime": null, "recordingCategory": null }, "geometry": { "type": "Point", "coordinates": [ -2.93552, 43.250076 ] } },
{ "type": "Feature", "properties": { "id": "375", "recordingID": null, "recordingTime": null, "recordingCategory": null }, "geometry": { "type": "Point", "coordinates": [ -2.925921, 43.243796 ] } },
{ "type": "Feature", "properties": { "id": "377", "recordingID": null, "recordingTime": null, "recordingCategory": null }, "geometry": { "type": "Point", "coordinates": [ -2.916655, 43.255423 ] } },
{ "type": "Feature", "properties": { "id": "378", "recordingID": null, "recordingTime": null, "recordingCategory": null }, "geometry": { "type": "Point", "coordinates": [ -2.933697, 43.267705 ] } },
{ "type": "Feature", "properties": { "id": "383", "recordingID": null, "recordingTime": null, "recordingCategory": null }, "geometry": { "type": "Point", "coordinates": [ -2.927816, 43.249537 ] } },
{ "type": "Feature", "properties": { "id": "384", "recordingID": null, "recordingTime": null, "recordingCategory": null }, "geometry": { "type": "Point", "coordinates": [ -2.909194, 43.255809 ] } },
{ "type": "Feature", "properties": { "id": "385", "recordingID": null, "recordingTime": null, "recordingCategory": null }, "geometry": { "type": "Point", "coordinates": [ -2.937958, 43.266321 ] } },
{ "type": "Feature", "properties": { "id": "386", "recordingID": null, "recordingTime": null, "recordingCategory": null }, "geometry": { "type": "Point", "coordinates": [ -2.917549, 43.268714 ] } },
{ "type": "Feature", "properties": { "id": "387", "recordingID": null, "recordingTime": null, "recordingCategory": null }, "geometry": { "type": "Point", "coordinates": [ -2.953563, 43.274989 ] } },
{ "type": "Feature", "properties": { "id": "390", "recordingID": null, "recordingTime": null, "recordingCategory": null }, "geometry": { "type": "Point", "coordinates": [ -2.930261, 43.262012 ] } },
{ "type": "Feature", "properties": { "id": "391", "recordingID": null, "recordingTime": null, "recordingCategory": null }, "geometry": { "type": "Point", "coordinates": [ -2.916297, 43.26374 ] } },
{ "type": "Feature", "properties": { "id": "393", "recordingID": null, "recordingTime": null, "recordingCategory": null }, "geometry": { "type": "Point", "coordinates": [ -2.913307, 43.260411 ] } },
{ "type": "Feature", "properties": { "id": "396", "recordingID": null, "recordingTime": null, "recordingCategory": null }, "geometry": { "type": "Point", "coordinates": [ -2.958817, 43.267397 ] } },
{ "type": "Feature", "properties": { "id": "397", "recordingID": null, "recordingTime": null, "recordingCategory": null }, "geometry": { "type": "Point", "coordinates": [ -2.913441, 43.247001 ] } },
{ "type": "Feature", "properties": { "id": "398", "recordingID": null, "recordingTime": null, "recordingCategory": null }, "geometry": { "type": "Point", "coordinates": [ -2.948676, 43.271107 ] } },
{ "type": "Feature", "properties": { "id": "399", "recordingID": null, "recordingTime": null, "recordingCategory": null }, "geometry": { "type": "Point", "coordinates": [ -2.938752, 43.270098 ] } },
{ "type": "Feature", "properties": { "id": "401", "recordingID": null, "recordingTime": null, "recordingCategory": null }, "geometry": { "type": "Point", "coordinates": [ -2.944502, 43.266042 ] } },
{ "type": "Feature", "properties": { "id": "404", "recordingID": null, "recordingTime": null, "recordingCategory": null }, "geometry": { "type": "Point", "coordinates": [ -2.917957, 43.249666 ] } },
{ "type": "Feature", "properties": { "id": "406", "recordingID": null, "recordingTime": null, "recordingCategory": null }, "geometry": { "type": "Point", "coordinates": [ -2.924493, 43.269829 ] } },
{ "type": "Feature", "properties": { "id": "407", "recordingID": null, "recordingTime": null, "recordingCategory": null }, "geometry": { "type": "Point", "coordinates": [ -2.959759, 43.277403 ] } },
{ "type": "Feature", "properties": { "id": "408", "recordingID": null, "recordingTime": null, "recordingCategory": null }, "geometry": { "type": "Point", "coordinates": [ -2.955789, 43.276462 ] } },
{ "type": "Feature", "properties": { "id": "409", "recordingID": null, "recordingTime": null, "recordingCategory": null }, "geometry": { "type": "Point", "coordinates": [ -2.950235, 43.265599 ] } },
{ "type": "Feature", "properties": { "id": "410", "recordingID": null, "recordingTime": null, "recordingCategory": null }, "geometry": { "type": "Point", "coordinates": [ -2.920425, 43.25721 ] } },
{ "type": "Feature", "properties": { "id": "413", "recordingID": null, "recordingTime": null, "recordingCategory": null }, "geometry": { "type": "Point", "coordinates": [ -2.908744, 43.247459 ] } },
{ "type": "Feature", "properties": { "id": "416", "recordingID": null, "recordingTime": null, "recordingCategory": null }, "geometry": { "type": "Point", "coordinates": [ -2.926637, 43.26092 ] } },
{ "type": "Feature", "properties": { "id": "419", "recordingID": null, "recordingTime": null, "recordingCategory": null }, "geometry": { "type": "Point", "coordinates": [ -2.936204, 43.268106 ] } },
{ "type": "Feature", "properties": { "id": "421", "recordingID": null, "recordingTime": null, "recordingCategory": null }, "geometry": { "type": "Point", "coordinates": [ -2.954201, 43.259999 ] } },
{ "type": "Feature", "properties": { "id": "422", "recordingID": null, "recordingTime": null, "recordingCategory": null }, "geometry": { "type": "Point", "coordinates": [ -2.914279, 43.251172 ] } },
{ "type": "Feature", "properties": { "id": "424", "recordingID": null, "recordingTime": null, "recordingCategory": null }, "geometry": { "type": "Point", "coordinates": [ -2.941709, 43.253509 ] } },
{ "type": "Feature", "properties": { "id": "425", "recordingID": null, "recordingTime": null, "recordingCategory": null }, "geometry": { "type": "Point", "coordinates": [ -2.94606, 43.265205 ] } },
{ "type": "Feature", "properties": { "id": "426", "recordingID": null, "recordingTime": null, "recordingCategory": null }, "geometry": { "type": "Point", "coordinates": [ -2.936001, 43.247897 ] } },
{ "type": "Feature", "properties": { "id": "429", "recordingID": null, "recordingTime": null, "recordingCategory": null }, "geometry": { "type": "Point", "coordinates": [ -2.959161, 43.27816 ] } },
{ "type": "Feature", "properties": { "id": "430", "recordingID": null, "recordingTime": null, "recordingCategory": null }, "geometry": { "type": "Point", "coordinates": [ -2.930381, 43.25372 ] } },
{ "type": "Feature", "properties": { "id": "432", "recordingID": null, "recordingTime": null, "recordingCategory": null }, "geometry": { "type": "Point", "coordinates": [ -2.963379, 43.277608 ] } },
{ "type": "Feature", "properties": { "id": "433", "recordingID": null, "recordingTime": null, "recordingCategory": null }, "geometry": { "type": "Point", "coordinates": [ -2.956058, 43.266573 ] } },
{ "type": "Feature", "properties": { "id": "436", "recordingID": null, "recordingTime": null, "recordingCategory": null }, "geometry": { "type": "Point", "coordinates": [ -2.925502, 43.267784 ] } },
{ "type": "Feature", "properties": { "id": "437", "recordingID": null, "recordingTime": null, "recordingCategory": null }, "geometry": { "type": "Point", "coordinates": [ -2.922021, 43.264435 ] } },
{ "type": "Feature", "properties": { "id": "447", "recordingID": null, "recordingTime": null, "recordingCategory": null }, "geometry": { "type": "Point", "coordinates": [ -2.946024, 43.268762 ] } },
{ "type": "Feature", "properties": { "id": "449", "recordingID": null, "recordingTime": null, "recordingCategory": null }, "geometry": { "type": "Point", "coordinates": [ -2.927733, 43.258326 ] } },
{ "type": "Feature", "properties": { "id": "450", "recordingID": null, "recordingTime": null, "recordingCategory": null }, "geometry": { "type": "Point", "coordinates": [ -2.916407, 43.250327 ] } },
{ "type": "Feature", "properties": { "id": "453", "recordingID": null, "recordingTime": null, "recordingCategory": null }, "geometry": { "type": "Point", "coordinates": [ -2.917737, 43.243799 ] } },
{ "type": "Feature", "properties": { "id": "454", "recordingID": null, "recordingTime": null, "recordingCategory": null }, "geometry": { "type": "Point", "coordinates": [ -2.938053, 43.253128 ] } },
{ "type": "Feature", "properties": { "id": "457", "recordingID": null, "recordingTime": null, "recordingCategory": null }, "geometry": { "type": "Point", "coordinates": [ -2.912497, 43.258468 ] } },
{ "type": "Feature", "properties": { "id": "460", "recordingID": null, "recordingTime": null, "recordingCategory": null }, "geometry": { "type": "Point", "coordinates": [ -2.919159, 43.258624 ] } },
{ "type": "Feature", "properties": { "id": "462", "recordingID": null, "recordingTime": null, "recordingCategory": null }, "geometry": { "type": "Point", "coordinates": [ -2.918656, 43.255524 ] } },
{ "type": "Feature", "properties": { "id": "464", "recordingID": null, "recordingTime": null, "recordingCategory": null }, "geometry": { "type": "Point", "coordinates": [ -2.914773, 43.251 ] } },
{ "type": "Feature", "properties": { "id": "465", "recordingID": null, "recordingTime": null, "recordingCategory": null }, "geometry": { "type": "Point", "coordinates": [ -2.939144, 43.267104 ] } },
{ "type": "Feature", "properties": { "id": "466", "recordingID": null, "recordingTime": null, "recordingCategory": null }, "geometry": { "type": "Point", "coordinates": [ -2.95508, 43.273951 ] } },
{ "type": "Feature", "properties": { "id": "467", "recordingID": null, "recordingTime": null, "recordingCategory": null }, "geometry": { "type": "Point", "coordinates": [ -2.956199, 43.277037 ] } },
{ "type": "Feature", "properties": { "id": "471", "recordingID": null, "recordingTime": null, "recordingCategory": null }, "geometry": { "type": "Point", "coordinates": [ -2.923457, 43.259864 ] } },
{ "type": "Feature", "properties": { "id": "472", "recordingID": null, "recordingTime": null, "recordingCategory": null }, "geometry": { "type": "Point", "coordinates": [ -2.961939, 43.274671 ] } },
{ "type": "Feature", "properties": { "id": "473", "recordingID": null, "recordingTime": null, "recordingCategory": null }, "geometry": { "type": "Point", "coordinates": [ -2.939503, 43.256815 ] } },
{ "type": "Feature", "properties": { "id": "475", "recordingID": null, "recordingTime": null, "recordingCategory": null }, "geometry": { "type": "Point", "coordinates": [ -2.930259, 43.245612 ] } },
{ "type": "Feature", "properties": { "id": "477", "recordingID": null, "recordingTime": null, "recordingCategory": null }, "geometry": { "type": "Point", "coordinates": [ -2.958196, 43.262447 ] } },
{ "type": "Feature", "properties": { "id": "478", "recordingID": null, "recordingTime": null, "recordingCategory": null }, "geometry": { "type": "Point", "coordinates": [ -2.947931, 43.258933 ] } },
{ "type": "Feature", "properties": { "id": "480", "recordingID": null, "recordingTime": null, "recordingCategory": null }, "geometry": { "type": "Point", "coordinates": [ -2.931547, 43.244589 ] } },
{ "type": "Feature", "properties": { "id": "481", "recordingID": null, "recordingTime": null, "recordingCategory": null }, "geometry": { "type": "Point", "coordinates": [ -2.953094, 43.264834 ] } },
{ "type": "Feature", "properties": { "id": "482", "recordingID": null, "recordingTime": null, "recordingCategory": null }, "geometry": { "type": "Point", "coordinates": [ -2.933088, 43.26751 ] } },
{ "type": "Feature", "properties": { "id": "485", "recordingID": null, "recordingTime": null, "recordingCategory": null }, "geometry": { "type": "Point", "coordinates": [ -2.912795, 43.257775 ] } },
{ "type": "Feature", "properties": { "id": "486", "recordingID": null, "recordingTime": null, "recordingCategory": null }, "geometry": { "type": "Point", "coordinates": [ -2.940643, 43.260523 ] } },
{ "type": "Feature", "properties": { "id": "488", "recordingID": null, "recordingTime": null, "recordingCategory": null }, "geometry": { "type": "Point", "coordinates": [ -2.959537, 43.278141 ] } },
{ "type": "Feature", "properties": { "id": "489", "recordingID": null, "recordingTime": null, "recordingCategory": null }, "geometry": { "type": "Point", "coordinates": [ -2.918316, 43.254558 ] } },
{ "type": "Feature", "properties": { "id": "491", "recordingID": null, "recordingTime": null, "recordingCategory": null }, "geometry": { "type": "Point", "coordinates": [ -2.908368, 43.248931 ] } },
{ "type": "Feature", "properties": { "id": "492", "recordingID": null, "recordingTime": null, "recordingCategory": null }, "geometry": { "type": "Point", "coordinates": [ -2.921424, 43.267221 ] } },
{ "type": "Feature", "properties": { "id": "493", "recordingID": null, "recordingTime": null, "recordingCategory": null }, "geometry": { "type": "Point", "coordinates": [ -2.958784, 43.276139 ] } },
{ "type": "Feature", "properties": { "id": "495", "recordingID": null, "recordingTime": null, "recordingCategory": null }, "geometry": { "type": "Point", "coordinates": [ -2.944053, 43.26757 ] } },
{ "type": "Feature", "properties": { "id": "496", "recordingID": null, "recordingTime": null, "recordingCategory": null }, "geometry": { "type": "Point", "coordinates": [ -2.936882, 43.254627 ] } },
{ "type": "Feature", "properties": { "id": "497", "recordingID": null, "recordingTime": null, "recordingCategory": null }, "geometry": { "type": "Point", "coordinates": [ -2.948856, 43.260573 ] } },
{ "type": "Feature", "properties": { "id": "498", "recordingID": null, "recordingTime": null, "recordingCategory": null }, "geometry": { "type": "Point", "coordinates": [ -2.928701, 43.255962 ] } },
{ "type": "Feature", "properties": { "id": "499", "recordingID": null, "recordingTime": null, "recordingCategory": null }, "geometry": { "type": "Point", "coordinates": [ -2.949847, 43.260917 ] } },
{ "type": "Feature", "properties": { "id": "2", "recordingID": "84-ZA-683", "recordingTime": "2025-07-31T22:18:24Z", "recordingCategory": "vZm" }, "geometry": { "type": "Point", "coordinates": [ -2.925503, 43.268915 ] } },
{ "type": "Feature", "properties": { "id": "3", "recordingID": "39-IB-2", "recordingTime": "2025-04-18T19:04:18Z", "recordingCategory": "MSf" }, "geometry": { "type": "Point", "coordinates": [ -2.92311, 43.262627 ] } },
{ "type": "Feature", "properties": { "id": "4", "recordingID": "786-CE-7", "recordingTime": "2025-09-14T15:13:38Z", "recordingCategory": "cL7" }, "geometry": { "type": "Point", "coordinates": [ -2.929107, 43.264217 ] } },
{ "type": "Feature", "properties": { "id": "5", "recordingID": "45-K-153", "recordingTime": "2025-05-16T06:56:55Z", "recordingCategory": "DNV" }, "geometry": { "type": "Point", "coordinates": [ -2.951252, 43.274774 ] } },
{ "type": "Feature", "properties": { "id": "6", "recordingID": "19-W-1109", "recordingTime": "2025-02-21T08:21:28Z", "recordingCategory": "HfR" }, "geometry": { "type": "Point", "coordinates": [ -2.956835, 43.269583 ] } },
{ "type": "Feature", "properties": { "id": "7", "recordingID": "80-W-471", "recordingTime": "2025-10-09T03:18:54Z", "recordingCategory": "u5o" }, "geometry": { "type": "Point", "coordinates": [ -2.950156, 43.259022 ] } },
{ "type": "Feature", "properties": { "id": "8", "recordingID": "834-BT-957", "recordingTime": "2025-06-30T02:35:04Z", "recordingCategory": "tjf" }, "geometry": { "type": "Point", "coordinates": [ -2.920511, 43.249854 ] } },
{ "type": "Feature", "properties": { "id": "11", "recordingID": "56-BW-7", "recordingTime": "2025-08-26T19:24:34Z", "recordingCategory": "QaU" }, "geometry": { "type": "Point", "coordinates": [ -2.952609, 43.27308 ] } },
{ "type": "Feature", "properties": { "id": "13", "recordingID": "94-E-11", "recordingTime": "2025-06-04T03:49:56Z", "recordingCategory": "KX4" }, "geometry": { "type": "Point", "coordinates": [ -2.919207, 43.243399 ] } },
{ "type": "Feature", "properties": { "id": "14", "recordingID": "67-AZ-51", "recordingTime": "2025-12-08T12:37:16Z", "recordingCategory": "BFp" }, "geometry": { "type": "Point", "coordinates": [ -2.919669, 43.258519 ] } },
{ "type": "Feature", "properties": { "id": "15", "recordingID": "47-ZK-771", "recordingTime": "2025-02-18T13:56:24Z", "recordingCategory": "1sr" }, "geometry": { "type": "Point", "coordinates": [ -2.941417, 43.249367 ] } },
{ "type": "Feature", "properties": { "id": "16", "recordingID": "612-AK-16", "recordingTime": "2025-08-02T11:43:04Z", "recordingCategory": "8sh" }, "geometry": { "type": "Point", "coordinates": [ -2.936148, 43.260267 ] } },
{ "type": "Feature", "properties": { "id": "19", "recordingID": "61-A-4", "recordingTime": "2025-09-30T05:34:39Z", "recordingCategory": "yPe" }, "geometry": { "type": "Point", "coordinates": [ -2.94073, 43.262859 ] } },
{ "type": "Feature", "properties": { "id": "25", "recordingID": "218-LZ-493", "recordingTime": "2025-10-17T08:28:50Z", "recordingCategory": "8um" }, "geometry": { "type": "Point", "coordinates": [ -2.948354, 43.272785 ] } },
{ "type": "Feature", "properties": { "id": "26", "recordingID": "717-WP-788", "recordingTime": "2025-09-11T05:11:48Z", "recordingCategory": "VhW" }, "geometry": { "type": "Point", "coordinates": [ -2.928158, 43.267139 ] } },
{ "type": "Feature", "properties": { "id": "27", "recordingID": "945-OP-15", "recordingTime": "2025-09-07T14:01:40Z", "recordingCategory": "K96" }, "geometry": { "type": "Point", "coordinates": [ -2.92826, 43.249781 ] } },
{ "type": "Feature", "properties": { "id": "28", "recordingID": "64-AW-554", "recordingTime": "2025-05-03T02:21:52Z", "recordingCategory": "N5g" }, "geometry": { "type": "Point", "coordinates": [ -2.943489, 43.269068 ] } },
{ "type": "Feature", "properties": { "id": "30", "recordingID": "96-AR-2", "recordingTime": "2025-08-21T23:51:12Z", "recordingCategory": "ObZ" }, "geometry": { "type": "Point", "coordinates": [ -2.911225, 43.252476 ] } },
{ "type": "Feature", "properties": { "id": "31", "recordingID": "087-TQ-2889", "recordingTime": "2025-01-25T01:00:55Z", "recordingCategory": "YkS" }, "geometry": { "type": "Point", "coordinates": [ -2.920764, 43.265303 ] } },
{ "type": "Feature", "properties": { "id": "33", "recordingID": "221-ZJ-422", "recordingTime": "2025-06-27T16:21:37Z", "recordingCategory": "yGc" }, "geometry": { "type": "Point", "coordinates": [ -2.925586, 43.267666 ] } },
{ "type": "Feature", "properties": { "id": "34", "recordingID": "24-HX-275", "recordingTime": "2025-09-12T11:12:37Z", "recordingCategory": "1sR" }, "geometry": { "type": "Point", "coordinates": [ -2.915308, 43.262558 ] } },
{ "type": "Feature", "properties": { "id": "36", "recordingID": "411-Z-74", "recordingTime": "2025-01-26T02:41:38Z", "recordingCategory": "HxW" }, "geometry": { "type": "Point", "coordinates": [ -2.935416, 43.26285 ] } },
{ "type": "Feature", "properties": { "id": "38", "recordingID": "52-B-4909", "recordingTime": "2025-05-12T18:01:10Z", "recordingCategory": "M6i" }, "geometry": { "type": "Point", "coordinates": [ -2.917091, 43.263647 ] } },
{ "type": "Feature", "properties": { "id": "41", "recordingID": "588-LX-143", "recordingTime": "2025-07-26T11:42:12Z", "recordingCategory": "pOP" }, "geometry": { "type": "Point", "coordinates": [ -2.907486, 43.248056 ] } },
{ "type": "Feature", "properties": { "id": "44", "recordingID": "41-SY-45", "recordingTime": "2025-04-15T17:19:51Z", "recordingCategory": "lhs" }, "geometry": { "type": "Point", "coordinates": [ -2.963577, 43.282848 ] } },
{ "type": "Feature", "properties": { "id": "45", "recordingID": "62-WS-5047", "recordingTime": "2025-04-24T14:44:42Z", "recordingCategory": "aLT" }, "geometry": { "type": "Point", "coordinates": [ -2.942009, 43.266163 ] } },
{ "type": "Feature", "properties": { "id": "47", "recordingID": "038-KK-371", "recordingTime": "2025-03-01T10:38:07Z", "recordingCategory": "TJd" }, "geometry": { "type": "Point", "coordinates": [ -2.947205, 43.271804 ] } },
{ "type": "Feature", "properties": { "id": "48", "recordingID": "63-I-903", "recordingTime": "2025-06-29T19:55:36Z", "recordingCategory": "tRS" }, "geometry": { "type": "Point", "coordinates": [ -2.907653, 43.248499 ] } },
{ "type": "Feature", "properties": { "id": "49", "recordingID": "13-GK-229", "recordingTime": "2025-02-19T17:04:46Z", "recordingCategory": "Vyj" }, "geometry": { "type": "Point", "coordinates": [ -2.950149, 43.261629 ] } },
{ "type": "Feature", "properties": { "id": "50", "recordingID": "04-FI-9", "recordingTime": "2025-08-15T02:19:08Z", "recordingCategory": "Foh" }, "geometry": { "type": "Point", "coordinates": [ -2.920098, 43.257302 ] } },
{ "type": "Feature", "properties": { "id": "52", "recordingID": "06-R-031", "recordingTime": "2025-03-19T21:34:29Z", "recordingCategory": "uZH" }, "geometry": { "type": "Point", "coordinates": [ -2.960595, 43.274121 ] } },
{ "type": "Feature", "properties": { "id": "53", "recordingID": "49-DK-472", "recordingTime": "2025-06-22T14:39:57Z", "recordingCategory": "obH" }, "geometry": { "type": "Point", "coordinates": [ -2.952115, 43.275309 ] } },
{ "type": "Feature", "properties": { "id": "56", "recordingID": "33-SY-390", "recordingTime": "2025-11-25T16:44:38Z", "recordingCategory": "HTg" }, "geometry": { "type": "Point", "coordinates": [ -2.951422, 43.268005 ] } },
{ "type": "Feature", "properties": { "id": "60", "recordingID": "96-T-771", "recordingTime": "2025-03-24T00:50:06Z", "recordingCategory": "VrE" }, "geometry": { "type": "Point", "coordinates": [ -2.913662, 43.253039 ] } },
{ "type": "Feature", "properties": { "id": "61", "recordingID": "42-S-282", "recordingTime": "2025-08-27T14:46:16Z", "recordingCategory": "eJB" }, "geometry": { "type": "Point", "coordinates": [ -2.961554, 43.279304 ] } },
{ "type": "Feature", "properties": { "id": "62", "recordingID": "14-MV-350", "recordingTime": "2025-06-04T19:43:47Z", "recordingCategory": "YlF" }, "geometry": { "type": "Point", "coordinates": [ -2.931, 43.26652 ] } },
{ "type": "Feature", "properties": { "id": "63", "recordingID": "46-X-067", "recordingTime": "2025-12-08T21:43:39Z", "recordingCategory": "DeY" }, "geometry": { "type": "Point", "coordinates": [ -2.923243, 43.259793 ] } },
{ "type": "Feature", "properties": { "id": "64", "recordingID": "589-II-4120", "recordingTime": "2025-06-25T05:12:16Z", "recordingCategory": "Wkd" }, "geometry": { "type": "Point", "coordinates": [ -2.956269, 43.269486 ] } },
{ "type": "Feature", "properties": { "id": "65", "recordingID": "027-TV-24", "recordingTime": "2025-01-12T02:12:06Z", "recordingCategory": "dyG" }, "geometry": { "type": "Point", "coordinates": [ -2.924864, 43.257098 ] } },
{ "type": "Feature", "properties": { "id": "66", "recordingID": "43-E-4725", "recordingTime": "2025-07-12T11:35:40Z", "recordingCategory": "oWu" }, "geometry": { "type": "Point", "coordinates": [ -2.917995, 43.245423 ] } },
{ "type": "Feature", "properties": { "id": "67", "recordingID": "32-Z-4", "recordingTime": "2025-12-26T06:51:39Z", "recordingCategory": "ZoW" }, "geometry": { "type": "Point", "coordinates": [ -2.957238, 43.272011 ] } },
{ "type": "Feature", "properties": { "id": "69", "recordingID": "04-L-6012", "recordingTime": "2025-10-23T07:26:03Z", "recordingCategory": "tgd" }, "geometry": { "type": "Point", "coordinates": [ -2.959775, 43.275415 ] } },
{ "type": "Feature", "properties": { "id": "70", "recordingID": "898-Q-4292", "recordingTime": "2025-11-15T09:29:28Z", "recordingCategory": "MPY" }, "geometry": { "type": "Point", "coordinates": [ -2.925601, 43.265434 ] } },
{ "type": "Feature", "properties": { "id": "72", "recordingID": "41-DX-12", "recordingTime": "2025-10-26T02:49:52Z", "recordingCategory": "i4f" }, "geometry": { "type": "Point", "coordinates": [ -2.936995, 43.2695 ] } },
{ "type": "Feature", "properties": { "id": "77", "recordingID": "403-IY-899", "recordingTime": "2025-05-22T22:59:35Z", "recordingCategory": "A8V" }, "geometry": { "type": "Point", "coordinates": [ -2.94176, 43.252113 ] } },
{ "type": "Feature", "properties": { "id": "80", "recordingID": "774-B-5", "recordingTime": "2025-10-01T04:25:41Z", "recordingCategory": "OjQ" }, "geometry": { "type": "Point", "coordinates": [ -2.912788, 43.260333 ] } },
{ "type": "Feature", "properties": { "id": "81", "recordingID": "19-MM-3407", "recordingTime": "2025-10-11T20:50:39Z", "recordingCategory": "VQX" }, "geometry": { "type": "Point", "coordinates": [ -2.9175, 43.266367 ] } },
{ "type": "Feature", "properties": { "id": "82", "recordingID": "02-N-1321", "recordingTime": "2025-11-04T00:58:22Z", "recordingCategory": "bvo" }, "geometry": { "type": "Point", "coordinates": [ -2.918992, 43.252257 ] } },
{ "type": "Feature", "properties": { "id": "83", "recordingID": "669-AA-5", "recordingTime": "2025-05-07T02:39:52Z", "recordingCategory": "ynt" }, "geometry": { "type": "Point", "coordinates": [ -2.929005, 43.262918 ] } },
{ "type": "Feature", "properties": { "id": "86", "recordingID": "91-QN-18", "recordingTime": "2025-11-01T13:15:30Z", "recordingCategory": "tVp" }, "geometry": { "type": "Point", "coordinates": [ -2.940807, 43.260591 ] } },
{ "type": "Feature", "properties": { "id": "90", "recordingID": "38-OF-5", "recordingTime": "2025-02-12T22:10:52Z", "recordingCategory": "Kgz" }, "geometry": { "type": "Point", "coordinates": [ -2.931755, 43.26663 ] } },
{ "type": "Feature", "properties": { "id": "91", "recordingID": "144-KQ-5", "recordingTime": "2025-03-30T05:42:58Z", "recordingCategory": "oYo" }, "geometry": { "type": "Point", "coordinates": [ -2.919497, 43.264539 ] } },
{ "type": "Feature", "properties": { "id": "95", "recordingID": "45-S-8", "recordingTime": "2025-02-14T09:04:57Z", "recordingCategory": "3Y5" }, "geometry": { "type": "Point", "coordinates": [ -2.932783, 43.250645 ] } },
{ "type": "Feature", "properties": { "id": "96", "recordingID": "818-QI-060", "recordingTime": "2025-03-21T13:17:32Z", "recordingCategory": "l62" }, "geometry": { "type": "Point", "coordinates": [ -2.919626, 43.248008 ] } },
{ "type": "Feature", "properties": { "id": "101", "recordingID": "322-FZ-9814", "recordingTime": "2025-01-17T17:00:48Z", "recordingCategory": "x5z" }, "geometry": { "type": "Point", "coordinates": [ -2.943228, 43.254186 ] } },
{ "type": "Feature", "properties": { "id": "103", "recordingID": "375-VM-984", "recordingTime": "2025-11-24T05:20:19Z", "recordingCategory": "rVl" }, "geometry": { "type": "Point", "coordinates": [ -2.942381, 43.254701 ] } },
{ "type": "Feature", "properties": { "id": "104", "recordingID": "714-H-86", "recordingTime": "2025-03-28T15:09:18Z", "recordingCategory": "O4h" }, "geometry": { "type": "Point", "coordinates": [ -2.93006, 43.25273 ] } },
{ "type": "Feature", "properties": { "id": "105", "recordingID": "21-S-6223", "recordingTime": "2025-12-14T07:09:18Z", "recordingCategory": "2sg" }, "geometry": { "type": "Point", "coordinates": [ -2.952508, 43.265297 ] } },
{ "type": "Feature", "properties": { "id": "106", "recordingID": "83-T-7", "recordingTime": "2025-07-26T21:46:11Z", "recordingCategory": "zGg" }, "geometry": { "type": "Point", "coordinates": [ -2.924039, 43.255581 ] } },
{ "type": "Feature", "properties": { "id": "107", "recordingID": "889-UO-4288", "recordingTime": "2025-03-12T02:40:21Z", "recordingCategory": "f4H" }, "geometry": { "type": "Point", "coordinates": [ -2.965125, 43.281649 ] } },
{ "type": "Feature", "properties": { "id": "109", "recordingID": "770-Q-3", "recordingTime": "2025-08-28T12:35:11Z", "recordingCategory": "O9z" }, "geometry": { "type": "Point", "coordinates": [ -2.950874, 43.272125 ] } },
{ "type": "Feature", "properties": { "id": "113", "recordingID": "86-WN-0", "recordingTime": "2025-09-07T09:58:39Z", "recordingCategory": "BAM" }, "geometry": { "type": "Point", "coordinates": [ -2.916411, 43.254993 ] } },
{ "type": "Feature", "properties": { "id": "115", "recordingID": "47-PW-2456", "recordingTime": "2025-02-14T18:09:15Z", "recordingCategory": "Mx6" }, "geometry": { "type": "Point", "coordinates": [ -2.920579, 43.267048 ] } },
{ "type": "Feature", "properties": { "id": "116", "recordingID": "266-W-275", "recordingTime": "2025-08-30T17:54:47Z", "recordingCategory": "wTk" }, "geometry": { "type": "Point", "coordinates": [ -2.946978, 43.260863 ] } },
{ "type": "Feature", "properties": { "id": "117", "recordingID": "91-AB-9", "recordingTime": "2025-08-25T15:11:22Z", "recordingCategory": "Roy" }, "geometry": { "type": "Point", "coordinates": [ -2.936541, 43.270124 ] } },
{ "type": "Feature", "properties": { "id": "119", "recordingID": "558-WO-0", "recordingTime": "2025-07-06T01:08:42Z", "recordingCategory": "BK8" }, "geometry": { "type": "Point", "coordinates": [ -2.945498, 43.26961 ] } },
{ "type": "Feature", "properties": { "id": "120", "recordingID": "52-J-901", "recordingTime": "2025-08-18T05:01:23Z", "recordingCategory": "47d" }, "geometry": { "type": "Point", "coordinates": [ -2.924219, 43.257733 ] } },
{ "type": "Feature", "properties": { "id": "122", "recordingID": "659-UV-7", "recordingTime": "2025-05-29T21:16:07Z", "recordingCategory": "G0I" }, "geometry": { "type": "Point", "coordinates": [ -2.958917, 43.275025 ] } },
{ "type": "Feature", "properties": { "id": "123", "recordingID": "638-F-24", "recordingTime": "2025-05-09T06:28:36Z", "recordingCategory": "7vc" }, "geometry": { "type": "Point", "coordinates": [ -2.947651, 43.269786 ] } },
{ "type": "Feature", "properties": { "id": "124", "recordingID": "88-M-6", "recordingTime": "2025-05-21T17:47:46Z", "recordingCategory": "ehW" }, "geometry": { "type": "Point", "coordinates": [ -2.928313, 43.248633 ] } },
{ "type": "Feature", "properties": { "id": "125", "recordingID": "53-ZQ-8271", "recordingTime": "2025-03-12T05:56:13Z", "recordingCategory": "TAR" }, "geometry": { "type": "Point", "coordinates": [ -2.955293, 43.263327 ] } },
{ "type": "Feature", "properties": { "id": "126", "recordingID": "599-S-2144", "recordingTime": "2025-04-10T14:00:10Z", "recordingCategory": "KvI" }, "geometry": { "type": "Point", "coordinates": [ -2.939673, 43.270055 ] } },
{ "type": "Feature", "properties": { "id": "127", "recordingID": "552-WJ-88", "recordingTime": "2025-05-19T18:10:01Z", "recordingCategory": "F24" }, "geometry": { "type": "Point", "coordinates": [ -2.945727, 43.266479 ] } },
{ "type": "Feature", "properties": { "id": "129", "recordingID": "225-IW-169", "recordingTime": "2025-06-08T00:45:56Z", "recordingCategory": "G6H" }, "geometry": { "type": "Point", "coordinates": [ -2.922066, 43.257378 ] } },
{ "type": "Feature", "properties": { "id": "130", "recordingID": "552-XC-24", "recordingTime": "2025-06-22T01:34:56Z", "recordingCategory": "N6y" }, "geometry": { "type": "Point", "coordinates": [ -2.935268, 43.251738 ] } },
{ "type": "Feature", "properties": { "id": "131", "recordingID": "563-F-619", "recordingTime": "2025-08-25T09:07:36Z", "recordingCategory": "uLE" }, "geometry": { "type": "Point", "coordinates": [ -2.924545, 43.269933 ] } },
{ "type": "Feature", "properties": { "id": "132", "recordingID": "755-I-5175", "recordingTime": "2025-08-22T12:05:41Z", "recordingCategory": "tOK" }, "geometry": { "type": "Point", "coordinates": [ -2.910485, 43.250865 ] } },
{ "type": "Feature", "properties": { "id": "133", "recordingID": "27-K-22", "recordingTime": "2025-01-08T16:59:27Z", "recordingCategory": "z4b" }, "geometry": { "type": "Point", "coordinates": [ -2.923617, 43.253135 ] } },
{ "type": "Feature", "properties": { "id": "137", "recordingID": "91-A-9", "recordingTime": "2025-11-12T17:42:58Z", "recordingCategory": "75s" }, "geometry": { "type": "Point", "coordinates": [ -2.948733, 43.25866 ] } },
{ "type": "Feature", "properties": { "id": "139", "recordingID": "75-Q-72", "recordingTime": "2025-08-26T18:29:29Z", "recordingCategory": "gJ7" }, "geometry": { "type": "Point", "coordinates": [ -2.940554, 43.26868 ] } },
{ "type": "Feature", "properties": { "id": "141", "recordingID": "748-XK-175", "recordingTime": "2025-04-08T21:43:31Z", "recordingCategory": "LM5" }, "geometry": { "type": "Point", "coordinates": [ -2.964256, 43.280439 ] } },
{ "type": "Feature", "properties": { "id": "143", "recordingID": "63-X-08", "recordingTime": "2025-06-09T11:01:48Z", "recordingCategory": "uRx" }, "geometry": { "type": "Point", "coordinates": [ -2.945626, 43.25496 ] } },
{ "type": "Feature", "properties": { "id": "144", "recordingID": "383-WH-65", "recordingTime": "2025-01-23T11:57:39Z", "recordingCategory": "K3s" }, "geometry": { "type": "Point", "coordinates": [ -2.938452, 43.247852 ] } },
{ "type": "Feature", "properties": { "id": "146", "recordingID": "43-MT-54", "recordingTime": "2025-10-12T23:55:04Z", "recordingCategory": "mBY" }, "geometry": { "type": "Point", "coordinates": [ -2.936194, 43.261101 ] } },
{ "type": "Feature", "properties": { "id": "147", "recordingID": "729-B-02", "recordingTime": "2025-01-22T20:36:44Z", "recordingCategory": "LbB" }, "geometry": { "type": "Point", "coordinates": [ -2.935772, 43.249192 ] } },
{ "type": "Feature", "properties": { "id": "148", "recordingID": "73-T-934", "recordingTime": "2025-05-13T22:44:04Z", "recordingCategory": "ugu" }, "geometry": { "type": "Point", "coordinates": [ -2.927058, 43.260838 ] } },
{ "type": "Feature", "properties": { "id": "149", "recordingID": "981-U-7", "recordingTime": "2025-03-22T21:45:07Z", "recordingCategory": "Eyi" }, "geometry": { "type": "Point", "coordinates": [ -2.944101, 43.253738 ] } },
{ "type": "Feature", "properties": { "id": "150", "recordingID": "758-MR-218", "recordingTime": "2025-05-03T06:08:57Z", "recordingCategory": "QHl" }, "geometry": { "type": "Point", "coordinates": [ -2.95347, 43.275635 ] } },
{ "type": "Feature", "properties": { "id": "153", "recordingID": "58-QJ-9155", "recordingTime": "2025-12-22T04:04:06Z", "recordingCategory": "dek" }, "geometry": { "type": "Point", "coordinates": [ -2.930101, 43.242447 ] } },
{ "type": "Feature", "properties": { "id": "154", "recordingID": "553-HA-95", "recordingTime": "2025-08-12T10:08:29Z", "recordingCategory": "I0E" }, "geometry": { "type": "Point", "coordinates": [ -2.935652, 43.257918 ] } },
{ "type": "Feature", "properties": { "id": "155", "recordingID": "426-PN-65", "recordingTime": "2025-06-17T01:17:40Z", "recordingCategory": "I0r" }, "geometry": { "type": "Point", "coordinates": [ -2.935191, 43.263235 ] } },
{ "type": "Feature", "properties": { "id": "160", "recordingID": "58-U-73", "recordingTime": "2025-01-21T20:15:55Z", "recordingCategory": "5vH" }, "geometry": { "type": "Point", "coordinates": [ -2.959072, 43.268337 ] } },
{ "type": "Feature", "properties": { "id": "161", "recordingID": "49-A-2", "recordingTime": "2025-04-15T22:17:21Z", "recordingCategory": "6R8" }, "geometry": { "type": "Point", "coordinates": [ -2.916398, 43.262799 ] } },
{ "type": "Feature", "properties": { "id": "162", "recordingID": "23-GL-5403", "recordingTime": "2025-08-30T15:46:20Z", "recordingCategory": "ql3" }, "geometry": { "type": "Point", "coordinates": [ -2.935966, 43.257388 ] } },
{ "type": "Feature", "properties": { "id": "163", "recordingID": "51-IH-42", "recordingTime": "2025-11-06T04:38:59Z", "recordingCategory": "vDp" }, "geometry": { "type": "Point", "coordinates": [ -2.923898, 43.268108 ] } },
{ "type": "Feature", "properties": { "id": "167", "recordingID": "509-H-8", "recordingTime": "2025-11-05T17:17:02Z", "recordingCategory": "RfN" }, "geometry": { "type": "Point", "coordinates": [ -2.961554, 43.277817 ] } },
{ "type": "Feature", "properties": { "id": "168", "recordingID": "697-Z-99", "recordingTime": "2025-10-25T01:01:35Z", "recordingCategory": "k9K" }, "geometry": { "type": "Point", "coordinates": [ -2.934855, 43.262833 ] } },
{ "type": "Feature", "properties": { "id": "175", "recordingID": "482-CY-456", "recordingTime": "2025-12-28T08:40:57Z", "recordingCategory": "giA" }, "geometry": { "type": "Point", "coordinates": [ -2.924199, 43.257467 ] } },
{ "type": "Feature", "properties": { "id": "176", "recordingID": "776-NS-4", "recordingTime": "2025-05-11T10:57:29Z", "recordingCategory": "O6C" }, "geometry": { "type": "Point", "coordinates": [ -2.913388, 43.252966 ] } },
{ "type": "Feature", "properties": { "id": "178", "recordingID": "74-CX-9099", "recordingTime": "2025-07-03T18:46:10Z", "recordingCategory": "wEK" }, "geometry": { "type": "Point", "coordinates": [ -2.921218, 43.247057 ] } },
{ "type": "Feature", "properties": { "id": "183", "recordingID": "24-EM-8187", "recordingTime": "2025-04-01T23:01:27Z", "recordingCategory": "pE3" }, "geometry": { "type": "Point", "coordinates": [ -2.916631, 43.263346 ] } },
{ "type": "Feature", "properties": { "id": "184", "recordingID": "853-W-35", "recordingTime": "2025-05-08T22:35:50Z", "recordingCategory": "lul" }, "geometry": { "type": "Point", "coordinates": [ -2.925859, 43.269043 ] } },
{ "type": "Feature", "properties": { "id": "186", "recordingID": "64-R-7339", "recordingTime": "2025-05-09T04:31:19Z", "recordingCategory": "uFC" }, "geometry": { "type": "Point", "coordinates": [ -2.908795, 43.253457 ] } },
{ "type": "Feature", "properties": { "id": "187", "recordingID": "103-I-6249", "recordingTime": "2025-06-18T00:27:09Z", "recordingCategory": "o8y" }, "geometry": { "type": "Point", "coordinates": [ -2.93813, 43.248167 ] } },
{ "type": "Feature", "properties": { "id": "188", "recordingID": "093-LB-026", "recordingTime": "2025-04-18T21:42:58Z", "recordingCategory": "aSV" }, "geometry": { "type": "Point", "coordinates": [ -2.920764, 43.254514 ] } },
{ "type": "Feature", "properties": { "id": "190", "recordingID": "54-VU-118", "recordingTime": "2025-05-08T10:39:46Z", "recordingCategory": "Zh3" }, "geometry": { "type": "Point", "coordinates": [ -2.962063, 43.275325 ] } },
{ "type": "Feature", "properties": { "id": "191", "recordingID": "77-O-4", "recordingTime": "2025-12-26T20:44:08Z", "recordingCategory": "WEz" }, "geometry": { "type": "Point", "coordinates": [ -2.94119, 43.269688 ] } },
{ "type": "Feature", "properties": { "id": "192", "recordingID": "592-OE-053", "recordingTime": "2025-05-17T20:55:49Z", "recordingCategory": "8oT" }, "geometry": { "type": "Point", "coordinates": [ -2.910482, 43.249012 ] } },
{ "type": "Feature", "properties": { "id": "194", "recordingID": "45-AI-7", "recordingTime": "2025-12-27T14:08:51Z", "recordingCategory": "5CR" }, "geometry": { "type": "Point", "coordinates": [ -2.941853, 43.266557 ] } },
{ "type": "Feature", "properties": { "id": "197", "recordingID": "016-NS-415", "recordingTime": "2025-11-02T01:27:21Z", "recordingCategory": "aeD" }, "geometry": { "type": "Point", "coordinates": [ -2.961425, 43.278653 ] } },
{ "type": "Feature", "properties": { "id": "199", "recordingID": "155-OB-6513", "recordingTime": "2025-01-16T01:45:11Z", "recordingCategory": "cMC" }, "geometry": { "type": "Point", "coordinates": [ -2.929063, 43.25404 ] } },
{ "type": "Feature", "properties": { "id": "201", "recordingID": "726-FZ-7859", "recordingTime": "2025-11-08T04:14:21Z", "recordingCategory": "bwn" }, "geometry": { "type": "Point", "coordinates": [ -2.923705, 43.26576 ] } },
{ "type": "Feature", "properties": { "id": "203", "recordingID": "26-U-512", "recordingTime": "2025-05-13T12:20:45Z", "recordingCategory": "9Sb" }, "geometry": { "type": "Point", "coordinates": [ -2.918456, 43.250055 ] } },
{ "type": "Feature", "properties": { "id": "206", "recordingID": "191-WG-2097", "recordingTime": "2025-04-18T23:10:21Z", "recordingCategory": "5XY" }, "geometry": { "type": "Point", "coordinates": [ -2.945117, 43.259722 ] } },
{ "type": "Feature", "properties": { "id": "207", "recordingID": "55-G-65", "recordingTime": "2025-12-26T22:25:18Z", "recordingCategory": "hgC" }, "geometry": { "type": "Point", "coordinates": [ -2.952931, 43.25985 ] } },
{ "type": "Feature", "properties": { "id": "208", "recordingID": "14-R-531", "recordingTime": "2025-11-16T08:37:37Z", "recordingCategory": "1JP" }, "geometry": { "type": "Point", "coordinates": [ -2.954209, 43.269605 ] } },
{ "type": "Feature", "properties": { "id": "210", "recordingID": "37-X-9", "recordingTime": "2025-03-03T19:50:33Z", "recordingCategory": "W46" }, "geometry": { "type": "Point", "coordinates": [ -2.921581, 43.258027 ] } },
{ "type": "Feature", "properties": { "id": "212", "recordingID": "04-M-45", "recordingTime": "2025-04-11T13:37:27Z", "recordingCategory": "ef2" }, "geometry": { "type": "Point", "coordinates": [ -2.907268, 43.248213 ] } },
{ "type": "Feature", "properties": { "id": "213", "recordingID": "79-A-6607", "recordingTime": "2025-06-19T22:03:24Z", "recordingCategory": "7PF" }, "geometry": { "type": "Point", "coordinates": [ -2.912871, 43.254076 ] } },
{ "type": "Feature", "properties": { "id": "214", "recordingID": "901-T-6", "recordingTime": "2025-05-19T14:07:58Z", "recordingCategory": "FoC" }, "geometry": { "type": "Point", "coordinates": [ -2.912551, 43.259813 ] } },
{ "type": "Feature", "properties": { "id": "215", "recordingID": "49-GF-007", "recordingTime": "2025-05-04T11:16:25Z", "recordingCategory": "MJF" }, "geometry": { "type": "Point", "coordinates": [ -2.915863, 43.249761 ] } },
{ "type": "Feature", "properties": { "id": "216", "recordingID": "168-BN-143", "recordingTime": "2025-07-16T07:09:07Z", "recordingCategory": "bW5" }, "geometry": { "type": "Point", "coordinates": [ -2.916591, 43.260613 ] } },
{ "type": "Feature", "properties": { "id": "217", "recordingID": "84-DA-983", "recordingTime": "2025-11-07T12:40:40Z", "recordingCategory": "a60" }, "geometry": { "type": "Point", "coordinates": [ -2.955317, 43.262236 ] } },
{ "type": "Feature", "properties": { "id": "218", "recordingID": "37-K-7517", "recordingTime": "2025-11-14T10:14:21Z", "recordingCategory": "DTb" }, "geometry": { "type": "Point", "coordinates": [ -2.91861, 43.254358 ] } },
{ "type": "Feature", "properties": { "id": "223", "recordingID": "202-FH-47", "recordingTime": "2025-12-24T01:27:06Z", "recordingCategory": "HwQ" }, "geometry": { "type": "Point", "coordinates": [ -2.949084, 43.266071 ] } },
{ "type": "Feature", "properties": { "id": "224", "recordingID": "17-GS-088", "recordingTime": "2025-08-18T14:28:17Z", "recordingCategory": "bmt" }, "geometry": { "type": "Point", "coordinates": [ -2.933119, 43.265689 ] } },
{ "type": "Feature", "properties": { "id": "226", "recordingID": "97-X-175", "recordingTime": "2025-03-05T22:45:28Z", "recordingCategory": "Z79" }, "geometry": { "type": "Point", "coordinates": [ -2.927894, 43.252815 ] } },
{ "type": "Feature", "properties": { "id": "228", "recordingID": "577-R-941", "recordingTime": "2025-06-20T21:34:12Z", "recordingCategory": "xdu" }, "geometry": { "type": "Point", "coordinates": [ -2.929545, 43.260086 ] } },
{ "type": "Feature", "properties": { "id": "230", "recordingID": "336-G-048", "recordingTime": "2025-10-23T03:08:51Z", "recordingCategory": "IEK" }, "geometry": { "type": "Point", "coordinates": [ -2.93928, 43.250801 ] } },
{ "type": "Feature", "properties": { "id": "231", "recordingID": "24-X-775", "recordingTime": "2025-05-26T00:33:41Z", "recordingCategory": "j6X" }, "geometry": { "type": "Point", "coordinates": [ -2.953525, 43.270944 ] } },
{ "type": "Feature", "properties": { "id": "232", "recordingID": "889-G-20", "recordingTime": "2025-07-13T02:32:29Z", "recordingCategory": "V43" }, "geometry": { "type": "Point", "coordinates": [ -2.927007, 43.254622 ] } },
{ "type": "Feature", "properties": { "id": "234", "recordingID": "719-BX-95", "recordingTime": "2025-03-13T15:22:22Z", "recordingCategory": "MEz" }, "geometry": { "type": "Point", "coordinates": [ -2.925246, 43.256114 ] } },
{ "type": "Feature", "properties": { "id": "237", "recordingID": "91-IX-6225", "recordingTime": "2025-07-31T23:35:13Z", "recordingCategory": "dOh" }, "geometry": { "type": "Point", "coordinates": [ -2.91627, 43.26773 ] } },
{ "type": "Feature", "properties": { "id": "238", "recordingID": "347-TG-90", "recordingTime": "2025-07-30T08:38:53Z", "recordingCategory": "AKT" }, "geometry": { "type": "Point", "coordinates": [ -2.919966, 43.256363 ] } },
{ "type": "Feature", "properties": { "id": "239", "recordingID": "49-Z-932", "recordingTime": "2025-11-16T12:17:20Z", "recordingCategory": "hBA" }, "geometry": { "type": "Point", "coordinates": [ -2.957782, 43.272627 ] } },
{ "type": "Feature", "properties": { "id": "241", "recordingID": "46-NF-7", "recordingTime": "2025-07-26T21:13:38Z", "recordingCategory": "BVE" }, "geometry": { "type": "Point", "coordinates": [ -2.916187, 43.254142 ] } },
{ "type": "Feature", "properties": { "id": "242", "recordingID": "039-KK-88", "recordingTime": "2025-04-05T00:32:41Z", "recordingCategory": "xpH" }, "geometry": { "type": "Point", "coordinates": [ -2.951762, 43.258116 ] } },
{ "type": "Feature", "properties": { "id": "243", "recordingID": "60-CM-9", "recordingTime": "2025-04-26T06:21:07Z", "recordingCategory": "Ynu" }, "geometry": { "type": "Point", "coordinates": [ -2.959946, 43.275425 ] } },
{ "type": "Feature", "properties": { "id": "244", "recordingID": "51-PX-0", "recordingTime": "2025-09-27T00:24:30Z", "recordingCategory": "5kt" }, "geometry": { "type": "Point", "coordinates": [ -2.947493, 43.259921 ] } },
{ "type": "Feature", "properties": { "id": "245", "recordingID": "45-JV-2", "recordingTime": "2025-10-04T13:16:18Z", "recordingCategory": "7Jm" }, "geometry": { "type": "Point", "coordinates": [ -2.955764, 43.276315 ] } },
{ "type": "Feature", "properties": { "id": "247", "recordingID": "63-A-8", "recordingTime": "2025-02-06T12:39:38Z", "recordingCategory": "lwL" }, "geometry": { "type": "Point", "coordinates": [ -2.932377, 43.246839 ] } },
{ "type": "Feature", "properties": { "id": "250", "recordingID": "504-ER-2842", "recordingTime": "2025-12-31T18:36:48Z", "recordingCategory": "tK1" }, "geometry": { "type": "Point", "coordinates": [ -2.962076, 43.27408 ] } },
{ "type": "Feature", "properties": { "id": "251", "recordingID": "436-P-8", "recordingTime": "2025-04-13T02:24:40Z", "recordingCategory": "i0d" }, "geometry": { "type": "Point", "coordinates": [ -2.945997, 43.271829 ] } },
{ "type": "Feature", "properties": { "id": "256", "recordingID": "12-K-3277", "recordingTime": "2025-11-06T17:08:30Z", "recordingCategory": "Lpw" }, "geometry": { "type": "Point", "coordinates": [ -2.919031, 43.26363 ] } },
{ "type": "Feature", "properties": { "id": "257", "recordingID": "862-W-580", "recordingTime": "2025-04-15T18:57:35Z", "recordingCategory": "iK5" }, "geometry": { "type": "Point", "coordinates": [ -2.934203, 43.253335 ] } },
{ "type": "Feature", "properties": { "id": "258", "recordingID": "33-T-0488", "recordingTime": "2025-07-02T11:58:33Z", "recordingCategory": "70w" }, "geometry": { "type": "Point", "coordinates": [ -2.960441, 43.277976 ] } },
{ "type": "Feature", "properties": { "id": "259", "recordingID": "36-JY-44", "recordingTime": "2025-08-30T23:11:13Z", "recordingCategory": "04c" }, "geometry": { "type": "Point", "coordinates": [ -2.909396, 43.254029 ] } },
{ "type": "Feature", "properties": { "id": "260", "recordingID": "855-JT-6308", "recordingTime": "2025-09-06T15:46:50Z", "recordingCategory": "WNL" }, "geometry": { "type": "Point", "coordinates": [ -2.94478, 43.260611 ] } },
{ "type": "Feature", "properties": { "id": "262", "recordingID": "04-CA-9521", "recordingTime": "2025-12-02T13:31:53Z", "recordingCategory": "dqN" }, "geometry": { "type": "Point", "coordinates": [ -2.923225, 43.26491 ] } },
{ "type": "Feature", "properties": { "id": "263", "recordingID": "48-Q-92", "recordingTime": "2025-03-31T02:54:25Z", "recordingCategory": "9Nk" }, "geometry": { "type": "Point", "coordinates": [ -2.950075, 43.25591 ] } },
{ "type": "Feature", "properties": { "id": "264", "recordingID": "092-Y-76", "recordingTime": "2025-06-07T01:06:26Z", "recordingCategory": "Q3U" }, "geometry": { "type": "Point", "coordinates": [ -2.919959, 43.246936 ] } },
{ "type": "Feature", "properties": { "id": "265", "recordingID": "824-Y-9", "recordingTime": "2025-11-14T05:17:31Z", "recordingCategory": "LpT" }, "geometry": { "type": "Point", "coordinates": [ -2.957116, 43.27142 ] } },
{ "type": "Feature", "properties": { "id": "267", "recordingID": "541-Q-3030", "recordingTime": "2025-07-05T13:39:48Z", "recordingCategory": "M8b" }, "geometry": { "type": "Point", "coordinates": [ -2.938047, 43.256576 ] } },
{ "type": "Feature", "properties": { "id": "268", "recordingID": "82-Y-228", "recordingTime": "2025-08-15T02:18:19Z", "recordingCategory": "P62" }, "geometry": { "type": "Point", "coordinates": [ -2.917525, 43.266444 ] } },
{ "type": "Feature", "properties": { "id": "269", "recordingID": "841-PE-93", "recordingTime": "2025-07-20T02:11:03Z", "recordingCategory": "IdB" }, "geometry": { "type": "Point", "coordinates": [ -2.940648, 43.25188 ] } },
{ "type": "Feature", "properties": { "id": "270", "recordingID": "62-L-544", "recordingTime": "2025-11-26T15:06:51Z", "recordingCategory": "AzR" }, "geometry": { "type": "Point", "coordinates": [ -2.920294, 43.268816 ] } },
{ "type": "Feature", "properties": { "id": "271", "recordingID": "721-A-1", "recordingTime": "2025-04-29T08:51:17Z", "recordingCategory": "RE3" }, "geometry": { "type": "Point", "coordinates": [ -2.909752, 43.250568 ] } },
{ "type": "Feature", "properties": { "id": "272", "recordingID": "218-D-166", "recordingTime": "2025-10-31T18:39:15Z", "recordingCategory": "VIx" }, "geometry": { "type": "Point", "coordinates": [ -2.917717, 43.261198 ] } },
{ "type": "Feature", "properties": { "id": "273", "recordingID": "267-E-2", "recordingTime": "2025-11-02T11:37:27Z", "recordingCategory": "WvI" }, "geometry": { "type": "Point", "coordinates": [ -2.948758, 43.261881 ] } },
{ "type": "Feature", "properties": { "id": "275", "recordingID": "06-L-67", "recordingTime": "2025-11-24T07:30:32Z", "recordingCategory": "QlO" }, "geometry": { "type": "Point", "coordinates": [ -2.952662, 43.268207 ] } },
{ "type": "Feature", "properties": { "id": "276", "recordingID": "778-F-208", "recordingTime": "2025-02-04T00:40:33Z", "recordingCategory": "GTx" }, "geometry": { "type": "Point", "coordinates": [ -2.93002, 43.25258 ] } },
{ "type": "Feature", "properties": { "id": "278", "recordingID": "39-FH-206", "recordingTime": "2025-12-22T11:46:49Z", "recordingCategory": "Vmt" }, "geometry": { "type": "Point", "coordinates": [ -2.927866, 43.258532 ] } },
{ "type": "Feature", "properties": { "id": "280", "recordingID": "881-V-084", "recordingTime": "2025-05-10T15:31:26Z", "recordingCategory": "0dx" }, "geometry": { "type": "Point", "coordinates": [ -2.959108, 43.279011 ] } },
{ "type": "Feature", "properties": { "id": "281", "recordingID": "06-D-888", "recordingTime": "2025-03-17T11:36:59Z", "recordingCategory": "hyk" }, "geometry": { "type": "Point", "coordinates": [ -2.913991, 43.25803 ] } },
{ "type": "Feature", "properties": { "id": "282", "recordingID": "362-FC-2", "recordingTime": "2025-12-16T10:45:22Z", "recordingCategory": "Srq" }, "geometry": { "type": "Point", "coordinates": [ -2.950732, 43.26858 ] } },
{ "type": "Feature", "properties": { "id": "283", "recordingID": "985-RZ-5", "recordingTime": "2025-09-17T14:00:44Z", "recordingCategory": "hMV" }, "geometry": { "type": "Point", "coordinates": [ -2.929095, 43.24657 ] } },
{ "type": "Feature", "properties": { "id": "284", "recordingID": "72-WG-98", "recordingTime": "2025-12-18T15:20:53Z", "recordingCategory": "rR8" }, "geometry": { "type": "Point", "coordinates": [ -2.915212, 43.256656 ] } },
{ "type": "Feature", "properties": { "id": "286", "recordingID": "42-I-7118", "recordingTime": "2025-10-31T19:21:05Z", "recordingCategory": "Aff" }, "geometry": { "type": "Point", "coordinates": [ -2.917938, 43.262796 ] } },
{ "type": "Feature", "properties": { "id": "288", "recordingID": "754-P-516", "recordingTime": "2025-04-27T15:12:47Z", "recordingCategory": "exx" }, "geometry": { "type": "Point", "coordinates": [ -2.93071, 43.248804 ] } },
{ "type": "Feature", "properties": { "id": "289", "recordingID": "17-K-27", "recordingTime": "2025-07-11T18:36:51Z", "recordingCategory": "arj" }, "geometry": { "type": "Point", "coordinates": [ -2.948749, 43.261536 ] } },
{ "type": "Feature", "properties": { "id": "292", "recordingID": "28-H-4", "recordingTime": "2025-01-29T01:09:31Z", "recordingCategory": "e2R" }, "geometry": { "type": "Point", "coordinates": [ -2.909522, 43.249197 ] } },
{ "type": "Feature", "properties": { "id": "293", "recordingID": "172-YU-903", "recordingTime": "2025-11-23T02:13:03Z", "recordingCategory": "tHw" }, "geometry": { "type": "Point", "coordinates": [ -2.919959, 43.249658 ] } },
{ "type": "Feature", "properties": { "id": "295", "recordingID": "313-AE-8298", "recordingTime": "2025-04-20T00:41:00Z", "recordingCategory": "Rpm" }, "geometry": { "type": "Point", "coordinates": [ -2.923418, 43.253026 ] } },
{ "type": "Feature", "properties": { "id": "296", "recordingID": "33-S-825", "recordingTime": "2025-09-13T01:00:29Z", "recordingCategory": "JkZ" }, "geometry": { "type": "Point", "coordinates": [ -2.933505, 43.268302 ] } },
{ "type": "Feature", "properties": { "id": "298", "recordingID": "38-R-9", "recordingTime": "2025-03-25T19:01:55Z", "recordingCategory": "kvO" }, "geometry": { "type": "Point", "coordinates": [ -2.948699, 43.261753 ] } },
{ "type": "Feature", "properties": { "id": "300", "recordingID": "37-R-0581", "recordingTime": "2025-01-20T02:40:30Z", "recordingCategory": "6jp" }, "geometry": { "type": "Point", "coordinates": [ -2.953345, 43.270149 ] } },
{ "type": "Feature", "properties": { "id": "301", "recordingID": "10-H-10", "recordingTime": "2025-05-24T22:26:13Z", "recordingCategory": "iHH" }, "geometry": { "type": "Point", "coordinates": [ -2.956845, 43.264767 ] } },
{ "type": "Feature", "properties": { "id": "303", "recordingID": "01-N-579", "recordingTime": "2025-12-02T05:30:00Z", "recordingCategory": "b0T" }, "geometry": { "type": "Point", "coordinates": [ -2.940395, 43.255275 ] } },
{ "type": "Feature", "properties": { "id": "304", "recordingID": "832-F-8430", "recordingTime": "2025-11-29T22:05:34Z", "recordingCategory": "Obo" }, "geometry": { "type": "Point", "coordinates": [ -2.955376, 43.276284 ] } },
{ "type": "Feature", "properties": { "id": "305", "recordingID": "657-IK-450", "recordingTime": "2025-03-16T23:29:23Z", "recordingCategory": "veC" }, "geometry": { "type": "Point", "coordinates": [ -2.920085, 43.247117 ] } },
{ "type": "Feature", "properties": { "id": "307", "recordingID": "29-Y-0464", "recordingTime": "2025-03-07T14:03:03Z", "recordingCategory": "9Pl" }, "geometry": { "type": "Point", "coordinates": [ -2.936771, 43.254804 ] } },
{ "type": "Feature", "properties": { "id": "309", "recordingID": "58-FZ-93", "recordingTime": "2025-10-30T21:44:23Z", "recordingCategory": "fAX" }, "geometry": { "type": "Point", "coordinates": [ -2.908832, 43.252643 ] } },
{ "type": "Feature", "properties": { "id": "310", "recordingID": "745-C-257", "recordingTime": "2025-07-09T09:34:47Z", "recordingCategory": "5zf" }, "geometry": { "type": "Point", "coordinates": [ -2.909917, 43.25594 ] } },
{ "type": "Feature", "properties": { "id": "312", "recordingID": "11-LE-48", "recordingTime": "2025-02-22T07:08:31Z", "recordingCategory": "Czp" }, "geometry": { "type": "Point", "coordinates": [ -2.918327, 43.262614 ] } },
{ "type": "Feature", "properties": { "id": "314", "recordingID": "99-S-63", "recordingTime": "2025-09-09T03:49:21Z", "recordingCategory": "o9h" }, "geometry": { "type": "Point", "coordinates": [ -2.938741, 43.268886 ] } },
{ "type": "Feature", "properties": { "id": "315", "recordingID": "807-A-0", "recordingTime": "2025-09-06T02:24:27Z", "recordingCategory": "flU" }, "geometry": { "type": "Point", "coordinates": [ -2.944488, 43.257851 ] } },
{ "type": "Feature", "properties": { "id": "316", "recordingID": "807-KA-7", "recordingTime": "2025-12-18T00:16:27Z", "recordingCategory": "WRu" }, "geometry": { "type": "Point", "coordinates": [ -2.916631, 43.249016 ] } },
{ "type": "Feature", "properties": { "id": "317", "recordingID": "655-BJ-4", "recordingTime": "2025-05-23T14:39:38Z", "recordingCategory": "MCt" }, "geometry": { "type": "Point", "coordinates": [ -2.910179, 43.249408 ] } },
{ "type": "Feature", "properties": { "id": "319", "recordingID": "10-P-899", "recordingTime": "2025-04-24T23:48:30Z", "recordingCategory": "7Yg" }, "geometry": { "type": "Point", "coordinates": [ -2.930097, 43.244839 ] } },
{ "type": "Feature", "properties": { "id": "320", "recordingID": "58-AA-340", "recordingTime": "2025-05-24T03:20:35Z", "recordingCategory": "rgZ" }, "geometry": { "type": "Point", "coordinates": [ -2.923044, 43.260402 ] } },
{ "type": "Feature", "properties": { "id": "322", "recordingID": "65-A-2", "recordingTime": "2025-02-20T00:38:26Z", "recordingCategory": "pvj" }, "geometry": { "type": "Point", "coordinates": [ -2.962381, 43.278057 ] } },
{ "type": "Feature", "properties": { "id": "323", "recordingID": "96-W-2249", "recordingTime": "2025-05-26T23:51:23Z", "recordingCategory": "4X6" }, "geometry": { "type": "Point", "coordinates": [ -2.916587, 43.250028 ] } },
{ "type": "Feature", "properties": { "id": "327", "recordingID": "62-PF-1999", "recordingTime": "2025-03-18T20:31:32Z", "recordingCategory": "ZXX" }, "geometry": { "type": "Point", "coordinates": [ -2.93442, 43.262692 ] } },
{ "type": "Feature", "properties": { "id": "329", "recordingID": "22-H-09", "recordingTime": "2025-08-06T12:19:15Z", "recordingCategory": "EbR" }, "geometry": { "type": "Point", "coordinates": [ -2.942287, 43.265493 ] } },
{ "type": "Feature", "properties": { "id": "332", "recordingID": "787-ZT-839", "recordingTime": "2025-12-06T22:56:49Z", "recordingCategory": "QpQ" }, "geometry": { "type": "Point", "coordinates": [ -2.958913, 43.278852 ] } },
{ "type": "Feature", "properties": { "id": "336", "recordingID": "644-Y-205", "recordingTime": "2025-05-30T05:52:37Z", "recordingCategory": "87s" }, "geometry": { "type": "Point", "coordinates": [ -2.939989, 43.26042 ] } },
{ "type": "Feature", "properties": { "id": "337", "recordingID": "304-O-67", "recordingTime": "2025-11-08T20:34:45Z", "recordingCategory": "rGB" }, "geometry": { "type": "Point", "coordinates": [ -2.95118, 43.259362 ] } },
{ "type": "Feature", "properties": { "id": "338", "recordingID": "35-Z-874", "recordingTime": "2025-09-22T12:49:16Z", "recordingCategory": "vWx" }, "geometry": { "type": "Point", "coordinates": [ -2.939961, 43.267585 ] } },
{ "type": "Feature", "properties": { "id": "339", "recordingID": "69-KW-188", "recordingTime": "2025-11-29T20:50:00Z", "recordingCategory": "uSO" }, "geometry": { "type": "Point", "coordinates": [ -2.931263, 43.241969 ] } },
{ "type": "Feature", "properties": { "id": "340", "recordingID": "70-M-31", "recordingTime": "2025-10-17T01:49:09Z", "recordingCategory": "50k" }, "geometry": { "type": "Point", "coordinates": [ -2.911955, 43.258373 ] } },
{ "type": "Feature", "properties": { "id": "342", "recordingID": "368-O-29", "recordingTime": "2025-04-16T22:14:34Z", "recordingCategory": "CLd" }, "geometry": { "type": "Point", "coordinates": [ -2.915378, 43.257978 ] } },
{ "type": "Feature", "properties": { "id": "344", "recordingID": "26-I-3292", "recordingTime": "2025-11-08T07:59:07Z", "recordingCategory": "CRs" }, "geometry": { "type": "Point", "coordinates": [ -2.925665, 43.265441 ] } },
{ "type": "Feature", "properties": { "id": "345", "recordingID": "82-A-304", "recordingTime": "2025-03-17T13:08:01Z", "recordingCategory": "b8h" }, "geometry": { "type": "Point", "coordinates": [ -2.940007, 43.266704 ] } },
{ "type": "Feature", "properties": { "id": "346", "recordingID": "646-ZZ-8032", "recordingTime": "2025-03-02T04:43:21Z", "recordingCategory": "86e" }, "geometry": { "type": "Point", "coordinates": [ -2.915184, 43.2457 ] } },
{ "type": "Feature", "properties": { "id": "349", "recordingID": "25-MX-9", "recordingTime": "2025-12-08T11:49:43Z", "recordingCategory": "ceB" }, "geometry": { "type": "Point", "coordinates": [ -2.937739, 43.251786 ] } },
{ "type": "Feature", "properties": { "id": "357", "recordingID": "440-CM-5483", "recordingTime": "2025-12-20T05:48:23Z", "recordingCategory": "zES" }, "geometry": { "type": "Point", "coordinates": [ -2.924389, 43.258179 ] } },
{ "type": "Feature", "properties": { "id": "361", "recordingID": "332-AZ-2825", "recordingTime": "2025-12-22T16:39:58Z", "recordingCategory": "Bh7" }, "geometry": { "type": "Point", "coordinates": [ -2.936735, 43.250202 ] } },
{ "type": "Feature", "properties": { "id": "362", "recordingID": "525-C-7274", "recordingTime": "2025-10-30T12:03:18Z", "recordingCategory": "KKW" }, "geometry": { "type": "Point", "coordinates": [ -2.935278, 43.244379 ] } },
{ "type": "Feature", "properties": { "id": "363", "recordingID": "718-OK-3", "recordingTime": "2025-07-25T16:18:27Z", "recordingCategory": "Liq" }, "geometry": { "type": "Point", "coordinates": [ -2.947763, 43.269114 ] } },
{ "type": "Feature", "properties": { "id": "364", "recordingID": "42-H-5099", "recordingTime": "2025-11-11T18:07:51Z", "recordingCategory": "hU1" }, "geometry": { "type": "Point", "coordinates": [ -2.93796, 43.247454 ] } },
{ "type": "Feature", "properties": { "id": "365", "recordingID": "469-WD-729", "recordingTime": "2025-12-21T06:47:43Z", "recordingCategory": "yIO" }, "geometry": { "type": "Point", "coordinates": [ -2.922066, 43.257362 ] } },
{ "type": "Feature", "properties": { "id": "366", "recordingID": "58-GM-174", "recordingTime": "2025-11-13T14:11:49Z", "recordingCategory": "4tT" }, "geometry": { "type": "Point", "coordinates": [ -2.908089, 43.249028 ] } },
{ "type": "Feature", "properties": { "id": "369", "recordingID": "52-K-480", "recordingTime": "2025-03-27T03:52:02Z", "recordingCategory": "5ze" }, "geometry": { "type": "Point", "coordinates": [ -2.917726, 43.247299 ] } },
{ "type": "Feature", "properties": { "id": "372", "recordingID": "721-V-47", "recordingTime": "2025-10-25T20:34:42Z", "recordingCategory": "aUA" }, "geometry": { "type": "Point", "coordinates": [ -2.961312, 43.276908 ] } },
{ "type": "Feature", "properties": { "id": "373", "recordingID": "36-MR-1418", "recordingTime": "2025-09-01T21:06:53Z", "recordingCategory": "gKS" }, "geometry": { "type": "Point", "coordinates": [ -2.93552, 43.250076 ] } },
{ "type": "Feature", "properties": { "id": "375", "recordingID": "30-NM-732", "recordingTime": "2025-03-30T00:13:57Z", "recordingCategory": "qJw" }, "geometry": { "type": "Point", "coordinates": [ -2.925921, 43.243796 ] } },
{ "type": "Feature", "properties": { "id": "377", "recordingID": "208-AB-0", "recordingTime": "2025-11-06T19:06:40Z", "recordingCategory": "ZiY" }, "geometry": { "type": "Point", "coordinates": [ -2.916655, 43.255423 ] } },
{ "type": "Feature", "properties": { "id": "378", "recordingID": "070-C-4016", "recordingTime": "2025-03-03T19:45:55Z", "recordingCategory": "HuZ" }, "geometry": { "type": "Point", "coordinates": [ -2.933697, 43.267705 ] } },
{ "type": "Feature", "properties": { "id": "383", "recordingID": "839-R-1", "recordingTime": "2025-07-31T12:57:39Z", "recordingCategory": "jQA" }, "geometry": { "type": "Point", "coordinates": [ -2.927816, 43.249537 ] } },
{ "type": "Feature", "properties": { "id": "384", "recordingID": "68-NA-3576", "recordingTime": "2025-02-16T00:44:27Z", "recordingCategory": "pF4" }, "geometry": { "type": "Point", "coordinates": [ -2.909194, 43.255809 ] } },
{ "type": "Feature", "properties": { "id": "385", "recordingID": "18-XO-05", "recordingTime": "2025-11-06T17:31:37Z", "recordingCategory": "yb0" }, "geometry": { "type": "Point", "coordinates": [ -2.937958, 43.266321 ] } },
{ "type": "Feature", "properties": { "id": "386", "recordingID": "39-OB-69", "recordingTime": "2025-06-25T00:02:01Z", "recordingCategory": "ZUl" }, "geometry": { "type": "Point", "coordinates": [ -2.917549, 43.268714 ] } },
{ "type": "Feature", "properties": { "id": "387", "recordingID": "626-OT-792", "recordingTime": "2025-04-09T03:24:05Z", "recordingCategory": "SCm" }, "geometry": { "type": "Point", "coordinates": [ -2.953563, 43.274989 ] } },
{ "type": "Feature", "properties": { "id": "390", "recordingID": "63-TO-4173", "recordingTime": "2025-06-11T16:40:23Z", "recordingCategory": "Mi3" }, "geometry": { "type": "Point", "coordinates": [ -2.930261, 43.262012 ] } },
{ "type": "Feature", "properties": { "id": "391", "recordingID": "89-I-9", "recordingTime": "2025-11-18T10:27:20Z", "recordingCategory": "889" }, "geometry": { "type": "Point", "coordinates": [ -2.916297, 43.26374 ] } },
{ "type": "Feature", "properties": { "id": "393", "recordingID": "07-BN-4", "recordingTime": "2025-12-23T00:14:40Z", "recordingCategory": "Nik" }, "geometry": { "type": "Point", "coordinates": [ -2.913307, 43.260411 ] } },
{ "type": "Feature", "properties": { "id": "396", "recordingID": "985-B-70", "recordingTime": "2025-09-09T10:48:52Z", "recordingCategory": "Me7" }, "geometry": { "type": "Point", "coordinates": [ -2.958817, 43.267397 ] } },
{ "type": "Feature", "properties": { "id": "397", "recordingID": "432-SJ-39", "recordingTime": "2025-09-23T19:21:44Z", "recordingCategory": "ri3" }, "geometry": { "type": "Point", "coordinates": [ -2.913441, 43.247001 ] } },
{ "type": "Feature", "properties": { "id": "398", "recordingID": "406-H-713", "recordingTime": "2025-01-13T09:50:16Z", "recordingCategory": "0kF" }, "geometry": { "type": "Point", "coordinates": [ -2.948676, 43.271107 ] } },
{ "type": "Feature", "properties": { "id": "399", "recordingID": "70-XF-0541", "recordingTime": "2025-06-04T22:37:28Z", "recordingCategory": "bzF" }, "geometry": { "type": "Point", "coordinates": [ -2.938752, 43.270098 ] } },
{ "type": "Feature", "properties": { "id": "401", "recordingID": "595-UD-4024", "recordingTime": "2025-10-20T16:56:37Z", "recordingCategory": "CA5" }, "geometry": { "type": "Point", "coordinates": [ -2.944502, 43.266042 ] } },
{ "type": "Feature", "properties": { "id": "404", "recordingID": "576-F-1", "recordingTime": "2025-12-01T08:18:41Z", "recordingCategory": "gwN" }, "geometry": { "type": "Point", "coordinates": [ -2.917957, 43.249666 ] } },
{ "type": "Feature", "properties": { "id": "406", "recordingID": "741-V-37", "recordingTime": "2025-06-26T09:49:06Z", "recordingCategory": "dwa" }, "geometry": { "type": "Point", "coordinates": [ -2.924493, 43.269829 ] } },
{ "type": "Feature", "properties": { "id": "407", "recordingID": "46-D-931", "recordingTime": "2025-01-23T03:47:07Z", "recordingCategory": "PK7" }, "geometry": { "type": "Point", "coordinates": [ -2.959759, 43.277403 ] } },
{ "type": "Feature", "properties": { "id": "408", "recordingID": "09-Y-0517", "recordingTime": "2025-12-05T22:44:21Z", "recordingCategory": "E05" }, "geometry": { "type": "Point", "coordinates": [ -2.955789, 43.276462 ] } },
{ "type": "Feature", "properties": { "id": "409", "recordingID": "149-C-35", "recordingTime": "2025-01-07T07:18:57Z", "recordingCategory": "Fk8" }, "geometry": { "type": "Point", "coordinates": [ -2.950235, 43.265599 ] } },
{ "type": "Feature", "properties": { "id": "410", "recordingID": "865-O-56", "recordingTime": "2025-05-06T13:02:17Z", "recordingCategory": "vwW" }, "geometry": { "type": "Point", "coordinates": [ -2.920425, 43.25721 ] } },
{ "type": "Feature", "properties": { "id": "413", "recordingID": "486-MZ-1039", "recordingTime": "2025-10-30T20:49:36Z", "recordingCategory": "6Lh" }, "geometry": { "type": "Point", "coordinates": [ -2.908744, 43.247459 ] } },
{ "type": "Feature", "properties": { "id": "416", "recordingID": "820-QY-1293", "recordingTime": "2025-01-18T17:53:42Z", "recordingCategory": "0VT" }, "geometry": { "type": "Point", "coordinates": [ -2.926637, 43.26092 ] } },
{ "type": "Feature", "properties": { "id": "419", "recordingID": "12-MP-9", "recordingTime": "2025-05-22T21:42:28Z", "recordingCategory": "9S5" }, "geometry": { "type": "Point", "coordinates": [ -2.936204, 43.268106 ] } },
{ "type": "Feature", "properties": { "id": "421", "recordingID": "511-B-30", "recordingTime": "2025-11-07T13:31:13Z", "recordingCategory": "LAq" }, "geometry": { "type": "Point", "coordinates": [ -2.954201, 43.259999 ] } },
{ "type": "Feature", "properties": { "id": "422", "recordingID": "793-R-871", "recordingTime": "2025-11-07T13:23:51Z", "recordingCategory": "LMj" }, "geometry": { "type": "Point", "coordinates": [ -2.914279, 43.251172 ] } },
{ "type": "Feature", "properties": { "id": "424", "recordingID": "39-NQ-2", "recordingTime": "2025-09-27T17:43:18Z", "recordingCategory": "LE5" }, "geometry": { "type": "Point", "coordinates": [ -2.941709, 43.253509 ] } },
{ "type": "Feature", "properties": { "id": "425", "recordingID": "95-ZY-452", "recordingTime": "2025-12-21T07:00:40Z", "recordingCategory": "7G9" }, "geometry": { "type": "Point", "coordinates": [ -2.94606, 43.265205 ] } },
{ "type": "Feature", "properties": { "id": "426", "recordingID": "193-BP-7688", "recordingTime": "2025-05-13T04:27:09Z", "recordingCategory": "LnO" }, "geometry": { "type": "Point", "coordinates": [ -2.936001, 43.247897 ] } },
{ "type": "Feature", "properties": { "id": "429", "recordingID": "24-K-580", "recordingTime": "2025-05-06T17:38:13Z", "recordingCategory": "maR" }, "geometry": { "type": "Point", "coordinates": [ -2.959161, 43.27816 ] } },
{ "type": "Feature", "properties": { "id": "430", "recordingID": "69-GY-0290", "recordingTime": "2025-09-14T14:47:40Z", "recordingCategory": "AeV" }, "geometry": { "type": "Point", "coordinates": [ -2.930381, 43.25372 ] } },
{ "type": "Feature", "properties": { "id": "432", "recordingID": "96-ZH-4297", "recordingTime": "2025-09-12T06:56:05Z", "recordingCategory": "Ofg" }, "geometry": { "type": "Point", "coordinates": [ -2.963379, 43.277608 ] } },
{ "type": "Feature", "properties": { "id": "433", "recordingID": "20-S-37", "recordingTime": "2025-04-04T05:20:01Z", "recordingCategory": "XjP" }, "geometry": { "type": "Point", "coordinates": [ -2.956058, 43.266573 ] } },
{ "type": "Feature", "properties": { "id": "436", "recordingID": "106-F-9", "recordingTime": "2025-11-22T04:21:44Z", "recordingCategory": "qmS" }, "geometry": { "type": "Point", "coordinates": [ -2.925502, 43.267784 ] } },
{ "type": "Feature", "properties": { "id": "437", "recordingID": "915-IV-2424", "recordingTime": "2025-10-26T14:15:28Z", "recordingCategory": "Fxd" }, "geometry": { "type": "Point", "coordinates": [ -2.922021, 43.264435 ] } },
{ "type": "Feature", "properties": { "id": "447", "recordingID": "738-Q-529", "recordingTime": "2025-03-20T10:02:34Z", "recordingCategory": "wXE" }, "geometry": { "type": "Point", "coordinates": [ -2.946024, 43.268762 ] } },
{ "type": "Feature", "properties": { "id": "449", "recordingID": "83-A-25", "recordingTime": "2025-03-01T05:51:11Z", "recordingCategory": "nHl" }, "geometry": { "type": "Point", "coordinates": [ -2.927733, 43.258326 ] } },
{ "type": "Feature", "properties": { "id": "450", "recordingID": "37-JK-172", "recordingTime": "2025-06-06T20:18:22Z", "recordingCategory": "9in" }, "geometry": { "type": "Point", "coordinates": [ -2.916407, 43.250327 ] } },
{ "type": "Feature", "properties": { "id": "453", "recordingID": "190-A-339", "recordingTime": "2025-06-15T22:59:35Z", "recordingCategory": "8YG" }, "geometry": { "type": "Point", "coordinates": [ -2.917737, 43.243799 ] } },
{ "type": "Feature", "properties": { "id": "454", "recordingID": "69-Q-587", "recordingTime": "2025-09-12T10:23:16Z", "recordingCategory": "uti" }, "geometry": { "type": "Point", "coordinates": [ -2.938053, 43.253128 ] } },
{ "type": "Feature", "properties": { "id": "457", "recordingID": "05-VZ-5", "recordingTime": "2025-09-04T19:57:51Z", "recordingCategory": "JUU" }, "geometry": { "type": "Point", "coordinates": [ -2.912497, 43.258468 ] } },
{ "type": "Feature", "properties": { "id": "460", "recordingID": "280-QJ-949", "recordingTime": "2025-06-04T10:59:46Z", "recordingCategory": "K2C" }, "geometry": { "type": "Point", "coordinates": [ -2.919159, 43.258624 ] } },
{ "type": "Feature", "properties": { "id": "462", "recordingID": "44-HJ-9", "recordingTime": "2025-10-02T10:48:53Z", "recordingCategory": "EnA" }, "geometry": { "type": "Point", "coordinates": [ -2.918656, 43.255524 ] } },
{ "type": "Feature", "properties": { "id": "464", "recordingID": "162-UO-1", "recordingTime": "2025-04-06T04:24:50Z", "recordingCategory": "F4M" }, "geometry": { "type": "Point", "coordinates": [ -2.914773, 43.251 ] } },
{ "type": "Feature", "properties": { "id": "465", "recordingID": "928-WP-47", "recordingTime": "2025-03-19T03:15:04Z", "recordingCategory": "PBx" }, "geometry": { "type": "Point", "coordinates": [ -2.939144, 43.267104 ] } },
{ "type": "Feature", "properties": { "id": "466", "recordingID": "396-T-050", "recordingTime": "2025-04-18T22:58:57Z", "recordingCategory": "4LQ" }, "geometry": { "type": "Point", "coordinates": [ -2.95508, 43.273951 ] } },
{ "type": "Feature", "properties": { "id": "467", "recordingID": "75-ZO-958", "recordingTime": "2025-05-06T07:25:33Z", "recordingCategory": "4rm" }, "geometry": { "type": "Point", "coordinates": [ -2.956199, 43.277037 ] } },
{ "type": "Feature", "properties": { "id": "471", "recordingID": "79-PK-9", "recordingTime": "2025-09-16T21:33:12Z", "recordingCategory": "JAF" }, "geometry": { "type": "Point", "coordinates": [ -2.923457, 43.259864 ] } },
{ "type": "Feature", "properties": { "id": "472", "recordingID": "16-RQ-4985", "recordingTime": "2025-07-20T14:00:13Z", "recordingCategory": "SRS" }, "geometry": { "type": "Point", "coordinates": [ -2.961939, 43.274671 ] } },
{ "type": "Feature", "properties": { "id": "473", "recordingID": "528-PZ-11", "recordingTime": "2025-07-13T12:42:43Z", "recordingCategory": "Jes" }, "geometry": { "type": "Point", "coordinates": [ -2.939503, 43.256815 ] } },
{ "type": "Feature", "properties": { "id": "475", "recordingID": "41-R-8088", "recordingTime": "2025-07-15T17:43:36Z", "recordingCategory": "NO2" }, "geometry": { "type": "Point", "coordinates": [ -2.930259, 43.245612 ] } },
{ "type": "Feature", "properties": { "id": "477", "recordingID": "376-SB-3", "recordingTime": "2025-03-13T20:34:13Z", "recordingCategory": "R5J" }, "geometry": { "type": "Point", "coordinates": [ -2.958196, 43.262447 ] } },
{ "type": "Feature", "properties": { "id": "478", "recordingID": "847-GB-9601", "recordingTime": "2025-01-15T22:34:56Z", "recordingCategory": "9S1" }, "geometry": { "type": "Point", "coordinates": [ -2.947931, 43.258933 ] } },
{ "type": "Feature", "properties": { "id": "480", "recordingID": "446-A-86", "recordingTime": "2025-08-26T07:01:42Z", "recordingCategory": "VCn" }, "geometry": { "type": "Point", "coordinates": [ -2.931547, 43.244589 ] } },
{ "type": "Feature", "properties": { "id": "481", "recordingID": "367-ZH-5861", "recordingTime": "2025-01-16T09:41:51Z", "recordingCategory": "WjW" }, "geometry": { "type": "Point", "coordinates": [ -2.953094, 43.264834 ] } },
{ "type": "Feature", "properties": { "id": "482", "recordingID": "22-Q-19", "recordingTime": "2025-10-03T02:25:36Z", "recordingCategory": "0Nb" }, "geometry": { "type": "Point", "coordinates": [ -2.933088, 43.26751 ] } },
{ "type": "Feature", "properties": { "id": "485", "recordingID": "973-SE-6135", "recordingTime": "2025-05-01T13:10:27Z", "recordingCategory": "Yzg" }, "geometry": { "type": "Point", "coordinates": [ -2.912795, 43.257775 ] } },
{ "type": "Feature", "properties": { "id": "486", "recordingID": "37-Z-91", "recordingTime": "2025-09-24T07:02:24Z", "recordingCategory": "Cdz" }, "geometry": { "type": "Point", "coordinates": [ -2.940643, 43.260523 ] } },
{ "type": "Feature", "properties": { "id": "488", "recordingID": "495-U-16", "recordingTime": "2025-07-01T15:47:23Z", "recordingCategory": "prr" }, "geometry": { "type": "Point", "coordinates": [ -2.959537, 43.278141 ] } },
{ "type": "Feature", "properties": { "id": "489", "recordingID": "535-J-7", "recordingTime": "2025-01-02T00:14:37Z", "recordingCategory": "APc" }, "geometry": { "type": "Point", "coordinates": [ -2.918316, 43.254558 ] } },
{ "type": "Feature", "properties": { "id": "491", "recordingID": "03-R-1", "recordingTime": "2025-01-13T15:13:08Z", "recordingCategory": "aeO" }, "geometry": { "type": "Point", "coordinates": [ -2.908368, 43.248931 ] } },
{ "type": "Feature", "properties": { "id": "492", "recordingID": "892-FN-1022", "recordingTime": "2025-07-17T10:03:17Z", "recordingCategory": "IGZ" }, "geometry": { "type": "Point", "coordinates": [ -2.921424, 43.267221 ] } },
{ "type": "Feature", "properties": { "id": "493", "recordingID": "37-D-143", "recordingTime": "2025-03-31T04:46:49Z", "recordingCategory": "nVs" }, "geometry": { "type": "Point", "coordinates": [ -2.958784, 43.276139 ] } },
{ "type": "Feature", "properties": { "id": "495", "recordingID": "27-QQ-7680", "recordingTime": "2025-07-16T16:17:40Z", "recordingCategory": "faY" }, "geometry": { "type": "Point", "coordinates": [ -2.944053, 43.26757 ] } },
{ "type": "Feature", "properties": { "id": "496", "recordingID": "064-T-378", "recordingTime": "2025-07-22T19:46:05Z", "recordingCategory": "OH4" }, "geometry": { "type": "Point", "coordinates": [ -2.936882, 43.254627 ] } },
{ "type": "Feature", "properties": { "id": "497", "recordingID": "249-W-8", "recordingTime": "2025-04-10T02:12:03Z", "recordingCategory": "nSt" }, "geometry": { "type": "Point", "coordinates": [ -2.948856, 43.260573 ] } },
{ "type": "Feature", "properties": { "id": "498", "recordingID": "76-GV-48", "recordingTime": "2025-06-10T23:43:56Z", "recordingCategory": "Gjy" }, "geometry": { "type": "Point", "coordinates": [ -2.928701, 43.255962 ] } },
{ "type": "Feature", "properties": { "id": "499", "recordingID": "90-FD-79", "recordingTime": "2025-01-20T19:39:50Z", "recordingCategory": "EKQ" }, "geometry": { "type": "Point", "coordinates": [ -2.949847, 43.260917 ] } }
]
}
