{"type":"FeatureCollection","features":[{"id":"0","type":"Feature","properties":{},"geometry":{"type":"Point","coordinates":[-6.212772,53.333703]}},{"id":"1","type":"Feature","properties":{},"geometry":{"type":"Point","coordinates":[-6.328752,53.341892]}},{"id":"2","type":"Feature","properties":{},"geometry":{"type":"Point","coordinates":[-6.203647,53.374691]}},{"id":"3","type":"Feature","properties":{},"geometry":{"type":"Point","coordinates":[-6.352661,53.34685]}},{"id":"4","type":"Feature","properties":{},"geometry":{"type":"Point","coordinates":[-6.318958,53.38498]}},{"id":"5","type":"Feature","properties":{},"geometry":{"type":"Point","coordinates":[-6.238377,53.317536]}},{"id":"6","type":"Feature","properties":{},"geometry":{"type":"Point","coordinates":[-6.198707,53.401505]}},{"id":"7","type":"Feature","properties":{},"geometry":{"type":"Point","coordinates":[-6.186971,53.37879]}},{"id":"8","type":"Feature","properties":{},"geometry":{"type":"Point","coordinates":[-6.222451,53.363912]}},{"id":"9","type":"Feature","properties":{},"geometry":{"type":"Point","coordinates":[-6.214726,53.334173]}},{"id":"10","type":"Feature","properties":{},"geometry":{"type":"Point","coordinates":[-6.3067,53.337918]}},{"id":"11","type":"Feature","properties":{},"geometry":{"type":"Point","coordinates":[-6.315317,53.369566]}},{"id":"12","type":"Feature","properties":{},"geometry":{"type":"Point","coordinates":[-6.241197,53.368779]}},{"id":"13","type":"Feature","properties":{},"geometry":{"type":"Point","coordinates":[-6.18986,53.401656]}},{"id":"14","type":"Feature","properties":{},"geometry":{"type":"Point","coordinates":[-6.250683,53.339558]}},{"id":"15","type":"Feature","properties":{},"geometry":{"type":"Point","coordinates":[-6.16384,53.387889]}},{"id":"16","type":"Feature","properties":{},"geometry":{"type":"Point","coordinates":[-6.191192,53.36807]}},{"id":"17","type":"Feature","properties":{},"geometry":{"type":"Point","coordinates":[-6.309047,53.353304]}},{"id":"18","type":"Feature","properties":{},"geometry":{"type":"Point","coordinates":[-6.311633,53.345689]}},{"id":"19","type":"Feature","properties":{},"geometry":{"type":"Point","coordinates":[-6.241103,53.337892]}},{"id":"20","type":"Feature","properties":{},"geometry":{"type":"Point","coordinates":[-6.231249,53.360659]}},{"id":"21","type":"Feature","properties":{},"geometry":{"type":"Point","coordinates":[-6.300427,53.307024]}},{"id":"22","type":"Feature","properties":{},"geometry":{"type":"Point","coordinates":[-6.326147,53.362937]}},{"id":"23","type":"Feature","properties":{},"geometry":{"type":"Point","coordinates":[-6.303113,53.360463]}},{"id":"24","type":"Feature","properties":{},"geometry":{"type":"Point","coordinates":[-6.306613,53.332115]}},{"id":"25","type":"Feature","properties":{},"geometry":{"type":"Point","coordinates":[-6.184648,53.393999]}},{"id":"26","type":"Feature","properties":{},"geometry":{"type":"Point","coordinates":[-6.30576,53.356226]}},{"id":"27","type":"Feature","properties":{},"geometry":{"type":"Point","coordinates":[-6.247187,53.372046]}},{"id":"28","type":"Feature","properties":{},"geometry":{"type":"Point","coordinates":[-6.227683,53.312582]}},{"id":"29","type":"Feature","properties":{},"geometry":{"type":"Point","coordinates":[-6.208102,53.34896]}},{"id":"30","type":"Feature","properties":{},"geometry":{"type":"Point","coordinates":[-6.260833,53.399101]}},{"id":"31","type":"Feature","properties":{},"geometry":{"type":"Point","coordinates":[-6.222923,53.357566]}},{"id":"32","type":"Feature","properties":{},"geometry":{"type":"Point","coordinates":[-6.245315,53.378312]}},{"id":"33","type":"Feature","properties":{},"geometry":{"type":"Point","coordinates":[-6.306913,53.350791]}},{"id":"34","type":"Feature","properties":{},"geometry":{"type":"Point","coordinates":[-6.291597,53.304532]}},{"id":"35","type":"Feature","properties":{},"geometry":{"type":"Point","coordinates":[-6.300366,53.323262]}},{"id":"36","type":"Feature","properties":{},"geometry":{"type":"Point","coordinates":[-6.246444,53.333178]}},{"id":"37","type":"Feature","properties":{},"geometry":{"type":"Point","coordinates":[-6.175937,53.401848]}},{"id":"38","type":"Feature","properties":{},"geometry":{"type":"Point","coordinates":[-6.238116,53.346761]}},{"id":"39","type":"Feature","properties":{},"geometry":{"type":"Point","coordinates":[-6.316275,53.373794]}},{"id":"40","type":"Feature","properties":{},"geometry":{"type":"Point","coordinates":[-6.217353,53.323221]}},{"id":"41","type":"Feature","properties":{},"geometry":{"type":"Point","coordinates":[-6.213462,53.376749]}},{"id":"42","type":"Feature","properties":{},"geometry":{"type":"Point","coordinates":[-6.248605,53.385395]}},{"id":"43","type":"Feature","properties":{},"geometry":{"type":"Point","coordinates":[-6.315493,53.330184]}},{"id":"44","type":"Feature","properties":{},"geometry":{"type":"Point","coordinates":[-6.346048,53.335612]}},{"id":"45","type":"Feature","properties":{},"geometry":{"type":"Point","coordinates":[-6.206685,53.338404]}},{"id":"46","type":"Feature","properties":{},"geometry":{"type":"Point","coordinates":[-6.183673,53.378137]}},{"id":"47","type":"Feature","properties":{},"geometry":{"type":"Point","coordinates":[-6.205312,53.318307]}},{"id":"48","type":"Feature","properties":{},"geometry":{"type":"Point","coordinates":[-6.299673,53.367336]}},{"id":"49","type":"Feature","properties":{},"geometry":{"type":"Point","coordinates":[-6.305561,53.342623]}},{"id":"50","type":"Feature","properties":{},"geometry":{"type":"Point","coordinates":[-6.288291,53.361691]}},{"id":"51","type":"Feature","properties":{},"geometry":{"type":"Point","coordinates":[-6.190635,53.380466]}},{"id":"52","type":"Feature","properties":{},"geometry":{"type":"Point","coordinates":[-6.235494,53.323558]}},{"id":"53","type":"Feature","properties":{},"geometry":{"type":"Point","coordinates":[-6.281869,53.351525]}},{"id":"54","type":"Feature","properties":{},"geometry":{"type":"Point","coordinates":[-6.230122,53.402339]}},{"id":"55","type":"Feature","properties":{},"geometry":{"type":"Point","coordinates":[-6.288747,53.385799]}},{"id":"56","type":"Feature","properties":{},"geometry":{"type":"Point","coordinates":[-6.217072,53.313681]}},{"id":"57","type":"Feature","properties":{},"geometry":{"type":"Point","coordinates":[-6.311179,53.362169]}},{"id":"58","type":"Feature","properties":{},"geometry":{"type":"Point","coordinates":[-6.296248,53.314648]}},{"id":"59","type":"Feature","properties":{},"geometry":{"type":"Point","coordinates":[-6.329665,53.359365]}},{"id":"60","type":"Feature","properties":{},"geometry":{"type":"Point","coordinates":[-6.212011,53.327884]}},{"id":"61","type":"Feature","properties":{},"geometry":{"type":"Point","coordinates":[-6.163103,53.361159]}},{"id":"62","type":"Feature","properties":{},"geometry":{"type":"Point","coordinates":[-6.3152,53.339898]}},{"id":"63","type":"Feature","properties":{},"geometry":{"type":"Point","coordinates":[-6.234147,53.377778]}},{"id":"64","type":"Feature","properties":{},"geometry":{"type":"Point","coordinates":[-6.267711,53.383509]}},{"id":"65","type":"Feature","properties":{},"geometry":{"type":"Point","coordinates":[-6.213678,53.380609]}},{"id":"66","type":"Feature","properties":{},"geometry":{"type":"Point","coordinates":[-6.234097,53.389985]}},{"id":"67","type":"Feature","properties":{},"geometry":{"type":"Point","coordinates":[-6.167126,53.371786]}},{"id":"68","type":"Feature","properties":{},"geometry":{"type":"Point","coordinates":[-6.306832,53.344028]}},{"id":"69","type":"Feature","properties":{},"geometry":{"type":"Point","coordinates":[-6.257722,53.33203]}},{"id":"70","type":"Feature","properties":{},"geometry":{"type":"Point","coordinates":[-6.326549,53.355561]}},{"id":"71","type":"Feature","properties":{},"geometry":{"type":"Point","coordinates":[-6.228121,53.320923]}},{"id":"72","type":"Feature","properties":{},"geometry":{"type":"Point","coordinates":[-6.257565,53.389777]}},{"id":"73","type":"Feature","properties":{},"geometry":{"type":"Point","coordinates":[-6.350566,53.356182]}},{"id":"74","type":"Feature","properties":{},"geometry":{"type":"Point","coordinates":[-6.264397,53.318439]}},{"id":"75","type":"Feature","properties":{},"geometry":{"type":"Point","coordinates":[-6.198799,53.388201]}},{"id":"76","type":"Feature","properties":{},"geometry":{"type":"Point","coordinates":[-6.292255,53.362314]}},{"id":"77","type":"Feature","properties":{},"geometry":{"type":"Point","coordinates":[-6.336545,53.34997]}},{"id":"78","type":"Feature","properties":{},"geometry":{"type":"Point","coordinates":[-6.29824,53.387861]}},{"id":"79","type":"Feature","properties":{},"geometry":{"type":"Point","coordinates":[-6.330221,53.349898]}},{"id":"80","type":"Feature","properties":{},"geometry":{"type":"Point","coordinates":[-6.300823,53.375989]}},{"id":"81","type":"Feature","properties":{},"geometry":{"type":"Point","coordinates":[-6.24891,53.346]}},{"id":"82","type":"Feature","properties":{},"geometry":{"type":"Point","coordinates":[-6.373688,53.333804]}},{"id":"83","type":"Feature","properties":{},"geometry":{"type":"Point","coordinates":[-6.304227,53.332459]}},{"id":"84","type":"Feature","properties":{},"geometry":{"type":"Point","coordinates":[-6.229808,53.324593]}},{"id":"85","type":"Feature","properties":{},"geometry":{"type":"Point","coordinates":[-6.272768,53.381518]}},{"id":"86","type":"Feature","properties":{},"geometry":{"type":"Point","coordinates":[-6.242756,53.37311]}},{"id":"87","type":"Feature","properties":{},"geometry":{"type":"Point","coordinates":[-6.331712,53.370181]}},{"id":"88","type":"Feature","properties":{},"geometry":{"type":"Point","coordinates":[-6.234932,53.349514]}},{"id":"89","type":"Feature","properties":{},"geometry":{"type":"Point","coordinates":[-6.275305,53.35842]}},{"id":"90","type":"Feature","properties":{},"geometry":{"type":"Point","coordinates":[-6.377534,53.343084]}},{"id":"91","type":"Feature","properties":{},"geometry":{"type":"Point","coordinates":[-6.254568,53.313641]}},{"id":"92","type":"Feature","properties":{},"geometry":{"type":"Point","coordinates":[-6.216519,53.362394]}},{"id":"93","type":"Feature","properties":{},"geometry":{"type":"Point","coordinates":[-6.214481,53.33323]}},{"id":"94","type":"Feature","properties":{},"geometry":{"type":"Point","coordinates":[-6.273407,53.342256]}},{"id":"95","type":"Feature","properties":{},"geometry":{"type":"Point","coordinates":[-6.191859,53.361632]}},{"id":"96","type":"Feature","properties":{},"geometry":{"type":"Point","coordinates":[-6.192835,53.392048]}},{"id":"97","type":"Feature","properties":{},"geometry":{"type":"Point","coordinates":[-6.186845,53.366133]}},{"id":"98","type":"Feature","properties":{},"geometry":{"type":"Point","coordinates":[-6.208384,53.400987]}},{"id":"99","type":"Feature","properties":{},"geometry":{"type":"Point","coordinates":[-6.322277,53.36276]}},{"id":"100","type":"Feature","properties":{},"geometry":{"type":"Point","coordinates":[-6.319085,53.359915]}},{"id":"101","type":"Feature","properties":{},"geometry":{"type":"Point","coordinates":[-6.217384,53.361868]}},{"id":"102","type":"Feature","properties":{},"geometry":{"type":"Point","coordinates":[-6.174663,53.372236]}},{"id":"103","type":"Feature","properties":{},"geometry":{"type":"Point","coordinates":[-6.185365,53.401988]}},{"id":"104","type":"Feature","properties":{},"geometry":{"type":"Point","coordinates":[-6.24147,53.364727]}},{"id":"105","type":"Feature","properties":{},"geometry":{"type":"Point","coordinates":[-6.191743,53.392819]}},{"id":"106","type":"Feature","properties":{},"geometry":{"type":"Point","coordinates":[-6.229631,53.402022]}},{"id":"107","type":"Feature","properties":{},"geometry":{"type":"Point","coordinates":[-6.318754,53.355284]}},{"id":"108","type":"Feature","properties":{},"geometry":{"type":"Point","coordinates":[-6.150161,53.382795]}},{"id":"109","type":"Feature","properties":{},"geometry":{"type":"Point","coordinates":[-6.261302,53.341133]}},{"id":"110","type":"Feature","properties":{},"geometry":{"type":"Point","coordinates":[-6.301589,53.397342]}},{"id":"111","type":"Feature","properties":{},"geometry":{"type":"Point","coordinates":[-6.291439,53.375575]}},{"id":"112","type":"Feature","properties":{},"geometry":{"type":"Point","coordinates":[-6.202948,53.381767]}},{"id":"113","type":"Feature","properties":{},"geometry":{"type":"Point","coordinates":[-6.275575,53.404945]}},{"id":"114","type":"Feature","properties":{},"geometry":{"type":"Point","coordinates":[-6.293041,53.358378]}},{"id":"115","type":"Feature","properties":{},"geometry":{"type":"Point","coordinates":[-6.215868,53.312813]}},{"id":"116","type":"Feature","properties":{},"geometry":{"type":"Point","coordinates":[-6.21006,53.376105]}},{"id":"117","type":"Feature","properties":{},"geometry":{"type":"Point","coordinates":[-6.352428,53.344797]}},{"id":"118","type":"Feature","properties":{},"geometry":{"type":"Point","coordinates":[-6.226062,53.337814]}},{"id":"119","type":"Feature","properties":{},"geometry":{"type":"Point","coordinates":[-6.200394,53.380709]}},{"id":"120","type":"Feature","properties":{},"geometry":{"type":"Point","coordinates":[-6.213065,53.31283]}},{"id":"121","type":"Feature","properties":{},"geometry":{"type":"Point","coordinates":[-6.245131,53.358779]}},{"id":"122","type":"Feature","properties":{},"geometry":{"type":"Point","coordinates":[-6.18859,53.373642]}},{"id":"123","type":"Feature","properties":{},"geometry":{"type":"Point","coordinates":[-6.256736,53.38543]}},{"id":"124","type":"Feature","properties":{},"geometry":{"type":"Point","coordinates":[-6.224392,53.405459]}},{"id":"125","type":"Feature","properties":{},"geometry":{"type":"Point","coordinates":[-6.25697,53.319969]}},{"id":"126","type":"Feature","properties":{},"geometry":{"type":"Point","coordinates":[-6.195184,53.344534]}},{"id":"127","type":"Feature","properties":{},"geometry":{"type":"Point","coordinates":[-6.170376,53.38151]}},{"id":"128","type":"Feature","properties":{},"geometry":{"type":"Point","coordinates":[-6.322653,53.318005]}},{"id":"129","type":"Feature","properties":{},"geometry":{"type":"Point","coordinates":[-6.125607,53.379135]}},{"id":"130","type":"Feature","properties":{},"geometry":{"type":"Point","coordinates":[-6.216989,53.317364]}},{"id":"131","type":"Feature","properties":{},"geometry":{"type":"Point","coordinates":[-6.341108,53.338904]}},{"id":"132","type":"Feature","properties":{},"geometry":{"type":"Point","coordinates":[-6.363785,53.332171]}},{"id":"133","type":"Feature","properties":{},"geometry":{"type":"Point","coordinates":[-6.273931,53.335405]}},{"id":"134","type":"Feature","properties":{},"geometry":{"type":"Point","coordinates":[-6.251857,53.377202]}},{"id":"135","type":"Feature","properties":{},"geometry":{"type":"Point","coordinates":[-6.232992,53.389666]}},{"id":"136","type":"Feature","properties":{},"geometry":{"type":"Point","coordinates":[-6.281489,53.312235]}},{"id":"137","type":"Feature","properties":{},"geometry":{"type":"Point","coordinates":[-6.305088,53.360478]}},{"id":"138","type":"Feature","properties":{},"geometry":{"type":"Point","coordinates":[-6.325012,53.332321]}},{"id":"139","type":"Feature","properties":{},"geometry":{"type":"Point","coordinates":[-6.221177,53.323634]}},{"id":"140","type":"Feature","properties":{},"geometry":{"type":"Point","coordinates":[-6.325679,53.376361]}},{"id":"141","type":"Feature","properties":{},"geometry":{"type":"Point","coordinates":[-6.262395,53.336203]}},{"id":"142","type":"Feature","properties":{},"geometry":{"type":"Point","coordinates":[-6.333953,53.368588]}},{"id":"143","type":"Feature","properties":{},"geometry":{"type":"Point","coordinates":[-6.327511,53.319758]}},{"id":"144","type":"Feature","properties":{},"geometry":{"type":"Point","coordinates":[-6.234531,53.32363]}},{"id":"145","type":"Feature","properties":{},"geometry":{"type":"Point","coordinates":[-6.286357,53.329644]}},{"id":"146","type":"Feature","properties":{},"geometry":{"type":"Point","coordinates":[-6.271076,53.404311]}},{"id":"147","type":"Feature","properties":{},"geometry":{"type":"Point","coordinates":[-6.216737,53.353055]}},{"id":"148","type":"Feature","properties":{},"geometry":{"type":"Point","coordinates":[-6.295463,53.323676]}},{"id":"149","type":"Feature","properties":{},"geometry":{"type":"Point","coordinates":[-6.307305,53.330388]}},{"id":"150","type":"Feature","properties":{},"geometry":{"type":"Point","coordinates":[-6.184566,53.371757]}},{"id":"151","type":"Feature","properties":{},"geometry":{"type":"Point","coordinates":[-6.291208,53.389709]}},{"id":"152","type":"Feature","properties":{},"geometry":{"type":"Point","coordinates":[-6.255453,53.389867]}},{"id":"153","type":"Feature","properties":{},"geometry":{"type":"Point","coordinates":[-6.291435,53.36293]}},{"id":"154","type":"Feature","properties":{},"geometry":{"type":"Point","coordinates":[-6.290926,53.393508]}},{"id":"155","type":"Feature","properties":{},"geometry":{"type":"Point","coordinates":[-6.158252,53.36241]}},{"id":"156","type":"Feature","properties":{},"geometry":{"type":"Point","coordinates":[-6.214585,53.333408]}},{"id":"157","type":"Feature","properties":{},"geometry":{"type":"Point","coordinates":[-6.200221,53.346284]}},{"id":"158","type":"Feature","properties":{},"geometry":{"type":"Point","coordinates":[-6.209247,53.322354]}},{"id":"159","type":"Feature","properties":{},"geometry":{"type":"Point","coordinates":[-6.313765,53.389307]}},{"id":"160","type":"Feature","properties":{},"geometry":{"type":"Point","coordinates":[-6.237404,53.337796]}},{"id":"161","type":"Feature","properties":{},"geometry":{"type":"Point","coordinates":[-6.298682,53.355524]}},{"id":"162","type":"Feature","properties":{},"geometry":{"type":"Point","coordinates":[-6.288172,53.362295]}},{"id":"163","type":"Feature","properties":{},"geometry":{"type":"Point","coordinates":[-6.30464,53.345973]}},{"id":"164","type":"Feature","properties":{},"geometry":{"type":"Point","coordinates":[-6.166191,53.376923]}},{"id":"165","type":"Feature","properties":{},"geometry":{"type":"Point","coordinates":[-6.223197,53.361878]}},{"id":"166","type":"Feature","properties":{},"geometry":{"type":"Point","coordinates":[-6.329215,53.334648]}},{"id":"167","type":"Feature","properties":{},"geometry":{"type":"Point","coordinates":[-6.229748,53.327381]}},{"id":"168","type":"Feature","properties":{},"geometry":{"type":"Point","coordinates":[-6.154656,53.385827]}},{"id":"169","type":"Feature","properties":{},"geometry":{"type":"Point","coordinates":[-6.179563,53.391182]}},{"id":"170","type":"Feature","properties":{},"geometry":{"type":"Point","coordinates":[-6.300559,53.349127]}},{"id":"171","type":"Feature","properties":{},"geometry":{"type":"Point","coordinates":[-6.262755,53.38625]}},{"id":"172","type":"Feature","properties":{},"geometry":{"type":"Point","coordinates":[-6.160044,53.401787]}},{"id":"173","type":"Feature","properties":{},"geometry":{"type":"Point","coordinates":[-6.291202,53.374317]}},{"id":"174","type":"Feature","properties":{},"geometry":{"type":"Point","coordinates":[-6.269659,53.396313]}},{"id":"175","type":"Feature","properties":{},"geometry":{"type":"Point","coordinates":[-6.221334,53.363516]}},{"id":"176","type":"Feature","properties":{},"geometry":{"type":"Point","coordinates":[-6.269334,53.353176]}},{"id":"177","type":"Feature","properties":{},"geometry":{"type":"Point","coordinates":[-6.243842,53.314175]}},{"id":"178","type":"Feature","properties":{},"geometry":{"type":"Point","coordinates":[-6.245181,53.354775]}},{"id":"179","type":"Feature","properties":{},"geometry":{"type":"Point","coordinates":[-6.187388,53.382418]}},{"id":"180","type":"Feature","properties":{},"geometry":{"type":"Point","coordinates":[-6.255728,53.36393]}},{"id":"181","type":"Feature","properties":{},"geometry":{"type":"Point","coordinates":[-6.333299,53.351759]}},{"id":"182","type":"Feature","properties":{},"geometry":{"type":"Point","coordinates":[-6.288699,53.382582]}},{"id":"183","type":"Feature","properties":{},"geometry":{"type":"Point","coordinates":[-6.253786,53.318235]}},{"id":"184","type":"Feature","properties":{},"geometry":{"type":"Point","coordinates":[-6.276226,53.377266]}},{"id":"185","type":"Feature","properties":{},"geometry":{"type":"Point","coordinates":[-6.237705,53.383147]}},{"id":"186","type":"Feature","properties":{},"geometry":{"type":"Point","coordinates":[-6.174407,53.38838]}},{"id":"187","type":"Feature","properties":{},"geometry":{"type":"Point","coordinates":[-6.170531,53.386734]}},{"id":"188","type":"Feature","properties":{},"geometry":{"type":"Point","coordinates":[-6.220488,53.320519]}},{"id":"189","type":"Feature","properties":{},"geometry":{"type":"Point","coordinates":[-6.203954,53.350224]}},{"id":"190","type":"Feature","properties":{},"geometry":{"type":"Point","coordinates":[-6.177648,53.4048]}},{"id":"191","type":"Feature","properties":{},"geometry":{"type":"Point","coordinates":[-6.282577,53.392135]}},{"id":"192","type":"Feature","properties":{},"geometry":{"type":"Point","coordinates":[-6.196388,53.378771]}},{"id":"193","type":"Feature","properties":{},"geometry":{"type":"Point","coordinates":[-6.322171,53.322667]}},{"id":"194","type":"Feature","properties":{},"geometry":{"type":"Point","coordinates":[-6.207503,53.373827]}},{"id":"195","type":"Feature","properties":{},"geometry":{"type":"Point","coordinates":[-6.251334,53.347552]}},{"id":"196","type":"Feature","properties":{},"geometry":{"type":"Point","coordinates":[-6.223994,53.3323]}},{"id":"197","type":"Feature","properties":{},"geometry":{"type":"Point","coordinates":[-6.169356,53.404378]}},{"id":"198","type":"Feature","properties":{},"geometry":{"type":"Point","coordinates":[-6.155664,53.389605]}},{"id":"199","type":"Feature","properties":{},"geometry":{"type":"Point","coordinates":[-6.214151,53.405981]}},{"id":"200","type":"Feature","properties":{},"geometry":{"type":"Point","coordinates":[-6.199189,53.362631]}},{"id":"201","type":"Feature","properties":{},"geometry":{"type":"Point","coordinates":[-6.259314,53.393319]}},{"id":"202","type":"Feature","properties":{},"geometry":{"type":"Point","coordinates":[-6.280353,53.305474]}},{"id":"203","type":"Feature","properties":{},"geometry":{"type":"Point","coordinates":[-6.308006,53.320124]}},{"id":"204","type":"Feature","properties":{},"geometry":{"type":"Point","coordinates":[-6.226123,53.398514]}},{"id":"205","type":"Feature","properties":{},"geometry":{"type":"Point","coordinates":[-6.269712,53.318714]}},{"id":"206","type":"Feature","properties":{},"geometry":{"type":"Point","coordinates":[-6.168895,53.362849]}},{"id":"207","type":"Feature","properties":{},"geometry":{"type":"Point","coordinates":[-6.157519,53.392851]}},{"id":"208","type":"Feature","properties":{},"geometry":{"type":"Point","coordinates":[-6.255998,53.369085]}},{"id":"209","type":"Feature","properties":{},"geometry":{"type":"Point","coordinates":[-6.30303,53.384379]}},{"id":"210","type":"Feature","properties":{},"geometry":{"type":"Point","coordinates":[-6.276009,53.319637]}},{"id":"211","type":"Feature","properties":{},"geometry":{"type":"Point","coordinates":[-6.184252,53.394694]}},{"id":"212","type":"Feature","properties":{},"geometry":{"type":"Point","coordinates":[-6.345646,53.356786]}},{"id":"213","type":"Feature","properties":{},"geometry":{"type":"Point","coordinates":[-6.142124,53.370454]}},{"id":"214","type":"Feature","properties":{},"geometry":{"type":"Point","coordinates":[-6.296492,53.313716]}},{"id":"215","type":"Feature","properties":{},"geometry":{"type":"Point","coordinates":[-6.360119,53.342897]}},{"id":"216","type":"Feature","properties":{},"geometry":{"type":"Point","coordinates":[-6.245819,53.331515]}},{"id":"217","type":"Feature","properties":{},"geometry":{"type":"Point","coordinates":[-6.221996,53.38211]}},{"id":"218","type":"Feature","properties":{},"geometry":{"type":"Point","coordinates":[-6.207504,53.405315]}},{"id":"219","type":"Feature","properties":{},"geometry":{"type":"Point","coordinates":[-6.233737,53.365007]}},{"id":"220","type":"Feature","properties":{},"geometry":{"type":"Point","coordinates":[-6.223768,53.354368]}},{"id":"221","type":"Feature","properties":{},"geometry":{"type":"Point","coordinates":[-6.239188,53.392616]}},{"id":"222","type":"Feature","properties":{},"geometry":{"type":"Point","coordinates":[-6.216124,53.331366]}},{"id":"223","type":"Feature","properties":{},"geometry":{"type":"Point","coordinates":[-6.234318,53.351547]}},{"id":"224","type":"Feature","properties":{},"geometry":{"type":"Point","coordinates":[-6.263483,53.320185]}},{"id":"225","type":"Feature","properties":{},"geometry":{"type":"Point","coordinates":[-6.326139,53.347714]}},{"id":"226","type":"Feature","properties":{},"geometry":{"type":"Point","coordinates":[-6.160838,53.366878]}},{"id":"227","type":"Feature","properties":{},"geometry":{"type":"Point","coordinates":[-6.271526,53.394463]}},{"id":"228","type":"Feature","properties":{},"geometry":{"type":"Point","coordinates":[-6.350275,53.363597]}},{"id":"229","type":"Feature","properties":{},"geometry":{"type":"Point","coordinates":[-6.179828,53.392983]}},{"id":"230","type":"Feature","properties":{},"geometry":{"type":"Point","coordinates":[-6.156066,53.391744]}},{"id":"231","type":"Feature","properties":{},"geometry":{"type":"Point","coordinates":[-6.249384,53.354963]}},{"id":"232","type":"Feature","properties":{},"geometry":{"type":"Point","coordinates":[-6.301329,53.340577]}},{"id":"233","type":"Feature","properties":{},"geometry":{"type":"Point","coordinates":[-6.202835,53.400131]}},{"id":"234","type":"Feature","properties":{},"geometry":{"type":"Point","coordinates":[-6.347228,53.359665]}},{"id":"235","type":"Feature","properties":{},"geometry":{"type":"Point","coordinates":[-6.302087,53.381024]}},{"id":"236","type":"Feature","properties":{},"geometry":{"type":"Point","coordinates":[-6.359033,53.34335]}},{"id":"237","type":"Feature","properties":{},"geometry":{"type":"Point","coordinates":[-6.335861,53.337193]}},{"id":"238","type":"Feature","properties":{},"geometry":{"type":"Point","coordinates":[-6.207164,53.406012]}},{"id":"239","type":"Feature","properties":{},"geometry":{"type":"Point","coordinates":[-6.213627,53.408387]}},{"id":"240","type":"Feature","properties":{},"geometry":{"type":"Point","coordinates":[-6.251271,53.345277]}},{"id":"241","type":"Feature","properties":{},"geometry":{"type":"Point","coordinates":[-6.183351,53.370201]}},{"id":"242","type":"Feature","properties":{},"geometry":{"type":"Point","coordinates":[-6.318577,53.326135]}},{"id":"243","type":"Feature","properties":{},"geometry":{"type":"Point","coordinates":[-6.142619,53.371095]}},{"id":"244","type":"Feature","properties":{},"geometry":{"type":"Point","coordinates":[-6.317318,53.336689]}},{"id":"245","type":"Feature","properties":{},"geometry":{"type":"Point","coordinates":[-6.296398,53.363154]}},{"id":"246","type":"Feature","properties":{},"geometry":{"type":"Point","coordinates":[-6.223353,53.351804]}},{"id":"247","type":"Feature","properties":{},"geometry":{"type":"Point","coordinates":[-6.285253,53.322215]}},{"id":"248","type":"Feature","properties":{},"geometry":{"type":"Point","coordinates":[-6.165715,53.376782]}},{"id":"249","type":"Feature","properties":{},"geometry":{"type":"Point","coordinates":[-6.244988,53.329009]}},{"id":"250","type":"Feature","properties":{},"geometry":{"type":"Point","coordinates":[-6.207153,53.378418]}},{"id":"251","type":"Feature","properties":{},"geometry":{"type":"Point","coordinates":[-6.261224,53.370133]}},{"id":"252","type":"Feature","properties":{},"geometry":{"type":"Point","coordinates":[-6.276069,53.338311]}},{"id":"253","type":"Feature","properties":{},"geometry":{"type":"Point","coordinates":[-6.298191,53.345496]}},{"id":"254","type":"Feature","properties":{},"geometry":{"type":"Point","coordinates":[-6.172547,53.396423]}},{"id":"255","type":"Feature","properties":{},"geometry":{"type":"Point","coordinates":[-6.201027,53.386522]}},{"id":"256","type":"Feature","properties":{},"geometry":{"type":"Point","coordinates":[-6.168767,53.39216]}},{"id":"257","type":"Feature","properties":{},"geometry":{"type":"Point","coordinates":[-6.339645,53.351924]}},{"id":"258","type":"Feature","properties":{},"geometry":{"type":"Point","coordinates":[-6.217933,53.370461]}},{"id":"259","type":"Feature","properties":{},"geometry":{"type":"Point","coordinates":[-6.304177,53.35886]}},{"id":"260","type":"Feature","properties":{},"geometry":{"type":"Point","coordinates":[-6.354093,53.333834]}},{"id":"261","type":"Feature","properties":{},"geometry":{"type":"Point","coordinates":[-6.290746,53.375062]}},{"id":"262","type":"Feature","properties":{},"geometry":{"type":"Point","coordinates":[-6.276417,53.405458]}},{"id":"263","type":"Feature","properties":{},"geometry":{"type":"Point","coordinates":[-6.167967,53.398424]}},{"id":"264","type":"Feature","properties":{},"geometry":{"type":"Point","coordinates":[-6.319297,53.364486]}},{"id":"265","type":"Feature","properties":{},"geometry":{"type":"Point","coordinates":[-6.192714,53.395845]}},{"id":"266","type":"Feature","properties":{},"geometry":{"type":"Point","coordinates":[-6.270043,53.37314]}},{"id":"267","type":"Feature","properties":{},"geometry":{"type":"Point","coordinates":[-6.262594,53.31612]}},{"id":"268","type":"Feature","properties":{},"geometry":{"type":"Point","coordinates":[-6.249263,53.338416]}},{"id":"269","type":"Feature","properties":{},"geometry":{"type":"Point","coordinates":[-6.19163,53.407235]}},{"id":"270","type":"Feature","properties":{},"geometry":{"type":"Point","coordinates":[-6.199192,53.385963]}},{"id":"271","type":"Feature","properties":{},"geometry":{"type":"Point","coordinates":[-6.241689,53.34438]}},{"id":"272","type":"Feature","properties":{},"geometry":{"type":"Point","coordinates":[-6.215235,53.32249]}},{"id":"273","type":"Feature","properties":{},"geometry":{"type":"Point","coordinates":[-6.305633,53.388836]}},{"id":"274","type":"Feature","properties":{},"geometry":{"type":"Point","coordinates":[-6.303236,53.326838]}},{"id":"275","type":"Feature","properties":{},"geometry":{"type":"Point","coordinates":[-6.166826,53.358697]}},{"id":"276","type":"Feature","properties":{},"geometry":{"type":"Point","coordinates":[-6.312608,53.344062]}},{"id":"277","type":"Feature","properties":{},"geometry":{"type":"Point","coordinates":[-6.205546,53.33689]}},{"id":"278","type":"Feature","properties":{},"geometry":{"type":"Point","coordinates":[-6.309103,53.320364]}},{"id":"279","type":"Feature","properties":{},"geometry":{"type":"Point","coordinates":[-6.188332,53.396725]}},{"id":"280","type":"Feature","properties":{},"geometry":{"type":"Point","coordinates":[-6.290991,53.347353]}},{"id":"281","type":"Feature","properties":{},"geometry":{"type":"Point","coordinates":[-6.305265,53.360094]}},{"id":"282","type":"Feature","properties":{},"geometry":{"type":"Point","coordinates":[-6.208423,53.379205]}},{"id":"283","type":"Feature","properties":{},"geometry":{"type":"Point","coordinates":[-6.247553,53.348194]}},{"id":"284","type":"Feature","properties":{},"geometry":{"type":"Point","coordinates":[-6.224405,53.375122]}},{"id":"285","type":"Feature","properties":{},"geometry":{"type":"Point","coordinates":[-6.247775,53.347497]}},{"id":"286","type":"Feature","properties":{},"geometry":{"type":"Point","coordinates":[-6.261146,53.333188]}},{"id":"287","type":"Feature","properties":{},"geometry":{"type":"Point","coordinates":[-6.321814,53.340292]}},{"id":"288","type":"Feature","properties":{},"geometry":{"type":"Point","coordinates":[-6.144747,53.371784]}},{"id":"289","type":"Feature","properties":{},"geometry":{"type":"Point","coordinates":[-6.300725,53.347419]}},{"id":"290","type":"Feature","properties":{},"geometry":{"type":"Point","coordinates":[-6.345155,53.359497]}},{"id":"291","type":"Feature","properties":{},"geometry":{"type":"Point","coordinates":[-6.308443,53.361338]}},{"id":"292","type":"Feature","properties":{},"geometry":{"type":"Point","coordinates":[-6.265737,53.330669]}},{"id":"293","type":"Feature","properties":{},"geometry":{"type":"Point","coordinates":[-6.246209,53.394286]}},{"id":"294","type":"Feature","properties":{},"geometry":{"type":"Point","coordinates":[-6.164377,53.380679]}},{"id":"295","type":"Feature","properties":{},"geometry":{"type":"Point","coordinates":[-6.289476,53.340569]}},{"id":"296","type":"Feature","properties":{},"geometry":{"type":"Point","coordinates":[-6.328231,53.346575]}},{"id":"297","type":"Feature","properties":{},"geometry":{"type":"Point","coordinates":[-6.175216,53.384745]}},{"id":"298","type":"Feature","properties":{},"geometry":{"type":"Point","coordinates":[-6.313255,53.345687]}},{"id":"299","type":"Feature","properties":{},"geometry":{"type":"Point","coordinates":[-6.359109,53.338067]}},{"id":"300","type":"Feature","properties":{},"geometry":{"type":"Point","coordinates":[-6.134503,53.377174]}},{"id":"301","type":"Feature","properties":{},"geometry":{"type":"Point","coordinates":[-6.217118,53.396882]}},{"id":"302","type":"Feature","properties":{},"geometry":{"type":"Point","coordinates":[-6.182869,53.362249]}},{"id":"303","type":"Feature","properties":{},"geometry":{"type":"Point","coordinates":[-6.300506,53.375764]}},{"id":"304","type":"Feature","properties":{},"geometry":{"type":"Point","coordinates":[-6.336871,53.329523]}},{"id":"305","type":"Feature","properties":{},"geometry":{"type":"Point","coordinates":[-6.373066,53.337081]}},{"id":"306","type":"Feature","properties":{},"geometry":{"type":"Point","coordinates":[-6.227408,53.404283]}},{"id":"307","type":"Feature","properties":{},"geometry":{"type":"Point","coordinates":[-6.300889,53.399804]}},{"id":"308","type":"Feature","properties":{},"geometry":{"type":"Point","coordinates":[-6.243462,53.340681]}},{"id":"309","type":"Feature","properties":{},"geometry":{"type":"Point","coordinates":[-6.20816,53.373929]}},{"id":"310","type":"Feature","properties":{},"geometry":{"type":"Point","coordinates":[-6.268599,53.370293]}},{"id":"311","type":"Feature","properties":{},"geometry":{"type":"Point","coordinates":[-6.21523,53.327165]}},{"id":"312","type":"Feature","properties":{},"geometry":{"type":"Point","coordinates":[-6.261629,53.398216]}},{"id":"313","type":"Feature","properties":{},"geometry":{"type":"Point","coordinates":[-6.257895,53.335807]}},{"id":"314","type":"Feature","properties":{},"geometry":{"type":"Point","coordinates":[-6.296038,53.355158]}},{"id":"315","type":"Feature","properties":{},"geometry":{"type":"Point","coordinates":[-6.258988,53.345038]}},{"id":"316","type":"Feature","properties":{},"geometry":{"type":"Point","coordinates":[-6.299733,53.399559]}},{"id":"317","type":"Feature","properties":{},"geometry":{"type":"Point","coordinates":[-6.218659,53.326394]}},{"id":"318","type":"Feature","properties":{},"geometry":{"type":"Point","coordinates":[-6.318149,53.351075]}},{"id":"319","type":"Feature","properties":{},"geometry":{"type":"Point","coordinates":[-6.240761,53.373916]}},{"id":"320","type":"Feature","properties":{},"geometry":{"type":"Point","coordinates":[-6.246663,53.385461]}},{"id":"321","type":"Feature","properties":{},"geometry":{"type":"Point","coordinates":[-6.286339,53.331231]}},{"id":"322","type":"Feature","properties":{},"geometry":{"type":"Point","coordinates":[-6.179085,53.365353]}},{"id":"323","type":"Feature","properties":{},"geometry":{"type":"Point","coordinates":[-6.304719,53.331099]}},{"id":"324","type":"Feature","properties":{},"geometry":{"type":"Point","coordinates":[-6.15259,53.38643]}},{"id":"325","type":"Feature","properties":{},"geometry":{"type":"Point","coordinates":[-6.358465,53.336837]}},{"id":"326","type":"Feature","properties":{},"geometry":{"type":"Point","coordinates":[-6.197974,53.388198]}},{"id":"327","type":"Feature","properties":{},"geometry":{"type":"Point","coordinates":[-6.251591,53.330519]}},{"id":"328","type":"Feature","properties":{},"geometry":{"type":"Point","coordinates":[-6.257315,53.34451]}},{"id":"329","type":"Feature","properties":{},"geometry":{"type":"Point","coordinates":[-6.345151,53.352538]}},{"id":"330","type":"Feature","properties":{},"geometry":{"type":"Point","coordinates":[-6.28012,53.345101]}},{"id":"331","type":"Feature","properties":{},"geometry":{"type":"Point","coordinates":[-6.296882,53.350664]}},{"id":"332","type":"Feature","properties":{},"geometry":{"type":"Point","coordinates":[-6.172285,53.372265]}},{"id":"333","type":"Feature","properties":{},"geometry":{"type":"Point","coordinates":[-6.296196,53.302454]}},{"id":"334","type":"Feature","properties":{},"geometry":{"type":"Point","coordinates":[-6.197661,53.373003]}},{"id":"335","type":"Feature","properties":{},"geometry":{"type":"Point","coordinates":[-6.288731,53.342177]}},{"id":"336","type":"Feature","properties":{},"geometry":{"type":"Point","coordinates":[-6.258411,53.336855]}},{"id":"337","type":"Feature","properties":{},"geometry":{"type":"Point","coordinates":[-6.218854,53.319479]}},{"id":"338","type":"Feature","properties":{},"geometry":{"type":"Point","coordinates":[-6.268398,53.382323]}},{"id":"339","type":"Feature","properties":{},"geometry":{"type":"Point","coordinates":[-6.165876,53.391012]}},{"id":"340","type":"Feature","properties":{},"geometry":{"type":"Point","coordinates":[-6.382382,53.334552]}},{"id":"341","type":"Feature","properties":{},"geometry":{"type":"Point","coordinates":[-6.251603,53.36563]}},{"id":"342","type":"Feature","properties":{},"geometry":{"type":"Point","coordinates":[-6.239472,53.323794]}},{"id":"343","type":"Feature","properties":{},"geometry":{"type":"Point","coordinates":[-6.246315,53.319024]}},{"id":"344","type":"Feature","properties":{},"geometry":{"type":"Point","coordinates":[-6.31596,53.360072]}},{"id":"345","type":"Feature","properties":{},"geometry":{"type":"Point","coordinates":[-6.182429,53.397131]}},{"id":"346","type":"Feature","properties":{},"geometry":{"type":"Point","coordinates":[-6.246913,53.36137]}},{"id":"347","type":"Feature","properties":{},"geometry":{"type":"Point","coordinates":[-6.221648,53.338765]}},{"id":"348","type":"Feature","properties":{},"geometry":{"type":"Point","coordinates":[-6.163491,53.368695]}},{"id":"349","type":"Feature","properties":{},"geometry":{"type":"Point","coordinates":[-6.320025,53.384696]}},{"id":"350","type":"Feature","properties":{},"geometry":{"type":"Point","coordinates":[-6.304236,53.362323]}},{"id":"351","type":"Feature","properties":{},"geometry":{"type":"Point","coordinates":[-6.255471,53.382362]}},{"id":"352","type":"Feature","properties":{},"geometry":{"type":"Point","coordinates":[-6.217625,53.335338]}},{"id":"353","type":"Feature","properties":{},"geometry":{"type":"Point","coordinates":[-6.337342,53.357234]}},{"id":"354","type":"Feature","properties":{},"geometry":{"type":"Point","coordinates":[-6.337419,53.3549]}},{"id":"355","type":"Feature","properties":{},"geometry":{"type":"Point","coordinates":[-6.265528,53.317364]}},{"id":"356","type":"Feature","properties":{},"geometry":{"type":"Point","coordinates":[-6.175882,53.403414]}},{"id":"357","type":"Feature","properties":{},"geometry":{"type":"Point","coordinates":[-6.326332,53.326996]}},{"id":"358","type":"Feature","properties":{},"geometry":{"type":"Point","coordinates":[-6.310983,53.338589]}},{"id":"359","type":"Feature","properties":{},"geometry":{"type":"Point","coordinates":[-6.27268,53.36786]}},{"id":"360","type":"Feature","properties":{},"geometry":{"type":"Point","coordinates":[-6.194207,53.392722]}},{"id":"361","type":"Feature","properties":{},"geometry":{"type":"Point","coordinates":[-6.251384,53.340317]}},{"id":"362","type":"Feature","properties":{},"geometry":{"type":"Point","coordinates":[-6.263147,53.370238]}},{"id":"363","type":"Feature","properties":{},"geometry":{"type":"Point","coordinates":[-6.212456,53.377406]}},{"id":"364","type":"Feature","properties":{},"geometry":{"type":"Point","coordinates":[-6.263758,53.316558]}},{"id":"365","type":"Feature","properties":{},"geometry":{"type":"Point","coordinates":[-6.180659,53.396276]}},{"id":"366","type":"Feature","properties":{},"geometry":{"type":"Point","coordinates":[-6.25954,53.372992]}},{"id":"367","type":"Feature","properties":{},"geometry":{"type":"Point","coordinates":[-6.209701,53.326784]}},{"id":"368","type":"Feature","properties":{},"geometry":{"type":"Point","coordinates":[-6.225089,53.394522]}},{"id":"369","type":"Feature","properties":{},"geometry":{"type":"Point","coordinates":[-6.274483,53.385634]}},{"id":"370","type":"Feature","properties":{},"geometry":{"type":"Point","coordinates":[-6.254941,53.361762]}},{"id":"371","type":"Feature","properties":{},"geometry":{"type":"Point","coordinates":[-6.280231,53.399549]}},{"id":"372","type":"Feature","properties":{},"geometry":{"type":"Point","coordinates":[-6.215483,53.409621]}},{"id":"373","type":"Feature","properties":{},"geometry":{"type":"Point","coordinates":[-6.278511,53.369623]}},{"id":"374","type":"Feature","properties":{},"geometry":{"type":"Point","coordinates":[-6.221109,53.337566]}},{"id":"375","type":"Feature","properties":{},"geometry":{"type":"Point","coordinates":[-6.214013,53.330601]}},{"id":"376","type":"Feature","properties":{},"geometry":{"type":"Point","coordinates":[-6.19221,53.387089]}},{"id":"377","type":"Feature","properties":{},"geometry":{"type":"Point","coordinates":[-6.279126,53.328834]}},{"id":"378","type":"Feature","properties":{},"geometry":{"type":"Point","coordinates":[-6.177664,53.383293]}},{"id":"379","type":"Feature","properties":{},"geometry":{"type":"Point","coordinates":[-6.294422,53.340723]}},{"id":"380","type":"Feature","properties":{},"geometry":{"type":"Point","coordinates":[-6.300706,53.340227]}},{"id":"381","type":"Feature","properties":{},"geometry":{"type":"Point","coordinates":[-6.272057,53.309443]}},{"id":"382","type":"Feature","properties":{},"geometry":{"type":"Point","coordinates":[-6.323044,53.369848]}},{"id":"383","type":"Feature","properties":{},"geometry":{"type":"Point","coordinates":[-6.282829,53.402068]}},{"id":"384","type":"Feature","properties":{},"geometry":{"type":"Point","coordinates":[-6.212729,53.328128]}},{"id":"385","type":"Feature","properties":{},"geometry":{"type":"Point","coordinates":[-6.289734,53.34025]}},{"id":"386","type":"Feature","properties":{},"geometry":{"type":"Point","coordinates":[-6.183978,53.399405]}},{"id":"387","type":"Feature","properties":{},"geometry":{"type":"Point","coordinates":[-6.276647,53.310225]}},{"id":"388","type":"Feature","properties":{},"geometry":{"type":"Point","coordinates":[-6.274069,53.393211]}},{"id":"389","type":"Feature","properties":{},"geometry":{"type":"Point","coordinates":[-6.314443,53.366548]}},{"id":"390","type":"Feature","properties":{},"geometry":{"type":"Point","coordinates":[-6.243692,53.37949]}},{"id":"391","type":"Feature","properties":{},"geometry":{"type":"Point","coordinates":[-6.258188,53.36379]}},{"id":"392","type":"Feature","properties":{},"geometry":{"type":"Point","coordinates":[-6.265918,53.368414]}},{"id":"393","type":"Feature","properties":{},"geometry":{"type":"Point","coordinates":[-6.330763,53.359998]}},{"id":"394","type":"Feature","properties":{},"geometry":{"type":"Point","coordinates":[-6.196604,53.384483]}},{"id":"395","type":"Feature","properties":{},"geometry":{"type":"Point","coordinates":[-6.352768,53.334526]}},{"id":"396","type":"Feature","properties":{},"geometry":{"type":"Point","coordinates":[-6.223306,53.362166]}},{"id":"397","type":"Feature","properties":{},"geometry":{"type":"Point","coordinates":[-6.286929,53.369978]}},{"id":"398","type":"Feature","properties":{},"geometry":{"type":"Point","coordinates":[-6.38027,53.337283]}},{"id":"399","type":"Feature","properties":{},"geometry":{"type":"Point","coordinates":[-6.223453,53.317197]}},{"id":"400","type":"Feature","properties":{},"geometry":{"type":"Point","coordinates":[-6.15425,53.402549]}},{"id":"401","type":"Feature","properties":{},"geometry":{"type":"Point","coordinates":[-6.242559,53.347848]}},{"id":"402","type":"Feature","properties":{},"geometry":{"type":"Point","coordinates":[-6.169329,53.407093]}},{"id":"403","type":"Feature","properties":{},"geometry":{"type":"Point","coordinates":[-6.278524,53.329493]}},{"id":"404","type":"Feature","properties":{},"geometry":{"type":"Point","coordinates":[-6.313581,53.376818]}},{"id":"405","type":"Feature","properties":{},"geometry":{"type":"Point","coordinates":[-6.205926,53.391747]}},{"id":"406","type":"Feature","properties":{},"geometry":{"type":"Point","coordinates":[-6.259933,53.356837]}},{"id":"407","type":"Feature","properties":{},"geometry":{"type":"Point","coordinates":[-6.264207,53.390928]}},{"id":"408","type":"Feature","properties":{},"geometry":{"type":"Point","coordinates":[-6.196517,53.40663]}},{"id":"409","type":"Feature","properties":{},"geometry":{"type":"Point","coordinates":[-6.219262,53.369435]}},{"id":"410","type":"Feature","properties":{},"geometry":{"type":"Point","coordinates":[-6.349707,53.360896]}},{"id":"411","type":"Feature","properties":{},"geometry":{"type":"Point","coordinates":[-6.327567,53.337784]}},{"id":"412","type":"Feature","properties":{},"geometry":{"type":"Point","coordinates":[-6.266932,53.338188]}},{"id":"413","type":"Feature","properties":{},"geometry":{"type":"Point","coordinates":[-6.228103,53.354769]}},{"id":"414","type":"Feature","properties":{},"geometry":{"type":"Point","coordinates":[-6.325553,53.369577]}},{"id":"415","type":"Feature","properties":{},"geometry":{"type":"Point","coordinates":[-6.280227,53.319213]}},{"id":"416","type":"Feature","properties":{},"geometry":{"type":"Point","coordinates":[-6.306555,53.3933]}},{"id":"417","type":"Feature","properties":{},"geometry":{"type":"Point","coordinates":[-6.165338,53.363926]}},{"id":"418","type":"Feature","properties":{},"geometry":{"type":"Point","coordinates":[-6.315505,53.323602]}},{"id":"419","type":"Feature","properties":{},"geometry":{"type":"Point","coordinates":[-6.287205,53.313095]}},{"id":"420","type":"Feature","properties":{},"geometry":{"type":"Point","coordinates":[-6.294311,53.307284]}},{"id":"421","type":"Feature","properties":{},"geometry":{"type":"Point","coordinates":[-6.265694,53.3409]}},{"id":"422","type":"Feature","properties":{},"geometry":{"type":"Point","coordinates":[-6.264981,53.384577]}},{"id":"423","type":"Feature","properties":{},"geometry":{"type":"Point","coordinates":[-6.218703,53.372619]}},{"id":"424","type":"Feature","properties":{},"geometry":{"type":"Point","coordinates":[-6.288096,53.368712]}},{"id":"425","type":"Feature","properties":{},"geometry":{"type":"Point","coordinates":[-6.33067,53.365156]}},{"id":"426","type":"Feature","properties":{},"geometry":{"type":"Point","coordinates":[-6.177418,53.379437]}},{"id":"427","type":"Feature","properties":{},"geometry":{"type":"Point","coordinates":[-6.234416,53.354244]}},{"id":"428","type":"Feature","properties":{},"geometry":{"type":"Point","coordinates":[-6.23103,53.324184]}},{"id":"429","type":"Feature","properties":{},"geometry":{"type":"Point","coordinates":[-6.24529,53.313879]}},{"id":"430","type":"Feature","properties":{},"geometry":{"type":"Point","coordinates":[-6.233695,53.351225]}},{"id":"431","type":"Feature","properties":{},"geometry":{"type":"Point","coordinates":[-6.157428,53.391902]}},{"id":"432","type":"Feature","properties":{},"geometry":{"type":"Point","coordinates":[-6.282256,53.378589]}},{"id":"433","type":"Feature","properties":{},"geometry":{"type":"Point","coordinates":[-6.296391,53.350531]}},{"id":"434","type":"Feature","properties":{},"geometry":{"type":"Point","coordinates":[-6.302545,53.333619]}},{"id":"435","type":"Feature","properties":{},"geometry":{"type":"Point","coordinates":[-6.15503,53.386216]}},{"id":"436","type":"Feature","properties":{},"geometry":{"type":"Point","coordinates":[-6.157361,53.372604]}},{"id":"437","type":"Feature","properties":{},"geometry":{"type":"Point","coordinates":[-6.240596,53.35019]}},{"id":"438","type":"Feature","properties":{},"geometry":{"type":"Point","coordinates":[-6.306443,53.398819]}},{"id":"439","type":"Feature","properties":{},"geometry":{"type":"Point","coordinates":[-6.227224,53.329663]}},{"id":"440","type":"Feature","properties":{},"geometry":{"type":"Point","coordinates":[-6.268743,53.400449]}},{"id":"441","type":"Feature","properties":{},"geometry":{"type":"Point","coordinates":[-6.324189,53.368997]}},{"id":"442","type":"Feature","properties":{},"geometry":{"type":"Point","coordinates":[-6.279844,53.341861]}},{"id":"443","type":"Feature","properties":{},"geometry":{"type":"Point","coordinates":[-6.26483,53.35687]}},{"id":"444","type":"Feature","properties":{},"geometry":{"type":"Point","coordinates":[-6.239287,53.389922]}},{"id":"445","type":"Feature","properties":{},"geometry":{"type":"Point","coordinates":[-6.293056,53.379436]}},{"id":"446","type":"Feature","properties":{},"geometry":{"type":"Point","coordinates":[-6.230374,53.391971]}},{"id":"447","type":"Feature","properties":{},"geometry":{"type":"Point","coordinates":[-6.373738,53.332637]}},{"id":"448","type":"Feature","properties":{},"geometry":{"type":"Point","coordinates":[-6.267455,53.344324]}},{"id":"449","type":"Feature","properties":{},"geometry":{"type":"Point","coordinates":[-6.196263,53.346168]}},{"id":"450","type":"Feature","properties":{},"geometry":{"type":"Point","coordinates":[-6.213327,53.372343]}},{"id":"451","type":"Feature","properties":{},"geometry":{"type":"Point","coordinates":[-6.338531,53.32774]}},{"id":"452","type":"Feature","properties":{},"geometry":{"type":"Point","coordinates":[-6.318136,53.338642]}},{"id":"453","type":"Feature","properties":{},"geometry":{"type":"Point","coordinates":[-6.355341,53.358622]}},{"id":"454","type":"Feature","properties":{},"geometry":{"type":"Point","coordinates":[-6.239722,53.350868]}},{"id":"455","type":"Feature","properties":{},"geometry":{"type":"Point","coordinates":[-6.295317,53.304429]}},{"id":"456","type":"Feature","properties":{},"geometry":{"type":"Point","coordinates":[-6.224048,53.332522]}},{"id":"457","type":"Feature","properties":{},"geometry":{"type":"Point","coordinates":[-6.226043,53.406959]}},{"id":"458","type":"Feature","properties":{},"geometry":{"type":"Point","coordinates":[-6.176528,53.387801]}},{"id":"459","type":"Feature","properties":{},"geometry":{"type":"Point","coordinates":[-6.25415,53.308772]}},{"id":"460","type":"Feature","properties":{},"geometry":{"type":"Point","coordinates":[-6.315849,53.32111]}},{"id":"461","type":"Feature","properties":{},"geometry":{"type":"Point","coordinates":[-6.275684,53.344081]}},{"id":"462","type":"Feature","properties":{},"geometry":{"type":"Point","coordinates":[-6.344627,53.359705]}},{"id":"463","type":"Feature","properties":{},"geometry":{"type":"Point","coordinates":[-6.289806,53.316573]}},{"id":"464","type":"Feature","properties":{},"geometry":{"type":"Point","coordinates":[-6.369148,53.330325]}},{"id":"465","type":"Feature","properties":{},"geometry":{"type":"Point","coordinates":[-6.281815,53.396343]}},{"id":"466","type":"Feature","properties":{},"geometry":{"type":"Point","coordinates":[-6.261041,53.356872]}},{"id":"467","type":"Feature","properties":{},"geometry":{"type":"Point","coordinates":[-6.374204,53.33338]}},{"id":"468","type":"Feature","properties":{},"geometry":{"type":"Point","coordinates":[-6.245018,53.394927]}},{"id":"469","type":"Feature","properties":{},"geometry":{"type":"Point","coordinates":[-6.351062,53.336846]}},{"id":"470","type":"Feature","properties":{},"geometry":{"type":"Point","coordinates":[-6.246473,53.391524]}},{"id":"471","type":"Feature","properties":{},"geometry":{"type":"Point","coordinates":[-6.264342,53.324034]}},{"id":"472","type":"Feature","properties":{},"geometry":{"type":"Point","coordinates":[-6.315763,53.373975]}},{"id":"473","type":"Feature","properties":{},"geometry":{"type":"Point","coordinates":[-6.328398,53.333014]}},{"id":"474","type":"Feature","properties":{},"geometry":{"type":"Point","coordinates":[-6.298462,53.3365]}},{"id":"475","type":"Feature","properties":{},"geometry":{"type":"Point","coordinates":[-6.284051,53.337506]}},{"id":"476","type":"Feature","properties":{},"geometry":{"type":"Point","coordinates":[-6.185022,53.370841]}},{"id":"477","type":"Feature","properties":{},"geometry":{"type":"Point","coordinates":[-6.293486,53.388168]}},{"id":"478","type":"Feature","properties":{},"geometry":{"type":"Point","coordinates":[-6.209051,53.342588]}},{"id":"479","type":"Feature","properties":{},"geometry":{"type":"Point","coordinates":[-6.273008,53.405095]}},{"id":"480","type":"Feature","properties":{},"geometry":{"type":"Point","coordinates":[-6.229404,53.354483]}},{"id":"481","type":"Feature","properties":{},"geometry":{"type":"Point","coordinates":[-6.211907,53.330799]}},{"id":"482","type":"Feature","properties":{},"geometry":{"type":"Point","coordinates":[-6.253611,53.35613]}},{"id":"483","type":"Feature","properties":{},"geometry":{"type":"Point","coordinates":[-6.254166,53.392076]}},{"id":"484","type":"Feature","properties":{},"geometry":{"type":"Point","coordinates":[-6.23825,53.347353]}},{"id":"485","type":"Feature","properties":{},"geometry":{"type":"Point","coordinates":[-6.294054,53.374888]}},{"id":"486","type":"Feature","properties":{},"geometry":{"type":"Point","coordinates":[-6.356124,53.346368]}},{"id":"487","type":"Feature","properties":{},"geometry":{"type":"Point","coordinates":[-6.275165,53.317273]}},{"id":"488","type":"Feature","properties":{},"geometry":{"type":"Point","coordinates":[-6.252789,53.344346]}},{"id":"489","type":"Feature","properties":{},"geometry":{"type":"Point","coordinates":[-6.173522,53.405528]}},{"id":"490","type":"Feature","properties":{},"geometry":{"type":"Point","coordinates":[-6.338505,53.336095]}},{"id":"491","type":"Feature","properties":{},"geometry":{"type":"Point","coordinates":[-6.286643,53.374417]}},{"id":"492","type":"Feature","properties":{},"geometry":{"type":"Point","coordinates":[-6.295941,53.389274]}},{"id":"493","type":"Feature","properties":{},"geometry":{"type":"Point","coordinates":[-6.288947,53.302027]}},{"id":"494","type":"Feature","properties":{},"geometry":{"type":"Point","coordinates":[-6.201914,53.340046]}},{"id":"495","type":"Feature","properties":{},"geometry":{"type":"Point","coordinates":[-6.291506,53.330981]}},{"id":"496","type":"Feature","properties":{},"geometry":{"type":"Point","coordinates":[-6.279299,53.357743]}},{"id":"497","type":"Feature","properties":{},"geometry":{"type":"Point","coordinates":[-6.301077,53.33266]}},{"id":"498","type":"Feature","properties":{},"geometry":{"type":"Point","coordinates":[-6.25377,53.329374]}},{"id":"499","type":"Feature","properties":{},"geometry":{"type":"Point","coordinates":[-6.169569,53.402806]}},{"id":"500","type":"Feature","properties":{},"geometry":{"type":"Point","coordinates":[-6.304848,53.397866]}},{"id":"501","type":"Feature","properties":{},"geometry":{"type":"Point","coordinates":[-6.304817,53.320498]}},{"id":"502","type":"Feature","properties":{},"geometry":{"type":"Point","coordinates":[-6.270731,53.343808]}},{"id":"503","type":"Feature","properties":{},"geometry":{"type":"Point","coordinates":[-6.22156,53.391994]}},{"id":"504","type":"Feature","properties":{},"geometry":{"type":"Point","coordinates":[-6.230839,53.376056]}},{"id":"505","type":"Feature","properties":{},"geometry":{"type":"Point","coordinates":[-6.289195,53.338444]}},{"id":"506","type":"Feature","properties":{},"geometry":{"type":"Point","coordinates":[-6.184706,53.374067]}},{"id":"507","type":"Feature","properties":{},"geometry":{"type":"Point","coordinates":[-6.262933,53.34263]}},{"id":"508","type":"Feature","properties":{},"geometry":{"type":"Point","coordinates":[-6.302275,53.395947]}},{"id":"509","type":"Feature","properties":{},"geometry":{"type":"Point","coordinates":[-6.278775,53.387432]}},{"id":"510","type":"Feature","properties":{},"geometry":{"type":"Point","coordinates":[-6.159094,53.396903]}},{"id":"511","type":"Feature","properties":{},"geometry":{"type":"Point","coordinates":[-6.324759,53.375461]}},{"id":"512","type":"Feature","properties":{},"geometry":{"type":"Point","coordinates":[-6.347482,53.352632]}},{"id":"513","type":"Feature","properties":{},"geometry":{"type":"Point","coordinates":[-6.306243,53.357971]}},{"id":"514","type":"Feature","properties":{},"geometry":{"type":"Point","coordinates":[-6.160064,53.364364]}},{"id":"515","type":"Feature","properties":{},"geometry":{"type":"Point","coordinates":[-6.219443,53.314931]}},{"id":"516","type":"Feature","properties":{},"geometry":{"type":"Point","coordinates":[-6.300402,53.344745]}},{"id":"517","type":"Feature","properties":{},"geometry":{"type":"Point","coordinates":[-6.360846,53.338826]}},{"id":"518","type":"Feature","properties":{},"geometry":{"type":"Point","coordinates":[-6.230285,53.392148]}},{"id":"519","type":"Feature","properties":{},"geometry":{"type":"Point","coordinates":[-6.311859,53.368846]}},{"id":"520","type":"Feature","properties":{},"geometry":{"type":"Point","coordinates":[-6.236116,53.346486]}},{"id":"521","type":"Feature","properties":{},"geometry":{"type":"Point","coordinates":[-6.278334,53.36805]}},{"id":"522","type":"Feature","properties":{},"geometry":{"type":"Point","coordinates":[-6.336346,53.344571]}},{"id":"523","type":"Feature","properties":{},"geometry":{"type":"Point","coordinates":[-6.345848,53.336773]}},{"id":"524","type":"Feature","properties":{},"geometry":{"type":"Point","coordinates":[-6.209108,53.393242]}},{"id":"525","type":"Feature","properties":{},"geometry":{"type":"Point","coordinates":[-6.225658,53.324258]}},{"id":"526","type":"Feature","properties":{},"geometry":{"type":"Point","coordinates":[-6.288532,53.303744]}},{"id":"527","type":"Feature","properties":{},"geometry":{"type":"Point","coordinates":[-6.276191,53.339725]}},{"id":"528","type":"Feature","properties":{},"geometry":{"type":"Point","coordinates":[-6.249912,53.393773]}},{"id":"529","type":"Feature","properties":{},"geometry":{"type":"Point","coordinates":[-6.285495,53.364032]}},{"id":"530","type":"Feature","properties":{},"geometry":{"type":"Point","coordinates":[-6.169385,53.400761]}},{"id":"531","type":"Feature","properties":{},"geometry":{"type":"Point","coordinates":[-6.182659,53.375207]}},{"id":"532","type":"Feature","properties":{},"geometry":{"type":"Point","coordinates":[-6.222977,53.367382]}},{"id":"533","type":"Feature","properties":{},"geometry":{"type":"Point","coordinates":[-6.160753,53.401519]}},{"id":"534","type":"Feature","properties":{},"geometry":{"type":"Point","coordinates":[-6.290743,53.320487]}},{"id":"535","type":"Feature","properties":{},"geometry":{"type":"Point","coordinates":[-6.30749,53.33669]}},{"id":"536","type":"Feature","properties":{},"geometry":{"type":"Point","coordinates":[-6.359502,53.336937]}},{"id":"537","type":"Feature","properties":{},"geometry":{"type":"Point","coordinates":[-6.303246,53.324899]}},{"id":"538","type":"Feature","properties":{},"geometry":{"type":"Point","coordinates":[-6.297137,53.34028]}},{"id":"539","type":"Feature","properties":{},"geometry":{"type":"Point","coordinates":[-6.250175,53.368764]}},{"id":"540","type":"Feature","properties":{},"geometry":{"type":"Point","coordinates":[-6.225164,53.367286]}},{"id":"541","type":"Feature","properties":{},"geometry":{"type":"Point","coordinates":[-6.181704,53.400299]}},{"id":"542","type":"Feature","properties":{},"geometry":{"type":"Point","coordinates":[-6.246026,53.39162]}},{"id":"543","type":"Feature","properties":{},"geometry":{"type":"Point","coordinates":[-6.219895,53.399374]}},{"id":"544","type":"Feature","properties":{},"geometry":{"type":"Point","coordinates":[-6.302302,53.32958]}},{"id":"545","type":"Feature","properties":{},"geometry":{"type":"Point","coordinates":[-6.385802,53.339783]}},{"id":"546","type":"Feature","properties":{},"geometry":{"type":"Point","coordinates":[-6.230926,53.385847]}},{"id":"547","type":"Feature","properties":{},"geometry":{"type":"Point","coordinates":[-6.310002,53.398862]}},{"id":"548","type":"Feature","properties":{},"geometry":{"type":"Point","coordinates":[-6.153299,53.363616]}},{"id":"549","type":"Feature","properties":{},"geometry":{"type":"Point","coordinates":[-6.32249,53.360267]}},{"id":"550","type":"Feature","properties":{},"geometry":{"type":"Point","coordinates":[-6.312656,53.318903]}},{"id":"551","type":"Feature","properties":{},"geometry":{"type":"Point","coordinates":[-6.386444,53.33892]}},{"id":"552","type":"Feature","properties":{},"geometry":{"type":"Point","coordinates":[-6.347623,53.358169]}},{"id":"553","type":"Feature","properties":{},"geometry":{"type":"Point","coordinates":[-6.270055,53.400138]}},{"id":"554","type":"Feature","properties":{},"geometry":{"type":"Point","coordinates":[-6.231706,53.358814]}},{"id":"555","type":"Feature","properties":{},"geometry":{"type":"Point","coordinates":[-6.196911,53.33812]}},{"id":"556","type":"Feature","properties":{},"geometry":{"type":"Point","coordinates":[-6.227399,53.388225]}},{"id":"557","type":"Feature","properties":{},"geometry":{"type":"Point","coordinates":[-6.311911,53.337464]}},{"id":"558","type":"Feature","properties":{},"geometry":{"type":"Point","coordinates":[-6.263971,53.334916]}},{"id":"559","type":"Feature","properties":{},"geometry":{"type":"Point","coordinates":[-6.195824,53.3841]}},{"id":"560","type":"Feature","properties":{},"geometry":{"type":"Point","coordinates":[-6.296467,53.3209]}},{"id":"561","type":"Feature","properties":{},"geometry":{"type":"Point","coordinates":[-6.303239,53.382579]}},{"id":"562","type":"Feature","properties":{},"geometry":{"type":"Point","coordinates":[-6.318178,53.328013]}},{"id":"563","type":"Feature","properties":{},"geometry":{"type":"Point","coordinates":[-6.215126,53.343886]}},{"id":"564","type":"Feature","properties":{},"geometry":{"type":"Point","coordinates":[-6.268937,53.304046]}},{"id":"565","type":"Feature","properties":{},"geometry":{"type":"Point","coordinates":[-6.210108,53.343953]}},{"id":"566","type":"Feature","properties":{},"geometry":{"type":"Point","coordinates":[-6.311885,53.325216]}},{"id":"567","type":"Feature","properties":{},"geometry":{"type":"Point","coordinates":[-6.237708,53.382078]}},{"id":"568","type":"Feature","properties":{},"geometry":{"type":"Point","coordinates":[-6.236529,53.32905]}},{"id":"569","type":"Feature","properties":{},"geometry":{"type":"Point","coordinates":[-6.340118,53.351878]}},{"id":"570","type":"Feature","properties":{},"geometry":{"type":"Point","coordinates":[-6.243066,53.382515]}},{"id":"571","type":"Feature","properties":{},"geometry":{"type":"Point","coordinates":[-6.203303,53.33914]}},{"id":"572","type":"Feature","properties":{},"geometry":{"type":"Point","coordinates":[-6.273562,53.404253]}},{"id":"573","type":"Feature","properties":{},"geometry":{"type":"Point","coordinates":[-6.22636,53.312699]}},{"id":"574","type":"Feature","properties":{},"geometry":{"type":"Point","coordinates":[-6.236326,53.340757]}},{"id":"575","type":"Feature","properties":{},"geometry":{"type":"Point","coordinates":[-6.272529,53.346569]}},{"id":"576","type":"Feature","properties":{},"geometry":{"type":"Point","coordinates":[-6.32192,53.357188]}},{"id":"577","type":"Feature","properties":{},"geometry":{"type":"Point","coordinates":[-6.269773,53.349575]}},{"id":"578","type":"Feature","properties":{},"geometry":{"type":"Point","coordinates":[-6.331953,53.34968]}},{"id":"579","type":"Feature","properties":{},"geometry":{"type":"Point","coordinates":[-6.320364,53.318653]}},{"id":"580","type":"Feature","properties":{},"geometry":{"type":"Point","coordinates":[-6.369503,53.335405]}},{"id":"581","type":"Feature","properties":{},"geometry":{"type":"Point","coordinates":[-6.283086,53.373848]}},{"id":"582","type":"Feature","properties":{},"geometry":{"type":"Point","coordinates":[-6.312032,53.360488]}},{"id":"583","type":"Feature","properties":{},"geometry":{"type":"Point","coordinates":[-6.255358,53.369423]}},{"id":"584","type":"Feature","properties":{},"geometry":{"type":"Point","coordinates":[-6.296919,53.305904]}},{"id":"585","type":"Feature","properties":{},"geometry":{"type":"Point","coordinates":[-6.21038,53.316113]}},{"id":"586","type":"Feature","properties":{},"geometry":{"type":"Point","coordinates":[-6.20483,53.391307]}},{"id":"587","type":"Feature","properties":{},"geometry":{"type":"Point","coordinates":[-6.279195,53.400932]}},{"id":"588","type":"Feature","properties":{},"geometry":{"type":"Point","coordinates":[-6.14939,53.402686]}},{"id":"589","type":"Feature","properties":{},"geometry":{"type":"Point","coordinates":[-6.2739,53.402086]}},{"id":"590","type":"Feature","properties":{},"geometry":{"type":"Point","coordinates":[-6.15608,53.364026]}},{"id":"591","type":"Feature","properties":{},"geometry":{"type":"Point","coordinates":[-6.22797,53.382949]}},{"id":"592","type":"Feature","properties":{},"geometry":{"type":"Point","coordinates":[-6.23388,53.386103]}},{"id":"593","type":"Feature","properties":{},"geometry":{"type":"Point","coordinates":[-6.147213,53.369469]}},{"id":"594","type":"Feature","properties":{},"geometry":{"type":"Point","coordinates":[-6.245864,53.339349]}},{"id":"595","type":"Feature","properties":{},"geometry":{"type":"Point","coordinates":[-6.29876,53.315544]}},{"id":"596","type":"Feature","properties":{},"geometry":{"type":"Point","coordinates":[-6.211669,53.311037]}},{"id":"597","type":"Feature","properties":{},"geometry":{"type":"Point","coordinates":[-6.262811,53.360722]}},{"id":"598","type":"Feature","properties":{},"geometry":{"type":"Point","coordinates":[-6.195246,53.390953]}},{"id":"599","type":"Feature","properties":{},"geometry":{"type":"Point","coordinates":[-6.209909,53.314647]}},{"id":"600","type":"Feature","properties":{},"geometry":{"type":"Point","coordinates":[-6.325571,53.331904]}},{"id":"601","type":"Feature","properties":{},"geometry":{"type":"Point","coordinates":[-6.187282,53.36232]}},{"id":"602","type":"Feature","properties":{},"geometry":{"type":"Point","coordinates":[-6.32804,53.333748]}},{"id":"603","type":"Feature","properties":{},"geometry":{"type":"Point","coordinates":[-6.328657,53.340823]}},{"id":"604","type":"Feature","properties":{},"geometry":{"type":"Point","coordinates":[-6.266837,53.389998]}},{"id":"605","type":"Feature","properties":{},"geometry":{"type":"Point","coordinates":[-6.19277,53.347786]}},{"id":"606","type":"Feature","properties":{},"geometry":{"type":"Point","coordinates":[-6.206411,53.40106]}},{"id":"607","type":"Feature","properties":{},"geometry":{"type":"Point","coordinates":[-6.225642,53.354809]}},{"id":"608","type":"Feature","properties":{},"geometry":{"type":"Point","coordinates":[-6.258708,53.387098]}},{"id":"609","type":"Feature","properties":{},"geometry":{"type":"Point","coordinates":[-6.217291,53.318754]}},{"id":"610","type":"Feature","properties":{},"geometry":{"type":"Point","coordinates":[-6.257893,53.329617]}},{"id":"611","type":"Feature","properties":{},"geometry":{"type":"Point","coordinates":[-6.264929,53.348295]}},{"id":"612","type":"Feature","properties":{},"geometry":{"type":"Point","coordinates":[-6.189484,53.390208]}},{"id":"613","type":"Feature","properties":{},"geometry":{"type":"Point","coordinates":[-6.251988,53.345026]}},{"id":"614","type":"Feature","properties":{},"geometry":{"type":"Point","coordinates":[-6.281062,53.390314]}},{"id":"615","type":"Feature","properties":{},"geometry":{"type":"Point","coordinates":[-6.296597,53.363631]}},{"id":"616","type":"Feature","properties":{},"geometry":{"type":"Point","coordinates":[-6.318028,53.381619]}},{"id":"617","type":"Feature","properties":{},"geometry":{"type":"Point","coordinates":[-6.186142,53.367488]}},{"id":"618","type":"Feature","properties":{},"geometry":{"type":"Point","coordinates":[-6.237441,53.364714]}},{"id":"619","type":"Feature","properties":{},"geometry":{"type":"Point","coordinates":[-6.297986,53.334728]}},{"id":"620","type":"Feature","properties":{},"geometry":{"type":"Point","coordinates":[-6.230266,53.360311]}},{"id":"621","type":"Feature","properties":{},"geometry":{"type":"Point","coordinates":[-6.316177,53.38998]}},{"id":"622","type":"Feature","properties":{},"geometry":{"type":"Point","coordinates":[-6.210755,53.397911]}},{"id":"623","type":"Feature","properties":{},"geometry":{"type":"Point","coordinates":[-6.354176,53.349763]}},{"id":"624","type":"Feature","properties":{},"geometry":{"type":"Point","coordinates":[-6.270415,53.30947]}},{"id":"625","type":"Feature","properties":{},"geometry":{"type":"Point","coordinates":[-6.194557,53.383717]}},{"id":"626","type":"Feature","properties":{},"geometry":{"type":"Point","coordinates":[-6.193607,53.382662]}},{"id":"627","type":"Feature","properties":{},"geometry":{"type":"Point","coordinates":[-6.303147,53.356824]}},{"id":"628","type":"Feature","properties":{},"geometry":{"type":"Point","coordinates":[-6.270256,53.329767]}},{"id":"629","type":"Feature","properties":{},"geometry":{"type":"Point","coordinates":[-6.183562,53.364124]}},{"id":"630","type":"Feature","properties":{},"geometry":{"type":"Point","coordinates":[-6.294383,53.329459]}},{"id":"631","type":"Feature","properties":{},"geometry":{"type":"Point","coordinates":[-6.179269,53.395731]}},{"id":"632","type":"Feature","properties":{},"geometry":{"type":"Point","coordinates":[-6.20117,53.391786]}},{"id":"633","type":"Feature","properties":{},"geometry":{"type":"Point","coordinates":[-6.306313,53.375022]}},{"id":"634","type":"Feature","properties":{},"geometry":{"type":"Point","coordinates":[-6.339432,53.338456]}},{"id":"635","type":"Feature","properties":{},"geometry":{"type":"Point","coordinates":[-6.196103,53.362553]}},{"id":"636","type":"Feature","properties":{},"geometry":{"type":"Point","coordinates":[-6.170718,53.393689]}},{"id":"637","type":"Feature","properties":{},"geometry":{"type":"Point","coordinates":[-6.181369,53.39501]}},{"id":"638","type":"Feature","properties":{},"geometry":{"type":"Point","coordinates":[-6.213055,53.364323]}},{"id":"639","type":"Feature","properties":{},"geometry":{"type":"Point","coordinates":[-6.232645,53.323643]}},{"id":"640","type":"Feature","properties":{},"geometry":{"type":"Point","coordinates":[-6.297307,53.347652]}},{"id":"641","type":"Feature","properties":{},"geometry":{"type":"Point","coordinates":[-6.29184,53.362252]}},{"id":"642","type":"Feature","properties":{},"geometry":{"type":"Point","coordinates":[-6.216666,53.356444]}},{"id":"643","type":"Feature","properties":{},"geometry":{"type":"Point","coordinates":[-6.196757,53.400671]}},{"id":"644","type":"Feature","properties":{},"geometry":{"type":"Point","coordinates":[-6.27666,53.395168]}},{"id":"645","type":"Feature","properties":{},"geometry":{"type":"Point","coordinates":[-6.210321,53.383839]}},{"id":"646","type":"Feature","properties":{},"geometry":{"type":"Point","coordinates":[-6.264309,53.330881]}},{"id":"647","type":"Feature","properties":{},"geometry":{"type":"Point","coordinates":[-6.295448,53.326765]}},{"id":"648","type":"Feature","properties":{},"geometry":{"type":"Point","coordinates":[-6.304015,53.388072]}},{"id":"649","type":"Feature","properties":{},"geometry":{"type":"Point","coordinates":[-6.228247,53.395308]}},{"id":"650","type":"Feature","properties":{},"geometry":{"type":"Point","coordinates":[-6.226731,53.3662]}},{"id":"651","type":"Feature","properties":{},"geometry":{"type":"Point","coordinates":[-6.173138,53.383329]}},{"id":"652","type":"Feature","properties":{},"geometry":{"type":"Point","coordinates":[-6.340486,53.339052]}},{"id":"653","type":"Feature","properties":{},"geometry":{"type":"Point","coordinates":[-6.200949,53.345575]}},{"id":"654","type":"Feature","properties":{},"geometry":{"type":"Point","coordinates":[-6.250221,53.312512]}},{"id":"655","type":"Feature","properties":{},"geometry":{"type":"Point","coordinates":[-6.320482,53.394375]}},{"id":"656","type":"Feature","properties":{},"geometry":{"type":"Point","coordinates":[-6.343329,53.361411]}},{"id":"657","type":"Feature","properties":{},"geometry":{"type":"Point","coordinates":[-6.339421,53.363761]}},{"id":"658","type":"Feature","properties":{},"geometry":{"type":"Point","coordinates":[-6.242023,53.319569]}},{"id":"659","type":"Feature","properties":{},"geometry":{"type":"Point","coordinates":[-6.303516,53.384873]}},{"id":"660","type":"Feature","properties":{},"geometry":{"type":"Point","coordinates":[-6.349626,53.363744]}},{"id":"661","type":"Feature","properties":{},"geometry":{"type":"Point","coordinates":[-6.266278,53.36367]}},{"id":"662","type":"Feature","properties":{},"geometry":{"type":"Point","coordinates":[-6.227946,53.352965]}},{"id":"663","type":"Feature","properties":{},"geometry":{"type":"Point","coordinates":[-6.339219,53.32599]}},{"id":"664","type":"Feature","properties":{},"geometry":{"type":"Point","coordinates":[-6.291577,53.329189]}},{"id":"665","type":"Feature","properties":{},"geometry":{"type":"Point","coordinates":[-6.121328,53.379733]}},{"id":"666","type":"Feature","properties":{},"geometry":{"type":"Point","coordinates":[-6.246779,53.356259]}},{"id":"667","type":"Feature","properties":{},"geometry":{"type":"Point","coordinates":[-6.324062,53.340039]}},{"id":"668","type":"Feature","properties":{},"geometry":{"type":"Point","coordinates":[-6.203851,53.401492]}},{"id":"669","type":"Feature","properties":{},"geometry":{"type":"Point","coordinates":[-6.221131,53.331215]}},{"id":"670","type":"Feature","properties":{},"geometry":{"type":"Point","coordinates":[-6.332482,53.331493]}},{"id":"671","type":"Feature","properties":{},"geometry":{"type":"Point","coordinates":[-6.357472,53.345138]}},{"id":"672","type":"Feature","properties":{},"geometry":{"type":"Point","coordinates":[-6.273827,53.391577]}},{"id":"673","type":"Feature","properties":{},"geometry":{"type":"Point","coordinates":[-6.332032,53.369396]}},{"id":"674","type":"Feature","properties":{},"geometry":{"type":"Point","coordinates":[-6.221243,53.40741]}},{"id":"675","type":"Feature","properties":{},"geometry":{"type":"Point","coordinates":[-6.27011,53.35844]}},{"id":"676","type":"Feature","properties":{},"geometry":{"type":"Point","coordinates":[-6.236111,53.330143]}},{"id":"677","type":"Feature","properties":{},"geometry":{"type":"Point","coordinates":[-6.241326,53.314372]}},{"id":"678","type":"Feature","properties":{},"geometry":{"type":"Point","coordinates":[-6.201216,53.40483]}},{"id":"679","type":"Feature","properties":{},"geometry":{"type":"Point","coordinates":[-6.225309,53.344685]}},{"id":"680","type":"Feature","properties":{},"geometry":{"type":"Point","coordinates":[-6.159499,53.392116]}},{"id":"681","type":"Feature","properties":{},"geometry":{"type":"Point","coordinates":[-6.187911,53.379751]}},{"id":"682","type":"Feature","properties":{},"geometry":{"type":"Point","coordinates":[-6.194865,53.377879]}},{"id":"683","type":"Feature","properties":{},"geometry":{"type":"Point","coordinates":[-6.317829,53.389691]}},{"id":"684","type":"Feature","properties":{},"geometry":{"type":"Point","coordinates":[-6.172516,53.368779]}},{"id":"685","type":"Feature","properties":{},"geometry":{"type":"Point","coordinates":[-6.153689,53.387757]}},{"id":"686","type":"Feature","properties":{},"geometry":{"type":"Point","coordinates":[-6.207996,53.373822]}},{"id":"687","type":"Feature","properties":{},"geometry":{"type":"Point","coordinates":[-6.219854,53.367828]}},{"id":"688","type":"Feature","properties":{},"geometry":{"type":"Point","coordinates":[-6.211082,53.396619]}},{"id":"689","type":"Feature","properties":{},"geometry":{"type":"Point","coordinates":[-6.283297,53.348355]}},{"id":"690","type":"Feature","properties":{},"geometry":{"type":"Point","coordinates":[-6.231861,53.33955]}},{"id":"691","type":"Feature","properties":{},"geometry":{"type":"Point","coordinates":[-6.208433,53.390393]}},{"id":"692","type":"Feature","properties":{},"geometry":{"type":"Point","coordinates":[-6.342018,53.341307]}},{"id":"693","type":"Feature","properties":{},"geometry":{"type":"Point","coordinates":[-6.286574,53.389327]}},{"id":"694","type":"Feature","properties":{},"geometry":{"type":"Point","coordinates":[-6.380548,53.339083]}},{"id":"695","type":"Feature","properties":{},"geometry":{"type":"Point","coordinates":[-6.280149,53.37829]}},{"id":"696","type":"Feature","properties":{},"geometry":{"type":"Point","coordinates":[-6.242226,53.334664]}},{"id":"697","type":"Feature","properties":{},"geometry":{"type":"Point","coordinates":[-6.259654,53.380626]}},{"id":"698","type":"Feature","properties":{},"geometry":{"type":"Point","coordinates":[-6.28836,53.38242]}},{"id":"699","type":"Feature","properties":{},"geometry":{"type":"Point","coordinates":[-6.230747,53.379033]}},{"id":"700","type":"Feature","properties":{},"geometry":{"type":"Point","coordinates":[-6.312764,53.355512]}},{"id":"701","type":"Feature","properties":{},"geometry":{"type":"Point","coordinates":[-6.249848,53.340316]}},{"id":"702","type":"Feature","properties":{},"geometry":{"type":"Point","coordinates":[-6.297682,53.37121]}},{"id":"703","type":"Feature","properties":{},"geometry":{"type":"Point","coordinates":[-6.239509,53.324485]}},{"id":"704","type":"Feature","properties":{},"geometry":{"type":"Point","coordinates":[-6.237788,53.358889]}},{"id":"705","type":"Feature","properties":{},"geometry":{"type":"Point","coordinates":[-6.242042,53.382687]}},{"id":"706","type":"Feature","properties":{},"geometry":{"type":"Point","coordinates":[-6.311022,53.314638]}},{"id":"707","type":"Feature","properties":{},"geometry":{"type":"Point","coordinates":[-6.354904,53.351997]}},{"id":"708","type":"Feature","properties":{},"geometry":{"type":"Point","coordinates":[-6.238881,53.336359]}},{"id":"709","type":"Feature","properties":{},"geometry":{"type":"Point","coordinates":[-6.268094,53.366822]}},{"id":"710","type":"Feature","properties":{},"geometry":{"type":"Point","coordinates":[-6.170628,53.386599]}},{"id":"711","type":"Feature","properties":{},"geometry":{"type":"Point","coordinates":[-6.283344,53.331963]}},{"id":"712","type":"Feature","properties":{},"geometry":{"type":"Point","coordinates":[-6.16955,53.404351]}},{"id":"713","type":"Feature","properties":{},"geometry":{"type":"Point","coordinates":[-6.285593,53.338009]}},{"id":"714","type":"Feature","properties":{},"geometry":{"type":"Point","coordinates":[-6.168078,53.398885]}},{"id":"715","type":"Feature","properties":{},"geometry":{"type":"Point","coordinates":[-6.229671,53.354739]}},{"id":"716","type":"Feature","properties":{},"geometry":{"type":"Point","coordinates":[-6.312094,53.364141]}},{"id":"717","type":"Feature","properties":{},"geometry":{"type":"Point","coordinates":[-6.234929,53.337674]}},{"id":"718","type":"Feature","properties":{},"geometry":{"type":"Point","coordinates":[-6.292453,53.321394]}},{"id":"719","type":"Feature","properties":{},"geometry":{"type":"Point","coordinates":[-6.213464,53.333888]}},{"id":"720","type":"Feature","properties":{},"geometry":{"type":"Point","coordinates":[-6.149244,53.371959]}},{"id":"721","type":"Feature","properties":{},"geometry":{"type":"Point","coordinates":[-6.307866,53.349277]}},{"id":"722","type":"Feature","properties":{},"geometry":{"type":"Point","coordinates":[-6.215443,53.361495]}},{"id":"723","type":"Feature","properties":{},"geometry":{"type":"Point","coordinates":[-6.23693,53.327664]}},{"id":"724","type":"Feature","properties":{},"geometry":{"type":"Point","coordinates":[-6.12068,53.379246]}},{"id":"725","type":"Feature","properties":{},"geometry":{"type":"Point","coordinates":[-6.314547,53.389228]}},{"id":"726","type":"Feature","properties":{},"geometry":{"type":"Point","coordinates":[-6.256828,53.355904]}},{"id":"727","type":"Feature","properties":{},"geometry":{"type":"Point","coordinates":[-6.194879,53.388408]}},{"id":"728","type":"Feature","properties":{},"geometry":{"type":"Point","coordinates":[-6.223164,53.315984]}},{"id":"729","type":"Feature","properties":{},"geometry":{"type":"Point","coordinates":[-6.299506,53.358019]}},{"id":"730","type":"Feature","properties":{},"geometry":{"type":"Point","coordinates":[-6.273761,53.403162]}},{"id":"731","type":"Feature","properties":{},"geometry":{"type":"Point","coordinates":[-6.363639,53.333669]}},{"id":"732","type":"Feature","properties":{},"geometry":{"type":"Point","coordinates":[-6.301612,53.37681]}},{"id":"733","type":"Feature","properties":{},"geometry":{"type":"Point","coordinates":[-6.298983,53.345975]}},{"id":"734","type":"Feature","properties":{},"geometry":{"type":"Point","coordinates":[-6.184299,53.397892]}},{"id":"735","type":"Feature","properties":{},"geometry":{"type":"Point","coordinates":[-6.29858,53.367734]}},{"id":"736","type":"Feature","properties":{},"geometry":{"type":"Point","coordinates":[-6.313716,53.349259]}},{"id":"737","type":"Feature","properties":{},"geometry":{"type":"Point","coordinates":[-6.288821,53.371341]}},{"id":"738","type":"Feature","properties":{},"geometry":{"type":"Point","coordinates":[-6.30009,53.391007]}},{"id":"739","type":"Feature","properties":{},"geometry":{"type":"Point","coordinates":[-6.221039,53.383221]}},{"id":"740","type":"Feature","properties":{},"geometry":{"type":"Point","coordinates":[-6.27296,53.368567]}},{"id":"741","type":"Feature","properties":{},"geometry":{"type":"Point","coordinates":[-6.298751,53.319999]}},{"id":"742","type":"Feature","properties":{},"geometry":{"type":"Point","coordinates":[-6.157931,53.402855]}},{"id":"743","type":"Feature","properties":{},"geometry":{"type":"Point","coordinates":[-6.27457,53.309894]}},{"id":"744","type":"Feature","properties":{},"geometry":{"type":"Point","coordinates":[-6.162304,53.368931]}},{"id":"745","type":"Feature","properties":{},"geometry":{"type":"Point","coordinates":[-6.225312,53.349199]}},{"id":"746","type":"Feature","properties":{},"geometry":{"type":"Point","coordinates":[-6.301908,53.347249]}},{"id":"747","type":"Feature","properties":{},"geometry":{"type":"Point","coordinates":[-6.194636,53.360161]}},{"id":"748","type":"Feature","properties":{},"geometry":{"type":"Point","coordinates":[-6.377979,53.332461]}},{"id":"749","type":"Feature","properties":{},"geometry":{"type":"Point","coordinates":[-6.313663,53.33914]}},{"id":"750","type":"Feature","properties":{},"geometry":{"type":"Point","coordinates":[-6.250927,53.35474]}},{"id":"751","type":"Feature","properties":{},"geometry":{"type":"Point","coordinates":[-6.195101,53.345494]}},{"id":"752","type":"Feature","properties":{},"geometry":{"type":"Point","coordinates":[-6.230184,53.397818]}},{"id":"753","type":"Feature","properties":{},"geometry":{"type":"Point","coordinates":[-6.301772,53.343842]}},{"id":"754","type":"Feature","properties":{},"geometry":{"type":"Point","coordinates":[-6.302095,53.355199]}},{"id":"755","type":"Feature","properties":{},"geometry":{"type":"Point","coordinates":[-6.234462,53.323808]}},{"id":"756","type":"Feature","properties":{},"geometry":{"type":"Point","coordinates":[-6.363137,53.341924]}},{"id":"757","type":"Feature","properties":{},"geometry":{"type":"Point","coordinates":[-6.303339,53.37276]}},{"id":"758","type":"Feature","properties":{},"geometry":{"type":"Point","coordinates":[-6.133187,53.374196]}},{"id":"759","type":"Feature","properties":{},"geometry":{"type":"Point","coordinates":[-6.284452,53.392999]}},{"id":"760","type":"Feature","properties":{},"geometry":{"type":"Point","coordinates":[-6.316834,53.348631]}},{"id":"761","type":"Feature","properties":{},"geometry":{"type":"Point","coordinates":[-6.2635,53.360627]}},{"id":"762","type":"Feature","properties":{},"geometry":{"type":"Point","coordinates":[-6.232158,53.401695]}},{"id":"763","type":"Feature","properties":{},"geometry":{"type":"Point","coordinates":[-6.283769,53.389824]}},{"id":"764","type":"Feature","properties":{},"geometry":{"type":"Point","coordinates":[-6.235603,53.320925]}},{"id":"765","type":"Feature","properties":{},"geometry":{"type":"Point","coordinates":[-6.333069,53.328603]}},{"id":"766","type":"Feature","properties":{},"geometry":{"type":"Point","coordinates":[-6.253589,53.389999]}},{"id":"767","type":"Feature","properties":{},"geometry":{"type":"Point","coordinates":[-6.271401,53.373067]}},{"id":"768","type":"Feature","properties":{},"geometry":{"type":"Point","coordinates":[-6.246721,53.3637]}},{"id":"769","type":"Feature","properties":{},"geometry":{"type":"Point","coordinates":[-6.274389,53.374194]}},{"id":"770","type":"Feature","properties":{},"geometry":{"type":"Point","coordinates":[-6.319259,53.319458]}},{"id":"771","type":"Feature","properties":{},"geometry":{"type":"Point","coordinates":[-6.257279,53.352462]}},{"id":"772","type":"Feature","properties":{},"geometry":{"type":"Point","coordinates":[-6.33646,53.353388]}},{"id":"773","type":"Feature","properties":{},"geometry":{"type":"Point","coordinates":[-6.228644,53.359599]}},{"id":"774","type":"Feature","properties":{},"geometry":{"type":"Point","coordinates":[-6.273879,53.357063]}},{"id":"775","type":"Feature","properties":{},"geometry":{"type":"Point","coordinates":[-6.180514,53.369209]}},{"id":"776","type":"Feature","properties":{},"geometry":{"type":"Point","coordinates":[-6.276272,53.356159]}},{"id":"777","type":"Feature","properties":{},"geometry":{"type":"Point","coordinates":[-6.175341,53.365971]}},{"id":"778","type":"Feature","properties":{},"geometry":{"type":"Point","coordinates":[-6.204986,53.34226]}},{"id":"779","type":"Feature","properties":{},"geometry":{"type":"Point","coordinates":[-6.224008,53.32324]}},{"id":"780","type":"Feature","properties":{},"geometry":{"type":"Point","coordinates":[-6.252768,53.394783]}},{"id":"781","type":"Feature","properties":{},"geometry":{"type":"Point","coordinates":[-6.272924,53.321081]}},{"id":"782","type":"Feature","properties":{},"geometry":{"type":"Point","coordinates":[-6.299051,53.347533]}},{"id":"783","type":"Feature","properties":{},"geometry":{"type":"Point","coordinates":[-6.156101,53.366467]}},{"id":"784","type":"Feature","properties":{},"geometry":{"type":"Point","coordinates":[-6.273663,53.366482]}},{"id":"785","type":"Feature","properties":{},"geometry":{"type":"Point","coordinates":[-6.225739,53.340124]}},{"id":"786","type":"Feature","properties":{},"geometry":{"type":"Point","coordinates":[-6.196134,53.404468]}},{"id":"787","type":"Feature","properties":{},"geometry":{"type":"Point","coordinates":[-6.182711,53.392809]}},{"id":"788","type":"Feature","properties":{},"geometry":{"type":"Point","coordinates":[-6.256523,53.318803]}},{"id":"789","type":"Feature","properties":{},"geometry":{"type":"Point","coordinates":[-6.340027,53.346014]}},{"id":"790","type":"Feature","properties":{},"geometry":{"type":"Point","coordinates":[-6.299031,53.30421]}},{"id":"791","type":"Feature","properties":{},"geometry":{"type":"Point","coordinates":[-6.163787,53.366411]}},{"id":"792","type":"Feature","properties":{},"geometry":{"type":"Point","coordinates":[-6.349773,53.336432]}},{"id":"793","type":"Feature","properties":{},"geometry":{"type":"Point","coordinates":[-6.299579,53.33545]}},{"id":"794","type":"Feature","properties":{},"geometry":{"type":"Point","coordinates":[-6.295319,53.315418]}},{"id":"795","type":"Feature","properties":{},"geometry":{"type":"Point","coordinates":[-6.295206,53.39493]}},{"id":"796","type":"Feature","properties":{},"geometry":{"type":"Point","coordinates":[-6.358716,53.350342]}},{"id":"797","type":"Feature","properties":{},"geometry":{"type":"Point","coordinates":[-6.212788,53.345206]}},{"id":"798","type":"Feature","properties":{},"geometry":{"type":"Point","coordinates":[-6.348173,53.351128]}},{"id":"799","type":"Feature","properties":{},"geometry":{"type":"Point","coordinates":[-6.206335,53.363828]}},{"id":"800","type":"Feature","properties":{},"geometry":{"type":"Point","coordinates":[-6.219244,53.377901]}},{"id":"801","type":"Feature","properties":{},"geometry":{"type":"Point","coordinates":[-6.325312,53.349664]}},{"id":"802","type":"Feature","properties":{},"geometry":{"type":"Point","coordinates":[-6.309018,53.328131]}},{"id":"803","type":"Feature","properties":{},"geometry":{"type":"Point","coordinates":[-6.268688,53.355038]}},{"id":"804","type":"Feature","properties":{},"geometry":{"type":"Point","coordinates":[-6.312139,53.369755]}},{"id":"805","type":"Feature","properties":{},"geometry":{"type":"Point","coordinates":[-6.280178,53.320995]}},{"id":"806","type":"Feature","properties":{},"geometry":{"type":"Point","coordinates":[-6.344386,53.35929]}},{"id":"807","type":"Feature","properties":{},"geometry":{"type":"Point","coordinates":[-6.284242,53.370015]}},{"id":"808","type":"Feature","properties":{},"geometry":{"type":"Point","coordinates":[-6.34996,53.341058]}},{"id":"809","type":"Feature","properties":{},"geometry":{"type":"Point","coordinates":[-6.147132,53.367832]}},{"id":"810","type":"Feature","properties":{},"geometry":{"type":"Point","coordinates":[-6.280362,53.389745]}},{"id":"811","type":"Feature","properties":{},"geometry":{"type":"Point","coordinates":[-6.274002,53.307375]}},{"id":"812","type":"Feature","properties":{},"geometry":{"type":"Point","coordinates":[-6.233139,53.390747]}},{"id":"813","type":"Feature","properties":{},"geometry":{"type":"Point","coordinates":[-6.277066,53.351763]}},{"id":"814","type":"Feature","properties":{},"geometry":{"type":"Point","coordinates":[-6.292416,53.373047]}},{"id":"815","type":"Feature","properties":{},"geometry":{"type":"Point","coordinates":[-6.309539,53.335071]}},{"id":"816","type":"Feature","properties":{},"geometry":{"type":"Point","coordinates":[-6.280216,53.385991]}},{"id":"817","type":"Feature","properties":{},"geometry":{"type":"Point","coordinates":[-6.289825,53.333125]}},{"id":"818","type":"Feature","properties":{},"geometry":{"type":"Point","coordinates":[-6.26011,53.33052]}},{"id":"819","type":"Feature","properties":{},"geometry":{"type":"Point","coordinates":[-6.170111,53.356686]}},{"id":"820","type":"Feature","properties":{},"geometry":{"type":"Point","coordinates":[-6.245452,53.365098]}},{"id":"821","type":"Feature","properties":{},"geometry":{"type":"Point","coordinates":[-6.251209,53.370806]}},{"id":"822","type":"Feature","properties":{},"geometry":{"type":"Point","coordinates":[-6.248558,53.323428]}},{"id":"823","type":"Feature","properties":{},"geometry":{"type":"Point","coordinates":[-6.340708,53.366511]}},{"id":"824","type":"Feature","properties":{},"geometry":{"type":"Point","coordinates":[-6.205063,53.383695]}},{"id":"825","type":"Feature","properties":{},"geometry":{"type":"Point","coordinates":[-6.217263,53.341194]}},{"id":"826","type":"Feature","properties":{},"geometry":{"type":"Point","coordinates":[-6.218818,53.324748]}},{"id":"827","type":"Feature","properties":{},"geometry":{"type":"Point","coordinates":[-6.292962,53.34081]}},{"id":"828","type":"Feature","properties":{},"geometry":{"type":"Point","coordinates":[-6.277944,53.37104]}},{"id":"829","type":"Feature","properties":{},"geometry":{"type":"Point","coordinates":[-6.381887,53.336698]}},{"id":"830","type":"Feature","properties":{},"geometry":{"type":"Point","coordinates":[-6.23801,53.33804]}},{"id":"831","type":"Feature","properties":{},"geometry":{"type":"Point","coordinates":[-6.242196,53.346692]}},{"id":"832","type":"Feature","properties":{},"geometry":{"type":"Point","coordinates":[-6.162982,53.351187]}},{"id":"833","type":"Feature","properties":{},"geometry":{"type":"Point","coordinates":[-6.284278,53.312918]}},{"id":"834","type":"Feature","properties":{},"geometry":{"type":"Point","coordinates":[-6.33407,53.36496]}},{"id":"835","type":"Feature","properties":{},"geometry":{"type":"Point","coordinates":[-6.279275,53.386666]}},{"id":"836","type":"Feature","properties":{},"geometry":{"type":"Point","coordinates":[-6.197241,53.384111]}},{"id":"837","type":"Feature","properties":{},"geometry":{"type":"Point","coordinates":[-6.209393,53.341762]}},{"id":"838","type":"Feature","properties":{},"geometry":{"type":"Point","coordinates":[-6.238758,53.378012]}},{"id":"839","type":"Feature","properties":{},"geometry":{"type":"Point","coordinates":[-6.318459,53.396632]}},{"id":"840","type":"Feature","properties":{},"geometry":{"type":"Point","coordinates":[-6.379386,53.342713]}},{"id":"841","type":"Feature","properties":{},"geometry":{"type":"Point","coordinates":[-6.282501,53.311969]}},{"id":"842","type":"Feature","properties":{},"geometry":{"type":"Point","coordinates":[-6.270508,53.334269]}},{"id":"843","type":"Feature","properties":{},"geometry":{"type":"Point","coordinates":[-6.263584,53.356005]}},{"id":"844","type":"Feature","properties":{},"geometry":{"type":"Point","coordinates":[-6.165025,53.357153]}},{"id":"845","type":"Feature","properties":{},"geometry":{"type":"Point","coordinates":[-6.302301,53.341907]}},{"id":"846","type":"Feature","properties":{},"geometry":{"type":"Point","coordinates":[-6.187756,53.391633]}},{"id":"847","type":"Feature","properties":{},"geometry":{"type":"Point","coordinates":[-6.170263,53.401994]}},{"id":"848","type":"Feature","properties":{},"geometry":{"type":"Point","coordinates":[-6.268004,53.327555]}},{"id":"849","type":"Feature","properties":{},"geometry":{"type":"Point","coordinates":[-6.307069,53.313462]}},{"id":"850","type":"Feature","properties":{},"geometry":{"type":"Point","coordinates":[-6.196824,53.342372]}},{"id":"851","type":"Feature","properties":{},"geometry":{"type":"Point","coordinates":[-6.350106,53.346028]}},{"id":"852","type":"Feature","properties":{},"geometry":{"type":"Point","coordinates":[-6.258705,53.39506]}},{"id":"853","type":"Feature","properties":{},"geometry":{"type":"Point","coordinates":[-6.257217,53.377908]}},{"id":"854","type":"Feature","properties":{},"geometry":{"type":"Point","coordinates":[-6.325917,53.321936]}},{"id":"855","type":"Feature","properties":{},"geometry":{"type":"Point","coordinates":[-6.268087,53.308081]}},{"id":"856","type":"Feature","properties":{},"geometry":{"type":"Point","coordinates":[-6.255961,53.329355]}},{"id":"857","type":"Feature","properties":{},"geometry":{"type":"Point","coordinates":[-6.304463,53.348985]}},{"id":"858","type":"Feature","properties":{},"geometry":{"type":"Point","coordinates":[-6.315999,53.386301]}},{"id":"859","type":"Feature","properties":{},"geometry":{"type":"Point","coordinates":[-6.240302,53.328793]}},{"id":"860","type":"Feature","properties":{},"geometry":{"type":"Point","coordinates":[-6.200714,53.347674]}},{"id":"861","type":"Feature","properties":{},"geometry":{"type":"Point","coordinates":[-6.261354,53.315851]}},{"id":"862","type":"Feature","properties":{},"geometry":{"type":"Point","coordinates":[-6.191431,53.402668]}},{"id":"863","type":"Feature","properties":{},"geometry":{"type":"Point","coordinates":[-6.235214,53.3221]}},{"id":"864","type":"Feature","properties":{},"geometry":{"type":"Point","coordinates":[-6.346211,53.345774]}},{"id":"865","type":"Feature","properties":{},"geometry":{"type":"Point","coordinates":[-6.270419,53.404602]}},{"id":"866","type":"Feature","properties":{},"geometry":{"type":"Point","coordinates":[-6.252873,53.314728]}},{"id":"867","type":"Feature","properties":{},"geometry":{"type":"Point","coordinates":[-6.327777,53.334202]}},{"id":"868","type":"Feature","properties":{},"geometry":{"type":"Point","coordinates":[-6.23571,53.32093]}},{"id":"869","type":"Feature","properties":{},"geometry":{"type":"Point","coordinates":[-6.246637,53.39411]}},{"id":"870","type":"Feature","properties":{},"geometry":{"type":"Point","coordinates":[-6.326894,53.324918]}},{"id":"871","type":"Feature","properties":{},"geometry":{"type":"Point","coordinates":[-6.302274,53.364304]}},{"id":"872","type":"Feature","properties":{},"geometry":{"type":"Point","coordinates":[-6.307799,53.365755]}},{"id":"873","type":"Feature","properties":{},"geometry":{"type":"Point","coordinates":[-6.189714,53.339297]}},{"id":"874","type":"Feature","properties":{},"geometry":{"type":"Point","coordinates":[-6.297491,53.311743]}},{"id":"875","type":"Feature","properties":{},"geometry":{"type":"Point","coordinates":[-6.358059,53.34499]}},{"id":"876","type":"Feature","properties":{},"geometry":{"type":"Point","coordinates":[-6.342771,53.337921]}},{"id":"877","type":"Feature","properties":{},"geometry":{"type":"Point","coordinates":[-6.224765,53.391506]}},{"id":"878","type":"Feature","properties":{},"geometry":{"type":"Point","coordinates":[-6.195834,53.360072]}},{"id":"879","type":"Feature","properties":{},"geometry":{"type":"Point","coordinates":[-6.218487,53.368702]}},{"id":"880","type":"Feature","properties":{},"geometry":{"type":"Point","coordinates":[-6.253569,53.319892]}},{"id":"881","type":"Feature","properties":{},"geometry":{"type":"Point","coordinates":[-6.168074,53.393975]}},{"id":"882","type":"Feature","properties":{},"geometry":{"type":"Point","coordinates":[-6.363549,53.331002]}},{"id":"883","type":"Feature","properties":{},"geometry":{"type":"Point","coordinates":[-6.210053,53.363275]}},{"id":"884","type":"Feature","properties":{},"geometry":{"type":"Point","coordinates":[-6.204869,53.365583]}},{"id":"885","type":"Feature","properties":{},"geometry":{"type":"Point","coordinates":[-6.326672,53.341022]}},{"id":"886","type":"Feature","properties":{},"geometry":{"type":"Point","coordinates":[-6.237086,53.31458]}},{"id":"887","type":"Feature","properties":{},"geometry":{"type":"Point","coordinates":[-6.278058,53.34276]}},{"id":"888","type":"Feature","properties":{},"geometry":{"type":"Point","coordinates":[-6.301266,53.374889]}},{"id":"889","type":"Feature","properties":{},"geometry":{"type":"Point","coordinates":[-6.207486,53.404991]}},{"id":"890","type":"Feature","properties":{},"geometry":{"type":"Point","coordinates":[-6.210664,53.326215]}},{"id":"891","type":"Feature","properties":{},"geometry":{"type":"Point","coordinates":[-6.223935,53.395232]}},{"id":"892","type":"Feature","properties":{},"geometry":{"type":"Point","coordinates":[-6.179999,53.384214]}},{"id":"893","type":"Feature","properties":{},"geometry":{"type":"Point","coordinates":[-6.218241,53.38391]}},{"id":"894","type":"Feature","properties":{},"geometry":{"type":"Point","coordinates":[-6.315712,53.322269]}},{"id":"895","type":"Feature","properties":{},"geometry":{"type":"Point","coordinates":[-6.190622,53.375952]}},{"id":"896","type":"Feature","properties":{},"geometry":{"type":"Point","coordinates":[-6.330768,53.345795]}},{"id":"897","type":"Feature","properties":{},"geometry":{"type":"Point","coordinates":[-6.26582,53.391899]}},{"id":"898","type":"Feature","properties":{},"geometry":{"type":"Point","coordinates":[-6.323608,53.34986]}},{"id":"899","type":"Feature","properties":{},"geometry":{"type":"Point","coordinates":[-6.147005,53.370491]}},{"id":"900","type":"Feature","properties":{},"geometry":{"type":"Point","coordinates":[-6.281232,53.395515]}},{"id":"901","type":"Feature","properties":{},"geometry":{"type":"Point","coordinates":[-6.181417,53.374226]}},{"id":"902","type":"Feature","properties":{},"geometry":{"type":"Point","coordinates":[-6.153524,53.389266]}},{"id":"903","type":"Feature","properties":{},"geometry":{"type":"Point","coordinates":[-6.313582,53.340753]}},{"id":"904","type":"Feature","properties":{},"geometry":{"type":"Point","coordinates":[-6.268545,53.35107]}},{"id":"905","type":"Feature","properties":{},"geometry":{"type":"Point","coordinates":[-6.292037,53.299944]}},{"id":"906","type":"Feature","properties":{},"geometry":{"type":"Point","coordinates":[-6.342258,53.324279]}},{"id":"907","type":"Feature","properties":{},"geometry":{"type":"Point","coordinates":[-6.274529,53.364507]}},{"id":"908","type":"Feature","properties":{},"geometry":{"type":"Point","coordinates":[-6.241073,53.333779]}},{"id":"909","type":"Feature","properties":{},"geometry":{"type":"Point","coordinates":[-6.35728,53.352366]}},{"id":"910","type":"Feature","properties":{},"geometry":{"type":"Point","coordinates":[-6.358566,53.346507]}},{"id":"911","type":"Feature","properties":{},"geometry":{"type":"Point","coordinates":[-6.308875,53.367337]}},{"id":"912","type":"Feature","properties":{},"geometry":{"type":"Point","coordinates":[-6.241448,53.38025]}},{"id":"913","type":"Feature","properties":{},"geometry":{"type":"Point","coordinates":[-6.224429,53.397076]}},{"id":"914","type":"Feature","properties":{},"geometry":{"type":"Point","coordinates":[-6.190835,53.368289]}},{"id":"915","type":"Feature","properties":{},"geometry":{"type":"Point","coordinates":[-6.377488,53.33665]}},{"id":"916","type":"Feature","properties":{},"geometry":{"type":"Point","coordinates":[-6.333245,53.337592]}},{"id":"917","type":"Feature","properties":{},"geometry":{"type":"Point","coordinates":[-6.227458,53.394594]}},{"id":"918","type":"Feature","properties":{},"geometry":{"type":"Point","coordinates":[-6.218374,53.346606]}},{"id":"919","type":"Feature","properties":{},"geometry":{"type":"Point","coordinates":[-6.244259,53.339219]}},{"id":"920","type":"Feature","properties":{},"geometry":{"type":"Point","coordinates":[-6.263847,53.336342]}},{"id":"921","type":"Feature","properties":{},"geometry":{"type":"Point","coordinates":[-6.270337,53.307198]}},{"id":"922","type":"Feature","properties":{},"geometry":{"type":"Point","coordinates":[-6.33723,53.320786]}},{"id":"923","type":"Feature","properties":{},"geometry":{"type":"Point","coordinates":[-6.35409,53.338445]}},{"id":"924","type":"Feature","properties":{},"geometry":{"type":"Point","coordinates":[-6.269576,53.397771]}},{"id":"925","type":"Feature","properties":{},"geometry":{"type":"Point","coordinates":[-6.17788,53.366698]}},{"id":"926","type":"Feature","properties":{},"geometry":{"type":"Point","coordinates":[-6.188197,53.364462]}},{"id":"927","type":"Feature","properties":{},"geometry":{"type":"Point","coordinates":[-6.191125,53.36629]}},{"id":"928","type":"Feature","properties":{},"geometry":{"type":"Point","coordinates":[-6.322194,53.368245]}},{"id":"929","type":"Feature","properties":{},"geometry":{"type":"Point","coordinates":[-6.199098,53.34854]}},{"id":"930","type":"Feature","properties":{},"geometry":{"type":"Point","coordinates":[-6.195625,53.338773]}},{"id":"931","type":"Feature","properties":{},"geometry":{"type":"Point","coordinates":[-6.318011,53.355048]}},{"id":"932","type":"Feature","properties":{},"geometry":{"type":"Point","coordinates":[-6.319462,53.386822]}},{"id":"933","type":"Feature","properties":{},"geometry":{"type":"Point","coordinates":[-6.235002,53.374133]}},{"id":"934","type":"Feature","properties":{},"geometry":{"type":"Point","coordinates":[-6.306488,53.350675]}},{"id":"935","type":"Feature","properties":{},"geometry":{"type":"Point","coordinates":[-6.266191,53.394391]}},{"id":"936","type":"Feature","properties":{},"geometry":{"type":"Point","coordinates":[-6.328838,53.358126]}},{"id":"937","type":"Feature","properties":{},"geometry":{"type":"Point","coordinates":[-6.317247,53.321188]}},{"id":"938","type":"Feature","properties":{},"geometry":{"type":"Point","coordinates":[-6.212775,53.345112]}},{"id":"939","type":"Feature","properties":{},"geometry":{"type":"Point","coordinates":[-6.206201,53.38477]}},{"id":"940","type":"Feature","properties":{},"geometry":{"type":"Point","coordinates":[-6.222115,53.344952]}},{"id":"941","type":"Feature","properties":{},"geometry":{"type":"Point","coordinates":[-6.236378,53.367325]}},{"id":"942","type":"Feature","properties":{},"geometry":{"type":"Point","coordinates":[-6.304443,53.376587]}},{"id":"943","type":"Feature","properties":{},"geometry":{"type":"Point","coordinates":[-6.293962,53.352129]}},{"id":"944","type":"Feature","properties":{},"geometry":{"type":"Point","coordinates":[-6.226081,53.371544]}},{"id":"945","type":"Feature","properties":{},"geometry":{"type":"Point","coordinates":[-6.170021,53.394243]}},{"id":"946","type":"Feature","properties":{},"geometry":{"type":"Point","coordinates":[-6.23917,53.382846]}},{"id":"947","type":"Feature","properties":{},"geometry":{"type":"Point","coordinates":[-6.156788,53.401269]}},{"id":"948","type":"Feature","properties":{},"geometry":{"type":"Point","coordinates":[-6.259649,53.391407]}},{"id":"949","type":"Feature","properties":{},"geometry":{"type":"Point","coordinates":[-6.298504,53.39717]}},{"id":"950","type":"Feature","properties":{},"geometry":{"type":"Point","coordinates":[-6.26712,53.375045]}},{"id":"951","type":"Feature","properties":{},"geometry":{"type":"Point","coordinates":[-6.319091,53.362704]}},{"id":"952","type":"Feature","properties":{},"geometry":{"type":"Point","coordinates":[-6.334627,53.361798]}},{"id":"953","type":"Feature","properties":{},"geometry":{"type":"Point","coordinates":[-6.207427,53.32583]}},{"id":"954","type":"Feature","properties":{},"geometry":{"type":"Point","coordinates":[-6.167773,53.407184]}},{"id":"955","type":"Feature","properties":{},"geometry":{"type":"Point","coordinates":[-6.224428,53.349312]}},{"id":"956","type":"Feature","properties":{},"geometry":{"type":"Point","coordinates":[-6.132532,53.376368]}},{"id":"957","type":"Feature","properties":{},"geometry":{"type":"Point","coordinates":[-6.281691,53.375064]}},{"id":"958","type":"Feature","properties":{},"geometry":{"type":"Point","coordinates":[-6.327829,53.359413]}},{"id":"959","type":"Feature","properties":{},"geometry":{"type":"Point","coordinates":[-6.215115,53.394991]}},{"id":"960","type":"Feature","properties":{},"geometry":{"type":"Point","coordinates":[-6.242022,53.383723]}},{"id":"961","type":"Feature","properties":{},"geometry":{"type":"Point","coordinates":[-6.283026,53.306409]}},{"id":"962","type":"Feature","properties":{},"geometry":{"type":"Point","coordinates":[-6.285317,53.329224]}},{"id":"963","type":"Feature","properties":{},"geometry":{"type":"Point","coordinates":[-6.287037,53.403977]}},{"id":"964","type":"Feature","properties":{},"geometry":{"type":"Point","coordinates":[-6.177605,53.378569]}},{"id":"965","type":"Feature","properties":{},"geometry":{"type":"Point","coordinates":[-6.255846,53.356041]}},{"id":"966","type":"Feature","properties":{},"geometry":{"type":"Point","coordinates":[-6.188509,53.385115]}},{"id":"967","type":"Feature","properties":{},"geometry":{"type":"Point","coordinates":[-6.235495,53.38378]}},{"id":"968","type":"Feature","properties":{},"geometry":{"type":"Point","coordinates":[-6.28521,53.350144]}},{"id":"969","type":"Feature","properties":{},"geometry":{"type":"Point","coordinates":[-6.37095,53.340896]}},{"id":"970","type":"Feature","properties":{},"geometry":{"type":"Point","coordinates":[-6.352426,53.346589]}},{"id":"971","type":"Feature","properties":{},"geometry":{"type":"Point","coordinates":[-6.154353,53.405443]}},{"id":"972","type":"Feature","properties":{},"geometry":{"type":"Point","coordinates":[-6.188593,53.404661]}},{"id":"973","type":"Feature","properties":{},"geometry":{"type":"Point","coordinates":[-6.240952,53.389478]}},{"id":"974","type":"Feature","properties":{},"geometry":{"type":"Point","coordinates":[-6.300337,53.3923]}},{"id":"975","type":"Feature","properties":{},"geometry":{"type":"Point","coordinates":[-6.216624,53.316442]}},{"id":"976","type":"Feature","properties":{},"geometry":{"type":"Point","coordinates":[-6.230053,53.338563]}},{"id":"977","type":"Feature","properties":{},"geometry":{"type":"Point","coordinates":[-6.169676,53.37553]}},{"id":"978","type":"Feature","properties":{},"geometry":{"type":"Point","coordinates":[-6.353282,53.342941]}},{"id":"979","type":"Feature","properties":{},"geometry":{"type":"Point","coordinates":[-6.268561,53.379385]}},{"id":"980","type":"Feature","properties":{},"geometry":{"type":"Point","coordinates":[-6.260237,53.340146]}},{"id":"981","type":"Feature","properties":{},"geometry":{"type":"Point","coordinates":[-6.178666,53.396328]}},{"id":"982","type":"Feature","properties":{},"geometry":{"type":"Point","coordinates":[-6.293885,53.312805]}},{"id":"983","type":"Feature","properties":{},"geometry":{"type":"Point","coordinates":[-6.341622,53.320052]}},{"id":"984","type":"Feature","properties":{},"geometry":{"type":"Point","coordinates":[-6.302952,53.343672]}},{"id":"985","type":"Feature","properties":{},"geometry":{"type":"Point","coordinates":[-6.163313,53.375551]}},{"id":"986","type":"Feature","properties":{},"geometry":{"type":"Point","coordinates":[-6.23906,53.374837]}},{"id":"987","type":"Feature","properties":{},"geometry":{"type":"Point","coordinates":[-6.26383,53.341158]}},{"id":"988","type":"Feature","properties":{},"geometry":{"type":"Point","coordinates":[-6.160778,53.381429]}},{"id":"989","type":"Feature","properties":{},"geometry":{"type":"Point","coordinates":[-6.182072,53.396483]}},{"id":"990","type":"Feature","properties":{},"geometry":{"type":"Point","coordinates":[-6.335757,53.318363]}},{"id":"991","type":"Feature","properties":{},"geometry":{"type":"Point","coordinates":[-6.334408,53.361209]}},{"id":"992","type":"Feature","properties":{},"geometry":{"type":"Point","coordinates":[-6.22448,53.351248]}},{"id":"993","type":"Feature","properties":{},"geometry":{"type":"Point","coordinates":[-6.239035,53.355942]}},{"id":"994","type":"Feature","properties":{},"geometry":{"type":"Point","coordinates":[-6.252322,53.326171]}},{"id":"995","type":"Feature","properties":{},"geometry":{"type":"Point","coordinates":[-6.226167,53.3962]}},{"id":"996","type":"Feature","properties":{},"geometry":{"type":"Point","coordinates":[-6.312236,53.38842]}},{"id":"997","type":"Feature","properties":{},"geometry":{"type":"Point","coordinates":[-6.288741,53.387423]}},{"id":"998","type":"Feature","properties":{},"geometry":{"type":"Point","coordinates":[-6.195815,53.399863]}},{"id":"999","type":"Feature","properties":{},"geometry":{"type":"Point","coordinates":[-6.3518,53.361188]}},{"id":"1000","type":"Feature","properties":{},"geometry":{"type":"Point","coordinates":[-6.313358,53.359905]}},{"id":"1001","type":"Feature","properties":{},"geometry":{"type":"Point","coordinates":[-6.263027,53.34385]}},{"id":"1002","type":"Feature","properties":{},"geometry":{"type":"Point","coordinates":[-6.223398,53.314384]}},{"id":"1003","type":"Feature","properties":{},"geometry":{"type":"Point","coordinates":[-6.166155,53.358538]}},{"id":"1004","type":"Feature","properties":{},"geometry":{"type":"Point","coordinates":[-6.300501,53.370209]}},{"id":"1005","type":"Feature","properties":{},"geometry":{"type":"Point","coordinates":[-6.232028,53.359822]}},{"id":"1006","type":"Feature","properties":{},"geometry":{"type":"Point","coordinates":[-6.200126,53.394465]}},{"id":"1007","type":"Feature","properties":{},"geometry":{"type":"Point","coordinates":[-6.250123,53.340128]}},{"id":"1008","type":"Feature","properties":{},"geometry":{"type":"Point","coordinates":[-6.274065,53.381917]}},{"id":"1009","type":"Feature","properties":{},"geometry":{"type":"Point","coordinates":[-6.153914,53.396075]}},{"id":"1010","type":"Feature","properties":{},"geometry":{"type":"Point","coordinates":[-6.264734,53.384646]}},{"id":"1011","type":"Feature","properties":{},"geometry":{"type":"Point","coordinates":[-6.191165,53.402922]}},{"id":"1012","type":"Feature","properties":{},"geometry":{"type":"Point","coordinates":[-6.290704,53.405461]}},{"id":"1013","type":"Feature","properties":{},"geometry":{"type":"Point","coordinates":[-6.308317,53.337489]}},{"id":"1014","type":"Feature","properties":{},"geometry":{"type":"Point","coordinates":[-6.35097,53.365439]}},{"id":"1015","type":"Feature","properties":{},"geometry":{"type":"Point","coordinates":[-6.264213,53.324955]}},{"id":"1016","type":"Feature","properties":{},"geometry":{"type":"Point","coordinates":[-6.247534,53.338586]}},{"id":"1017","type":"Feature","properties":{},"geometry":{"type":"Point","coordinates":[-6.305587,53.330727]}},{"id":"1018","type":"Feature","properties":{},"geometry":{"type":"Point","coordinates":[-6.217523,53.321155]}},{"id":"1019","type":"Feature","properties":{},"geometry":{"type":"Point","coordinates":[-6.258825,53.310944]}},{"id":"1020","type":"Feature","properties":{},"geometry":{"type":"Point","coordinates":[-6.294072,53.306372]}},{"id":"1021","type":"Feature","properties":{},"geometry":{"type":"Point","coordinates":[-6.24787,53.326929]}},{"id":"1022","type":"Feature","properties":{},"geometry":{"type":"Point","coordinates":[-6.308388,53.399781]}},{"id":"1023","type":"Feature","properties":{},"geometry":{"type":"Point","coordinates":[-6.2234,53.396375]}},{"id":"1024","type":"Feature","properties":{},"geometry":{"type":"Point","coordinates":[-6.321915,53.342642]}},{"id":"1025","type":"Feature","properties":{},"geometry":{"type":"Point","coordinates":[-6.2272,53.314369]}},{"id":"1026","type":"Feature","properties":{},"geometry":{"type":"Point","coordinates":[-6.291627,53.31384]}},{"id":"1027","type":"Feature","properties":{},"geometry":{"type":"Point","coordinates":[-6.302063,53.388032]}},{"id":"1028","type":"Feature","properties":{},"geometry":{"type":"Point","coordinates":[-6.213257,53.367543]}},{"id":"1029","type":"Feature","properties":{},"geometry":{"type":"Point","coordinates":[-6.274781,53.357629]}},{"id":"1030","type":"Feature","properties":{},"geometry":{"type":"Point","coordinates":[-6.186413,53.337704]}},{"id":"1031","type":"Feature","properties":{},"geometry":{"type":"Point","coordinates":[-6.16284,53.351255]}},{"id":"1032","type":"Feature","properties":{},"geometry":{"type":"Point","coordinates":[-6.188643,53.34161]}},{"id":"1033","type":"Feature","properties":{},"geometry":{"type":"Point","coordinates":[-6.360229,53.335267]}},{"id":"1034","type":"Feature","properties":{},"geometry":{"type":"Point","coordinates":[-6.247379,53.391729]}},{"id":"1035","type":"Feature","properties":{},"geometry":{"type":"Point","coordinates":[-6.308738,53.324357]}},{"id":"1036","type":"Feature","properties":{},"geometry":{"type":"Point","coordinates":[-6.287764,53.382427]}},{"id":"1037","type":"Feature","properties":{},"geometry":{"type":"Point","coordinates":[-6.236709,53.317437]}},{"id":"1038","type":"Feature","properties":{},"geometry":{"type":"Point","coordinates":[-6.333992,53.319871]}},{"id":"1039","type":"Feature","properties":{},"geometry":{"type":"Point","coordinates":[-6.153218,53.36818]}},{"id":"1040","type":"Feature","properties":{},"geometry":{"type":"Point","coordinates":[-6.302526,53.346775]}},{"id":"1041","type":"Feature","properties":{},"geometry":{"type":"Point","coordinates":[-6.158531,53.39069]}},{"id":"1042","type":"Feature","properties":{},"geometry":{"type":"Point","coordinates":[-6.207028,53.394004]}},{"id":"1043","type":"Feature","properties":{},"geometry":{"type":"Point","coordinates":[-6.304786,53.358109]}},{"id":"1044","type":"Feature","properties":{},"geometry":{"type":"Point","coordinates":[-6.281643,53.332594]}},{"id":"1045","type":"Feature","properties":{},"geometry":{"type":"Point","coordinates":[-6.300315,53.341841]}},{"id":"1046","type":"Feature","properties":{},"geometry":{"type":"Point","coordinates":[-6.182586,53.374616]}},{"id":"1047","type":"Feature","properties":{},"geometry":{"type":"Point","coordinates":[-6.276912,53.383615]}},{"id":"1048","type":"Feature","properties":{},"geometry":{"type":"Point","coordinates":[-6.265872,53.32867]}},{"id":"1049","type":"Feature","properties":{},"geometry":{"type":"Point","coordinates":[-6.176972,53.380669]}},{"id":"1050","type":"Feature","properties":{},"geometry":{"type":"Point","coordinates":[-6.214461,53.340033]}},{"id":"1051","type":"Feature","properties":{},"geometry":{"type":"Point","coordinates":[-6.290904,53.324621]}},{"id":"1052","type":"Feature","properties":{},"geometry":{"type":"Point","coordinates":[-6.240651,53.32531]}},{"id":"1053","type":"Feature","properties":{},"geometry":{"type":"Point","coordinates":[-6.364368,53.330238]}},{"id":"1054","type":"Feature","properties":{},"geometry":{"type":"Point","coordinates":[-6.298752,53.341823]}},{"id":"1055","type":"Feature","properties":{},"geometry":{"type":"Point","coordinates":[-6.15878,53.400849]}},{"id":"1056","type":"Feature","properties":{},"geometry":{"type":"Point","coordinates":[-6.331167,53.345887]}},{"id":"1057","type":"Feature","properties":{},"geometry":{"type":"Point","coordinates":[-6.257148,53.312973]}},{"id":"1058","type":"Feature","properties":{},"geometry":{"type":"Point","coordinates":[-6.300775,53.378516]}},{"id":"1059","type":"Feature","properties":{},"geometry":{"type":"Point","coordinates":[-6.192714,53.345661]}},{"id":"1060","type":"Feature","properties":{},"geometry":{"type":"Point","coordinates":[-6.381089,53.336925]}},{"id":"1061","type":"Feature","properties":{},"geometry":{"type":"Point","coordinates":[-6.266771,53.35863]}},{"id":"1062","type":"Feature","properties":{},"geometry":{"type":"Point","coordinates":[-6.252257,53.369862]}},{"id":"1063","type":"Feature","properties":{},"geometry":{"type":"Point","coordinates":[-6.284343,53.366315]}},{"id":"1064","type":"Feature","properties":{},"geometry":{"type":"Point","coordinates":[-6.296591,53.342658]}},{"id":"1065","type":"Feature","properties":{},"geometry":{"type":"Point","coordinates":[-6.295958,53.388138]}},{"id":"1066","type":"Feature","properties":{},"geometry":{"type":"Point","coordinates":[-6.27551,53.384505]}},{"id":"1067","type":"Feature","properties":{},"geometry":{"type":"Point","coordinates":[-6.289139,53.335428]}},{"id":"1068","type":"Feature","properties":{},"geometry":{"type":"Point","coordinates":[-6.312179,53.33336]}},{"id":"1069","type":"Feature","properties":{},"geometry":{"type":"Point","coordinates":[-6.351931,53.359245]}},{"id":"1070","type":"Feature","properties":{},"geometry":{"type":"Point","coordinates":[-6.335313,53.32044]}},{"id":"1071","type":"Feature","properties":{},"geometry":{"type":"Point","coordinates":[-6.206415,53.384175]}},{"id":"1072","type":"Feature","properties":{},"geometry":{"type":"Point","coordinates":[-6.239564,53.380588]}},{"id":"1073","type":"Feature","properties":{},"geometry":{"type":"Point","coordinates":[-6.297227,53.392161]}},{"id":"1074","type":"Feature","properties":{},"geometry":{"type":"Point","coordinates":[-6.247479,53.325544]}},{"id":"1075","type":"Feature","properties":{},"geometry":{"type":"Point","coordinates":[-6.200582,53.401156]}},{"id":"1076","type":"Feature","properties":{},"geometry":{"type":"Point","coordinates":[-6.20795,53.327598]}},{"id":"1077","type":"Feature","properties":{},"geometry":{"type":"Point","coordinates":[-6.329287,53.370539]}},{"id":"1078","type":"Feature","properties":{},"geometry":{"type":"Point","coordinates":[-6.309159,53.393661]}},{"id":"1079","type":"Feature","properties":{},"geometry":{"type":"Point","coordinates":[-6.249758,53.322451]}},{"id":"1080","type":"Feature","properties":{},"geometry":{"type":"Point","coordinates":[-6.371016,53.336429]}},{"id":"1081","type":"Feature","properties":{},"geometry":{"type":"Point","coordinates":[-6.322798,53.373098]}},{"id":"1082","type":"Feature","properties":{},"geometry":{"type":"Point","coordinates":[-6.28131,53.318573]}},{"id":"1083","type":"Feature","properties":{},"geometry":{"type":"Point","coordinates":[-6.26815,53.393516]}},{"id":"1084","type":"Feature","properties":{},"geometry":{"type":"Point","coordinates":[-6.267132,53.356322]}},{"id":"1085","type":"Feature","properties":{},"geometry":{"type":"Point","coordinates":[-6.218266,53.318548]}},{"id":"1086","type":"Feature","properties":{},"geometry":{"type":"Point","coordinates":[-6.308592,53.31668]}},{"id":"1087","type":"Feature","properties":{},"geometry":{"type":"Point","coordinates":[-6.291873,53.3855]}},{"id":"1088","type":"Feature","properties":{},"geometry":{"type":"Point","coordinates":[-6.199555,53.391631]}},{"id":"1089","type":"Feature","properties":{},"geometry":{"type":"Point","coordinates":[-6.221717,53.383582]}},{"id":"1090","type":"Feature","properties":{},"geometry":{"type":"Point","coordinates":[-6.344319,53.368952]}},{"id":"1091","type":"Feature","properties":{},"geometry":{"type":"Point","coordinates":[-6.301662,53.354598]}},{"id":"1092","type":"Feature","properties":{},"geometry":{"type":"Point","coordinates":[-6.236242,53.348779]}},{"id":"1093","type":"Feature","properties":{},"geometry":{"type":"Point","coordinates":[-6.210931,53.328208]}},{"id":"1094","type":"Feature","properties":{},"geometry":{"type":"Point","coordinates":[-6.250475,53.376462]}},{"id":"1095","type":"Feature","properties":{},"geometry":{"type":"Point","coordinates":[-6.192872,53.379359]}},{"id":"1096","type":"Feature","properties":{},"geometry":{"type":"Point","coordinates":[-6.293513,53.384569]}},{"id":"1097","type":"Feature","properties":{},"geometry":{"type":"Point","coordinates":[-6.268816,53.335446]}},{"id":"1098","type":"Feature","properties":{},"geometry":{"type":"Point","coordinates":[-6.22743,53.369357]}},{"id":"1099","type":"Feature","properties":{},"geometry":{"type":"Point","coordinates":[-6.176269,53.404522]}},{"id":"1100","type":"Feature","properties":{},"geometry":{"type":"Point","coordinates":[-6.166361,53.397775]}},{"id":"1101","type":"Feature","properties":{},"geometry":{"type":"Point","coordinates":[-6.215008,53.336179]}},{"id":"1102","type":"Feature","properties":{},"geometry":{"type":"Point","coordinates":[-6.287304,53.315016]}},{"id":"1103","type":"Feature","properties":{},"geometry":{"type":"Point","coordinates":[-6.286879,53.375379]}},{"id":"1104","type":"Feature","properties":{},"geometry":{"type":"Point","coordinates":[-6.328518,53.355084]}},{"id":"1105","type":"Feature","properties":{},"geometry":{"type":"Point","coordinates":[-6.26359,53.308373]}},{"id":"1106","type":"Feature","properties":{},"geometry":{"type":"Point","coordinates":[-6.3544,53.351321]}},{"id":"1107","type":"Feature","properties":{},"geometry":{"type":"Point","coordinates":[-6.24926,53.315421]}},{"id":"1108","type":"Feature","properties":{},"geometry":{"type":"Point","coordinates":[-6.378706,53.333029]}},{"id":"1109","type":"Feature","properties":{},"geometry":{"type":"Point","coordinates":[-6.211905,53.401604]}},{"id":"1110","type":"Feature","properties":{},"geometry":{"type":"Point","coordinates":[-6.200679,53.388728]}},{"id":"1111","type":"Feature","properties":{},"geometry":{"type":"Point","coordinates":[-6.269784,53.341731]}},{"id":"1112","type":"Feature","properties":{},"geometry":{"type":"Point","coordinates":[-6.262338,53.332425]}},{"id":"1113","type":"Feature","properties":{},"geometry":{"type":"Point","coordinates":[-6.215587,53.368381]}},{"id":"1114","type":"Feature","properties":{},"geometry":{"type":"Point","coordinates":[-6.175546,53.388957]}},{"id":"1115","type":"Feature","properties":{},"geometry":{"type":"Point","coordinates":[-6.164378,53.383077]}},{"id":"1116","type":"Feature","properties":{},"geometry":{"type":"Point","coordinates":[-6.197742,53.361744]}},{"id":"1117","type":"Feature","properties":{},"geometry":{"type":"Point","coordinates":[-6.184447,53.388161]}},{"id":"1118","type":"Feature","properties":{},"geometry":{"type":"Point","coordinates":[-6.186708,53.386307]}},{"id":"1119","type":"Feature","properties":{},"geometry":{"type":"Point","coordinates":[-6.189347,53.402297]}},{"id":"1120","type":"Feature","properties":{},"geometry":{"type":"Point","coordinates":[-6.265703,53.334757]}},{"id":"1121","type":"Feature","properties":{},"geometry":{"type":"Point","coordinates":[-6.182186,53.391914]}},{"id":"1122","type":"Feature","properties":{},"geometry":{"type":"Point","coordinates":[-6.160509,53.362054]}},{"id":"1123","type":"Feature","properties":{},"geometry":{"type":"Point","coordinates":[-6.215003,53.363212]}},{"id":"1124","type":"Feature","properties":{},"geometry":{"type":"Point","coordinates":[-6.273945,53.382453]}},{"id":"1125","type":"Feature","properties":{},"geometry":{"type":"Point","coordinates":[-6.236618,53.396411]}},{"id":"1126","type":"Feature","properties":{},"geometry":{"type":"Point","coordinates":[-6.290237,53.352833]}},{"id":"1127","type":"Feature","properties":{},"geometry":{"type":"Point","coordinates":[-6.185379,53.39112]}},{"id":"1128","type":"Feature","properties":{},"geometry":{"type":"Point","coordinates":[-6.251905,53.390798]}},{"id":"1129","type":"Feature","properties":{},"geometry":{"type":"Point","coordinates":[-6.310991,53.400639]}},{"id":"1130","type":"Feature","properties":{},"geometry":{"type":"Point","coordinates":[-6.197684,53.398437]}},{"id":"1131","type":"Feature","properties":{},"geometry":{"type":"Point","coordinates":[-6.221837,53.365001]}},{"id":"1132","type":"Feature","properties":{},"geometry":{"type":"Point","coordinates":[-6.213788,53.316601]}},{"id":"1133","type":"Feature","properties":{},"geometry":{"type":"Point","coordinates":[-6.217677,53.327083]}},{"id":"1134","type":"Feature","properties":{},"geometry":{"type":"Point","coordinates":[-6.184618,53.402601]}},{"id":"1135","type":"Feature","properties":{},"geometry":{"type":"Point","coordinates":[-6.307377,53.339201]}},{"id":"1136","type":"Feature","properties":{},"geometry":{"type":"Point","coordinates":[-6.311818,53.381472]}},{"id":"1137","type":"Feature","properties":{},"geometry":{"type":"Point","coordinates":[-6.223941,53.364424]}},{"id":"1138","type":"Feature","properties":{},"geometry":{"type":"Point","coordinates":[-6.349461,53.366424]}},{"id":"1139","type":"Feature","properties":{},"geometry":{"type":"Point","coordinates":[-6.305163,53.376207]}},{"id":"1140","type":"Feature","properties":{},"geometry":{"type":"Point","coordinates":[-6.267941,53.391651]}},{"id":"1141","type":"Feature","properties":{},"geometry":{"type":"Point","coordinates":[-6.324962,53.3584]}},{"id":"1142","type":"Feature","properties":{},"geometry":{"type":"Point","coordinates":[-6.288354,53.379733]}},{"id":"1143","type":"Feature","properties":{},"geometry":{"type":"Point","coordinates":[-6.293799,53.318857]}},{"id":"1144","type":"Feature","properties":{},"geometry":{"type":"Point","coordinates":[-6.279027,53.345923]}},{"id":"1145","type":"Feature","properties":{},"geometry":{"type":"Point","coordinates":[-6.252533,53.321718]}},{"id":"1146","type":"Feature","properties":{},"geometry":{"type":"Point","coordinates":[-6.232286,53.32211]}},{"id":"1147","type":"Feature","properties":{},"geometry":{"type":"Point","coordinates":[-6.215123,53.367213]}},{"id":"1148","type":"Feature","properties":{},"geometry":{"type":"Point","coordinates":[-6.277954,53.330804]}},{"id":"1149","type":"Feature","properties":{},"geometry":{"type":"Point","coordinates":[-6.262822,53.350757]}},{"id":"1150","type":"Feature","properties":{},"geometry":{"type":"Point","coordinates":[-6.218444,53.319708]}},{"id":"1151","type":"Feature","properties":{},"geometry":{"type":"Point","coordinates":[-6.231189,53.332128]}},{"id":"1152","type":"Feature","properties":{},"geometry":{"type":"Point","coordinates":[-6.216921,53.330543]}},{"id":"1153","type":"Feature","properties":{},"geometry":{"type":"Point","coordinates":[-6.320718,53.329211]}},{"id":"1154","type":"Feature","properties":{},"geometry":{"type":"Point","coordinates":[-6.172844,53.392742]}},{"id":"1155","type":"Feature","properties":{},"geometry":{"type":"Point","coordinates":[-6.172327,53.395495]}},{"id":"1156","type":"Feature","properties":{},"geometry":{"type":"Point","coordinates":[-6.318375,53.369051]}},{"id":"1157","type":"Feature","properties":{},"geometry":{"type":"Point","coordinates":[-6.242422,53.375153]}},{"id":"1158","type":"Feature","properties":{},"geometry":{"type":"Point","coordinates":[-6.247906,53.375435]}},{"id":"1159","type":"Feature","properties":{},"geometry":{"type":"Point","coordinates":[-6.320435,53.317885]}},{"id":"1160","type":"Feature","properties":{},"geometry":{"type":"Point","coordinates":[-6.242263,53.35932]}},{"id":"1161","type":"Feature","properties":{},"geometry":{"type":"Point","coordinates":[-6.333248,53.362194]}},{"id":"1162","type":"Feature","properties":{},"geometry":{"type":"Point","coordinates":[-6.167985,53.360567]}},{"id":"1163","type":"Feature","properties":{},"geometry":{"type":"Point","coordinates":[-6.257027,53.334353]}},{"id":"1164","type":"Feature","properties":{},"geometry":{"type":"Point","coordinates":[-6.307718,53.35278]}},{"id":"1165","type":"Feature","properties":{},"geometry":{"type":"Point","coordinates":[-6.243164,53.369589]}},{"id":"1166","type":"Feature","properties":{},"geometry":{"type":"Point","coordinates":[-6.235687,53.396003]}},{"id":"1167","type":"Feature","properties":{},"geometry":{"type":"Point","coordinates":[-6.205415,53.362282]}},{"id":"1168","type":"Feature","properties":{},"geometry":{"type":"Point","coordinates":[-6.324217,53.330259]}},{"id":"1169","type":"Feature","properties":{},"geometry":{"type":"Point","coordinates":[-6.29182,53.323177]}},{"id":"1170","type":"Feature","properties":{},"geometry":{"type":"Point","coordinates":[-6.283134,53.372282]}},{"id":"1171","type":"Feature","properties":{},"geometry":{"type":"Point","coordinates":[-6.170387,53.379016]}},{"id":"1172","type":"Feature","properties":{},"geometry":{"type":"Point","coordinates":[-6.275749,53.344087]}},{"id":"1173","type":"Feature","properties":{},"geometry":{"type":"Point","coordinates":[-6.239629,53.345808]}},{"id":"1174","type":"Feature","properties":{},"geometry":{"type":"Point","coordinates":[-6.211871,53.396697]}},{"id":"1175","type":"Feature","properties":{},"geometry":{"type":"Point","coordinates":[-6.349333,53.352429]}},{"id":"1176","type":"Feature","properties":{},"geometry":{"type":"Point","coordinates":[-6.246637,53.364634]}},{"id":"1177","type":"Feature","properties":{},"geometry":{"type":"Point","coordinates":[-6.191932,53.343994]}},{"id":"1178","type":"Feature","properties":{},"geometry":{"type":"Point","coordinates":[-6.202278,53.351956]}},{"id":"1179","type":"Feature","properties":{},"geometry":{"type":"Point","coordinates":[-6.339551,53.332939]}},{"id":"1180","type":"Feature","properties":{},"geometry":{"type":"Point","coordinates":[-6.199367,53.335588]}},{"id":"1181","type":"Feature","properties":{},"geometry":{"type":"Point","coordinates":[-6.300509,53.327591]}},{"id":"1182","type":"Feature","properties":{},"geometry":{"type":"Point","coordinates":[-6.225221,53.326969]}},{"id":"1183","type":"Feature","properties":{},"geometry":{"type":"Point","coordinates":[-6.172279,53.392763]}},{"id":"1184","type":"Feature","properties":{},"geometry":{"type":"Point","coordinates":[-6.221469,53.344549]}},{"id":"1185","type":"Feature","properties":{},"geometry":{"type":"Point","coordinates":[-6.22859,53.356701]}},{"id":"1186","type":"Feature","properties":{},"geometry":{"type":"Point","coordinates":[-6.232949,53.388826]}},{"id":"1187","type":"Feature","properties":{},"geometry":{"type":"Point","coordinates":[-6.329013,53.342002]}},{"id":"1188","type":"Feature","properties":{},"geometry":{"type":"Point","coordinates":[-6.287915,53.372746]}},{"id":"1189","type":"Feature","properties":{},"geometry":{"type":"Point","coordinates":[-6.20692,53.340122]}},{"id":"1190","type":"Feature","properties":{},"geometry":{"type":"Point","coordinates":[-6.302363,53.393128]}},{"id":"1191","type":"Feature","properties":{},"geometry":{"type":"Point","coordinates":[-6.195778,53.403791]}},{"id":"1192","type":"Feature","properties":{},"geometry":{"type":"Point","coordinates":[-6.243375,53.340499]}},{"id":"1193","type":"Feature","properties":{},"geometry":{"type":"Point","coordinates":[-6.250596,53.335115]}},{"id":"1194","type":"Feature","properties":{},"geometry":{"type":"Point","coordinates":[-6.284248,53.386786]}},{"id":"1195","type":"Feature","properties":{},"geometry":{"type":"Point","coordinates":[-6.167401,53.390089]}},{"id":"1196","type":"Feature","properties":{},"geometry":{"type":"Point","coordinates":[-6.208106,53.345025]}},{"id":"1197","type":"Feature","properties":{},"geometry":{"type":"Point","coordinates":[-6.248021,53.368311]}},{"id":"1198","type":"Feature","properties":{},"geometry":{"type":"Point","coordinates":[-6.276484,53.339367]}},{"id":"1199","type":"Feature","properties":{},"geometry":{"type":"Point","coordinates":[-6.292779,53.370369]}},{"id":"1200","type":"Feature","properties":{},"geometry":{"type":"Point","coordinates":[-6.201979,53.346682]}},{"id":"1201","type":"Feature","properties":{},"geometry":{"type":"Point","coordinates":[-6.217086,53.32453]}},{"id":"1202","type":"Feature","properties":{},"geometry":{"type":"Point","coordinates":[-6.283877,53.319597]}},{"id":"1203","type":"Feature","properties":{},"geometry":{"type":"Point","coordinates":[-6.288056,53.377297]}},{"id":"1204","type":"Feature","properties":{},"geometry":{"type":"Point","coordinates":[-6.283507,53.305901]}},{"id":"1205","type":"Feature","properties":{},"geometry":{"type":"Point","coordinates":[-6.165068,53.395185]}},{"id":"1206","type":"Feature","properties":{},"geometry":{"type":"Point","coordinates":[-6.26392,53.359501]}},{"id":"1207","type":"Feature","properties":{},"geometry":{"type":"Point","coordinates":[-6.263968,53.32126]}},{"id":"1208","type":"Feature","properties":{},"geometry":{"type":"Point","coordinates":[-6.293012,53.379683]}},{"id":"1209","type":"Feature","properties":{},"geometry":{"type":"Point","coordinates":[-6.31233,53.378224]}},{"id":"1210","type":"Feature","properties":{},"geometry":{"type":"Point","coordinates":[-6.141468,53.37354]}},{"id":"1211","type":"Feature","properties":{},"geometry":{"type":"Point","coordinates":[-6.232732,53.389405]}},{"id":"1212","type":"Feature","properties":{},"geometry":{"type":"Point","coordinates":[-6.330128,53.368718]}},{"id":"1213","type":"Feature","properties":{},"geometry":{"type":"Point","coordinates":[-6.238587,53.375762]}},{"id":"1214","type":"Feature","properties":{},"geometry":{"type":"Point","coordinates":[-6.253631,53.344442]}},{"id":"1215","type":"Feature","properties":{},"geometry":{"type":"Point","coordinates":[-6.314418,53.343248]}},{"id":"1216","type":"Feature","properties":{},"geometry":{"type":"Point","coordinates":[-6.198144,53.38128]}},{"id":"1217","type":"Feature","properties":{},"geometry":{"type":"Point","coordinates":[-6.17831,53.40674]}},{"id":"1218","type":"Feature","properties":{},"geometry":{"type":"Point","coordinates":[-6.210545,53.405513]}},{"id":"1219","type":"Feature","properties":{},"geometry":{"type":"Point","coordinates":[-6.213193,53.372364]}},{"id":"1220","type":"Feature","properties":{},"geometry":{"type":"Point","coordinates":[-6.184126,53.374623]}},{"id":"1221","type":"Feature","properties":{},"geometry":{"type":"Point","coordinates":[-6.272454,53.33724]}},{"id":"1222","type":"Feature","properties":{},"geometry":{"type":"Point","coordinates":[-6.302326,53.349811]}},{"id":"1223","type":"Feature","properties":{},"geometry":{"type":"Point","coordinates":[-6.30257,53.372653]}},{"id":"1224","type":"Feature","properties":{},"geometry":{"type":"Point","coordinates":[-6.334219,53.330388]}},{"id":"1225","type":"Feature","properties":{},"geometry":{"type":"Point","coordinates":[-6.264174,53.387135]}},{"id":"1226","type":"Feature","properties":{},"geometry":{"type":"Point","coordinates":[-6.231551,53.355151]}},{"id":"1227","type":"Feature","properties":{},"geometry":{"type":"Point","coordinates":[-6.291935,53.350343]}},{"id":"1228","type":"Feature","properties":{},"geometry":{"type":"Point","coordinates":[-6.191583,53.346833]}},{"id":"1229","type":"Feature","properties":{},"geometry":{"type":"Point","coordinates":[-6.268618,53.400298]}},{"id":"1230","type":"Feature","properties":{},"geometry":{"type":"Point","coordinates":[-6.265579,53.390962]}},{"id":"1231","type":"Feature","properties":{},"geometry":{"type":"Point","coordinates":[-6.168457,53.35903]}},{"id":"1232","type":"Feature","properties":{},"geometry":{"type":"Point","coordinates":[-6.300107,53.338401]}},{"id":"1233","type":"Feature","properties":{},"geometry":{"type":"Point","coordinates":[-6.310631,53.325893]}},{"id":"1234","type":"Feature","properties":{},"geometry":{"type":"Point","coordinates":[-6.235185,53.395067]}},{"id":"1235","type":"Feature","properties":{},"geometry":{"type":"Point","coordinates":[-6.179716,53.372342]}},{"id":"1236","type":"Feature","properties":{},"geometry":{"type":"Point","coordinates":[-6.199232,53.393676]}},{"id":"1237","type":"Feature","properties":{},"geometry":{"type":"Point","coordinates":[-6.290759,53.338629]}},{"id":"1238","type":"Feature","properties":{},"geometry":{"type":"Point","coordinates":[-6.365325,53.332893]}},{"id":"1239","type":"Feature","properties":{},"geometry":{"type":"Point","coordinates":[-6.32521,53.326385]}},{"id":"1240","type":"Feature","properties":{},"geometry":{"type":"Point","coordinates":[-6.273239,53.404715]}},{"id":"1241","type":"Feature","properties":{},"geometry":{"type":"Point","coordinates":[-6.25429,53.328749]}},{"id":"1242","type":"Feature","properties":{},"geometry":{"type":"Point","coordinates":[-6.296536,53.390129]}},{"id":"1243","type":"Feature","properties":{},"geometry":{"type":"Point","coordinates":[-6.229327,53.360969]}},{"id":"1244","type":"Feature","properties":{},"geometry":{"type":"Point","coordinates":[-6.282334,53.310861]}},{"id":"1245","type":"Feature","properties":{},"geometry":{"type":"Point","coordinates":[-6.17209,53.388385]}},{"id":"1246","type":"Feature","properties":{},"geometry":{"type":"Point","coordinates":[-6.20007,53.347941]}},{"id":"1247","type":"Feature","properties":{},"geometry":{"type":"Point","coordinates":[-6.371418,53.340547]}},{"id":"1248","type":"Feature","properties":{},"geometry":{"type":"Point","coordinates":[-6.250463,53.352329]}},{"id":"1249","type":"Feature","properties":{},"geometry":{"type":"Point","coordinates":[-6.150113,53.403503]}},{"id":"1250","type":"Feature","properties":{},"geometry":{"type":"Point","coordinates":[-6.281021,53.306903]}},{"id":"1251","type":"Feature","properties":{},"geometry":{"type":"Point","coordinates":[-6.292497,53.380332]}},{"id":"1252","type":"Feature","properties":{},"geometry":{"type":"Point","coordinates":[-6.204978,53.379274]}},{"id":"1253","type":"Feature","properties":{},"geometry":{"type":"Point","coordinates":[-6.281949,53.321704]}},{"id":"1254","type":"Feature","properties":{},"geometry":{"type":"Point","coordinates":[-6.193264,53.378291]}},{"id":"1255","type":"Feature","properties":{},"geometry":{"type":"Point","coordinates":[-6.214685,53.324644]}},{"id":"1256","type":"Feature","properties":{},"geometry":{"type":"Point","coordinates":[-6.218061,53.402862]}},{"id":"1257","type":"Feature","properties":{},"geometry":{"type":"Point","coordinates":[-6.169024,53.359924]}},{"id":"1258","type":"Feature","properties":{},"geometry":{"type":"Point","coordinates":[-6.160006,53.364882]}},{"id":"1259","type":"Feature","properties":{},"geometry":{"type":"Point","coordinates":[-6.237926,53.38889]}},{"id":"1260","type":"Feature","properties":{},"geometry":{"type":"Point","coordinates":[-6.234535,53.37297]}},{"id":"1261","type":"Feature","properties":{},"geometry":{"type":"Point","coordinates":[-6.314701,53.321869]}},{"id":"1262","type":"Feature","properties":{},"geometry":{"type":"Point","coordinates":[-6.290188,53.381447]}},{"id":"1263","type":"Feature","properties":{},"geometry":{"type":"Point","coordinates":[-6.325508,53.34577]}},{"id":"1264","type":"Feature","properties":{},"geometry":{"type":"Point","coordinates":[-6.297933,53.396892]}},{"id":"1265","type":"Feature","properties":{},"geometry":{"type":"Point","coordinates":[-6.216987,53.405509]}},{"id":"1266","type":"Feature","properties":{},"geometry":{"type":"Point","coordinates":[-6.227926,53.38982]}},{"id":"1267","type":"Feature","properties":{},"geometry":{"type":"Point","coordinates":[-6.207012,53.342961]}},{"id":"1268","type":"Feature","properties":{},"geometry":{"type":"Point","coordinates":[-6.34384,53.36301]}},{"id":"1269","type":"Feature","properties":{},"geometry":{"type":"Point","coordinates":[-6.233322,53.397777]}},{"id":"1270","type":"Feature","properties":{},"geometry":{"type":"Point","coordinates":[-6.153326,53.363116]}},{"id":"1271","type":"Feature","properties":{},"geometry":{"type":"Point","coordinates":[-6.140977,53.373947]}},{"id":"1272","type":"Feature","properties":{},"geometry":{"type":"Point","coordinates":[-6.194613,53.339123]}},{"id":"1273","type":"Feature","properties":{},"geometry":{"type":"Point","coordinates":[-6.350812,53.363737]}},{"id":"1274","type":"Feature","properties":{},"geometry":{"type":"Point","coordinates":[-6.158013,53.388505]}},{"id":"1275","type":"Feature","properties":{},"geometry":{"type":"Point","coordinates":[-6.175604,53.370188]}},{"id":"1276","type":"Feature","properties":{},"geometry":{"type":"Point","coordinates":[-6.216008,53.314781]}},{"id":"1277","type":"Feature","properties":{},"geometry":{"type":"Point","coordinates":[-6.284857,53.376828]}},{"id":"1278","type":"Feature","properties":{},"geometry":{"type":"Point","coordinates":[-6.330997,53.36088]}},{"id":"1279","type":"Feature","properties":{},"geometry":{"type":"Point","coordinates":[-6.154369,53.381434]}},{"id":"1280","type":"Feature","properties":{},"geometry":{"type":"Point","coordinates":[-6.348506,53.343142]}},{"id":"1281","type":"Feature","properties":{},"geometry":{"type":"Point","coordinates":[-6.326745,53.319739]}},{"id":"1282","type":"Feature","properties":{},"geometry":{"type":"Point","coordinates":[-6.314763,53.350825]}},{"id":"1283","type":"Feature","properties":{},"geometry":{"type":"Point","coordinates":[-6.27296,53.322725]}},{"id":"1284","type":"Feature","properties":{},"geometry":{"type":"Point","coordinates":[-6.281548,53.38215]}},{"id":"1285","type":"Feature","properties":{},"geometry":{"type":"Point","coordinates":[-6.310044,53.356633]}},{"id":"1286","type":"Feature","properties":{},"geometry":{"type":"Point","coordinates":[-6.215251,53.376046]}},{"id":"1287","type":"Feature","properties":{},"geometry":{"type":"Point","coordinates":[-6.268366,53.323642]}},{"id":"1288","type":"Feature","properties":{},"geometry":{"type":"Point","coordinates":[-6.195353,53.404422]}},{"id":"1289","type":"Feature","properties":{},"geometry":{"type":"Point","coordinates":[-6.154732,53.395432]}},{"id":"1290","type":"Feature","properties":{},"geometry":{"type":"Point","coordinates":[-6.279781,53.336307]}},{"id":"1291","type":"Feature","properties":{},"geometry":{"type":"Point","coordinates":[-6.315712,53.380205]}},{"id":"1292","type":"Feature","properties":{},"geometry":{"type":"Point","coordinates":[-6.324464,53.336405]}},{"id":"1293","type":"Feature","properties":{},"geometry":{"type":"Point","coordinates":[-6.271587,53.364104]}},{"id":"1294","type":"Feature","properties":{},"geometry":{"type":"Point","coordinates":[-6.233091,53.363537]}},{"id":"1295","type":"Feature","properties":{},"geometry":{"type":"Point","coordinates":[-6.163896,53.36462]}},{"id":"1296","type":"Feature","properties":{},"geometry":{"type":"Point","coordinates":[-6.187388,53.379409]}},{"id":"1297","type":"Feature","properties":{},"geometry":{"type":"Point","coordinates":[-6.21664,53.39346]}},{"id":"1298","type":"Feature","properties":{},"geometry":{"type":"Point","coordinates":[-6.295204,53.396475]}},{"id":"1299","type":"Feature","properties":{},"geometry":{"type":"Point","coordinates":[-6.311481,53.350637]}},{"id":"1300","type":"Feature","properties":{},"geometry":{"type":"Point","coordinates":[-6.190908,53.340165]}},{"id":"1301","type":"Feature","properties":{},"geometry":{"type":"Point","coordinates":[-6.337115,53.367942]}},{"id":"1302","type":"Feature","properties":{},"geometry":{"type":"Point","coordinates":[-6.346255,53.334206]}},{"id":"1303","type":"Feature","properties":{},"geometry":{"type":"Point","coordinates":[-6.27096,53.351384]}},{"id":"1304","type":"Feature","properties":{},"geometry":{"type":"Point","coordinates":[-6.203765,53.400674]}},{"id":"1305","type":"Feature","properties":{},"geometry":{"type":"Point","coordinates":[-6.288049,53.329823]}},{"id":"1306","type":"Feature","properties":{},"geometry":{"type":"Point","coordinates":[-6.183157,53.390602]}},{"id":"1307","type":"Feature","properties":{},"geometry":{"type":"Point","coordinates":[-6.307621,53.399867]}},{"id":"1308","type":"Feature","properties":{},"geometry":{"type":"Point","coordinates":[-6.290027,53.336108]}},{"id":"1309","type":"Feature","properties":{},"geometry":{"type":"Point","coordinates":[-6.345825,53.352856]}},{"id":"1310","type":"Feature","properties":{},"geometry":{"type":"Point","coordinates":[-6.294854,53.378603]}},{"id":"1311","type":"Feature","properties":{},"geometry":{"type":"Point","coordinates":[-6.199816,53.339353]}},{"id":"1312","type":"Feature","properties":{},"geometry":{"type":"Point","coordinates":[-6.324252,53.338584]}},{"id":"1313","type":"Feature","properties":{},"geometry":{"type":"Point","coordinates":[-6.238472,53.357441]}},{"id":"1314","type":"Feature","properties":{},"geometry":{"type":"Point","coordinates":[-6.341928,53.335798]}},{"id":"1315","type":"Feature","properties":{},"geometry":{"type":"Point","coordinates":[-6.245479,53.367535]}},{"id":"1316","type":"Feature","properties":{},"geometry":{"type":"Point","coordinates":[-6.251812,53.354751]}},{"id":"1317","type":"Feature","properties":{},"geometry":{"type":"Point","coordinates":[-6.229123,53.37761]}},{"id":"1318","type":"Feature","properties":{},"geometry":{"type":"Point","coordinates":[-6.310145,53.400479]}},{"id":"1319","type":"Feature","properties":{},"geometry":{"type":"Point","coordinates":[-6.236137,53.321293]}},{"id":"1320","type":"Feature","properties":{},"geometry":{"type":"Point","coordinates":[-6.199638,53.364532]}},{"id":"1321","type":"Feature","properties":{},"geometry":{"type":"Point","coordinates":[-6.328493,53.331386]}},{"id":"1322","type":"Feature","properties":{},"geometry":{"type":"Point","coordinates":[-6.324657,53.376098]}},{"id":"1323","type":"Feature","properties":{},"geometry":{"type":"Point","coordinates":[-6.155416,53.392315]}},{"id":"1324","type":"Feature","properties":{},"geometry":{"type":"Point","coordinates":[-6.326669,53.363444]}},{"id":"1325","type":"Feature","properties":{},"geometry":{"type":"Point","coordinates":[-6.205704,53.353428]}},{"id":"1326","type":"Feature","properties":{},"geometry":{"type":"Point","coordinates":[-6.303261,53.393529]}},{"id":"1327","type":"Feature","properties":{},"geometry":{"type":"Point","coordinates":[-6.26876,53.358257]}},{"id":"1328","type":"Feature","properties":{},"geometry":{"type":"Point","coordinates":[-6.206481,53.342715]}},{"id":"1329","type":"Feature","properties":{},"geometry":{"type":"Point","coordinates":[-6.215937,53.393025]}},{"id":"1330","type":"Feature","properties":{},"geometry":{"type":"Point","coordinates":[-6.27058,53.344947]}},{"id":"1331","type":"Feature","properties":{},"geometry":{"type":"Point","coordinates":[-6.281244,53.404128]}},{"id":"1332","type":"Feature","properties":{},"geometry":{"type":"Point","coordinates":[-6.263821,53.386319]}},{"id":"1333","type":"Feature","properties":{},"geometry":{"type":"Point","coordinates":[-6.332157,53.361913]}},{"id":"1334","type":"Feature","properties":{},"geometry":{"type":"Point","coordinates":[-6.175917,53.403829]}},{"id":"1335","type":"Feature","properties":{},"geometry":{"type":"Point","coordinates":[-6.245265,53.389838]}},{"id":"1336","type":"Feature","properties":{},"geometry":{"type":"Point","coordinates":[-6.277217,53.390055]}},{"id":"1337","type":"Feature","properties":{},"geometry":{"type":"Point","coordinates":[-6.195606,53.381236]}},{"id":"1338","type":"Feature","properties":{},"geometry":{"type":"Point","coordinates":[-6.300184,53.324984]}},{"id":"1339","type":"Feature","properties":{},"geometry":{"type":"Point","coordinates":[-6.35898,53.336991]}},{"id":"1340","type":"Feature","properties":{},"geometry":{"type":"Point","coordinates":[-6.227547,53.395115]}},{"id":"1341","type":"Feature","properties":{},"geometry":{"type":"Point","coordinates":[-6.205817,53.389786]}},{"id":"1342","type":"Feature","properties":{},"geometry":{"type":"Point","coordinates":[-6.224991,53.362389]}},{"id":"1343","type":"Feature","properties":{},"geometry":{"type":"Point","coordinates":[-6.320845,53.334433]}},{"id":"1344","type":"Feature","properties":{},"geometry":{"type":"Point","coordinates":[-6.271211,53.334028]}},{"id":"1345","type":"Feature","properties":{},"geometry":{"type":"Point","coordinates":[-6.288718,53.356197]}},{"id":"1346","type":"Feature","properties":{},"geometry":{"type":"Point","coordinates":[-6.21231,53.382189]}},{"id":"1347","type":"Feature","properties":{},"geometry":{"type":"Point","coordinates":[-6.227622,53.346795]}},{"id":"1348","type":"Feature","properties":{},"geometry":{"type":"Point","coordinates":[-6.222408,53.320736]}},{"id":"1349","type":"Feature","properties":{},"geometry":{"type":"Point","coordinates":[-6.352062,53.341984]}},{"id":"1350","type":"Feature","properties":{},"geometry":{"type":"Point","coordinates":[-6.22426,53.327408]}},{"id":"1351","type":"Feature","properties":{},"geometry":{"type":"Point","coordinates":[-6.287991,53.307352]}},{"id":"1352","type":"Feature","properties":{},"geometry":{"type":"Point","coordinates":[-6.236576,53.396972]}},{"id":"1353","type":"Feature","properties":{},"geometry":{"type":"Point","coordinates":[-6.160916,53.367178]}},{"id":"1354","type":"Feature","properties":{},"geometry":{"type":"Point","coordinates":[-6.217925,53.339891]}},{"id":"1355","type":"Feature","properties":{},"geometry":{"type":"Point","coordinates":[-6.325812,53.359765]}},{"id":"1356","type":"Feature","properties":{},"geometry":{"type":"Point","coordinates":[-6.298007,53.315351]}},{"id":"1357","type":"Feature","properties":{},"geometry":{"type":"Point","coordinates":[-6.213035,53.341478]}},{"id":"1358","type":"Feature","properties":{},"geometry":{"type":"Point","coordinates":[-6.149827,53.369709]}},{"id":"1359","type":"Feature","properties":{},"geometry":{"type":"Point","coordinates":[-6.267596,53.351086]}},{"id":"1360","type":"Feature","properties":{},"geometry":{"type":"Point","coordinates":[-6.226475,53.392481]}},{"id":"1361","type":"Feature","properties":{},"geometry":{"type":"Point","coordinates":[-6.287295,53.337908]}},{"id":"1362","type":"Feature","properties":{},"geometry":{"type":"Point","coordinates":[-6.328326,53.369658]}},{"id":"1363","type":"Feature","properties":{},"geometry":{"type":"Point","coordinates":[-6.260208,53.31967]}},{"id":"1364","type":"Feature","properties":{},"geometry":{"type":"Point","coordinates":[-6.300042,53.340614]}},{"id":"1365","type":"Feature","properties":{},"geometry":{"type":"Point","coordinates":[-6.212957,53.355874]}},{"id":"1366","type":"Feature","properties":{},"geometry":{"type":"Point","coordinates":[-6.151796,53.369303]}},{"id":"1367","type":"Feature","properties":{},"geometry":{"type":"Point","coordinates":[-6.285864,53.348408]}},{"id":"1368","type":"Feature","properties":{},"geometry":{"type":"Point","coordinates":[-6.256782,53.380763]}},{"id":"1369","type":"Feature","properties":{},"geometry":{"type":"Point","coordinates":[-6.281667,53.349274]}},{"id":"1370","type":"Feature","properties":{},"geometry":{"type":"Point","coordinates":[-6.297039,53.363772]}},{"id":"1371","type":"Feature","properties":{},"geometry":{"type":"Point","coordinates":[-6.233569,53.340176]}},{"id":"1372","type":"Feature","properties":{},"geometry":{"type":"Point","coordinates":[-6.259189,53.381421]}},{"id":"1373","type":"Feature","properties":{},"geometry":{"type":"Point","coordinates":[-6.189736,53.402655]}},{"id":"1374","type":"Feature","properties":{},"geometry":{"type":"Point","coordinates":[-6.301678,53.33309]}},{"id":"1375","type":"Feature","properties":{},"geometry":{"type":"Point","coordinates":[-6.241015,53.336732]}},{"id":"1376","type":"Feature","properties":{},"geometry":{"type":"Point","coordinates":[-6.20876,53.36521]}},{"id":"1377","type":"Feature","properties":{},"geometry":{"type":"Point","coordinates":[-6.238433,53.389348]}},{"id":"1378","type":"Feature","properties":{},"geometry":{"type":"Point","coordinates":[-6.314549,53.336302]}},{"id":"1379","type":"Feature","properties":{},"geometry":{"type":"Point","coordinates":[-6.224336,53.376109]}},{"id":"1380","type":"Feature","properties":{},"geometry":{"type":"Point","coordinates":[-6.227732,53.361562]}},{"id":"1381","type":"Feature","properties":{},"geometry":{"type":"Point","coordinates":[-6.2181,53.311357]}},{"id":"1382","type":"Feature","properties":{},"geometry":{"type":"Point","coordinates":[-6.18366,53.363441]}},{"id":"1383","type":"Feature","properties":{},"geometry":{"type":"Point","coordinates":[-6.271199,53.333878]}},{"id":"1384","type":"Feature","properties":{},"geometry":{"type":"Point","coordinates":[-6.27433,53.389617]}},{"id":"1385","type":"Feature","properties":{},"geometry":{"type":"Point","coordinates":[-6.378788,53.337336]}},{"id":"1386","type":"Feature","properties":{},"geometry":{"type":"Point","coordinates":[-6.236926,53.35522]}},{"id":"1387","type":"Feature","properties":{},"geometry":{"type":"Point","coordinates":[-6.365359,53.339522]}},{"id":"1388","type":"Feature","properties":{},"geometry":{"type":"Point","coordinates":[-6.301085,53.36682]}},{"id":"1389","type":"Feature","properties":{},"geometry":{"type":"Point","coordinates":[-6.250002,53.314701]}},{"id":"1390","type":"Feature","properties":{},"geometry":{"type":"Point","coordinates":[-6.309255,53.393086]}},{"id":"1391","type":"Feature","properties":{},"geometry":{"type":"Point","coordinates":[-6.201886,53.342785]}},{"id":"1392","type":"Feature","properties":{},"geometry":{"type":"Point","coordinates":[-6.262117,53.369976]}},{"id":"1393","type":"Feature","properties":{},"geometry":{"type":"Point","coordinates":[-6.340519,53.348821]}},{"id":"1394","type":"Feature","properties":{},"geometry":{"type":"Point","coordinates":[-6.187054,53.389717]}},{"id":"1395","type":"Feature","properties":{},"geometry":{"type":"Point","coordinates":[-6.288646,53.401639]}},{"id":"1396","type":"Feature","properties":{},"geometry":{"type":"Point","coordinates":[-6.275979,53.344404]}},{"id":"1397","type":"Feature","properties":{},"geometry":{"type":"Point","coordinates":[-6.249937,53.328501]}},{"id":"1398","type":"Feature","properties":{},"geometry":{"type":"Point","coordinates":[-6.21658,53.341349]}},{"id":"1399","type":"Feature","properties":{},"geometry":{"type":"Point","coordinates":[-6.282249,53.385941]}},{"id":"1400","type":"Feature","properties":{},"geometry":{"type":"Point","coordinates":[-6.302408,53.368814]}},{"id":"1401","type":"Feature","properties":{},"geometry":{"type":"Point","coordinates":[-6.207665,53.388033]}},{"id":"1402","type":"Feature","properties":{},"geometry":{"type":"Point","coordinates":[-6.212044,53.333741]}},{"id":"1403","type":"Feature","properties":{},"geometry":{"type":"Point","coordinates":[-6.302145,53.376315]}},{"id":"1404","type":"Feature","properties":{},"geometry":{"type":"Point","coordinates":[-6.31177,53.384639]}},{"id":"1405","type":"Feature","properties":{},"geometry":{"type":"Point","coordinates":[-6.303453,53.384506]}},{"id":"1406","type":"Feature","properties":{},"geometry":{"type":"Point","coordinates":[-6.295343,53.324015]}},{"id":"1407","type":"Feature","properties":{},"geometry":{"type":"Point","coordinates":[-6.195051,53.378814]}},{"id":"1408","type":"Feature","properties":{},"geometry":{"type":"Point","coordinates":[-6.250725,53.372618]}},{"id":"1409","type":"Feature","properties":{},"geometry":{"type":"Point","coordinates":[-6.22577,53.350102]}},{"id":"1410","type":"Feature","properties":{},"geometry":{"type":"Point","coordinates":[-6.173971,53.357295]}},{"id":"1411","type":"Feature","properties":{},"geometry":{"type":"Point","coordinates":[-6.207453,53.37851]}},{"id":"1412","type":"Feature","properties":{},"geometry":{"type":"Point","coordinates":[-6.280035,53.373439]}},{"id":"1413","type":"Feature","properties":{},"geometry":{"type":"Point","coordinates":[-6.303852,53.362874]}},{"id":"1414","type":"Feature","properties":{},"geometry":{"type":"Point","coordinates":[-6.230343,53.328793]}},{"id":"1415","type":"Feature","properties":{},"geometry":{"type":"Point","coordinates":[-6.265222,53.383015]}},{"id":"1416","type":"Feature","properties":{},"geometry":{"type":"Point","coordinates":[-6.312994,53.387035]}},{"id":"1417","type":"Feature","properties":{},"geometry":{"type":"Point","coordinates":[-6.260994,53.352438]}},{"id":"1418","type":"Feature","properties":{},"geometry":{"type":"Point","coordinates":[-6.279987,53.33134]}},{"id":"1419","type":"Feature","properties":{},"geometry":{"type":"Point","coordinates":[-6.240051,53.395003]}},{"id":"1420","type":"Feature","properties":{},"geometry":{"type":"Point","coordinates":[-6.328822,53.321896]}},{"id":"1421","type":"Feature","properties":{},"geometry":{"type":"Point","coordinates":[-6.31438,53.3213]}},{"id":"1422","type":"Feature","properties":{},"geometry":{"type":"Point","coordinates":[-6.236976,53.376452]}},{"id":"1423","type":"Feature","properties":{},"geometry":{"type":"Point","coordinates":[-6.174151,53.397898]}},{"id":"1424","type":"Feature","properties":{},"geometry":{"type":"Point","coordinates":[-6.164991,53.353996]}},{"id":"1425","type":"Feature","properties":{},"geometry":{"type":"Point","coordinates":[-6.268038,53.326356]}},{"id":"1426","type":"Feature","properties":{},"geometry":{"type":"Point","coordinates":[-6.181045,53.392299]}},{"id":"1427","type":"Feature","properties":{},"geometry":{"type":"Point","coordinates":[-6.239289,53.319976]}},{"id":"1428","type":"Feature","properties":{},"geometry":{"type":"Point","coordinates":[-6.303574,53.385184]}},{"id":"1429","type":"Feature","properties":{},"geometry":{"type":"Point","coordinates":[-6.291511,53.343991]}},{"id":"1430","type":"Feature","properties":{},"geometry":{"type":"Point","coordinates":[-6.301553,53.321294]}},{"id":"1431","type":"Feature","properties":{},"geometry":{"type":"Point","coordinates":[-6.172466,53.397459]}},{"id":"1432","type":"Feature","properties":{},"geometry":{"type":"Point","coordinates":[-6.235256,53.393029]}},{"id":"1433","type":"Feature","properties":{},"geometry":{"type":"Point","coordinates":[-6.260814,53.380701]}},{"id":"1434","type":"Feature","properties":{},"geometry":{"type":"Point","coordinates":[-6.290419,53.318039]}},{"id":"1435","type":"Feature","properties":{},"geometry":{"type":"Point","coordinates":[-6.248217,53.345622]}},{"id":"1436","type":"Feature","properties":{},"geometry":{"type":"Point","coordinates":[-6.248292,53.358073]}},{"id":"1437","type":"Feature","properties":{},"geometry":{"type":"Point","coordinates":[-6.21261,53.352526]}},{"id":"1438","type":"Feature","properties":{},"geometry":{"type":"Point","coordinates":[-6.348573,53.330992]}},{"id":"1439","type":"Feature","properties":{},"geometry":{"type":"Point","coordinates":[-6.240038,53.374883]}},{"id":"1440","type":"Feature","properties":{},"geometry":{"type":"Point","coordinates":[-6.202731,53.374934]}},{"id":"1441","type":"Feature","properties":{},"geometry":{"type":"Point","coordinates":[-6.191097,53.36925]}},{"id":"1442","type":"Feature","properties":{},"geometry":{"type":"Point","coordinates":[-6.294095,53.375952]}},{"id":"1443","type":"Feature","properties":{},"geometry":{"type":"Point","coordinates":[-6.294234,53.314942]}},{"id":"1444","type":"Feature","properties":{},"geometry":{"type":"Point","coordinates":[-6.200553,53.366809]}},{"id":"1445","type":"Feature","properties":{},"geometry":{"type":"Point","coordinates":[-6.200284,53.349972]}},{"id":"1446","type":"Feature","properties":{},"geometry":{"type":"Point","coordinates":[-6.326216,53.365577]}},{"id":"1447","type":"Feature","properties":{},"geometry":{"type":"Point","coordinates":[-6.226417,53.382306]}},{"id":"1448","type":"Feature","properties":{},"geometry":{"type":"Point","coordinates":[-6.305834,53.377949]}},{"id":"1449","type":"Feature","properties":{},"geometry":{"type":"Point","coordinates":[-6.293287,53.343552]}},{"id":"1450","type":"Feature","properties":{},"geometry":{"type":"Point","coordinates":[-6.208608,53.382096]}},{"id":"1451","type":"Feature","properties":{},"geometry":{"type":"Point","coordinates":[-6.262842,53.347332]}},{"id":"1452","type":"Feature","properties":{},"geometry":{"type":"Point","coordinates":[-6.210725,53.328675]}},{"id":"1453","type":"Feature","properties":{},"geometry":{"type":"Point","coordinates":[-6.227099,53.40666]}},{"id":"1454","type":"Feature","properties":{},"geometry":{"type":"Point","coordinates":[-6.206881,53.322356]}},{"id":"1455","type":"Feature","properties":{},"geometry":{"type":"Point","coordinates":[-6.272498,53.365235]}},{"id":"1456","type":"Feature","properties":{},"geometry":{"type":"Point","coordinates":[-6.287361,53.339798]}},{"id":"1457","type":"Feature","properties":{},"geometry":{"type":"Point","coordinates":[-6.270456,53.312131]}},{"id":"1458","type":"Feature","properties":{},"geometry":{"type":"Point","coordinates":[-6.244142,53.344713]}},{"id":"1459","type":"Feature","properties":{},"geometry":{"type":"Point","coordinates":[-6.264696,53.341481]}},{"id":"1460","type":"Feature","properties":{},"geometry":{"type":"Point","coordinates":[-6.266319,53.34408]}},{"id":"1461","type":"Feature","properties":{},"geometry":{"type":"Point","coordinates":[-6.301924,53.353247]}},{"id":"1462","type":"Feature","properties":{},"geometry":{"type":"Point","coordinates":[-6.287994,53.383013]}},{"id":"1463","type":"Feature","properties":{},"geometry":{"type":"Point","coordinates":[-6.290439,53.377797]}},{"id":"1464","type":"Feature","properties":{},"geometry":{"type":"Point","coordinates":[-6.267102,53.313546]}},{"id":"1465","type":"Feature","properties":{},"geometry":{"type":"Point","coordinates":[-6.244441,53.343858]}},{"id":"1466","type":"Feature","properties":{},"geometry":{"type":"Point","coordinates":[-6.287764,53.363423]}},{"id":"1467","type":"Feature","properties":{},"geometry":{"type":"Point","coordinates":[-6.252751,53.396179]}},{"id":"1468","type":"Feature","properties":{},"geometry":{"type":"Point","coordinates":[-6.214503,53.352812]}},{"id":"1469","type":"Feature","properties":{},"geometry":{"type":"Point","coordinates":[-6.162288,53.367272]}},{"id":"1470","type":"Feature","properties":{},"geometry":{"type":"Point","coordinates":[-6.21606,53.383988]}},{"id":"1471","type":"Feature","properties":{},"geometry":{"type":"Point","coordinates":[-6.235135,53.373648]}},{"id":"1472","type":"Feature","properties":{},"geometry":{"type":"Point","coordinates":[-6.191837,53.394612]}},{"id":"1473","type":"Feature","properties":{},"geometry":{"type":"Point","coordinates":[-6.239526,53.336268]}},{"id":"1474","type":"Feature","properties":{},"geometry":{"type":"Point","coordinates":[-6.301718,53.389372]}},{"id":"1475","type":"Feature","properties":{},"geometry":{"type":"Point","coordinates":[-6.251338,53.371877]}},{"id":"1476","type":"Feature","properties":{},"geometry":{"type":"Point","coordinates":[-6.376739,53.330304]}},{"id":"1477","type":"Feature","properties":{},"geometry":{"type":"Point","coordinates":[-6.203366,53.339549]}},{"id":"1478","type":"Feature","properties":{},"geometry":{"type":"Point","coordinates":[-6.267116,53.323255]}},{"id":"1479","type":"Feature","properties":{},"geometry":{"type":"Point","coordinates":[-6.339265,53.366801]}},{"id":"1480","type":"Feature","properties":{},"geometry":{"type":"Point","coordinates":[-6.175608,53.403091]}},{"id":"1481","type":"Feature","properties":{},"geometry":{"type":"Point","coordinates":[-6.309299,53.331842]}},{"id":"1482","type":"Feature","properties":{},"geometry":{"type":"Point","coordinates":[-6.264061,53.361105]}},{"id":"1483","type":"Feature","properties":{},"geometry":{"type":"Point","coordinates":[-6.196575,53.372023]}},{"id":"1484","type":"Feature","properties":{},"geometry":{"type":"Point","coordinates":[-6.353884,53.331528]}},{"id":"1485","type":"Feature","properties":{},"geometry":{"type":"Point","coordinates":[-6.213029,53.395219]}},{"id":"1486","type":"Feature","properties":{},"geometry":{"type":"Point","coordinates":[-6.272829,53.305373]}},{"id":"1487","type":"Feature","properties":{},"geometry":{"type":"Point","coordinates":[-6.300109,53.365658]}},{"id":"1488","type":"Feature","properties":{},"geometry":{"type":"Point","coordinates":[-6.181677,53.339537]}},{"id":"1489","type":"Feature","properties":{},"geometry":{"type":"Point","coordinates":[-6.160351,53.38695]}},{"id":"1490","type":"Feature","properties":{},"geometry":{"type":"Point","coordinates":[-6.329154,53.378895]}},{"id":"1491","type":"Feature","properties":{},"geometry":{"type":"Point","coordinates":[-6.227402,53.319259]}},{"id":"1492","type":"Feature","properties":{},"geometry":{"type":"Point","coordinates":[-6.271788,53.336905]}},{"id":"1493","type":"Feature","properties":{},"geometry":{"type":"Point","coordinates":[-6.24137,53.379648]}},{"id":"1494","type":"Feature","properties":{},"geometry":{"type":"Point","coordinates":[-6.186334,53.36159]}},{"id":"1495","type":"Feature","properties":{},"geometry":{"type":"Point","coordinates":[-6.274842,53.39954]}},{"id":"1496","type":"Feature","properties":{},"geometry":{"type":"Point","coordinates":[-6.208236,53.312961]}},{"id":"1497","type":"Feature","properties":{},"geometry":{"type":"Point","coordinates":[-6.235964,53.320797]}},{"id":"1498","type":"Feature","properties":{},"geometry":{"type":"Point","coordinates":[-6.215098,53.390921]}},{"id":"1499","type":"Feature","properties":{},"geometry":{"type":"Point","coordinates":[-6.191939,53.386927]}}]}