{"type":"FeatureCollection","features":[{"id":"0","type":"Feature","properties":{},"geometry":{"type":"Point","coordinates":[13.425421,52.501513]}},{"id":"1","type":"Feature","properties":{},"geometry":{"type":"Point","coordinates":[13.445547,52.539091]}},{"id":"2","type":"Feature","properties":{},"geometry":{"type":"Point","coordinates":[13.413788,52.548504]}},{"id":"3","type":"Feature","properties":{},"geometry":{"type":"Point","coordinates":[13.452514,52.546016]}},{"id":"4","type":"Feature","properties":{},"geometry":{"type":"Point","coordinates":[13.428216,52.506814]}},{"id":"5","type":"Feature","properties":{},"geometry":{"type":"Point","coordinates":[13.429855,52.54481]}},{"id":"6","type":"Feature","properties":{},"geometry":{"type":"Point","coordinates":[13.447887,52.498221]}},{"id":"7","type":"Feature","properties":{},"geometry":{"type":"Point","coordinates":[13.407892,52.500103]}},{"id":"8","type":"Feature","properties":{},"geometry":{"type":"Point","coordinates":[13.447589,52.541102]}},{"id":"9","type":"Feature","properties":{},"geometry":{"type":"Point","coordinates":[13.406198,52.524883]}},{"id":"10","type":"Feature","properties":{},"geometry":{"type":"Point","coordinates":[13.46926,52.524028]}},{"id":"11","type":"Feature","properties":{},"geometry":{"type":"Point","coordinates":[13.414858,52.535933]}},{"id":"12","type":"Feature","properties":{},"geometry":{"type":"Point","coordinates":[13.373119,52.542095]}},{"id":"13","type":"Feature","properties":{},"geometry":{"type":"Point","coordinates":[13.37991,52.510115]}},{"id":"14","type":"Feature","properties":{},"geometry":{"type":"Point","coordinates":[13.397902,52.540925]}},{"id":"15","type":"Feature","properties":{},"geometry":{"type":"Point","coordinates":[13.389534,52.509392]}},{"id":"16","type":"Feature","properties":{},"geometry":{"type":"Point","coordinates":[13.431744,52.501371]}},{"id":"17","type":"Feature","properties":{},"geometry":{"type":"Point","coordinates":[13.41254,52.508308]}},{"id":"18","type":"Feature","properties":{},"geometry":{"type":"Point","coordinates":[13.466023,52.546293]}},{"id":"19","type":"Feature","properties":{},"geometry":{"type":"Point","coordinates":[13.409692,52.541334]}},{"id":"20","type":"Feature","properties":{},"geometry":{"type":"Point","coordinates":[13.384748,52.515303]}},{"id":"21","type":"Feature","properties":{},"geometry":{"type":"Point","coordinates":[13.374679,52.532798]}},{"id":"22","type":"Feature","properties":{},"geometry":{"type":"Point","coordinates":[13.386801,52.520613]}},{"id":"23","type":"Feature","properties":{},"geometry":{"type":"Point","coordinates":[13.371671,52.527234]}},{"id":"24","type":"Feature","properties":{},"geometry":{"type":"Point","coordinates":[13.462557,52.506408]}},{"id":"25","type":"Feature","properties":{},"geometry":{"type":"Point","coordinates":[13.435762,52.525868]}},{"id":"26","type":"Feature","properties":{},"geometry":{"type":"Point","coordinates":[13.408933,52.522973]}},{"id":"27","type":"Feature","properties":{},"geometry":{"type":"Point","coordinates":[13.427375,52.52439]}},{"id":"28","type":"Feature","properties":{},"geometry":{"type":"Point","coordinates":[13.437561,52.516776]}},{"id":"29","type":"Feature","properties":{},"geometry":{"type":"Point","coordinates":[13.452459,52.511649]}},{"id":"30","type":"Feature","properties":{},"geometry":{"type":"Point","coordinates":[13.394699,52.546956]}},{"id":"31","type":"Feature","properties":{},"geometry":{"type":"Point","coordinates":[13.426702,52.53111]}},{"id":"32","type":"Feature","properties":{},"geometry":{"type":"Point","coordinates":[13.469232,52.52036]}},{"id":"33","type":"Feature","properties":{},"geometry":{"type":"Point","coordinates":[13.381956,52.515223]}},{"id":"34","type":"Feature","properties":{},"geometry":{"type":"Point","coordinates":[13.388448,52.499274]}},{"id":"35","type":"Feature","properties":{},"geometry":{"type":"Point","coordinates":[13.404509,52.510418]}},{"id":"36","type":"Feature","properties":{},"geometry":{"type":"Point","coordinates":[13.471676,52.538385]}},{"id":"37","type":"Feature","properties":{},"geometry":{"type":"Point","coordinates":[13.380885,52.503755]}},{"id":"38","type":"Feature","properties":{},"geometry":{"type":"Point","coordinates":[13.388295,52.536345]}},{"id":"39","type":"Feature","properties":{},"geometry":{"type":"Point","coordinates":[13.424718,52.545985]}},{"id":"40","type":"Feature","properties":{},"geometry":{"type":"Point","coordinates":[13.412598,52.536321]}},{"id":"41","type":"Feature","properties":{},"geometry":{"type":"Point","coordinates":[13.396979,52.533636]}},{"id":"42","type":"Feature","properties":{},"geometry":{"type":"Point","coordinates":[13.42079,52.547736]}},{"id":"43","type":"Feature","properties":{},"geometry":{"type":"Point","coordinates":[13.423278,52.513733]}},{"id":"44","type":"Feature","properties":{},"geometry":{"type":"Point","coordinates":[13.415518,52.494687]}},{"id":"45","type":"Feature","properties":{},"geometry":{"type":"Point","coordinates":[13.380095,52.541689]}},{"id":"46","type":"Feature","properties":{},"geometry":{"type":"Point","coordinates":[13.437146,52.52626]}},{"id":"47","type":"Feature","properties":{},"geometry":{"type":"Point","coordinates":[13.414765,52.536368]}},{"id":"48","type":"Feature","properties":{},"geometry":{"type":"Point","coordinates":[13.394374,52.540768]}},{"id":"49","type":"Feature","properties":{},"geometry":{"type":"Point","coordinates":[13.426261,52.530399]}},{"id":"50","type":"Feature","properties":{},"geometry":{"type":"Point","coordinates":[13.431372,52.500922]}},{"id":"51","type":"Feature","properties":{},"geometry":{"type":"Point","coordinates":[13.396479,52.498119]}},{"id":"52","type":"Feature","properties":{},"geometry":{"type":"Point","coordinates":[13.404073,52.503661]}},{"id":"53","type":"Feature","properties":{},"geometry":{"type":"Point","coordinates":[13.370742,52.539075]}},{"id":"54","type":"Feature","properties":{},"geometry":{"type":"Point","coordinates":[13.419565,52.516634]}},{"id":"55","type":"Feature","properties":{},"geometry":{"type":"Point","coordinates":[13.453351,52.510486]}},{"id":"56","type":"Feature","properties":{},"geometry":{"type":"Point","coordinates":[13.40238,52.549157]}},{"id":"57","type":"Feature","properties":{},"geometry":{"type":"Point","coordinates":[13.404839,52.517326]}},{"id":"58","type":"Feature","properties":{},"geometry":{"type":"Point","coordinates":[13.433683,52.531121]}},{"id":"59","type":"Feature","properties":{},"geometry":{"type":"Point","coordinates":[13.423374,52.541484]}},{"id":"60","type":"Feature","properties":{},"geometry":{"type":"Point","coordinates":[13.393492,52.510758]}},{"id":"61","type":"Feature","properties":{},"geometry":{"type":"Point","coordinates":[13.405298,52.50458]}},{"id":"62","type":"Feature","properties":{},"geometry":{"type":"Point","coordinates":[13.434279,52.497717]}},{"id":"63","type":"Feature","properties":{},"geometry":{"type":"Point","coordinates":[13.408091,52.512314]}},{"id":"64","type":"Feature","properties":{},"geometry":{"type":"Point","coordinates":[13.472624,52.503676]}},{"id":"65","type":"Feature","properties":{},"geometry":{"type":"Point","coordinates":[13.400405,52.52249]}},{"id":"66","type":"Feature","properties":{},"geometry":{"type":"Point","coordinates":[13.392257,52.52785]}},{"id":"67","type":"Feature","properties":{},"geometry":{"type":"Point","coordinates":[13.467373,52.530176]}},{"id":"68","type":"Feature","properties":{},"geometry":{"type":"Point","coordinates":[13.412579,52.508859]}},{"id":"69","type":"Feature","properties":{},"geometry":{"type":"Point","coordinates":[13.442522,52.548686]}},{"id":"70","type":"Feature","properties":{},"geometry":{"type":"Point","coordinates":[13.397389,52.548408]}},{"id":"71","type":"Feature","properties":{},"geometry":{"type":"Point","coordinates":[13.406362,52.52235]}},{"id":"72","type":"Feature","properties":{},"geometry":{"type":"Point","coordinates":[13.392149,52.498482]}},{"id":"73","type":"Feature","properties":{},"geometry":{"type":"Point","coordinates":[13.411156,52.529592]}},{"id":"74","type":"Feature","properties":{},"geometry":{"type":"Point","coordinates":[13.42464,52.538979]}},{"id":"75","type":"Feature","properties":{},"geometry":{"type":"Point","coordinates":[13.438854,52.547272]}},{"id":"76","type":"Feature","properties":{},"geometry":{"type":"Point","coordinates":[13.388099,52.504356]}},{"id":"77","type":"Feature","properties":{},"geometry":{"type":"Point","coordinates":[13.414881,52.50163]}},{"id":"78","type":"Feature","properties":{},"geometry":{"type":"Point","coordinates":[13.392482,52.498708]}},{"id":"79","type":"Feature","properties":{},"geometry":{"type":"Point","coordinates":[13.393632,52.541682]}},{"id":"80","type":"Feature","properties":{},"geometry":{"type":"Point","coordinates":[13.417928,52.546485]}},{"id":"81","type":"Feature","properties":{},"geometry":{"type":"Point","coordinates":[13.36884,52.496775]}},{"id":"82","type":"Feature","properties":{},"geometry":{"type":"Point","coordinates":[13.372817,52.538224]}},{"id":"83","type":"Feature","properties":{},"geometry":{"type":"Point","coordinates":[13.410213,52.523973]}},{"id":"84","type":"Feature","properties":{},"geometry":{"type":"Point","coordinates":[13.448724,52.526525]}},{"id":"85","type":"Feature","properties":{},"geometry":{"type":"Point","coordinates":[13.462736,52.534422]}},{"id":"86","type":"Feature","properties":{},"geometry":{"type":"Point","coordinates":[13.449805,52.523496]}},{"id":"87","type":"Feature","properties":{},"geometry":{"type":"Point","coordinates":[13.462356,52.518763]}},{"id":"88","type":"Feature","properties":{},"geometry":{"type":"Point","coordinates":[13.417943,52.529592]}},{"id":"89","type":"Feature","properties":{},"geometry":{"type":"Point","coordinates":[13.446986,52.515918]}},{"id":"90","type":"Feature","properties":{},"geometry":{"type":"Point","coordinates":[13.371563,52.494768]}},{"id":"91","type":"Feature","properties":{},"geometry":{"type":"Point","coordinates":[13.410422,52.521641]}},{"id":"92","type":"Feature","properties":{},"geometry":{"type":"Point","coordinates":[13.459765,52.501269]}},{"id":"93","type":"Feature","properties":{},"geometry":{"type":"Point","coordinates":[13.413354,52.498855]}},{"id":"94","type":"Feature","properties":{},"geometry":{"type":"Point","coordinates":[13.451609,52.519913]}},{"id":"95","type":"Feature","properties":{},"geometry":{"type":"Point","coordinates":[13.44789,52.516272]}},{"id":"96","type":"Feature","properties":{},"geometry":{"type":"Point","coordinates":[13.411438,52.523389]}},{"id":"97","type":"Feature","properties":{},"geometry":{"type":"Point","coordinates":[13.38489,52.508453]}},{"id":"98","type":"Feature","properties":{},"geometry":{"type":"Point","coordinates":[13.427925,52.543401]}},{"id":"99","type":"Feature","properties":{},"geometry":{"type":"Point","coordinates":[13.449992,52.519979]}},{"id":"100","type":"Feature","properties":{},"geometry":{"type":"Point","coordinates":[13.368451,52.548058]}},{"id":"101","type":"Feature","properties":{},"geometry":{"type":"Point","coordinates":[13.407179,52.513378]}},{"id":"102","type":"Feature","properties":{},"geometry":{"type":"Point","coordinates":[13.448657,52.525431]}},{"id":"103","type":"Feature","properties":{},"geometry":{"type":"Point","coordinates":[13.423158,52.513849]}},{"id":"104","type":"Feature","properties":{},"geometry":{"type":"Point","coordinates":[13.436362,52.521344]}},{"id":"105","type":"Feature","properties":{},"geometry":{"type":"Point","coordinates":[13.471565,52.513111]}},{"id":"106","type":"Feature","properties":{},"geometry":{"type":"Point","coordinates":[13.42405,52.528414]}},{"id":"107","type":"Feature","properties":{},"geometry":{"type":"Point","coordinates":[13.472687,52.530671]}},{"id":"108","type":"Feature","properties":{},"geometry":{"type":"Point","coordinates":[13.407921,52.530509]}},{"id":"109","type":"Feature","properties":{},"geometry":{"type":"Point","coordinates":[13.397358,52.509024]}},{"id":"110","type":"Feature","properties":{},"geometry":{"type":"Point","coordinates":[13.370329,52.535749]}},{"id":"111","type":"Feature","properties":{},"geometry":{"type":"Point","coordinates":[13.45694,52.520647]}},{"id":"112","type":"Feature","properties":{},"geometry":{"type":"Point","coordinates":[13.368353,52.515876]}},{"id":"113","type":"Feature","properties":{},"geometry":{"type":"Point","coordinates":[13.448202,52.512651]}},{"id":"114","type":"Feature","properties":{},"geometry":{"type":"Point","coordinates":[13.430455,52.530261]}},{"id":"115","type":"Feature","properties":{},"geometry":{"type":"Point","coordinates":[13.412836,52.534895]}},{"id":"116","type":"Feature","properties":{},"geometry":{"type":"Point","coordinates":[13.432748,52.51123]}},{"id":"118","type":"Feature","properties":{},"geometry":{"type":"Point","coordinates":[13.436034,52.503735]}},{"id":"119","type":"Feature","properties":{},"geometry":{"type":"Point","coordinates":[13.383213,52.509866]}},{"id":"120","type":"Feature","properties":{},"geometry":{"type":"Point","coordinates":[13.447141,52.507511]}},{"id":"121","type":"Feature","properties":{},"geometry":{"type":"Point","coordinates":[13.458347,52.525661]}},{"id":"122","type":"Feature","properties":{},"geometry":{"type":"Point","coordinates":[13.435455,52.526526]}},{"id":"123","type":"Feature","properties":{},"geometry":{"type":"Point","coordinates":[13.430271,52.532629]}},{"id":"124","type":"Feature","properties":{},"geometry":{"type":"Point","coordinates":[13.418292,52.500275]}},{"id":"125","type":"Feature","properties":{},"geometry":{"type":"Point","coordinates":[13.42418,52.498968]}},{"id":"126","type":"Feature","properties":{},"geometry":{"type":"Point","coordinates":[13.378469,52.49726]}},{"id":"127","type":"Feature","properties":{},"geometry":{"type":"Point","coordinates":[13.448217,52.499061]}},{"id":"128","type":"Feature","properties":{},"geometry":{"type":"Point","coordinates":[13.399971,52.517483]}},{"id":"129","type":"Feature","properties":{},"geometry":{"type":"Point","coordinates":[13.42046,52.518206]}},{"id":"130","type":"Feature","properties":{},"geometry":{"type":"Point","coordinates":[13.46498,52.519373]}},{"id":"131","type":"Feature","properties":{},"geometry":{"type":"Point","coordinates":[13.371055,52.513163]}},{"id":"132","type":"Feature","properties":{},"geometry":{"type":"Point","coordinates":[13.412205,52.508576]}},{"id":"133","type":"Feature","properties":{},"geometry":{"type":"Point","coordinates":[13.404173,52.50319]}},{"id":"134","type":"Feature","properties":{},"geometry":{"type":"Point","coordinates":[13.465894,52.548474]}},{"id":"135","type":"Feature","properties":{},"geometry":{"type":"Point","coordinates":[13.43063,52.527395]}},{"id":"136","type":"Feature","properties":{},"geometry":{"type":"Point","coordinates":[13.386303,52.499004]}},{"id":"137","type":"Feature","properties":{},"geometry":{"type":"Point","coordinates":[13.42831,52.509072]}},{"id":"138","type":"Feature","properties":{},"geometry":{"type":"Point","coordinates":[13.407972,52.539843]}},{"id":"139","type":"Feature","properties":{},"geometry":{"type":"Point","coordinates":[13.37385,52.536967]}},{"id":"140","type":"Feature","properties":{},"geometry":{"type":"Point","coordinates":[13.3809,52.509469]}},{"id":"141","type":"Feature","properties":{},"geometry":{"type":"Point","coordinates":[13.387029,52.52757]}},{"id":"142","type":"Feature","properties":{},"geometry":{"type":"Point","coordinates":[13.467446,52.502165]}},{"id":"143","type":"Feature","properties":{},"geometry":{"type":"Point","coordinates":[13.388597,52.500274]}},{"id":"144","type":"Feature","properties":{},"geometry":{"type":"Point","coordinates":[13.387111,52.532558]}},{"id":"145","type":"Feature","properties":{},"geometry":{"type":"Point","coordinates":[13.439269,52.525324]}},{"id":"146","type":"Feature","properties":{},"geometry":{"type":"Point","coordinates":[13.37784,52.529073]}},{"id":"147","type":"Feature","properties":{},"geometry":{"type":"Point","coordinates":[13.436437,52.539832]}},{"id":"148","type":"Feature","properties":{},"geometry":{"type":"Point","coordinates":[13.399964,52.50658]}},{"id":"149","type":"Feature","properties":{},"geometry":{"type":"Point","coordinates":[13.434288,52.547438]}},{"id":"150","type":"Feature","properties":{},"geometry":{"type":"Point","coordinates":[13.450159,52.527831]}},{"id":"151","type":"Feature","properties":{},"geometry":{"type":"Point","coordinates":[13.423236,52.49441]}},{"id":"152","type":"Feature","properties":{},"geometry":{"type":"Point","coordinates":[13.38124,52.50273]}},{"id":"153","type":"Feature","properties":{},"geometry":{"type":"Point","coordinates":[13.443021,52.499114]}},{"id":"154","type":"Feature","properties":{},"geometry":{"type":"Point","coordinates":[13.45375,52.532918]}},{"id":"155","type":"Feature","properties":{},"geometry":{"type":"Point","coordinates":[13.443122,52.542668]}},{"id":"156","type":"Feature","properties":{},"geometry":{"type":"Point","coordinates":[13.402881,52.521379]}},{"id":"157","type":"Feature","properties":{},"geometry":{"type":"Point","coordinates":[13.46304,52.542869]}},{"id":"158","type":"Feature","properties":{},"geometry":{"type":"Point","coordinates":[13.378819,52.545375]}},{"id":"159","type":"Feature","properties":{},"geometry":{"type":"Point","coordinates":[13.441503,52.534339]}},{"id":"160","type":"Feature","properties":{},"geometry":{"type":"Point","coordinates":[13.465811,52.519276]}},{"id":"161","type":"Feature","properties":{},"geometry":{"type":"Point","coordinates":[13.462158,52.518032]}},{"id":"162","type":"Feature","properties":{},"geometry":{"type":"Point","coordinates":[13.460827,52.52607]}},{"id":"163","type":"Feature","properties":{},"geometry":{"type":"Point","coordinates":[13.443883,52.532339]}},{"id":"164","type":"Feature","properties":{},"geometry":{"type":"Point","coordinates":[13.391059,52.522124]}},{"id":"165","type":"Feature","properties":{},"geometry":{"type":"Point","coordinates":[13.434192,52.498541]}},{"id":"166","type":"Feature","properties":{},"geometry":{"type":"Point","coordinates":[13.437247,52.537688]}},{"id":"167","type":"Feature","properties":{},"geometry":{"type":"Point","coordinates":[13.407542,52.503843]}},{"id":"168","type":"Feature","properties":{},"geometry":{"type":"Point","coordinates":[13.437001,52.521005]}},{"id":"169","type":"Feature","properties":{},"geometry":{"type":"Point","coordinates":[13.426763,52.517386]}},{"id":"170","type":"Feature","properties":{},"geometry":{"type":"Point","coordinates":[13.422129,52.499634]}},{"id":"171","type":"Feature","properties":{},"geometry":{"type":"Point","coordinates":[13.369671,52.495437]}},{"id":"172","type":"Feature","properties":{},"geometry":{"type":"Point","coordinates":[13.380756,52.50484]}},{"id":"173","type":"Feature","properties":{},"geometry":{"type":"Point","coordinates":[13.463462,52.534951]}},{"id":"174","type":"Feature","properties":{},"geometry":{"type":"Point","coordinates":[13.459661,52.509014]}},{"id":"175","type":"Feature","properties":{},"geometry":{"type":"Point","coordinates":[13.396329,52.536963]}},{"id":"176","type":"Feature","properties":{},"geometry":{"type":"Point","coordinates":[13.403987,52.531134]}},{"id":"177","type":"Feature","properties":{},"geometry":{"type":"Point","coordinates":[13.379639,52.52353]}},{"id":"178","type":"Feature","properties":{},"geometry":{"type":"Point","coordinates":[13.405412,52.534435]}},{"id":"179","type":"Feature","properties":{},"geometry":{"type":"Point","coordinates":[13.393801,52.521428]}},{"id":"180","type":"Feature","properties":{},"geometry":{"type":"Point","coordinates":[13.398023,52.514993]}},{"id":"181","type":"Feature","properties":{},"geometry":{"type":"Point","coordinates":[13.410329,52.515179]}},{"id":"182","type":"Feature","properties":{},"geometry":{"type":"Point","coordinates":[13.39261,52.516205]}},{"id":"183","type":"Feature","properties":{},"geometry":{"type":"Point","coordinates":[13.387517,52.502937]}},{"id":"184","type":"Feature","properties":{},"geometry":{"type":"Point","coordinates":[13.373795,52.519626]}},{"id":"185","type":"Feature","properties":{},"geometry":{"type":"Point","coordinates":[13.412454,52.495672]}},{"id":"186","type":"Feature","properties":{},"geometry":{"type":"Point","coordinates":[13.443274,52.517083]}},{"id":"187","type":"Feature","properties":{},"geometry":{"type":"Point","coordinates":[13.457411,52.509161]}},{"id":"188","type":"Feature","properties":{},"geometry":{"type":"Point","coordinates":[13.406517,52.49978]}},{"id":"189","type":"Feature","properties":{},"geometry":{"type":"Point","coordinates":[13.388075,52.506675]}},{"id":"190","type":"Feature","properties":{},"geometry":{"type":"Point","coordinates":[13.418882,52.540426]}},{"id":"191","type":"Feature","properties":{},"geometry":{"type":"Point","coordinates":[13.44635,52.524111]}},{"id":"192","type":"Feature","properties":{},"geometry":{"type":"Point","coordinates":[13.46529,52.540266]}},{"id":"193","type":"Feature","properties":{},"geometry":{"type":"Point","coordinates":[13.418533,52.538231]}},{"id":"194","type":"Feature","properties":{},"geometry":{"type":"Point","coordinates":[13.41175,52.536959]}},{"id":"195","type":"Feature","properties":{},"geometry":{"type":"Point","coordinates":[13.418834,52.500518]}},{"id":"196","type":"Feature","properties":{},"geometry":{"type":"Point","coordinates":[13.393735,52.520375]}},{"id":"197","type":"Feature","properties":{},"geometry":{"type":"Point","coordinates":[13.389337,52.546656]}},{"id":"198","type":"Feature","properties":{},"geometry":{"type":"Point","coordinates":[13.457911,52.528612]}},{"id":"199","type":"Feature","properties":{},"geometry":{"type":"Point","coordinates":[13.432485,52.517869]}},{"id":"200","type":"Feature","properties":{},"geometry":{"type":"Point","coordinates":[13.459912,52.538207]}},{"id":"201","type":"Feature","properties":{},"geometry":{"type":"Point","coordinates":[13.386327,52.500041]}},{"id":"202","type":"Feature","properties":{},"geometry":{"type":"Point","coordinates":[13.385656,52.516781]}},{"id":"203","type":"Feature","properties":{},"geometry":{"type":"Point","coordinates":[13.413614,52.504237]}},{"id":"204","type":"Feature","properties":{},"geometry":{"type":"Point","coordinates":[13.424844,52.539106]}},{"id":"205","type":"Feature","properties":{},"geometry":{"type":"Point","coordinates":[13.458578,52.501086]}},{"id":"206","type":"Feature","properties":{},"geometry":{"type":"Point","coordinates":[13.465973,52.517809]}},{"id":"207","type":"Feature","properties":{},"geometry":{"type":"Point","coordinates":[13.472627,52.52852]}},{"id":"208","type":"Feature","properties":{},"geometry":{"type":"Point","coordinates":[13.460622,52.512864]}},{"id":"209","type":"Feature","properties":{},"geometry":{"type":"Point","coordinates":[13.450499,52.52696]}},{"id":"210","type":"Feature","properties":{},"geometry":{"type":"Point","coordinates":[13.4598,52.498418]}},{"id":"211","type":"Feature","properties":{},"geometry":{"type":"Point","coordinates":[13.434406,52.513589]}},{"id":"212","type":"Feature","properties":{},"geometry":{"type":"Point","coordinates":[13.409124,52.538002]}},{"id":"213","type":"Feature","properties":{},"geometry":{"type":"Point","coordinates":[13.40273,52.523989]}},{"id":"214","type":"Feature","properties":{},"geometry":{"type":"Point","coordinates":[13.437003,52.496689]}},{"id":"215","type":"Feature","properties":{},"geometry":{"type":"Point","coordinates":[13.444888,52.518667]}},{"id":"216","type":"Feature","properties":{},"geometry":{"type":"Point","coordinates":[13.453867,52.528143]}},{"id":"217","type":"Feature","properties":{},"geometry":{"type":"Point","coordinates":[13.422613,52.549053]}},{"id":"218","type":"Feature","properties":{},"geometry":{"type":"Point","coordinates":[13.44924,52.496996]}},{"id":"219","type":"Feature","properties":{},"geometry":{"type":"Point","coordinates":[13.389443,52.544887]}},{"id":"220","type":"Feature","properties":{},"geometry":{"type":"Point","coordinates":[13.437658,52.531709]}},{"id":"221","type":"Feature","properties":{},"geometry":{"type":"Point","coordinates":[13.445549,52.506069]}},{"id":"222","type":"Feature","properties":{},"geometry":{"type":"Point","coordinates":[13.42653,52.543815]}},{"id":"223","type":"Feature","properties":{},"geometry":{"type":"Point","coordinates":[13.468608,52.516678]}},{"id":"224","type":"Feature","properties":{},"geometry":{"type":"Point","coordinates":[13.459092,52.507025]}},{"id":"225","type":"Feature","properties":{},"geometry":{"type":"Point","coordinates":[13.455764,52.527789]}},{"id":"226","type":"Feature","properties":{},"geometry":{"type":"Point","coordinates":[13.414926,52.545092]}},{"id":"227","type":"Feature","properties":{},"geometry":{"type":"Point","coordinates":[13.417841,52.519852]}},{"id":"228","type":"Feature","properties":{},"geometry":{"type":"Point","coordinates":[13.431445,52.500958]}},{"id":"229","type":"Feature","properties":{},"geometry":{"type":"Point","coordinates":[13.420734,52.549072]}},{"id":"230","type":"Feature","properties":{},"geometry":{"type":"Point","coordinates":[13.433278,52.523012]}},{"id":"231","type":"Feature","properties":{},"geometry":{"type":"Point","coordinates":[13.409494,52.531856]}},{"id":"232","type":"Feature","properties":{},"geometry":{"type":"Point","coordinates":[13.370131,52.544273]}},{"id":"233","type":"Feature","properties":{},"geometry":{"type":"Point","coordinates":[13.387275,52.520781]}},{"id":"234","type":"Feature","properties":{},"geometry":{"type":"Point","coordinates":[13.402361,52.514877]}},{"id":"235","type":"Feature","properties":{},"geometry":{"type":"Point","coordinates":[13.423089,52.512298]}},{"id":"236","type":"Feature","properties":{},"geometry":{"type":"Point","coordinates":[13.379563,52.497269]}},{"id":"237","type":"Feature","properties":{},"geometry":{"type":"Point","coordinates":[13.385352,52.499191]}},{"id":"238","type":"Feature","properties":{},"geometry":{"type":"Point","coordinates":[13.463129,52.521538]}},{"id":"239","type":"Feature","properties":{},"geometry":{"type":"Point","coordinates":[13.373061,52.530628]}},{"id":"240","type":"Feature","properties":{},"geometry":{"type":"Point","coordinates":[13.435839,52.495936]}},{"id":"241","type":"Feature","properties":{},"geometry":{"type":"Point","coordinates":[13.368757,52.524049]}},{"id":"242","type":"Feature","properties":{},"geometry":{"type":"Point","coordinates":[13.404575,52.513373]}},{"id":"243","type":"Feature","properties":{},"geometry":{"type":"Point","coordinates":[13.407971,52.509353]}},{"id":"244","type":"Feature","properties":{},"geometry":{"type":"Point","coordinates":[13.455173,52.52529]}},{"id":"245","type":"Feature","properties":{},"geometry":{"type":"Point","coordinates":[13.45791,52.5391]}},{"id":"246","type":"Feature","properties":{},"geometry":{"type":"Point","coordinates":[13.4157,52.525529]}},{"id":"247","type":"Feature","properties":{},"geometry":{"type":"Point","coordinates":[13.453638,52.526285]}},{"id":"248","type":"Feature","properties":{},"geometry":{"type":"Point","coordinates":[13.432465,52.510347]}},{"id":"249","type":"Feature","properties":{},"geometry":{"type":"Point","coordinates":[13.458679,52.514888]}},{"id":"250","type":"Feature","properties":{},"geometry":{"type":"Point","coordinates":[13.434757,52.509757]}},{"id":"251","type":"Feature","properties":{},"geometry":{"type":"Point","coordinates":[13.466585,52.502279]}},{"id":"252","type":"Feature","properties":{},"geometry":{"type":"Point","coordinates":[13.391418,52.536448]}},{"id":"253","type":"Feature","properties":{},"geometry":{"type":"Point","coordinates":[13.419165,52.527349]}},{"id":"254","type":"Feature","properties":{},"geometry":{"type":"Point","coordinates":[13.401147,52.523665]}},{"id":"255","type":"Feature","properties":{},"geometry":{"type":"Point","coordinates":[13.379918,52.497876]}},{"id":"256","type":"Feature","properties":{},"geometry":{"type":"Point","coordinates":[13.400306,52.534694]}},{"id":"257","type":"Feature","properties":{},"geometry":{"type":"Point","coordinates":[13.371908,52.532939]}},{"id":"258","type":"Feature","properties":{},"geometry":{"type":"Point","coordinates":[13.388629,52.499373]}},{"id":"259","type":"Feature","properties":{},"geometry":{"type":"Point","coordinates":[13.387413,52.514591]}},{"id":"260","type":"Feature","properties":{},"geometry":{"type":"Point","coordinates":[13.377184,52.54541]}},{"id":"261","type":"Feature","properties":{},"geometry":{"type":"Point","coordinates":[13.433095,52.518692]}},{"id":"262","type":"Feature","properties":{},"geometry":{"type":"Point","coordinates":[13.441541,52.501285]}},{"id":"263","type":"Feature","properties":{},"geometry":{"type":"Point","coordinates":[13.370871,52.517997]}},{"id":"264","type":"Feature","properties":{},"geometry":{"type":"Point","coordinates":[13.45645,52.500588]}},{"id":"265","type":"Feature","properties":{},"geometry":{"type":"Point","coordinates":[13.370235,52.545878]}},{"id":"266","type":"Feature","properties":{},"geometry":{"type":"Point","coordinates":[13.420439,52.502829]}},{"id":"267","type":"Feature","properties":{},"geometry":{"type":"Point","coordinates":[13.370336,52.517368]}},{"id":"268","type":"Feature","properties":{},"geometry":{"type":"Point","coordinates":[13.441137,52.547196]}},{"id":"269","type":"Feature","properties":{},"geometry":{"type":"Point","coordinates":[13.375843,52.509275]}},{"id":"270","type":"Feature","properties":{},"geometry":{"type":"Point","coordinates":[13.463385,52.518664]}},{"id":"271","type":"Feature","properties":{},"geometry":{"type":"Point","coordinates":[13.453468,52.517948]}},{"id":"272","type":"Feature","properties":{},"geometry":{"type":"Point","coordinates":[13.433427,52.504636]}},{"id":"273","type":"Feature","properties":{},"geometry":{"type":"Point","coordinates":[13.426148,52.498995]}},{"id":"274","type":"Feature","properties":{},"geometry":{"type":"Point","coordinates":[13.461161,52.523169]}},{"id":"275","type":"Feature","properties":{},"geometry":{"type":"Point","coordinates":[13.440095,52.536197]}},{"id":"276","type":"Feature","properties":{},"geometry":{"type":"Point","coordinates":[13.380203,52.494482]}},{"id":"277","type":"Feature","properties":{},"geometry":{"type":"Point","coordinates":[13.38749,52.545002]}},{"id":"278","type":"Feature","properties":{},"geometry":{"type":"Point","coordinates":[13.423449,52.494246]}},{"id":"279","type":"Feature","properties":{},"geometry":{"type":"Point","coordinates":[13.374417,52.499258]}},{"id":"280","type":"Feature","properties":{},"geometry":{"type":"Point","coordinates":[13.384189,52.540551]}},{"id":"281","type":"Feature","properties":{},"geometry":{"type":"Point","coordinates":[13.45152,52.51072]}},{"id":"282","type":"Feature","properties":{},"geometry":{"type":"Point","coordinates":[13.458365,52.529241]}},{"id":"283","type":"Feature","properties":{},"geometry":{"type":"Point","coordinates":[13.386519,52.538963]}},{"id":"284","type":"Feature","properties":{},"geometry":{"type":"Point","coordinates":[13.46358,52.505504]}},{"id":"285","type":"Feature","properties":{},"geometry":{"type":"Point","coordinates":[13.373183,52.49775]}},{"id":"286","type":"Feature","properties":{},"geometry":{"type":"Point","coordinates":[13.462516,52.528793]}},{"id":"287","type":"Feature","properties":{},"geometry":{"type":"Point","coordinates":[13.45166,52.525082]}},{"id":"288","type":"Feature","properties":{},"geometry":{"type":"Point","coordinates":[13.439016,52.51368]}},{"id":"289","type":"Feature","properties":{},"geometry":{"type":"Point","coordinates":[13.469075,52.517538]}},{"id":"290","type":"Feature","properties":{},"geometry":{"type":"Point","coordinates":[13.457075,52.50559]}},{"id":"291","type":"Feature","properties":{},"geometry":{"type":"Point","coordinates":[13.446945,52.52588]}},{"id":"292","type":"Feature","properties":{},"geometry":{"type":"Point","coordinates":[13.397901,52.515305]}},{"id":"293","type":"Feature","properties":{},"geometry":{"type":"Point","coordinates":[13.395291,52.535053]}},{"id":"294","type":"Feature","properties":{},"geometry":{"type":"Point","coordinates":[13.458855,52.496631]}},{"id":"295","type":"Feature","properties":{},"geometry":{"type":"Point","coordinates":[13.374537,52.532898]}},{"id":"296","type":"Feature","properties":{},"geometry":{"type":"Point","coordinates":[13.450578,52.547058]}},{"id":"297","type":"Feature","properties":{},"geometry":{"type":"Point","coordinates":[13.397931,52.528879]}},{"id":"298","type":"Feature","properties":{},"geometry":{"type":"Point","coordinates":[13.431641,52.495674]}},{"id":"299","type":"Feature","properties":{},"geometry":{"type":"Point","coordinates":[13.370461,52.545297]}},{"id":"300","type":"Feature","properties":{},"geometry":{"type":"Point","coordinates":[13.453645,52.539718]}},{"id":"301","type":"Feature","properties":{},"geometry":{"type":"Point","coordinates":[13.385757,52.538281]}},{"id":"302","type":"Feature","properties":{},"geometry":{"type":"Point","coordinates":[13.404903,52.527506]}},{"id":"303","type":"Feature","properties":{},"geometry":{"type":"Point","coordinates":[13.435756,52.547833]}},{"id":"304","type":"Feature","properties":{},"geometry":{"type":"Point","coordinates":[13.465497,52.531266]}},{"id":"305","type":"Feature","properties":{},"geometry":{"type":"Point","coordinates":[13.469281,52.511659]}},{"id":"306","type":"Feature","properties":{},"geometry":{"type":"Point","coordinates":[13.428341,52.526885]}},{"id":"307","type":"Feature","properties":{},"geometry":{"type":"Point","coordinates":[13.399794,52.53246]}},{"id":"308","type":"Feature","properties":{},"geometry":{"type":"Point","coordinates":[13.377409,52.510813]}},{"id":"309","type":"Feature","properties":{},"geometry":{"type":"Point","coordinates":[13.468561,52.548281]}},{"id":"310","type":"Feature","properties":{},"geometry":{"type":"Point","coordinates":[13.371681,52.499455]}},{"id":"311","type":"Feature","properties":{},"geometry":{"type":"Point","coordinates":[13.420901,52.541878]}},{"id":"312","type":"Feature","properties":{},"geometry":{"type":"Point","coordinates":[13.396923,52.505349]}},{"id":"313","type":"Feature","properties":{},"geometry":{"type":"Point","coordinates":[13.440316,52.536064]}},{"id":"314","type":"Feature","properties":{},"geometry":{"type":"Point","coordinates":[13.444403,52.513923]}},{"id":"315","type":"Feature","properties":{},"geometry":{"type":"Point","coordinates":[13.431441,52.506741]}},{"id":"316","type":"Feature","properties":{},"geometry":{"type":"Point","coordinates":[13.466113,52.501349]}},{"id":"317","type":"Feature","properties":{},"geometry":{"type":"Point","coordinates":[13.416523,52.543513]}},{"id":"318","type":"Feature","properties":{},"geometry":{"type":"Point","coordinates":[13.434999,52.52764]}},{"id":"319","type":"Feature","properties":{},"geometry":{"type":"Point","coordinates":[13.421502,52.500684]}},{"id":"320","type":"Feature","properties":{},"geometry":{"type":"Point","coordinates":[13.431029,52.541683]}},{"id":"321","type":"Feature","properties":{},"geometry":{"type":"Point","coordinates":[13.389655,52.496714]}},{"id":"322","type":"Feature","properties":{},"geometry":{"type":"Point","coordinates":[13.464339,52.536869]}},{"id":"323","type":"Feature","properties":{},"geometry":{"type":"Point","coordinates":[13.459079,52.50728]}},{"id":"324","type":"Feature","properties":{},"geometry":{"type":"Point","coordinates":[13.403283,52.497193]}},{"id":"325","type":"Feature","properties":{},"geometry":{"type":"Point","coordinates":[13.465766,52.547678]}},{"id":"326","type":"Feature","properties":{},"geometry":{"type":"Point","coordinates":[13.374331,52.538985]}},{"id":"327","type":"Feature","properties":{},"geometry":{"type":"Point","coordinates":[13.453602,52.494257]}},{"id":"328","type":"Feature","properties":{},"geometry":{"type":"Point","coordinates":[13.471468,52.516217]}},{"id":"329","type":"Feature","properties":{},"geometry":{"type":"Point","coordinates":[13.442551,52.516228]}},{"id":"330","type":"Feature","properties":{},"geometry":{"type":"Point","coordinates":[13.38262,52.506128]}},{"id":"331","type":"Feature","properties":{},"geometry":{"type":"Point","coordinates":[13.453109,52.523716]}},{"id":"332","type":"Feature","properties":{},"geometry":{"type":"Point","coordinates":[13.387506,52.547706]}},{"id":"333","type":"Feature","properties":{},"geometry":{"type":"Point","coordinates":[13.391735,52.531336]}},{"id":"334","type":"Feature","properties":{},"geometry":{"type":"Point","coordinates":[13.432905,52.536127]}},{"id":"335","type":"Feature","properties":{},"geometry":{"type":"Point","coordinates":[13.452647,52.494944]}},{"id":"336","type":"Feature","properties":{},"geometry":{"type":"Point","coordinates":[13.446402,52.524165]}},{"id":"337","type":"Feature","properties":{},"geometry":{"type":"Point","coordinates":[13.387053,52.546629]}},{"id":"338","type":"Feature","properties":{},"geometry":{"type":"Point","coordinates":[13.391032,52.525548]}},{"id":"339","type":"Feature","properties":{},"geometry":{"type":"Point","coordinates":[13.465,52.518523]}},{"id":"340","type":"Feature","properties":{},"geometry":{"type":"Point","coordinates":[13.4297,52.49832]}},{"id":"341","type":"Feature","properties":{},"geometry":{"type":"Point","coordinates":[13.447112,52.539371]}},{"id":"342","type":"Feature","properties":{},"geometry":{"type":"Point","coordinates":[13.450501,52.541662]}},{"id":"343","type":"Feature","properties":{},"geometry":{"type":"Point","coordinates":[13.404118,52.519043]}},{"id":"344","type":"Feature","properties":{},"geometry":{"type":"Point","coordinates":[13.416147,52.521626]}},{"id":"345","type":"Feature","properties":{},"geometry":{"type":"Point","coordinates":[13.442044,52.51749]}},{"id":"346","type":"Feature","properties":{},"geometry":{"type":"Point","coordinates":[13.39151,52.503508]}},{"id":"347","type":"Feature","properties":{},"geometry":{"type":"Point","coordinates":[13.407432,52.541382]}},{"id":"348","type":"Feature","properties":{},"geometry":{"type":"Point","coordinates":[13.375736,52.509751]}},{"id":"349","type":"Feature","properties":{},"geometry":{"type":"Point","coordinates":[13.379014,52.514151]}},{"id":"350","type":"Feature","properties":{},"geometry":{"type":"Point","coordinates":[13.428343,52.530365]}},{"id":"351","type":"Feature","properties":{},"geometry":{"type":"Point","coordinates":[13.417388,52.536685]}},{"id":"352","type":"Feature","properties":{},"geometry":{"type":"Point","coordinates":[13.462501,52.502299]}},{"id":"353","type":"Feature","properties":{},"geometry":{"type":"Point","coordinates":[13.38978,52.511069]}},{"id":"354","type":"Feature","properties":{},"geometry":{"type":"Point","coordinates":[13.466524,52.533115]}},{"id":"355","type":"Feature","properties":{},"geometry":{"type":"Point","coordinates":[13.389728,52.499348]}},{"id":"356","type":"Feature","properties":{},"geometry":{"type":"Point","coordinates":[13.390461,52.540859]}},{"id":"357","type":"Feature","properties":{},"geometry":{"type":"Point","coordinates":[13.417837,52.529606]}},{"id":"358","type":"Feature","properties":{},"geometry":{"type":"Point","coordinates":[13.41651,52.538391]}},{"id":"359","type":"Feature","properties":{},"geometry":{"type":"Point","coordinates":[13.425736,52.530301]}},{"id":"360","type":"Feature","properties":{},"geometry":{"type":"Point","coordinates":[13.386497,52.547044]}},{"id":"361","type":"Feature","properties":{},"geometry":{"type":"Point","coordinates":[13.462991,52.539161]}},{"id":"362","type":"Feature","properties":{},"geometry":{"type":"Point","coordinates":[13.442798,52.541426]}},{"id":"363","type":"Feature","properties":{},"geometry":{"type":"Point","coordinates":[13.41482,52.54765]}},{"id":"364","type":"Feature","properties":{},"geometry":{"type":"Point","coordinates":[13.444611,52.540789]}},{"id":"365","type":"Feature","properties":{},"geometry":{"type":"Point","coordinates":[13.434577,52.512113]}},{"id":"366","type":"Feature","properties":{},"geometry":{"type":"Point","coordinates":[13.408918,52.514291]}},{"id":"367","type":"Feature","properties":{},"geometry":{"type":"Point","coordinates":[13.416829,52.510327]}},{"id":"368","type":"Feature","properties":{},"geometry":{"type":"Point","coordinates":[13.441976,52.545459]}},{"id":"369","type":"Feature","properties":{},"geometry":{"type":"Point","coordinates":[13.414808,52.522424]}},{"id":"370","type":"Feature","properties":{},"geometry":{"type":"Point","coordinates":[13.39113,52.497361]}},{"id":"371","type":"Feature","properties":{},"geometry":{"type":"Point","coordinates":[13.436479,52.527463]}},{"id":"372","type":"Feature","properties":{},"geometry":{"type":"Point","coordinates":[13.403827,52.498406]}},{"id":"373","type":"Feature","properties":{},"geometry":{"type":"Point","coordinates":[13.372979,52.538163]}},{"id":"374","type":"Feature","properties":{},"geometry":{"type":"Point","coordinates":[13.387475,52.520385]}},{"id":"375","type":"Feature","properties":{},"geometry":{"type":"Point","coordinates":[13.385651,52.505353]}},{"id":"376","type":"Feature","properties":{},"geometry":{"type":"Point","coordinates":[13.467224,52.514649]}},{"id":"377","type":"Feature","properties":{},"geometry":{"type":"Point","coordinates":[13.387433,52.540962]}},{"id":"378","type":"Feature","properties":{},"geometry":{"type":"Point","coordinates":[13.403164,52.528962]}},{"id":"379","type":"Feature","properties":{},"geometry":{"type":"Point","coordinates":[13.447024,52.503252]}},{"id":"380","type":"Feature","properties":{},"geometry":{"type":"Point","coordinates":[13.472382,52.520588]}},{"id":"381","type":"Feature","properties":{},"geometry":{"type":"Point","coordinates":[13.421333,52.507371]}},{"id":"382","type":"Feature","properties":{},"geometry":{"type":"Point","coordinates":[13.421764,52.509955]}},{"id":"383","type":"Feature","properties":{},"geometry":{"type":"Point","coordinates":[13.431881,52.543848]}},{"id":"384","type":"Feature","properties":{},"geometry":{"type":"Point","coordinates":[13.397636,52.529424]}},{"id":"385","type":"Feature","properties":{},"geometry":{"type":"Point","coordinates":[13.446135,52.503334]}},{"id":"386","type":"Feature","properties":{},"geometry":{"type":"Point","coordinates":[13.469434,52.508824]}},{"id":"387","type":"Feature","properties":{},"geometry":{"type":"Point","coordinates":[13.404579,52.527405]}},{"id":"388","type":"Feature","properties":{},"geometry":{"type":"Point","coordinates":[13.407365,52.520969]}},{"id":"389","type":"Feature","properties":{},"geometry":{"type":"Point","coordinates":[13.434359,52.525406]}},{"id":"390","type":"Feature","properties":{},"geometry":{"type":"Point","coordinates":[13.400682,52.537247]}},{"id":"391","type":"Feature","properties":{},"geometry":{"type":"Point","coordinates":[13.396708,52.538006]}},{"id":"392","type":"Feature","properties":{},"geometry":{"type":"Point","coordinates":[13.442364,52.518784]}},{"id":"393","type":"Feature","properties":{},"geometry":{"type":"Point","coordinates":[13.379145,52.503479]}},{"id":"394","type":"Feature","properties":{},"geometry":{"type":"Point","coordinates":[13.440086,52.507693]}},{"id":"395","type":"Feature","properties":{},"geometry":{"type":"Point","coordinates":[13.406309,52.530351]}},{"id":"396","type":"Feature","properties":{},"geometry":{"type":"Point","coordinates":[13.468005,52.495641]}},{"id":"397","type":"Feature","properties":{},"geometry":{"type":"Point","coordinates":[13.438756,52.533679]}},{"id":"398","type":"Feature","properties":{},"geometry":{"type":"Point","coordinates":[13.385832,52.547808]}},{"id":"399","type":"Feature","properties":{},"geometry":{"type":"Point","coordinates":[13.45781,52.518861]}},{"id":"400","type":"Feature","properties":{},"geometry":{"type":"Point","coordinates":[13.46814,52.524246]}},{"id":"401","type":"Feature","properties":{},"geometry":{"type":"Point","coordinates":[13.420087,52.510047]}},{"id":"402","type":"Feature","properties":{},"geometry":{"type":"Point","coordinates":[13.412282,52.495654]}},{"id":"403","type":"Feature","properties":{},"geometry":{"type":"Point","coordinates":[13.386461,52.517836]}},{"id":"404","type":"Feature","properties":{},"geometry":{"type":"Point","coordinates":[13.47201,52.524787]}},{"id":"405","type":"Feature","properties":{},"geometry":{"type":"Point","coordinates":[13.432754,52.512678]}},{"id":"406","type":"Feature","properties":{},"geometry":{"type":"Point","coordinates":[13.453012,52.521921]}},{"id":"407","type":"Feature","properties":{},"geometry":{"type":"Point","coordinates":[13.428513,52.547795]}},{"id":"408","type":"Feature","properties":{},"geometry":{"type":"Point","coordinates":[13.371224,52.534388]}},{"id":"409","type":"Feature","properties":{},"geometry":{"type":"Point","coordinates":[13.390304,52.535015]}},{"id":"410","type":"Feature","properties":{},"geometry":{"type":"Point","coordinates":[13.389113,52.515107]}},{"id":"411","type":"Feature","properties":{},"geometry":{"type":"Point","coordinates":[13.389724,52.531771]}},{"id":"412","type":"Feature","properties":{},"geometry":{"type":"Point","coordinates":[13.377202,52.514059]}},{"id":"413","type":"Feature","properties":{},"geometry":{"type":"Point","coordinates":[13.437962,52.547239]}},{"id":"414","type":"Feature","properties":{},"geometry":{"type":"Point","coordinates":[13.456528,52.500105]}},{"id":"415","type":"Feature","properties":{},"geometry":{"type":"Point","coordinates":[13.411745,52.536469]}},{"id":"416","type":"Feature","properties":{},"geometry":{"type":"Point","coordinates":[13.441482,52.536052]}},{"id":"417","type":"Feature","properties":{},"geometry":{"type":"Point","coordinates":[13.38836,52.534988]}},{"id":"418","type":"Feature","properties":{},"geometry":{"type":"Point","coordinates":[13.468782,52.543225]}},{"id":"419","type":"Feature","properties":{},"geometry":{"type":"Point","coordinates":[13.432118,52.54394]}},{"id":"420","type":"Feature","properties":{},"geometry":{"type":"Point","coordinates":[13.447725,52.529236]}},{"id":"421","type":"Feature","properties":{},"geometry":{"type":"Point","coordinates":[13.374799,52.517059]}},{"id":"422","type":"Feature","properties":{},"geometry":{"type":"Point","coordinates":[13.37742,52.514449]}},{"id":"423","type":"Feature","properties":{},"geometry":{"type":"Point","coordinates":[13.43961,52.513792]}},{"id":"424","type":"Feature","properties":{},"geometry":{"type":"Point","coordinates":[13.370974,52.519462]}},{"id":"425","type":"Feature","properties":{},"geometry":{"type":"Point","coordinates":[13.457903,52.498927]}},{"id":"426","type":"Feature","properties":{},"geometry":{"type":"Point","coordinates":[13.371538,52.531456]}},{"id":"427","type":"Feature","properties":{},"geometry":{"type":"Point","coordinates":[13.405857,52.530774]}},{"id":"428","type":"Feature","properties":{},"geometry":{"type":"Point","coordinates":[13.459567,52.543095]}},{"id":"429","type":"Feature","properties":{},"geometry":{"type":"Point","coordinates":[13.465726,52.541716]}},{"id":"430","type":"Feature","properties":{},"geometry":{"type":"Point","coordinates":[13.378813,52.505266]}},{"id":"431","type":"Feature","properties":{},"geometry":{"type":"Point","coordinates":[13.385527,52.528683]}},{"id":"432","type":"Feature","properties":{},"geometry":{"type":"Point","coordinates":[13.410923,52.534459]}},{"id":"433","type":"Feature","properties":{},"geometry":{"type":"Point","coordinates":[13.414176,52.502662]}},{"id":"434","type":"Feature","properties":{},"geometry":{"type":"Point","coordinates":[13.428008,52.495642]}},{"id":"435","type":"Feature","properties":{},"geometry":{"type":"Point","coordinates":[13.450214,52.520979]}},{"id":"436","type":"Feature","properties":{},"geometry":{"type":"Point","coordinates":[13.427698,52.499223]}},{"id":"437","type":"Feature","properties":{},"geometry":{"type":"Point","coordinates":[13.461577,52.522323]}},{"id":"438","type":"Feature","properties":{},"geometry":{"type":"Point","coordinates":[13.372308,52.544576]}},{"id":"439","type":"Feature","properties":{},"geometry":{"type":"Point","coordinates":[13.373001,52.503779]}},{"id":"440","type":"Feature","properties":{},"geometry":{"type":"Point","coordinates":[13.39273,52.509664]}},{"id":"441","type":"Feature","properties":{},"geometry":{"type":"Point","coordinates":[13.430073,52.521167]}},{"id":"442","type":"Feature","properties":{},"geometry":{"type":"Point","coordinates":[13.472164,52.537395]}},{"id":"443","type":"Feature","properties":{},"geometry":{"type":"Point","coordinates":[13.404276,52.529571]}},{"id":"444","type":"Feature","properties":{},"geometry":{"type":"Point","coordinates":[13.410775,52.51735]}},{"id":"445","type":"Feature","properties":{},"geometry":{"type":"Point","coordinates":[13.402196,52.546551]}},{"id":"446","type":"Feature","properties":{},"geometry":{"type":"Point","coordinates":[13.422603,52.536877]}},{"id":"447","type":"Feature","properties":{},"geometry":{"type":"Point","coordinates":[13.448644,52.502174]}},{"id":"448","type":"Feature","properties":{},"geometry":{"type":"Point","coordinates":[13.403423,52.546539]}},{"id":"449","type":"Feature","properties":{},"geometry":{"type":"Point","coordinates":[13.451705,52.525112]}},{"id":"450","type":"Feature","properties":{},"geometry":{"type":"Point","coordinates":[13.466224,52.521748]}},{"id":"451","type":"Feature","properties":{},"geometry":{"type":"Point","coordinates":[13.420176,52.507915]}},{"id":"452","type":"Feature","properties":{},"geometry":{"type":"Point","coordinates":[13.403338,52.515688]}},{"id":"453","type":"Feature","properties":{},"geometry":{"type":"Point","coordinates":[13.387179,52.525446]}},{"id":"454","type":"Feature","properties":{},"geometry":{"type":"Point","coordinates":[13.395856,52.522491]}},{"id":"455","type":"Feature","properties":{},"geometry":{"type":"Point","coordinates":[13.394385,52.510778]}},{"id":"456","type":"Feature","properties":{},"geometry":{"type":"Point","coordinates":[13.405932,52.530401]}},{"id":"457","type":"Feature","properties":{},"geometry":{"type":"Point","coordinates":[13.369284,52.545545]}},{"id":"458","type":"Feature","properties":{},"geometry":{"type":"Point","coordinates":[13.409514,52.533482]}},{"id":"459","type":"Feature","properties":{},"geometry":{"type":"Point","coordinates":[13.419481,52.533033]}},{"id":"460","type":"Feature","properties":{},"geometry":{"type":"Point","coordinates":[13.391319,52.544429]}},{"id":"461","type":"Feature","properties":{},"geometry":{"type":"Point","coordinates":[13.397674,52.525625]}},{"id":"462","type":"Feature","properties":{},"geometry":{"type":"Point","coordinates":[13.383277,52.537044]}},{"id":"463","type":"Feature","properties":{},"geometry":{"type":"Point","coordinates":[13.427441,52.500684]}},{"id":"464","type":"Feature","properties":{},"geometry":{"type":"Point","coordinates":[13.407966,52.531996]}},{"id":"465","type":"Feature","properties":{},"geometry":{"type":"Point","coordinates":[13.433631,52.544249]}},{"id":"466","type":"Feature","properties":{},"geometry":{"type":"Point","coordinates":[13.389403,52.495353]}},{"id":"467","type":"Feature","properties":{},"geometry":{"type":"Point","coordinates":[13.414232,52.547474]}},{"id":"468","type":"Feature","properties":{},"geometry":{"type":"Point","coordinates":[13.420875,52.533476]}},{"id":"469","type":"Feature","properties":{},"geometry":{"type":"Point","coordinates":[13.379737,52.506614]}},{"id":"470","type":"Feature","properties":{},"geometry":{"type":"Point","coordinates":[13.397398,52.536167]}},{"id":"471","type":"Feature","properties":{},"geometry":{"type":"Point","coordinates":[13.444816,52.504345]}},{"id":"472","type":"Feature","properties":{},"geometry":{"type":"Point","coordinates":[13.471994,52.515204]}},{"id":"473","type":"Feature","properties":{},"geometry":{"type":"Point","coordinates":[13.401536,52.522208]}},{"id":"474","type":"Feature","properties":{},"geometry":{"type":"Point","coordinates":[13.369703,52.542196]}},{"id":"475","type":"Feature","properties":{},"geometry":{"type":"Point","coordinates":[13.400552,52.521151]}},{"id":"476","type":"Feature","properties":{},"geometry":{"type":"Point","coordinates":[13.37328,52.537994]}},{"id":"477","type":"Feature","properties":{},"geometry":{"type":"Point","coordinates":[13.388116,52.541482]}},{"id":"478","type":"Feature","properties":{},"geometry":{"type":"Point","coordinates":[13.411446,52.498169]}},{"id":"479","type":"Feature","properties":{},"geometry":{"type":"Point","coordinates":[13.418262,52.510572]}},{"id":"480","type":"Feature","properties":{},"geometry":{"type":"Point","coordinates":[13.415422,52.495722]}},{"id":"481","type":"Feature","properties":{},"geometry":{"type":"Point","coordinates":[13.409789,52.505024]}},{"id":"482","type":"Feature","properties":{},"geometry":{"type":"Point","coordinates":[13.377004,52.508578]}},{"id":"483","type":"Feature","properties":{},"geometry":{"type":"Point","coordinates":[13.459363,52.517708]}},{"id":"484","type":"Feature","properties":{},"geometry":{"type":"Point","coordinates":[13.378896,52.516211]}},{"id":"485","type":"Feature","properties":{},"geometry":{"type":"Point","coordinates":[13.443907,52.516254]}},{"id":"486","type":"Feature","properties":{},"geometry":{"type":"Point","coordinates":[13.370648,52.524222]}},{"id":"487","type":"Feature","properties":{},"geometry":{"type":"Point","coordinates":[13.444546,52.533059]}},{"id":"488","type":"Feature","properties":{},"geometry":{"type":"Point","coordinates":[13.373591,52.498095]}},{"id":"489","type":"Feature","properties":{},"geometry":{"type":"Point","coordinates":[13.38481,52.523351]}},{"id":"490","type":"Feature","properties":{},"geometry":{"type":"Point","coordinates":[13.399725,52.527547]}},{"id":"491","type":"Feature","properties":{},"geometry":{"type":"Point","coordinates":[13.380986,52.499862]}},{"id":"492","type":"Feature","properties":{},"geometry":{"type":"Point","coordinates":[13.376432,52.508882]}},{"id":"493","type":"Feature","properties":{},"geometry":{"type":"Point","coordinates":[13.446483,52.531228]}},{"id":"494","type":"Feature","properties":{},"geometry":{"type":"Point","coordinates":[13.462333,52.505803]}},{"id":"495","type":"Feature","properties":{},"geometry":{"type":"Point","coordinates":[13.432866,52.518239]}},{"id":"496","type":"Feature","properties":{},"geometry":{"type":"Point","coordinates":[13.447456,52.530498]}},{"id":"497","type":"Feature","properties":{},"geometry":{"type":"Point","coordinates":[13.433289,52.546564]}},{"id":"498","type":"Feature","properties":{},"geometry":{"type":"Point","coordinates":[13.387636,52.534478]}},{"id":"499","type":"Feature","properties":{},"geometry":{"type":"Point","coordinates":[13.413024,52.498412]}},{"id":"500","type":"Feature","properties":{},"geometry":{"type":"Point","coordinates":[13.384053,52.502282]}},{"id":"501","type":"Feature","properties":{},"geometry":{"type":"Point","coordinates":[13.402681,52.52234]}},{"id":"502","type":"Feature","properties":{},"geometry":{"type":"Point","coordinates":[13.371711,52.545977]}},{"id":"503","type":"Feature","properties":{},"geometry":{"type":"Point","coordinates":[13.369076,52.500226]}},{"id":"504","type":"Feature","properties":{},"geometry":{"type":"Point","coordinates":[13.419773,52.518521]}},{"id":"505","type":"Feature","properties":{},"geometry":{"type":"Point","coordinates":[13.424136,52.523865]}},{"id":"506","type":"Feature","properties":{},"geometry":{"type":"Point","coordinates":[13.455535,52.508631]}},{"id":"507","type":"Feature","properties":{},"geometry":{"type":"Point","coordinates":[13.436412,52.503849]}},{"id":"508","type":"Feature","properties":{},"geometry":{"type":"Point","coordinates":[13.395989,52.544882]}},{"id":"509","type":"Feature","properties":{},"geometry":{"type":"Point","coordinates":[13.387389,52.54747]}},{"id":"510","type":"Feature","properties":{},"geometry":{"type":"Point","coordinates":[13.410634,52.518347]}},{"id":"511","type":"Feature","properties":{},"geometry":{"type":"Point","coordinates":[13.445376,52.503081]}},{"id":"512","type":"Feature","properties":{},"geometry":{"type":"Point","coordinates":[13.38527,52.513377]}},{"id":"513","type":"Feature","properties":{},"geometry":{"type":"Point","coordinates":[13.466016,52.504476]}},{"id":"514","type":"Feature","properties":{},"geometry":{"type":"Point","coordinates":[13.456308,52.509769]}},{"id":"515","type":"Feature","properties":{},"geometry":{"type":"Point","coordinates":[13.368814,52.505792]}},{"id":"516","type":"Feature","properties":{},"geometry":{"type":"Point","coordinates":[13.380356,52.516323]}},{"id":"517","type":"Feature","properties":{},"geometry":{"type":"Point","coordinates":[13.375452,52.5038]}},{"id":"518","type":"Feature","properties":{},"geometry":{"type":"Point","coordinates":[13.440182,52.548249]}},{"id":"519","type":"Feature","properties":{},"geometry":{"type":"Point","coordinates":[13.393357,52.519974]}},{"id":"520","type":"Feature","properties":{},"geometry":{"type":"Point","coordinates":[13.393948,52.537352]}},{"id":"521","type":"Feature","properties":{},"geometry":{"type":"Point","coordinates":[13.426875,52.495403]}},{"id":"522","type":"Feature","properties":{},"geometry":{"type":"Point","coordinates":[13.431716,52.509627]}},{"id":"523","type":"Feature","properties":{},"geometry":{"type":"Point","coordinates":[13.418163,52.51013]}},{"id":"524","type":"Feature","properties":{},"geometry":{"type":"Point","coordinates":[13.449573,52.51643]}},{"id":"525","type":"Feature","properties":{},"geometry":{"type":"Point","coordinates":[13.386136,52.514435]}},{"id":"526","type":"Feature","properties":{},"geometry":{"type":"Point","coordinates":[13.450067,52.5283]}},{"id":"527","type":"Feature","properties":{},"geometry":{"type":"Point","coordinates":[13.422237,52.530977]}},{"id":"528","type":"Feature","properties":{},"geometry":{"type":"Point","coordinates":[13.433425,52.495292]}},{"id":"529","type":"Feature","properties":{},"geometry":{"type":"Point","coordinates":[13.445023,52.516644]}},{"id":"530","type":"Feature","properties":{},"geometry":{"type":"Point","coordinates":[13.449343,52.504208]}},{"id":"531","type":"Feature","properties":{},"geometry":{"type":"Point","coordinates":[13.431971,52.499662]}},{"id":"532","type":"Feature","properties":{},"geometry":{"type":"Point","coordinates":[13.435103,52.538353]}},{"id":"533","type":"Feature","properties":{},"geometry":{"type":"Point","coordinates":[13.447751,52.535886]}},{"id":"534","type":"Feature","properties":{},"geometry":{"type":"Point","coordinates":[13.458639,52.525411]}},{"id":"535","type":"Feature","properties":{},"geometry":{"type":"Point","coordinates":[13.4102,52.538383]}},{"id":"536","type":"Feature","properties":{},"geometry":{"type":"Point","coordinates":[13.467889,52.50251]}},{"id":"537","type":"Feature","properties":{},"geometry":{"type":"Point","coordinates":[13.417506,52.512399]}},{"id":"538","type":"Feature","properties":{},"geometry":{"type":"Point","coordinates":[13.376765,52.513682]}},{"id":"539","type":"Feature","properties":{},"geometry":{"type":"Point","coordinates":[13.435571,52.515674]}},{"id":"540","type":"Feature","properties":{},"geometry":{"type":"Point","coordinates":[13.463468,52.519779]}},{"id":"541","type":"Feature","properties":{},"geometry":{"type":"Point","coordinates":[13.434244,52.545996]}},{"id":"542","type":"Feature","properties":{},"geometry":{"type":"Point","coordinates":[13.44617,52.528982]}},{"id":"543","type":"Feature","properties":{},"geometry":{"type":"Point","coordinates":[13.464275,52.496645]}},{"id":"544","type":"Feature","properties":{},"geometry":{"type":"Point","coordinates":[13.410503,52.542254]}},{"id":"545","type":"Feature","properties":{},"geometry":{"type":"Point","coordinates":[13.432405,52.516205]}},{"id":"546","type":"Feature","properties":{},"geometry":{"type":"Point","coordinates":[13.387574,52.520522]}},{"id":"547","type":"Feature","properties":{},"geometry":{"type":"Point","coordinates":[13.399385,52.546393]}},{"id":"548","type":"Feature","properties":{},"geometry":{"type":"Point","coordinates":[13.38227,52.495302]}},{"id":"549","type":"Feature","properties":{},"geometry":{"type":"Point","coordinates":[13.43607,52.519343]}},{"id":"550","type":"Feature","properties":{},"geometry":{"type":"Point","coordinates":[13.411964,52.526236]}},{"id":"551","type":"Feature","properties":{},"geometry":{"type":"Point","coordinates":[13.433066,52.533596]}},{"id":"552","type":"Feature","properties":{},"geometry":{"type":"Point","coordinates":[13.375072,52.529538]}},{"id":"553","type":"Feature","properties":{},"geometry":{"type":"Point","coordinates":[13.421676,52.5075]}},{"id":"554","type":"Feature","properties":{},"geometry":{"type":"Point","coordinates":[13.440816,52.49984]}},{"id":"555","type":"Feature","properties":{},"geometry":{"type":"Point","coordinates":[13.423096,52.525977]}},{"id":"556","type":"Feature","properties":{},"geometry":{"type":"Point","coordinates":[13.457073,52.544451]}},{"id":"557","type":"Feature","properties":{},"geometry":{"type":"Point","coordinates":[13.40525,52.519878]}},{"id":"558","type":"Feature","properties":{},"geometry":{"type":"Point","coordinates":[13.454916,52.494424]}},{"id":"559","type":"Feature","properties":{},"geometry":{"type":"Point","coordinates":[13.457689,52.538943]}},{"id":"560","type":"Feature","properties":{},"geometry":{"type":"Point","coordinates":[13.404011,52.51308]}},{"id":"561","type":"Feature","properties":{},"geometry":{"type":"Point","coordinates":[13.407426,52.523962]}},{"id":"562","type":"Feature","properties":{},"geometry":{"type":"Point","coordinates":[13.38672,52.520779]}},{"id":"563","type":"Feature","properties":{},"geometry":{"type":"Point","coordinates":[13.398595,52.529409]}},{"id":"564","type":"Feature","properties":{},"geometry":{"type":"Point","coordinates":[13.454857,52.504046]}},{"id":"565","type":"Feature","properties":{},"geometry":{"type":"Point","coordinates":[13.372137,52.536548]}},{"id":"566","type":"Feature","properties":{},"geometry":{"type":"Point","coordinates":[13.432655,52.544141]}},{"id":"567","type":"Feature","properties":{},"geometry":{"type":"Point","coordinates":[13.421376,52.504735]}},{"id":"568","type":"Feature","properties":{},"geometry":{"type":"Point","coordinates":[13.4493,52.53718]}},{"id":"569","type":"Feature","properties":{},"geometry":{"type":"Point","coordinates":[13.456345,52.516424]}},{"id":"570","type":"Feature","properties":{},"geometry":{"type":"Point","coordinates":[13.398893,52.518613]}},{"id":"571","type":"Feature","properties":{},"geometry":{"type":"Point","coordinates":[13.371748,52.519651]}},{"id":"572","type":"Feature","properties":{},"geometry":{"type":"Point","coordinates":[13.440479,52.536894]}},{"id":"573","type":"Feature","properties":{},"geometry":{"type":"Point","coordinates":[13.418443,52.525391]}},{"id":"574","type":"Feature","properties":{},"geometry":{"type":"Point","coordinates":[13.409175,52.504331]}},{"id":"575","type":"Feature","properties":{},"geometry":{"type":"Point","coordinates":[13.371601,52.546369]}},{"id":"576","type":"Feature","properties":{},"geometry":{"type":"Point","coordinates":[13.452986,52.535888]}},{"id":"577","type":"Feature","properties":{},"geometry":{"type":"Point","coordinates":[13.466985,52.516]}},{"id":"578","type":"Feature","properties":{},"geometry":{"type":"Point","coordinates":[13.405872,52.531124]}},{"id":"579","type":"Feature","properties":{},"geometry":{"type":"Point","coordinates":[13.413293,52.497892]}},{"id":"580","type":"Feature","properties":{},"geometry":{"type":"Point","coordinates":[13.451595,52.522511]}},{"id":"581","type":"Feature","properties":{},"geometry":{"type":"Point","coordinates":[13.427817,52.52388]}},{"id":"582","type":"Feature","properties":{},"geometry":{"type":"Point","coordinates":[13.394163,52.547774]}},{"id":"583","type":"Feature","properties":{},"geometry":{"type":"Point","coordinates":[13.459795,52.548162]}},{"id":"584","type":"Feature","properties":{},"geometry":{"type":"Point","coordinates":[13.371797,52.515824]}},{"id":"585","type":"Feature","properties":{},"geometry":{"type":"Point","coordinates":[13.47136,52.510823]}},{"id":"586","type":"Feature","properties":{},"geometry":{"type":"Point","coordinates":[13.430443,52.522198]}},{"id":"587","type":"Feature","properties":{},"geometry":{"type":"Point","coordinates":[13.449965,52.536601]}},{"id":"588","type":"Feature","properties":{},"geometry":{"type":"Point","coordinates":[13.403868,52.526148]}},{"id":"589","type":"Feature","properties":{},"geometry":{"type":"Point","coordinates":[13.45693,52.517764]}},{"id":"590","type":"Feature","properties":{},"geometry":{"type":"Point","coordinates":[13.419579,52.520929]}},{"id":"591","type":"Feature","properties":{},"geometry":{"type":"Point","coordinates":[13.459664,52.527655]}},{"id":"592","type":"Feature","properties":{},"geometry":{"type":"Point","coordinates":[13.453172,52.51465]}},{"id":"593","type":"Feature","properties":{},"geometry":{"type":"Point","coordinates":[13.40757,52.536554]}},{"id":"594","type":"Feature","properties":{},"geometry":{"type":"Point","coordinates":[13.398212,52.510301]}},{"id":"595","type":"Feature","properties":{},"geometry":{"type":"Point","coordinates":[13.379474,52.53172]}},{"id":"596","type":"Feature","properties":{},"geometry":{"type":"Point","coordinates":[13.455128,52.525088]}},{"id":"597","type":"Feature","properties":{},"geometry":{"type":"Point","coordinates":[13.368935,52.541628]}},{"id":"598","type":"Feature","properties":{},"geometry":{"type":"Point","coordinates":[13.400283,52.516804]}},{"id":"599","type":"Feature","properties":{},"geometry":{"type":"Point","coordinates":[13.401759,52.495973]}},{"id":"600","type":"Feature","properties":{},"geometry":{"type":"Point","coordinates":[13.442719,52.49944]}},{"id":"601","type":"Feature","properties":{},"geometry":{"type":"Point","coordinates":[13.465173,52.531131]}},{"id":"602","type":"Feature","properties":{},"geometry":{"type":"Point","coordinates":[13.444709,52.512507]}},{"id":"603","type":"Feature","properties":{},"geometry":{"type":"Point","coordinates":[13.429947,52.533308]}},{"id":"604","type":"Feature","properties":{},"geometry":{"type":"Point","coordinates":[13.37629,52.531579]}},{"id":"605","type":"Feature","properties":{},"geometry":{"type":"Point","coordinates":[13.392528,52.502486]}},{"id":"606","type":"Feature","properties":{},"geometry":{"type":"Point","coordinates":[13.450643,52.511194]}},{"id":"607","type":"Feature","properties":{},"geometry":{"type":"Point","coordinates":[13.439266,52.517701]}},{"id":"608","type":"Feature","properties":{},"geometry":{"type":"Point","coordinates":[13.427693,52.509331]}},{"id":"609","type":"Feature","properties":{},"geometry":{"type":"Point","coordinates":[13.454839,52.534061]}},{"id":"610","type":"Feature","properties":{},"geometry":{"type":"Point","coordinates":[13.391122,52.547331]}},{"id":"611","type":"Feature","properties":{},"geometry":{"type":"Point","coordinates":[13.46645,52.510475]}},{"id":"612","type":"Feature","properties":{},"geometry":{"type":"Point","coordinates":[13.385895,52.53764]}},{"id":"613","type":"Feature","properties":{},"geometry":{"type":"Point","coordinates":[13.45324,52.534745]}},{"id":"614","type":"Feature","properties":{},"geometry":{"type":"Point","coordinates":[13.462993,52.532321]}},{"id":"615","type":"Feature","properties":{},"geometry":{"type":"Point","coordinates":[13.438643,52.520065]}},{"id":"616","type":"Feature","properties":{},"geometry":{"type":"Point","coordinates":[13.433877,52.538427]}},{"id":"617","type":"Feature","properties":{},"geometry":{"type":"Point","coordinates":[13.411124,52.537986]}},{"id":"618","type":"Feature","properties":{},"geometry":{"type":"Point","coordinates":[13.432725,52.536865]}},{"id":"619","type":"Feature","properties":{},"geometry":{"type":"Point","coordinates":[13.409616,52.52726]}},{"id":"620","type":"Feature","properties":{},"geometry":{"type":"Point","coordinates":[13.373117,52.500071]}},{"id":"621","type":"Feature","properties":{},"geometry":{"type":"Point","coordinates":[13.471802,52.504881]}},{"id":"622","type":"Feature","properties":{},"geometry":{"type":"Point","coordinates":[13.419282,52.506082]}},{"id":"623","type":"Feature","properties":{},"geometry":{"type":"Point","coordinates":[13.440279,52.525159]}},{"id":"624","type":"Feature","properties":{},"geometry":{"type":"Point","coordinates":[13.457196,52.502135]}},{"id":"625","type":"Feature","properties":{},"geometry":{"type":"Point","coordinates":[13.469292,52.519431]}},{"id":"626","type":"Feature","properties":{},"geometry":{"type":"Point","coordinates":[13.410952,52.523318]}},{"id":"627","type":"Feature","properties":{},"geometry":{"type":"Point","coordinates":[13.46717,52.548831]}},{"id":"628","type":"Feature","properties":{},"geometry":{"type":"Point","coordinates":[13.403734,52.51552]}},{"id":"629","type":"Feature","properties":{},"geometry":{"type":"Point","coordinates":[13.450873,52.501304]}},{"id":"630","type":"Feature","properties":{},"geometry":{"type":"Point","coordinates":[13.461817,52.525009]}},{"id":"631","type":"Feature","properties":{},"geometry":{"type":"Point","coordinates":[13.450093,52.498969]}},{"id":"632","type":"Feature","properties":{},"geometry":{"type":"Point","coordinates":[13.450078,52.529597]}},{"id":"633","type":"Feature","properties":{},"geometry":{"type":"Point","coordinates":[13.454799,52.527386]}},{"id":"634","type":"Feature","properties":{},"geometry":{"type":"Point","coordinates":[13.471398,52.512649]}},{"id":"635","type":"Feature","properties":{},"geometry":{"type":"Point","coordinates":[13.455236,52.541166]}},{"id":"636","type":"Feature","properties":{},"geometry":{"type":"Point","coordinates":[13.373171,52.517025]}},{"id":"637","type":"Feature","properties":{},"geometry":{"type":"Point","coordinates":[13.422803,52.523906]}},{"id":"638","type":"Feature","properties":{},"geometry":{"type":"Point","coordinates":[13.447638,52.503455]}},{"id":"639","type":"Feature","properties":{},"geometry":{"type":"Point","coordinates":[13.429982,52.522713]}},{"id":"640","type":"Feature","properties":{},"geometry":{"type":"Point","coordinates":[13.385507,52.52351]}},{"id":"641","type":"Feature","properties":{},"geometry":{"type":"Point","coordinates":[13.391399,52.539658]}},{"id":"642","type":"Feature","properties":{},"geometry":{"type":"Point","coordinates":[13.374554,52.543952]}},{"id":"643","type":"Feature","properties":{},"geometry":{"type":"Point","coordinates":[13.413061,52.525248]}},{"id":"644","type":"Feature","properties":{},"geometry":{"type":"Point","coordinates":[13.391529,52.536221]}},{"id":"645","type":"Feature","properties":{},"geometry":{"type":"Point","coordinates":[13.434948,52.498445]}},{"id":"646","type":"Feature","properties":{},"geometry":{"type":"Point","coordinates":[13.387806,52.523763]}},{"id":"647","type":"Feature","properties":{},"geometry":{"type":"Point","coordinates":[13.394709,52.536519]}},{"id":"648","type":"Feature","properties":{},"geometry":{"type":"Point","coordinates":[13.399755,52.500745]}},{"id":"649","type":"Feature","properties":{},"geometry":{"type":"Point","coordinates":[13.369999,52.534765]}},{"id":"650","type":"Feature","properties":{},"geometry":{"type":"Point","coordinates":[13.401051,52.547482]}},{"id":"651","type":"Feature","properties":{},"geometry":{"type":"Point","coordinates":[13.444314,52.534991]}},{"id":"652","type":"Feature","properties":{},"geometry":{"type":"Point","coordinates":[13.41638,52.522078]}},{"id":"653","type":"Feature","properties":{},"geometry":{"type":"Point","coordinates":[13.43203,52.546471]}},{"id":"654","type":"Feature","properties":{},"geometry":{"type":"Point","coordinates":[13.42952,52.535778]}},{"id":"655","type":"Feature","properties":{},"geometry":{"type":"Point","coordinates":[13.381595,52.547625]}},{"id":"656","type":"Feature","properties":{},"geometry":{"type":"Point","coordinates":[13.390847,52.534424]}},{"id":"657","type":"Feature","properties":{},"geometry":{"type":"Point","coordinates":[13.461393,52.49854]}},{"id":"658","type":"Feature","properties":{},"geometry":{"type":"Point","coordinates":[13.445201,52.535956]}},{"id":"660","type":"Feature","properties":{},"geometry":{"type":"Point","coordinates":[13.434266,52.546153]}},{"id":"661","type":"Feature","properties":{},"geometry":{"type":"Point","coordinates":[13.419436,52.504782]}},{"id":"662","type":"Feature","properties":{},"geometry":{"type":"Point","coordinates":[13.404991,52.506331]}},{"id":"663","type":"Feature","properties":{},"geometry":{"type":"Point","coordinates":[13.453379,52.514127]}},{"id":"664","type":"Feature","properties":{},"geometry":{"type":"Point","coordinates":[13.425141,52.536315]}},{"id":"665","type":"Feature","properties":{},"geometry":{"type":"Point","coordinates":[13.462333,52.531677]}},{"id":"666","type":"Feature","properties":{},"geometry":{"type":"Point","coordinates":[13.41656,52.495165]}},{"id":"667","type":"Feature","properties":{},"geometry":{"type":"Point","coordinates":[13.462358,52.498083]}},{"id":"668","type":"Feature","properties":{},"geometry":{"type":"Point","coordinates":[13.391991,52.537265]}},{"id":"669","type":"Feature","properties":{},"geometry":{"type":"Point","coordinates":[13.427355,52.507027]}},{"id":"670","type":"Feature","properties":{},"geometry":{"type":"Point","coordinates":[13.393056,52.545043]}},{"id":"671","type":"Feature","properties":{},"geometry":{"type":"Point","coordinates":[13.387746,52.515473]}},{"id":"672","type":"Feature","properties":{},"geometry":{"type":"Point","coordinates":[13.442918,52.510399]}},{"id":"673","type":"Feature","properties":{},"geometry":{"type":"Point","coordinates":[13.406347,52.532209]}},{"id":"674","type":"Feature","properties":{},"geometry":{"type":"Point","coordinates":[13.411549,52.505077]}},{"id":"675","type":"Feature","properties":{},"geometry":{"type":"Point","coordinates":[13.401093,52.500926]}},{"id":"676","type":"Feature","properties":{},"geometry":{"type":"Point","coordinates":[13.412556,52.545015]}},{"id":"677","type":"Feature","properties":{},"geometry":{"type":"Point","coordinates":[13.454325,52.540378]}},{"id":"678","type":"Feature","properties":{},"geometry":{"type":"Point","coordinates":[13.379497,52.505116]}},{"id":"679","type":"Feature","properties":{},"geometry":{"type":"Point","coordinates":[13.454586,52.51178]}},{"id":"680","type":"Feature","properties":{},"geometry":{"type":"Point","coordinates":[13.376853,52.547788]}},{"id":"681","type":"Feature","properties":{},"geometry":{"type":"Point","coordinates":[13.390001,52.497868]}},{"id":"682","type":"Feature","properties":{},"geometry":{"type":"Point","coordinates":[13.446468,52.538156]}},{"id":"683","type":"Feature","properties":{},"geometry":{"type":"Point","coordinates":[13.385153,52.507348]}},{"id":"684","type":"Feature","properties":{},"geometry":{"type":"Point","coordinates":[13.409884,52.547479]}},{"id":"685","type":"Feature","properties":{},"geometry":{"type":"Point","coordinates":[13.411994,52.505429]}},{"id":"686","type":"Feature","properties":{},"geometry":{"type":"Point","coordinates":[13.380424,52.499963]}},{"id":"687","type":"Feature","properties":{},"geometry":{"type":"Point","coordinates":[13.408177,52.517298]}},{"id":"688","type":"Feature","properties":{},"geometry":{"type":"Point","coordinates":[13.470988,52.506871]}},{"id":"689","type":"Feature","properties":{},"geometry":{"type":"Point","coordinates":[13.382083,52.524212]}},{"id":"690","type":"Feature","properties":{},"geometry":{"type":"Point","coordinates":[13.437662,52.524416]}},{"id":"691","type":"Feature","properties":{},"geometry":{"type":"Point","coordinates":[13.461638,52.495061]}},{"id":"692","type":"Feature","properties":{},"geometry":{"type":"Point","coordinates":[13.402155,52.539092]}},{"id":"693","type":"Feature","properties":{},"geometry":{"type":"Point","coordinates":[13.427953,52.531568]}},{"id":"694","type":"Feature","properties":{},"geometry":{"type":"Point","coordinates":[13.39578,52.519594]}},{"id":"695","type":"Feature","properties":{},"geometry":{"type":"Point","coordinates":[13.390313,52.503162]}},{"id":"696","type":"Feature","properties":{},"geometry":{"type":"Point","coordinates":[13.399264,52.498121]}},{"id":"697","type":"Feature","properties":{},"geometry":{"type":"Point","coordinates":[13.454719,52.536142]}},{"id":"698","type":"Feature","properties":{},"geometry":{"type":"Point","coordinates":[13.40199,52.511203]}},{"id":"699","type":"Feature","properties":{},"geometry":{"type":"Point","coordinates":[13.396114,52.534283]}},{"id":"700","type":"Feature","properties":{},"geometry":{"type":"Point","coordinates":[13.459788,52.503961]}},{"id":"701","type":"Feature","properties":{},"geometry":{"type":"Point","coordinates":[13.396915,52.537013]}},{"id":"702","type":"Feature","properties":{},"geometry":{"type":"Point","coordinates":[13.464623,52.503091]}},{"id":"703","type":"Feature","properties":{},"geometry":{"type":"Point","coordinates":[13.445553,52.520024]}},{"id":"704","type":"Feature","properties":{},"geometry":{"type":"Point","coordinates":[13.388097,52.495744]}},{"id":"705","type":"Feature","properties":{},"geometry":{"type":"Point","coordinates":[13.391806,52.511611]}},{"id":"706","type":"Feature","properties":{},"geometry":{"type":"Point","coordinates":[13.465415,52.499798]}},{"id":"707","type":"Feature","properties":{},"geometry":{"type":"Point","coordinates":[13.469023,52.503144]}},{"id":"708","type":"Feature","properties":{},"geometry":{"type":"Point","coordinates":[13.386174,52.544352]}},{"id":"709","type":"Feature","properties":{},"geometry":{"type":"Point","coordinates":[13.380694,52.505904]}},{"id":"710","type":"Feature","properties":{},"geometry":{"type":"Point","coordinates":[13.383539,52.536785]}},{"id":"711","type":"Feature","properties":{},"geometry":{"type":"Point","coordinates":[13.470784,52.547973]}},{"id":"712","type":"Feature","properties":{},"geometry":{"type":"Point","coordinates":[13.410254,52.503766]}},{"id":"713","type":"Feature","properties":{},"geometry":{"type":"Point","coordinates":[13.389587,52.5266]}},{"id":"714","type":"Feature","properties":{},"geometry":{"type":"Point","coordinates":[13.433287,52.529042]}},{"id":"715","type":"Feature","properties":{},"geometry":{"type":"Point","coordinates":[13.438411,52.535687]}},{"id":"716","type":"Feature","properties":{},"geometry":{"type":"Point","coordinates":[13.461453,52.500888]}},{"id":"717","type":"Feature","properties":{},"geometry":{"type":"Point","coordinates":[13.445114,52.515032]}},{"id":"718","type":"Feature","properties":{},"geometry":{"type":"Point","coordinates":[13.456097,52.503067]}},{"id":"719","type":"Feature","properties":{},"geometry":{"type":"Point","coordinates":[13.373603,52.525584]}},{"id":"720","type":"Feature","properties":{},"geometry":{"type":"Point","coordinates":[13.45346,52.53963]}},{"id":"721","type":"Feature","properties":{},"geometry":{"type":"Point","coordinates":[13.431714,52.536401]}},{"id":"722","type":"Feature","properties":{},"geometry":{"type":"Point","coordinates":[13.382435,52.504564]}},{"id":"723","type":"Feature","properties":{},"geometry":{"type":"Point","coordinates":[13.462541,52.519611]}},{"id":"724","type":"Feature","properties":{},"geometry":{"type":"Point","coordinates":[13.467146,52.499332]}},{"id":"725","type":"Feature","properties":{},"geometry":{"type":"Point","coordinates":[13.379397,52.509222]}},{"id":"726","type":"Feature","properties":{},"geometry":{"type":"Point","coordinates":[13.457292,52.524602]}},{"id":"727","type":"Feature","properties":{},"geometry":{"type":"Point","coordinates":[13.471143,52.510149]}},{"id":"728","type":"Feature","properties":{},"geometry":{"type":"Point","coordinates":[13.469792,52.528419]}},{"id":"729","type":"Feature","properties":{},"geometry":{"type":"Point","coordinates":[13.4425,52.516807]}},{"id":"730","type":"Feature","properties":{},"geometry":{"type":"Point","coordinates":[13.468826,52.52589]}},{"id":"731","type":"Feature","properties":{},"geometry":{"type":"Point","coordinates":[13.469738,52.499895]}},{"id":"732","type":"Feature","properties":{},"geometry":{"type":"Point","coordinates":[13.391357,52.522196]}},{"id":"733","type":"Feature","properties":{},"geometry":{"type":"Point","coordinates":[13.385098,52.514414]}},{"id":"734","type":"Feature","properties":{},"geometry":{"type":"Point","coordinates":[13.378321,52.532072]}},{"id":"735","type":"Feature","properties":{},"geometry":{"type":"Point","coordinates":[13.454898,52.496505]}},{"id":"736","type":"Feature","properties":{},"geometry":{"type":"Point","coordinates":[13.47001,52.51429]}},{"id":"737","type":"Feature","properties":{},"geometry":{"type":"Point","coordinates":[13.401142,52.539564]}},{"id":"738","type":"Feature","properties":{},"geometry":{"type":"Point","coordinates":[13.416232,52.535969]}},{"id":"739","type":"Feature","properties":{},"geometry":{"type":"Point","coordinates":[13.418965,52.539244]}},{"id":"740","type":"Feature","properties":{},"geometry":{"type":"Point","coordinates":[13.381512,52.542968]}},{"id":"741","type":"Feature","properties":{},"geometry":{"type":"Point","coordinates":[13.424789,52.545982]}},{"id":"742","type":"Feature","properties":{},"geometry":{"type":"Point","coordinates":[13.398588,52.525459]}},{"id":"743","type":"Feature","properties":{},"geometry":{"type":"Point","coordinates":[13.389795,52.517035]}},{"id":"744","type":"Feature","properties":{},"geometry":{"type":"Point","coordinates":[13.392986,52.545488]}},{"id":"745","type":"Feature","properties":{},"geometry":{"type":"Point","coordinates":[13.377192,52.515507]}},{"id":"746","type":"Feature","properties":{},"geometry":{"type":"Point","coordinates":[13.392101,52.523106]}},{"id":"747","type":"Feature","properties":{},"geometry":{"type":"Point","coordinates":[13.40471,52.498246]}},{"id":"748","type":"Feature","properties":{},"geometry":{"type":"Point","coordinates":[13.388708,52.52012]}},{"id":"749","type":"Feature","properties":{},"geometry":{"type":"Point","coordinates":[13.378138,52.528437]}},{"id":"750","type":"Feature","properties":{},"geometry":{"type":"Point","coordinates":[13.449425,52.495857]}},{"id":"751","type":"Feature","properties":{},"geometry":{"type":"Point","coordinates":[13.423676,52.505902]}},{"id":"752","type":"Feature","properties":{},"geometry":{"type":"Point","coordinates":[13.448152,52.519458]}},{"id":"753","type":"Feature","properties":{},"geometry":{"type":"Point","coordinates":[13.425944,52.51437]}},{"id":"754","type":"Feature","properties":{},"geometry":{"type":"Point","coordinates":[13.427206,52.513611]}},{"id":"755","type":"Feature","properties":{},"geometry":{"type":"Point","coordinates":[13.444921,52.513003]}},{"id":"756","type":"Feature","properties":{},"geometry":{"type":"Point","coordinates":[13.46152,52.546748]}},{"id":"757","type":"Feature","properties":{},"geometry":{"type":"Point","coordinates":[13.40282,52.522747]}},{"id":"758","type":"Feature","properties":{},"geometry":{"type":"Point","coordinates":[13.395258,52.535496]}},{"id":"759","type":"Feature","properties":{},"geometry":{"type":"Point","coordinates":[13.390543,52.525941]}},{"id":"760","type":"Feature","properties":{},"geometry":{"type":"Point","coordinates":[13.395011,52.503439]}},{"id":"761","type":"Feature","properties":{},"geometry":{"type":"Point","coordinates":[13.439659,52.535594]}},{"id":"762","type":"Feature","properties":{},"geometry":{"type":"Point","coordinates":[13.397737,52.538651]}},{"id":"763","type":"Feature","properties":{},"geometry":{"type":"Point","coordinates":[13.439446,52.544126]}},{"id":"764","type":"Feature","properties":{},"geometry":{"type":"Point","coordinates":[13.395771,52.52273]}},{"id":"765","type":"Feature","properties":{},"geometry":{"type":"Point","coordinates":[13.449808,52.504001]}},{"id":"766","type":"Feature","properties":{},"geometry":{"type":"Point","coordinates":[13.465377,52.528852]}},{"id":"767","type":"Feature","properties":{},"geometry":{"type":"Point","coordinates":[13.391334,52.514284]}},{"id":"768","type":"Feature","properties":{},"geometry":{"type":"Point","coordinates":[13.414586,52.503949]}},{"id":"769","type":"Feature","properties":{},"geometry":{"type":"Point","coordinates":[13.373928,52.541817]}},{"id":"770","type":"Feature","properties":{},"geometry":{"type":"Point","coordinates":[13.369167,52.49646]}},{"id":"771","type":"Feature","properties":{},"geometry":{"type":"Point","coordinates":[13.448033,52.517401]}},{"id":"772","type":"Feature","properties":{},"geometry":{"type":"Point","coordinates":[13.436718,52.49989]}},{"id":"773","type":"Feature","properties":{},"geometry":{"type":"Point","coordinates":[13.394712,52.540335]}},{"id":"774","type":"Feature","properties":{},"geometry":{"type":"Point","coordinates":[13.453784,52.526421]}},{"id":"775","type":"Feature","properties":{},"geometry":{"type":"Point","coordinates":[13.410358,52.530132]}},{"id":"776","type":"Feature","properties":{},"geometry":{"type":"Point","coordinates":[13.443638,52.53568]}},{"id":"777","type":"Feature","properties":{},"geometry":{"type":"Point","coordinates":[13.376466,52.543153]}},{"id":"778","type":"Feature","properties":{},"geometry":{"type":"Point","coordinates":[13.423447,52.549094]}},{"id":"779","type":"Feature","properties":{},"geometry":{"type":"Point","coordinates":[13.432393,52.501968]}},{"id":"780","type":"Feature","properties":{},"geometry":{"type":"Point","coordinates":[13.394128,52.508714]}},{"id":"781","type":"Feature","properties":{},"geometry":{"type":"Point","coordinates":[13.439491,52.529306]}},{"id":"782","type":"Feature","properties":{},"geometry":{"type":"Point","coordinates":[13.465537,52.496097]}},{"id":"783","type":"Feature","properties":{},"geometry":{"type":"Point","coordinates":[13.469546,52.517426]}},{"id":"784","type":"Feature","properties":{},"geometry":{"type":"Point","coordinates":[13.429986,52.506642]}},{"id":"785","type":"Feature","properties":{},"geometry":{"type":"Point","coordinates":[13.42959,52.52332]}},{"id":"786","type":"Feature","properties":{},"geometry":{"type":"Point","coordinates":[13.396078,52.509223]}},{"id":"787","type":"Feature","properties":{},"geometry":{"type":"Point","coordinates":[13.371848,52.509362]}},{"id":"788","type":"Feature","properties":{},"geometry":{"type":"Point","coordinates":[13.446603,52.507963]}},{"id":"789","type":"Feature","properties":{},"geometry":{"type":"Point","coordinates":[13.384061,52.5299]}},{"id":"790","type":"Feature","properties":{},"geometry":{"type":"Point","coordinates":[13.430447,52.540151]}},{"id":"791","type":"Feature","properties":{},"geometry":{"type":"Point","coordinates":[13.469319,52.508979]}},{"id":"792","type":"Feature","properties":{},"geometry":{"type":"Point","coordinates":[13.444103,52.543817]}},{"id":"793","type":"Feature","properties":{},"geometry":{"type":"Point","coordinates":[13.440007,52.526271]}},{"id":"794","type":"Feature","properties":{},"geometry":{"type":"Point","coordinates":[13.435706,52.536248]}},{"id":"795","type":"Feature","properties":{},"geometry":{"type":"Point","coordinates":[13.390658,52.54456]}},{"id":"796","type":"Feature","properties":{},"geometry":{"type":"Point","coordinates":[13.426832,52.534111]}},{"id":"797","type":"Feature","properties":{},"geometry":{"type":"Point","coordinates":[13.44089,52.509913]}},{"id":"798","type":"Feature","properties":{},"geometry":{"type":"Point","coordinates":[13.4364,52.53816]}},{"id":"799","type":"Feature","properties":{},"geometry":{"type":"Point","coordinates":[13.41308,52.51988]}},{"id":"800","type":"Feature","properties":{},"geometry":{"type":"Point","coordinates":[13.446882,52.543692]}},{"id":"801","type":"Feature","properties":{},"geometry":{"type":"Point","coordinates":[13.401549,52.530266]}},{"id":"802","type":"Feature","properties":{},"geometry":{"type":"Point","coordinates":[13.406244,52.516176]}},{"id":"803","type":"Feature","properties":{},"geometry":{"type":"Point","coordinates":[13.394241,52.508027]}},{"id":"804","type":"Feature","properties":{},"geometry":{"type":"Point","coordinates":[13.460985,52.51478]}},{"id":"805","type":"Feature","properties":{},"geometry":{"type":"Point","coordinates":[13.38729,52.540705]}},{"id":"806","type":"Feature","properties":{},"geometry":{"type":"Point","coordinates":[13.394061,52.515992]}},{"id":"807","type":"Feature","properties":{},"geometry":{"type":"Point","coordinates":[13.445019,52.525678]}},{"id":"808","type":"Feature","properties":{},"geometry":{"type":"Point","coordinates":[13.383186,52.531631]}},{"id":"809","type":"Feature","properties":{},"geometry":{"type":"Point","coordinates":[13.472511,52.530502]}},{"id":"810","type":"Feature","properties":{},"geometry":{"type":"Point","coordinates":[13.413047,52.541544]}},{"id":"811","type":"Feature","properties":{},"geometry":{"type":"Point","coordinates":[13.383714,52.506999]}},{"id":"812","type":"Feature","properties":{},"geometry":{"type":"Point","coordinates":[13.43441,52.547671]}},{"id":"813","type":"Feature","properties":{},"geometry":{"type":"Point","coordinates":[13.470153,52.505874]}},{"id":"814","type":"Feature","properties":{},"geometry":{"type":"Point","coordinates":[13.428169,52.52326]}},{"id":"815","type":"Feature","properties":{},"geometry":{"type":"Point","coordinates":[13.403415,52.52486]}},{"id":"816","type":"Feature","properties":{},"geometry":{"type":"Point","coordinates":[13.424119,52.510786]}},{"id":"817","type":"Feature","properties":{},"geometry":{"type":"Point","coordinates":[13.472042,52.532204]}},{"id":"818","type":"Feature","properties":{},"geometry":{"type":"Point","coordinates":[13.374189,52.500457]}},{"id":"819","type":"Feature","properties":{},"geometry":{"type":"Point","coordinates":[13.396495,52.503518]}},{"id":"820","type":"Feature","properties":{},"geometry":{"type":"Point","coordinates":[13.459367,52.527425]}},{"id":"821","type":"Feature","properties":{},"geometry":{"type":"Point","coordinates":[13.431735,52.540331]}},{"id":"822","type":"Feature","properties":{},"geometry":{"type":"Point","coordinates":[13.42372,52.496523]}},{"id":"823","type":"Feature","properties":{},"geometry":{"type":"Point","coordinates":[13.423196,52.539453]}},{"id":"824","type":"Feature","properties":{},"geometry":{"type":"Point","coordinates":[13.444812,52.541263]}},{"id":"825","type":"Feature","properties":{},"geometry":{"type":"Point","coordinates":[13.405159,52.51945]}},{"id":"826","type":"Feature","properties":{},"geometry":{"type":"Point","coordinates":[13.41956,52.500155]}},{"id":"827","type":"Feature","properties":{},"geometry":{"type":"Point","coordinates":[13.395437,52.535034]}},{"id":"828","type":"Feature","properties":{},"geometry":{"type":"Point","coordinates":[13.404613,52.535693]}},{"id":"829","type":"Feature","properties":{},"geometry":{"type":"Point","coordinates":[13.456065,52.49681]}},{"id":"830","type":"Feature","properties":{},"geometry":{"type":"Point","coordinates":[13.368273,52.521939]}},{"id":"831","type":"Feature","properties":{},"geometry":{"type":"Point","coordinates":[13.377558,52.514608]}},{"id":"832","type":"Feature","properties":{},"geometry":{"type":"Point","coordinates":[13.37516,52.524706]}},{"id":"833","type":"Feature","properties":{},"geometry":{"type":"Point","coordinates":[13.459082,52.521427]}},{"id":"834","type":"Feature","properties":{},"geometry":{"type":"Point","coordinates":[13.403302,52.514012]}},{"id":"835","type":"Feature","properties":{},"geometry":{"type":"Point","coordinates":[13.371591,52.519441]}},{"id":"836","type":"Feature","properties":{},"geometry":{"type":"Point","coordinates":[13.391298,52.543383]}},{"id":"837","type":"Feature","properties":{},"geometry":{"type":"Point","coordinates":[13.447862,52.529188]}},{"id":"838","type":"Feature","properties":{},"geometry":{"type":"Point","coordinates":[13.369902,52.541888]}},{"id":"839","type":"Feature","properties":{},"geometry":{"type":"Point","coordinates":[13.459518,52.537256]}},{"id":"840","type":"Feature","properties":{},"geometry":{"type":"Point","coordinates":[13.426414,52.515938]}},{"id":"841","type":"Feature","properties":{},"geometry":{"type":"Point","coordinates":[13.40546,52.50506]}},{"id":"842","type":"Feature","properties":{},"geometry":{"type":"Point","coordinates":[13.44167,52.509996]}},{"id":"843","type":"Feature","properties":{},"geometry":{"type":"Point","coordinates":[13.430162,52.500619]}},{"id":"844","type":"Feature","properties":{},"geometry":{"type":"Point","coordinates":[13.469892,52.516614]}},{"id":"845","type":"Feature","properties":{},"geometry":{"type":"Point","coordinates":[13.40313,52.547726]}},{"id":"846","type":"Feature","properties":{},"geometry":{"type":"Point","coordinates":[13.448707,52.537779]}},{"id":"847","type":"Feature","properties":{},"geometry":{"type":"Point","coordinates":[13.376268,52.548955]}},{"id":"848","type":"Feature","properties":{},"geometry":{"type":"Point","coordinates":[13.372814,52.50778]}},{"id":"849","type":"Feature","properties":{},"geometry":{"type":"Point","coordinates":[13.452561,52.517865]}},{"id":"850","type":"Feature","properties":{},"geometry":{"type":"Point","coordinates":[13.420443,52.495554]}},{"id":"851","type":"Feature","properties":{},"geometry":{"type":"Point","coordinates":[13.470689,52.506405]}},{"id":"852","type":"Feature","properties":{},"geometry":{"type":"Point","coordinates":[13.453254,52.535591]}},{"id":"853","type":"Feature","properties":{},"geometry":{"type":"Point","coordinates":[13.449378,52.497515]}},{"id":"854","type":"Feature","properties":{},"geometry":{"type":"Point","coordinates":[13.455648,52.532981]}},{"id":"855","type":"Feature","properties":{},"geometry":{"type":"Point","coordinates":[13.462637,52.528636]}},{"id":"856","type":"Feature","properties":{},"geometry":{"type":"Point","coordinates":[13.445076,52.523433]}},{"id":"857","type":"Feature","properties":{},"geometry":{"type":"Point","coordinates":[13.446218,52.511467]}},{"id":"858","type":"Feature","properties":{},"geometry":{"type":"Point","coordinates":[13.459123,52.517025]}},{"id":"859","type":"Feature","properties":{},"geometry":{"type":"Point","coordinates":[13.38695,52.543124]}},{"id":"860","type":"Feature","properties":{},"geometry":{"type":"Point","coordinates":[13.380767,52.532275]}},{"id":"861","type":"Feature","properties":{},"geometry":{"type":"Point","coordinates":[13.384813,52.547339]}},{"id":"862","type":"Feature","properties":{},"geometry":{"type":"Point","coordinates":[13.468631,52.517267]}},{"id":"863","type":"Feature","properties":{},"geometry":{"type":"Point","coordinates":[13.424632,52.494388]}},{"id":"864","type":"Feature","properties":{},"geometry":{"type":"Point","coordinates":[13.449862,52.536091]}},{"id":"865","type":"Feature","properties":{},"geometry":{"type":"Point","coordinates":[13.449029,52.501992]}},{"id":"866","type":"Feature","properties":{},"geometry":{"type":"Point","coordinates":[13.431218,52.518527]}},{"id":"867","type":"Feature","properties":{},"geometry":{"type":"Point","coordinates":[13.429779,52.503634]}},{"id":"868","type":"Feature","properties":{},"geometry":{"type":"Point","coordinates":[13.450097,52.537753]}},{"id":"869","type":"Feature","properties":{},"geometry":{"type":"Point","coordinates":[13.372037,52.513678]}},{"id":"870","type":"Feature","properties":{},"geometry":{"type":"Point","coordinates":[13.415903,52.523149]}},{"id":"871","type":"Feature","properties":{},"geometry":{"type":"Point","coordinates":[13.370124,52.523627]}},{"id":"872","type":"Feature","properties":{},"geometry":{"type":"Point","coordinates":[13.403083,52.511902]}},{"id":"873","type":"Feature","properties":{},"geometry":{"type":"Point","coordinates":[13.4019,52.504503]}},{"id":"874","type":"Feature","properties":{},"geometry":{"type":"Point","coordinates":[13.426091,52.51204]}},{"id":"875","type":"Feature","properties":{},"geometry":{"type":"Point","coordinates":[13.40682,52.508514]}},{"id":"876","type":"Feature","properties":{},"geometry":{"type":"Point","coordinates":[13.385551,52.498927]}},{"id":"877","type":"Feature","properties":{},"geometry":{"type":"Point","coordinates":[13.469393,52.530604]}},{"id":"878","type":"Feature","properties":{},"geometry":{"type":"Point","coordinates":[13.467709,52.51682]}},{"id":"879","type":"Feature","properties":{},"geometry":{"type":"Point","coordinates":[13.429651,52.521205]}},{"id":"880","type":"Feature","properties":{},"geometry":{"type":"Point","coordinates":[13.410094,52.546338]}},{"id":"881","type":"Feature","properties":{},"geometry":{"type":"Point","coordinates":[13.454125,52.512113]}},{"id":"882","type":"Feature","properties":{},"geometry":{"type":"Point","coordinates":[13.411501,52.528577]}},{"id":"883","type":"Feature","properties":{},"geometry":{"type":"Point","coordinates":[13.402978,52.513553]}},{"id":"884","type":"Feature","properties":{},"geometry":{"type":"Point","coordinates":[13.461655,52.514394]}},{"id":"885","type":"Feature","properties":{},"geometry":{"type":"Point","coordinates":[13.37341,52.532078]}},{"id":"886","type":"Feature","properties":{},"geometry":{"type":"Point","coordinates":[13.439335,52.528873]}},{"id":"887","type":"Feature","properties":{},"geometry":{"type":"Point","coordinates":[13.371282,52.510316]}},{"id":"888","type":"Feature","properties":{},"geometry":{"type":"Point","coordinates":[13.443982,52.511013]}},{"id":"889","type":"Feature","properties":{},"geometry":{"type":"Point","coordinates":[13.371275,52.501473]}},{"id":"890","type":"Feature","properties":{},"geometry":{"type":"Point","coordinates":[13.460952,52.51343]}},{"id":"891","type":"Feature","properties":{},"geometry":{"type":"Point","coordinates":[13.449875,52.49779]}},{"id":"892","type":"Feature","properties":{},"geometry":{"type":"Point","coordinates":[13.386559,52.513758]}},{"id":"893","type":"Feature","properties":{},"geometry":{"type":"Point","coordinates":[13.468927,52.535037]}},{"id":"894","type":"Feature","properties":{},"geometry":{"type":"Point","coordinates":[13.396111,52.547911]}},{"id":"895","type":"Feature","properties":{},"geometry":{"type":"Point","coordinates":[13.4133,52.506719]}},{"id":"896","type":"Feature","properties":{},"geometry":{"type":"Point","coordinates":[13.451064,52.512792]}},{"id":"897","type":"Feature","properties":{},"geometry":{"type":"Point","coordinates":[13.394223,52.522567]}},{"id":"898","type":"Feature","properties":{},"geometry":{"type":"Point","coordinates":[13.472585,52.508448]}},{"id":"899","type":"Feature","properties":{},"geometry":{"type":"Point","coordinates":[13.419756,52.527605]}},{"id":"900","type":"Feature","properties":{},"geometry":{"type":"Point","coordinates":[13.471746,52.535272]}},{"id":"901","type":"Feature","properties":{},"geometry":{"type":"Point","coordinates":[13.439894,52.523789]}},{"id":"902","type":"Feature","properties":{},"geometry":{"type":"Point","coordinates":[13.411567,52.523718]}},{"id":"903","type":"Feature","properties":{},"geometry":{"type":"Point","coordinates":[13.384744,52.54286]}},{"id":"904","type":"Feature","properties":{},"geometry":{"type":"Point","coordinates":[13.391519,52.512687]}},{"id":"905","type":"Feature","properties":{},"geometry":{"type":"Point","coordinates":[13.376313,52.546156]}},{"id":"906","type":"Feature","properties":{},"geometry":{"type":"Point","coordinates":[13.391776,52.543564]}},{"id":"907","type":"Feature","properties":{},"geometry":{"type":"Point","coordinates":[13.376247,52.522498]}},{"id":"908","type":"Feature","properties":{},"geometry":{"type":"Point","coordinates":[13.390416,52.52341]}},{"id":"909","type":"Feature","properties":{},"geometry":{"type":"Point","coordinates":[13.394678,52.547102]}},{"id":"910","type":"Feature","properties":{},"geometry":{"type":"Point","coordinates":[13.404114,52.510012]}},{"id":"911","type":"Feature","properties":{},"geometry":{"type":"Point","coordinates":[13.391031,52.497786]}},{"id":"912","type":"Feature","properties":{},"geometry":{"type":"Point","coordinates":[13.44001,52.531706]}},{"id":"913","type":"Feature","properties":{},"geometry":{"type":"Point","coordinates":[13.448908,52.541102]}},{"id":"914","type":"Feature","properties":{},"geometry":{"type":"Point","coordinates":[13.402967,52.497252]}},{"id":"915","type":"Feature","properties":{},"geometry":{"type":"Point","coordinates":[13.420998,52.503827]}},{"id":"916","type":"Feature","properties":{},"geometry":{"type":"Point","coordinates":[13.387025,52.527036]}},{"id":"917","type":"Feature","properties":{},"geometry":{"type":"Point","coordinates":[13.461858,52.520161]}},{"id":"918","type":"Feature","properties":{},"geometry":{"type":"Point","coordinates":[13.41914,52.537555]}},{"id":"919","type":"Feature","properties":{},"geometry":{"type":"Point","coordinates":[13.394574,52.5011]}},{"id":"920","type":"Feature","properties":{},"geometry":{"type":"Point","coordinates":[13.457443,52.524964]}},{"id":"921","type":"Feature","properties":{},"geometry":{"type":"Point","coordinates":[13.387663,52.529626]}},{"id":"922","type":"Feature","properties":{},"geometry":{"type":"Point","coordinates":[13.439195,52.548118]}},{"id":"923","type":"Feature","properties":{},"geometry":{"type":"Point","coordinates":[13.412279,52.519401]}},{"id":"924","type":"Feature","properties":{},"geometry":{"type":"Point","coordinates":[13.399854,52.497301]}},{"id":"925","type":"Feature","properties":{},"geometry":{"type":"Point","coordinates":[13.454761,52.526771]}},{"id":"926","type":"Feature","properties":{},"geometry":{"type":"Point","coordinates":[13.370842,52.511142]}},{"id":"927","type":"Feature","properties":{},"geometry":{"type":"Point","coordinates":[13.447878,52.508412]}},{"id":"928","type":"Feature","properties":{},"geometry":{"type":"Point","coordinates":[13.39392,52.545033]}},{"id":"929","type":"Feature","properties":{},"geometry":{"type":"Point","coordinates":[13.411201,52.503257]}},{"id":"930","type":"Feature","properties":{},"geometry":{"type":"Point","coordinates":[13.449396,52.52206]}},{"id":"931","type":"Feature","properties":{},"geometry":{"type":"Point","coordinates":[13.406395,52.52148]}},{"id":"932","type":"Feature","properties":{},"geometry":{"type":"Point","coordinates":[13.389716,52.51073]}},{"id":"933","type":"Feature","properties":{},"geometry":{"type":"Point","coordinates":[13.392928,52.541928]}},{"id":"934","type":"Feature","properties":{},"geometry":{"type":"Point","coordinates":[13.412246,52.524375]}},{"id":"935","type":"Feature","properties":{},"geometry":{"type":"Point","coordinates":[13.422458,52.505757]}},{"id":"936","type":"Feature","properties":{},"geometry":{"type":"Point","coordinates":[13.400858,52.512565]}},{"id":"937","type":"Feature","properties":{},"geometry":{"type":"Point","coordinates":[13.379791,52.514862]}},{"id":"938","type":"Feature","properties":{},"geometry":{"type":"Point","coordinates":[13.428813,52.511065]}},{"id":"939","type":"Feature","properties":{},"geometry":{"type":"Point","coordinates":[13.369236,52.539298]}},{"id":"940","type":"Feature","properties":{},"geometry":{"type":"Point","coordinates":[13.454805,52.5235]}},{"id":"941","type":"Feature","properties":{},"geometry":{"type":"Point","coordinates":[13.393425,52.537555]}},{"id":"942","type":"Feature","properties":{},"geometry":{"type":"Point","coordinates":[13.369328,52.544192]}},{"id":"943","type":"Feature","properties":{},"geometry":{"type":"Point","coordinates":[13.437818,52.507832]}},{"id":"944","type":"Feature","properties":{},"geometry":{"type":"Point","coordinates":[13.442666,52.539824]}},{"id":"945","type":"Feature","properties":{},"geometry":{"type":"Point","coordinates":[13.414625,52.494494]}},{"id":"946","type":"Feature","properties":{},"geometry":{"type":"Point","coordinates":[13.452089,52.539618]}},{"id":"947","type":"Feature","properties":{},"geometry":{"type":"Point","coordinates":[13.460521,52.548938]}},{"id":"948","type":"Feature","properties":{},"geometry":{"type":"Point","coordinates":[13.38189,52.504639]}},{"id":"949","type":"Feature","properties":{},"geometry":{"type":"Point","coordinates":[13.47205,52.527125]}},{"id":"950","type":"Feature","properties":{},"geometry":{"type":"Point","coordinates":[13.409403,52.518455]}},{"id":"951","type":"Feature","properties":{},"geometry":{"type":"Point","coordinates":[13.410142,52.527671]}},{"id":"952","type":"Feature","properties":{},"geometry":{"type":"Point","coordinates":[13.469149,52.531323]}},{"id":"953","type":"Feature","properties":{},"geometry":{"type":"Point","coordinates":[13.433471,52.524393]}},{"id":"954","type":"Feature","properties":{},"geometry":{"type":"Point","coordinates":[13.412167,52.536501]}},{"id":"955","type":"Feature","properties":{},"geometry":{"type":"Point","coordinates":[13.413018,52.533912]}},{"id":"956","type":"Feature","properties":{},"geometry":{"type":"Point","coordinates":[13.442068,52.51647]}},{"id":"957","type":"Feature","properties":{},"geometry":{"type":"Point","coordinates":[13.372285,52.520753]}},{"id":"958","type":"Feature","properties":{},"geometry":{"type":"Point","coordinates":[13.416513,52.506792]}},{"id":"959","type":"Feature","properties":{},"geometry":{"type":"Point","coordinates":[13.413564,52.509693]}},{"id":"960","type":"Feature","properties":{},"geometry":{"type":"Point","coordinates":[13.407194,52.548646]}},{"id":"961","type":"Feature","properties":{},"geometry":{"type":"Point","coordinates":[13.407636,52.49947]}},{"id":"962","type":"Feature","properties":{},"geometry":{"type":"Point","coordinates":[13.468567,52.518713]}},{"id":"963","type":"Feature","properties":{},"geometry":{"type":"Point","coordinates":[13.40232,52.54145]}},{"id":"964","type":"Feature","properties":{},"geometry":{"type":"Point","coordinates":[13.427937,52.545861]}},{"id":"965","type":"Feature","properties":{},"geometry":{"type":"Point","coordinates":[13.404638,52.54032]}},{"id":"966","type":"Feature","properties":{},"geometry":{"type":"Point","coordinates":[13.450267,52.520863]}},{"id":"967","type":"Feature","properties":{},"geometry":{"type":"Point","coordinates":[13.456005,52.515387]}},{"id":"968","type":"Feature","properties":{},"geometry":{"type":"Point","coordinates":[13.473046,52.501333]}},{"id":"969","type":"Feature","properties":{},"geometry":{"type":"Point","coordinates":[13.376289,52.537967]}},{"id":"970","type":"Feature","properties":{},"geometry":{"type":"Point","coordinates":[13.412393,52.545238]}},{"id":"971","type":"Feature","properties":{},"geometry":{"type":"Point","coordinates":[13.402124,52.531653]}},{"id":"972","type":"Feature","properties":{},"geometry":{"type":"Point","coordinates":[13.421966,52.526459]}},{"id":"973","type":"Feature","properties":{},"geometry":{"type":"Point","coordinates":[13.422003,52.503367]}},{"id":"974","type":"Feature","properties":{},"geometry":{"type":"Point","coordinates":[13.447001,52.539156]}},{"id":"975","type":"Feature","properties":{},"geometry":{"type":"Point","coordinates":[13.407037,52.504787]}},{"id":"976","type":"Feature","properties":{},"geometry":{"type":"Point","coordinates":[13.386886,52.516617]}},{"id":"977","type":"Feature","properties":{},"geometry":{"type":"Point","coordinates":[13.380379,52.540228]}},{"id":"978","type":"Feature","properties":{},"geometry":{"type":"Point","coordinates":[13.380995,52.535702]}},{"id":"979","type":"Feature","properties":{},"geometry":{"type":"Point","coordinates":[13.368828,52.531825]}},{"id":"980","type":"Feature","properties":{},"geometry":{"type":"Point","coordinates":[13.386584,52.547539]}},{"id":"981","type":"Feature","properties":{},"geometry":{"type":"Point","coordinates":[13.415486,52.529892]}},{"id":"982","type":"Feature","properties":{},"geometry":{"type":"Point","coordinates":[13.385747,52.541325]}},{"id":"983","type":"Feature","properties":{},"geometry":{"type":"Point","coordinates":[13.408064,52.526845]}},{"id":"984","type":"Feature","properties":{},"geometry":{"type":"Point","coordinates":[13.380923,52.528073]}},{"id":"985","type":"Feature","properties":{},"geometry":{"type":"Point","coordinates":[13.407315,52.536104]}},{"id":"986","type":"Feature","properties":{},"geometry":{"type":"Point","coordinates":[13.43665,52.546818]}},{"id":"987","type":"Feature","properties":{},"geometry":{"type":"Point","coordinates":[13.46235,52.500775]}},{"id":"988","type":"Feature","properties":{},"geometry":{"type":"Point","coordinates":[13.415786,52.509935]}},{"id":"989","type":"Feature","properties":{},"geometry":{"type":"Point","coordinates":[13.445442,52.507994]}},{"id":"990","type":"Feature","properties":{},"geometry":{"type":"Point","coordinates":[13.467697,52.52516]}},{"id":"991","type":"Feature","properties":{},"geometry":{"type":"Point","coordinates":[13.469372,52.537948]}},{"id":"992","type":"Feature","properties":{},"geometry":{"type":"Point","coordinates":[13.383925,52.503182]}},{"id":"993","type":"Feature","properties":{},"geometry":{"type":"Point","coordinates":[13.430838,52.497986]}},{"id":"994","type":"Feature","properties":{},"geometry":{"type":"Point","coordinates":[13.417964,52.523311]}},{"id":"995","type":"Feature","properties":{},"geometry":{"type":"Point","coordinates":[13.419643,52.499396]}},{"id":"996","type":"Feature","properties":{},"geometry":{"type":"Point","coordinates":[13.437377,52.521119]}},{"id":"997","type":"Feature","properties":{},"geometry":{"type":"Point","coordinates":[13.371474,52.521781]}},{"id":"998","type":"Feature","properties":{},"geometry":{"type":"Point","coordinates":[13.437318,52.520947]}},{"id":"999","type":"Feature","properties":{},"geometry":{"type":"Point","coordinates":[13.437218,52.497763]}}]}