{"type":"FeatureCollection","features":[{"id":"0","type":"Feature","properties":{},"geometry":{"type":"Polygon","coordinates":[[[0.160769,51.622807],[0.162503,51.622575],[0.162757,51.622789],[0.162774,51.62279],[0.163092,51.622752],[0.163415,51.622707],[0.163951,51.622611],[0.164433,51.622543],[0.164958,51.622495],[0.164995,51.622491],[0.165455,51.622443],[0.165457,51.622443],[0.165813,51.622377],[0.166175,51.622288],[0.167493,51.621944],[0.167698,51.621903],[0.167859,51.621862],[0.16807,51.621801],[0.168222,51.621749],[0.16833,51.621707],[0.168454,51.621649],[0.168745,51.621485],[0.168874,51.621417],[0.169652,51.621712],[0.170283,51.621908],[0.171794,51.622396],[0.173257,51.622898],[0.173807,51.623078],[0.174375,51.623264],[0.175276,51.623585],[0.177168,51.623896],[0.177773,51.624016],[0.177839,51.624029],[0.178629,51.624207],[0.179413,51.624317],[0.179773,51.624357],[0.179927,51.62438],[0.180149,51.624421],[0.18037,51.62447],[0.180438,51.624968],[0.180511,51.625337],[0.180571,51.625665],[0.180585,51.625733],[0.180766,51.62562],[0.180864,51.625594],[0.180877,51.625598],[0.180889,51.625603],[0.180901,51.625609],[0.180911,51.625615],[0.180922,51.625622],[0.180932,51.625629],[0.180941,51.625637],[0.18095,51.625644],[0.180958,51.625652],[0.180967,51.62566],[0.18097,51.625664],[0.180978,51.625672],[0.180985,51.62568],[0.180992,51.625689],[0.180998,51.625697],[0.180997,51.62578],[0.18121,51.625824],[0.181642,51.625851],[0.182122,51.625846],[0.182471,51.625806],[0.182757,51.625723],[0.183046,51.625576],[0.183145,51.625495],[0.183425,51.62548],[0.183448,51.625466],[0.183496,51.625433],[0.183649,51.625421],[0.184143,51.625248],[0.18464,51.625009],[0.185352,51.624633],[0.185876,51.624383],[0.185889,51.624377],[0.185904,51.62437],[0.186082,51.624469],[0.186211,51.62454],[0.186241,51.624557],[0.186157,51.624851],[0.186082,51.6251],[0.186033,51.625339],[0.185969,51.625519],[0.187061,51.625476],[0.188344,51.62541],[0.188576,51.625124],[0.18878,51.624872],[0.189373,51.624487],[0.189523,51.624696],[0.189539,51.625],[0.189787,51.625101],[0.190156,51.625094],[0.190397,51.625108],[0.190602,51.625134],[0.190759,51.625167],[0.191169,51.625266],[0.192165,51.625423],[0.192665,51.625492],[0.193364,51.625523],[0.193945,51.625576],[0.194747,51.625712],[0.195615,51.625662],[0.19696,51.625565],[0.198607,51.625263],[0.199363,51.625106],[0.200284,51.624933],[0.200631,51.624961],[0.201078,51.624988],[0.20198,51.625026],[0.202662,51.625083],[0.202967,51.625093],[0.203149,51.625105],[0.203432,51.625141],[0.203587,51.62517],[0.20392,51.625246],[0.204734,51.625473],[0.205418,51.62563],[0.205711,51.625715],[0.205884,51.625777],[0.206002,51.625827],[0.206112,51.625883],[0.206271,51.625977],[0.206476,51.626119],[0.206576,51.626177],[0.206668,51.626222],[0.206747,51.626255],[0.206873,51.626297],[0.207137,51.626371],[0.207582,51.626467],[0.20826,51.626643],[0.208435,51.62668],[0.208502,51.626689],[0.208713,51.626709],[0.2094,51.626703],[0.209539,51.626706],[0.209983,51.626743],[0.210313,51.626725],[0.210831,51.626734],[0.211378,51.626813],[0.212224,51.626976],[0.212082,51.627184],[0.212265,51.627212],[0.212388,51.627237],[0.212533,51.627278],[0.212738,51.627363],[0.213254,51.627626],[0.213652,51.627563],[0.213963,51.627654],[0.214244,51.627764],[0.214869,51.627989],[0.215415,51.628225],[0.2157,51.628292],[0.216004,51.628463],[0.216782,51.628809],[0.21752,51.62909],[0.218029,51.629218],[0.218378,51.629279],[0.219042,51.62946],[0.219784,51.629681],[0.220149,51.629722],[0.220435,51.629755],[0.220973,51.629869],[0.222049,51.630123],[0.22225,51.63024],[0.222838,51.630679],[0.223578,51.631277],[0.223584,51.631282],[0.22406,51.631735],[0.224243,51.631637],[0.22465,51.631419],[0.2254,51.630945],[0.226082,51.630554],[0.226795,51.630068],[0.227247,51.629769],[0.227529,51.629622],[0.228198,51.62933],[0.229118,51.628903],[0.229764,51.628562],[0.230451,51.628158],[0.231119,51.627757],[0.231802,51.627391],[0.232117,51.627219],[0.232871,51.626737],[0.233098,51.626608],[0.233514,51.626279],[0.233748,51.626088],[0.233957,51.625917],[0.234159,51.625812],[0.23467,51.625567],[0.235396,51.625149],[0.235952,51.624843],[0.236813,51.624457],[0.237328,51.624214],[0.237324,51.624071],[0.237504,51.624079],[0.237573,51.624117],[0.237717,51.624049],[0.23788,51.623982],[0.237947,51.623949],[0.238095,51.623876],[0.238079,51.623764],[0.23825,51.623765],[0.238702,51.623502],[0.239428,51.623116],[0.239655,51.623026],[0.240026,51.62292],[0.240829,51.622622],[0.241489,51.622353],[0.241948,51.622143],[0.242396,51.621908],[0.243364,51.621501],[0.244319,51.621068],[0.245327,51.620625],[0.245781,51.620461],[0.246347,51.620296],[0.2467,51.620126],[0.247331,51.619888],[0.247583,51.619785],[0.247646,51.619758],[0.247833,51.619682],[0.24799,51.619617],[0.248068,51.619585],[0.248242,51.619512],[0.248285,51.619495],[0.248451,51.619431],[0.249216,51.619133],[0.249644,51.618958],[0.249678,51.618944],[0.249727,51.618924],[0.249753,51.618913],[0.250265,51.618704],[0.250653,51.618517],[0.251071,51.618317],[0.251396,51.61816],[0.251614,51.618049],[0.252168,51.617767],[0.252629,51.617504],[0.252668,51.617482],[0.252707,51.617461],[0.252735,51.617444],[0.252768,51.617426],[0.253267,51.617119],[0.25404,51.616609],[0.254277,51.616427],[0.254565,51.616206],[0.25526,51.615623],[0.255582,51.615412],[0.256201,51.615057],[0.25706,51.614574],[0.257666,51.61418],[0.257744,51.614065],[0.258112,51.613187],[0.258276,51.612982],[0.25856,51.61282],[0.258861,51.612481],[0.259023,51.612282],[0.259236,51.612092],[0.259777,51.611678],[0.260419,51.611134],[0.261006,51.610662],[0.261608,51.610145],[0.262247,51.609662],[0.26281,51.609292],[0.263231,51.60919],[0.263473,51.609131],[0.263648,51.609067],[0.263886,51.60899],[0.264078,51.608875],[0.264536,51.608318],[0.264457,51.608305],[0.264455,51.608304],[0.264441,51.608299],[0.264426,51.608293],[0.264413,51.608287],[0.264399,51.60828],[0.264386,51.608274],[0.264379,51.608268],[0.264362,51.608258],[0.264346,51.608246],[0.264332,51.608233],[0.264318,51.60822],[0.264306,51.608207],[0.264294,51.608193],[0.264283,51.608179],[0.264274,51.608165],[0.264263,51.60815],[0.264257,51.608138],[0.26425,51.608127],[0.264242,51.608116],[0.264238,51.608105],[0.264231,51.608093],[0.264226,51.608081],[0.264223,51.608069],[0.264219,51.608057],[0.264216,51.608046],[0.264214,51.608033],[0.264213,51.608022],[0.264213,51.608009],[0.264214,51.608004],[0.264214,51.607991],[0.264217,51.607979],[0.264219,51.607967],[0.264221,51.607955],[0.264227,51.607943],[0.26423,51.607931],[0.264236,51.60792],[0.264242,51.607909],[0.264249,51.607898],[0.264299,51.60783],[0.263089,51.607317],[0.262894,51.607378],[0.262634,51.607423],[0.262269,51.607471],[0.262184,51.607473],[0.262095,51.607475],[0.262005,51.607475],[0.261917,51.607473],[0.261891,51.607473],[0.261858,51.607473],[0.261824,51.607471],[0.261792,51.607471],[0.261759,51.607469],[0.261726,51.607467],[0.261694,51.607464],[0.261681,51.607462],[0.26165,51.607459],[0.261621,51.607454],[0.261592,51.607449],[0.261563,51.607443],[0.261534,51.607437],[0.261505,51.607431],[0.261493,51.607427],[0.261465,51.60742],[0.261437,51.607411],[0.261218,51.607328],[0.260673,51.607154],[0.259887,51.606873],[0.259656,51.606794],[0.259405,51.606748],[0.258418,51.60655],[0.258208,51.606573],[0.258075,51.606532],[0.258092,51.606337],[0.258115,51.606189],[0.25821,51.606034],[0.258219,51.60574],[0.258197,51.6056],[0.258194,51.605355],[0.258132,51.605118],[0.258053,51.605012],[0.257973,51.60491],[0.257853,51.604854],[0.257673,51.604892],[0.257518,51.6049],[0.257327,51.604938],[0.257277,51.604954],[0.257243,51.604957],[0.257206,51.604955],[0.257173,51.604948],[0.25713,51.604923],[0.257152,51.604758],[0.257226,51.604619],[0.257112,51.604513],[0.256953,51.604237],[0.256826,51.604237],[0.256764,51.604215],[0.256724,51.604189],[0.256689,51.604157],[0.256662,51.604119],[0.256557,51.60407],[0.256483,51.603988],[0.256462,51.603952],[0.256445,51.603906],[0.256436,51.603841],[0.25644,51.603804],[0.256532,51.603709],[0.256599,51.603604],[0.256461,51.603498],[0.256315,51.603345],[0.256246,51.603316],[0.256179,51.60329],[0.256142,51.603321],[0.256111,51.603337],[0.256068,51.603348],[0.256018,51.603355],[0.255972,51.603352],[0.255933,51.603343],[0.255901,51.603327],[0.255874,51.603308],[0.25584,51.603265],[0.255833,51.603238],[0.255837,51.603203],[0.255866,51.603151],[0.255891,51.603067],[0.255701,51.603059],[0.255489,51.603064],[0.255408,51.602912],[0.255268,51.602741],[0.255139,51.602667],[0.254979,51.602638],[0.254839,51.602751],[0.254729,51.602752],[0.25467,51.602729],[0.254614,51.602687],[0.254582,51.602637],[0.254582,51.602581],[0.254639,51.602429],[0.254597,51.602391],[0.254588,51.602388],[0.254346,51.602437],[0.254188,51.602379],[0.254167,51.602347],[0.254144,51.602286],[0.25414,51.602241],[0.254168,51.602096],[0.254167,51.602051],[0.253909,51.601974],[0.25389,51.601918],[0.25388,51.60186],[0.254134,51.601758],[0.254102,51.601664],[0.253983,51.601596],[0.254116,51.601526],[0.254406,51.601479],[0.254728,51.601486],[0.25479,51.601335],[0.255268,51.601243],[0.255538,51.601221],[0.255814,51.601202],[0.256074,51.60121],[0.256432,51.601221],[0.257042,51.601283],[0.257814,51.601275],[0.257887,51.601273],[0.257959,51.601261],[0.258024,51.601241],[0.258082,51.601212],[0.258124,51.601181],[0.258152,51.601145],[0.258204,51.601019],[0.258225,51.600918],[0.259545,51.600626],[0.26007,51.600524],[0.260742,51.600404],[0.260848,51.600388],[0.260996,51.60035],[0.261872,51.600129],[0.26189,51.600125],[0.26225,51.600022],[0.262756,51.599975],[0.263574,51.59987],[0.263979,51.599831],[0.264371,51.599767],[0.264494,51.599764],[0.265304,51.599697],[0.266583,51.599666],[0.26706,51.599638],[0.267057,51.599594],[0.267302,51.599583],[0.267533,51.599572],[0.268104,51.599587],[0.269076,51.599543],[0.269852,51.599573],[0.270012,51.599139],[0.270125,51.598795],[0.270238,51.59852],[0.270297,51.598357],[0.270328,51.598084],[0.270343,51.597894],[0.27035,51.597805],[0.27036,51.597693],[0.270335,51.597487],[0.270312,51.597308],[0.270251,51.597043],[0.270175,51.596817],[0.270109,51.596601],[0.269931,51.596385],[0.269825,51.596187],[0.269716,51.595974],[0.269598,51.595809],[0.269466,51.595654],[0.26935,51.5955],[0.269306,51.595374],[0.269308,51.595273],[0.269399,51.59507],[0.269544,51.594749],[0.269629,51.594466],[0.269711,51.594175],[0.269764,51.593871],[0.269799,51.59362],[0.269839,51.593348],[0.269827,51.593204],[0.269813,51.593084],[0.269774,51.592972],[0.269902,51.592244],[0.270104,51.591516],[0.270255,51.591095],[0.270454,51.590851],[0.270696,51.590591],[0.270741,51.590533],[0.270837,51.590407],[0.2709,51.590285],[0.270935,51.590222],[0.271102,51.589984],[0.271319,51.58974],[0.27129,51.589404],[0.271252,51.58922],[0.271247,51.589207],[0.271243,51.589195],[0.27124,51.589182],[0.271236,51.58917],[0.271236,51.589163],[0.271234,51.58915],[0.271233,51.589137],[0.271234,51.589124],[0.271235,51.589111],[0.271237,51.5891],[0.271239,51.589087],[0.271243,51.589074],[0.271247,51.589062],[0.271249,51.589054],[0.271254,51.589041],[0.271261,51.589028],[0.271269,51.589015],[0.271277,51.589003],[0.271285,51.58899],[0.271298,51.588971],[0.271316,51.588946],[0.271333,51.588922],[0.271352,51.588899],[0.271373,51.588876],[0.271395,51.588854],[0.271418,51.588831],[0.271442,51.58881],[0.271445,51.588807],[0.271545,51.588688],[0.271739,51.588409],[0.271858,51.588241],[0.271926,51.588041],[0.272002,51.587885],[0.272072,51.587744],[0.272109,51.587707],[0.272201,51.587612],[0.272434,51.58745],[0.272859,51.587245],[0.273245,51.587104],[0.273564,51.586988],[0.273813,51.58686],[0.273821,51.586812],[0.273822,51.586812],[0.274234,51.586407],[0.274608,51.586006],[0.274774,51.585741],[0.275086,51.585374],[0.275347,51.585085],[0.275372,51.585069],[0.275602,51.584933],[0.275937,51.584604],[0.276351,51.58425],[0.276574,51.584046],[0.276535,51.583992],[0.277447,51.583122],[0.277756,51.582747],[0.278148,51.582383],[0.278558,51.582003],[0.279147,51.581484],[0.279588,51.581122],[0.279857,51.580882],[0.280422,51.580318],[0.280752,51.579968],[0.281204,51.579498],[0.281533,51.579125],[0.281754,51.578841],[0.282002,51.578829],[0.282063,51.578557],[0.282466,51.578064],[0.282768,51.577624],[0.283194,51.577053],[0.283411,51.576684],[0.283843,51.576036],[0.284185,51.575453],[0.284632,51.574753],[0.285017,51.57418],[0.285032,51.574162],[0.285049,51.574144],[0.285065,51.574127],[0.285083,51.57411],[0.285101,51.574093],[0.285121,51.574077],[0.285141,51.574061],[0.285162,51.574046],[0.285185,51.574031],[0.285201,51.57402],[0.285225,51.574005],[0.285251,51.573992],[0.285274,51.57398],[0.285301,51.573967],[0.285328,51.573956],[0.285355,51.573945],[0.285382,51.573934],[0.28541,51.573924],[0.285439,51.573913],[0.285467,51.573904],[0.285497,51.573894],[0.285525,51.573886],[0.285546,51.573879],[0.285592,51.573866],[0.285639,51.573853],[0.285686,51.573841],[0.285733,51.57383],[0.285782,51.57382],[0.28583,51.573811],[0.285879,51.573801],[0.2859,51.573797],[0.285965,51.573787],[0.286029,51.573777],[0.286094,51.573769],[0.286135,51.573764],[0.286269,51.573578],[0.286347,51.573529],[0.286517,51.573558],[0.286625,51.573579],[0.286725,51.573462],[0.28694,51.57315],[0.286964,51.573117],[0.286987,51.573083],[0.287007,51.573048],[0.287027,51.573014],[0.287046,51.572979],[0.287063,51.572944],[0.287077,51.572909],[0.287091,51.572873],[0.287092,51.57287],[0.287103,51.572833],[0.287113,51.572797],[0.287121,51.572761],[0.287127,51.572725],[0.287132,51.572689],[0.287134,51.572652],[0.287137,51.572615],[0.287138,51.572579],[0.287138,51.572549],[0.287136,51.572501],[0.287132,51.572454],[0.287127,51.572407],[0.287123,51.572364],[0.28711,51.572144],[0.287027,51.571977],[0.286841,51.571804],[0.286733,51.571724],[0.286724,51.57172],[0.286717,51.571717],[0.286709,51.571712],[0.286702,51.571708],[0.286694,51.571704],[0.286688,51.571699],[0.286682,51.571694],[0.286676,51.571689],[0.286672,51.571683],[0.286667,51.571678],[0.286663,51.571673],[0.286659,51.571667],[0.286658,51.571661],[0.286656,51.571655],[0.286654,51.571649],[0.286652,51.571642],[0.286652,51.571636],[0.286652,51.57163],[0.286651,51.571624],[0.286651,51.571617],[0.286652,51.571611],[0.286652,51.571605],[0.286653,51.571592],[0.286654,51.571587],[0.286655,51.571575],[0.286657,51.571563],[0.286659,51.571552],[0.286664,51.57154],[0.286668,51.571528],[0.286677,51.571504],[0.286681,51.571496],[0.286692,51.571465],[0.286705,51.571436],[0.286721,51.571406],[0.286737,51.571376],[0.286754,51.571346],[0.286773,51.571317],[0.286785,51.5713],[0.28693,51.571084],[0.287144,51.570823],[0.287353,51.570424],[0.28757,51.569997],[0.287764,51.569638],[0.288027,51.569158],[0.288366,51.568555],[0.288599,51.568104],[0.288812,51.567542],[0.289033,51.567092],[0.289258,51.566457],[0.289478,51.565978],[0.289765,51.565472],[0.29003,51.56482],[0.290174,51.564495],[0.290262,51.564298],[0.292041,51.564471],[0.293455,51.564583],[0.294524,51.564661],[0.295628,51.564731],[0.296882,51.564815],[0.298065,51.564878],[0.299444,51.564979],[0.300212,51.565001],[0.300183,51.56506],[0.300467,51.56509],[0.300796,51.565089],[0.302242,51.56515],[0.30349,51.565233],[0.304548,51.565292],[0.304524,51.565397],[0.304662,51.565407],[0.306196,51.56552],[0.306211,51.565424],[0.30704,51.565467],[0.307041,51.565467],[0.309969,51.56561],[0.313007,51.565816],[0.313048,51.565629],[0.313075,51.56554],[0.313103,51.565456],[0.313171,51.565319],[0.313223,51.56513],[0.313295,51.564945],[0.313337,51.564519],[0.313432,51.564182],[0.313475,51.563915],[0.313525,51.563829],[0.313685,51.563745],[0.314115,51.562723],[0.314134,51.562638],[0.314122,51.562572],[0.314139,51.562455],[0.314148,51.562429],[0.314218,51.56232],[0.314209,51.562296],[0.314134,51.562266],[0.314123,51.562255],[0.314109,51.562191],[0.314114,51.562158],[0.314147,51.562104],[0.314189,51.562067],[0.314279,51.561878],[0.314315,51.561732],[0.31437,51.561601],[0.314385,51.561526],[0.314461,51.561258],[0.314563,51.560778],[0.314584,51.560551],[0.314606,51.560456],[0.314636,51.560141],[0.314696,51.559861],[0.314735,51.559505],[0.314747,51.559255],[0.314792,51.559139],[0.314874,51.559133],[0.314911,51.559119],[0.314968,51.559088],[0.315001,51.559058],[0.315016,51.559035],[0.315024,51.559],[0.315015,51.558937],[0.315093,51.558448],[0.315134,51.558085],[0.315161,51.557997],[0.315222,51.557887],[0.315267,51.557834],[0.315323,51.557788],[0.315382,51.557753],[0.315606,51.557661],[0.316164,51.557694],[0.316472,51.557684],[0.316878,51.557524],[0.31773,51.557132],[0.318174,51.556914],[0.318407,51.556779],[0.318493,51.556532],[0.318589,51.55596],[0.318662,51.555379],[0.318695,51.555315],[0.318739,51.555272],[0.318803,51.555226],[0.318869,51.55519],[0.318931,51.555164],[0.318998,51.555144],[0.319099,51.555121],[0.319549,51.554976],[0.32,51.554832],[0.32067,51.554605],[0.321101,51.554487],[0.321467,51.554403],[0.321861,51.554281],[0.321976,51.554229],[0.322025,51.554197],[0.322052,51.554168],[0.322082,51.554105],[0.322082,51.554062],[0.322071,51.554019],[0.322049,51.553981],[0.322062,51.553643],[0.322055,51.553289],[0.322174,51.552865],[0.322191,51.55284],[0.322226,51.55281],[0.322277,51.55278],[0.322336,51.55276],[0.322397,51.552749],[0.322468,51.552748],[0.32253,51.552754],[0.322605,51.552773],[0.323177,51.552881],[0.324196,51.553056],[0.324461,51.553073],[0.324814,51.55305],[0.325129,51.553057],[0.325297,51.55287],[0.325379,51.552721],[0.325427,51.552648],[0.325488,51.552578],[0.325576,51.552491],[0.325712,51.552373],[0.325978,51.552165],[0.326248,51.551925],[0.326404,51.551802],[0.326634,51.551644],[0.326754,51.551577],[0.327046,51.551437],[0.327517,51.551166],[0.327788,51.550993],[0.327826,51.550949],[0.327861,51.550876],[0.327916,51.550487],[0.327965,51.549435],[0.327973,51.549089],[0.327975,51.54901],[0.327957,51.548793],[0.327941,51.548704],[0.32794,51.548633],[0.32795,51.54856],[0.327976,51.548497],[0.328018,51.548438],[0.32806,51.548395],[0.328281,51.548228],[0.328405,51.548115],[0.328525,51.547983],[0.328605,51.547884],[0.328628,51.547852],[0.328701,51.547694],[0.328762,51.547413],[0.328785,51.547353],[0.328822,51.547274],[0.328866,51.547202],[0.328927,51.547126],[0.329005,51.547041],[0.3291,51.546953],[0.329439,51.546563],[0.32907,51.546135],[0.328872,51.545836],[0.329018,51.545799],[0.329426,51.545826],[0.330173,51.545895],[0.330679,51.545934],[0.331417,51.545941],[0.331863,51.545328],[0.332547,51.544465],[0.332902,51.544007],[0.333042,51.543816],[0.33346,51.543106],[0.333688,51.542753],[0.333874,51.542492],[0.333464,51.541647],[0.333305,51.541261],[0.3336,51.541233],[0.333735,51.541206],[0.333794,51.541182],[0.333813,51.541163],[0.333828,51.541135],[0.333829,51.541107],[0.333814,51.541067],[0.333815,51.540978],[0.334016,51.540665],[0.333996,51.540502],[0.332757,51.540278],[0.331401,51.540044],[0.331379,51.540188],[0.331383,51.540399],[0.331462,51.540655],[0.33149,51.540715],[0.331562,51.540796],[0.331194,51.540761],[0.3306,51.54076],[0.330094,51.540743],[0.329602,51.540737],[0.329119,51.540735],[0.32784,51.540717],[0.327348,51.540694],[0.326992,51.540664],[0.326481,51.540645],[0.326052,51.540658],[0.325256,51.540649],[0.32469,51.54063],[0.323507,51.540553],[0.322413,51.540517],[0.321505,51.540501],[0.320584,51.540404],[0.319741,51.540323],[0.317459,51.540121],[0.316889,51.540082],[0.316862,51.539995],[0.316392,51.53998],[0.315782,51.539917],[0.315245,51.539885],[0.315211,51.539941],[0.314413,51.539921],[0.313857,51.539866],[0.313272,51.539822],[0.313014,51.539797],[0.312313,51.53976],[0.311933,51.53973],[0.311448,51.539711],[0.310499,51.53965],[0.310482,51.539346],[0.310012,51.539291],[0.309746,51.539278],[0.309287,51.539279],[0.309141,51.539241],[0.307477,51.539158],[0.306797,51.539106],[0.306594,51.53909],[0.306357,51.53908],[0.306325,51.539136],[0.305708,51.539103],[0.305706,51.539103],[0.304517,51.539005],[0.303651,51.538952],[0.302635,51.538903],[0.301049,51.538796],[0.300695,51.538755],[0.300764,51.5385],[0.300831,51.538133],[0.298921,51.537898],[0.297878,51.537759],[0.297485,51.537706],[0.297177,51.537661],[0.297389,51.536714],[0.297581,51.536024],[0.297699,51.535631],[0.297727,51.535317],[0.295496,51.535113],[0.294876,51.535061],[0.293979,51.534939],[0.292875,51.534869],[0.291958,51.534782],[0.291346,51.534738],[0.290873,51.534688],[0.290412,51.534659],[0.290496,51.534484],[0.28984,51.534558],[0.28892,51.534554],[0.288317,51.534564],[0.288047,51.534552],[0.287629,51.534522],[0.287496,51.534508],[0.287272,51.534481],[0.287047,51.534447],[0.286916,51.534423],[0.286639,51.53433],[0.285928,51.534272],[0.285491,51.534212],[0.284646,51.534181],[0.284013,51.534122],[0.283447,51.534092],[0.282469,51.533994],[0.281734,51.533941],[0.280741,51.533775],[0.280056,51.533627],[0.279527,51.533513],[0.278377,51.533332],[0.277397,51.533148],[0.276312,51.532927],[0.276196,51.533178],[0.27575,51.533095],[0.275397,51.532999],[0.275348,51.532989],[0.275046,51.53295],[0.274931,51.532942],[0.274643,51.532938],[0.274498,51.532945],[0.274284,51.532963],[0.274059,51.532993],[0.273899,51.533021],[0.273585,51.533092],[0.273436,51.53312],[0.27311,51.533166],[0.272934,51.533184],[0.272625,51.533203],[0.272441,51.533206],[0.272105,51.533199],[0.270678,51.533092],[0.269653,51.532948],[0.269378,51.532894],[0.2692,51.532853],[0.268861,51.532761],[0.267641,51.532474],[0.267175,51.532381],[0.266441,51.532264],[0.266093,51.532216],[0.265985,51.532203],[0.265319,51.532149],[0.265439,51.529573],[0.265434,51.52863],[0.265478,51.527828],[0.265474,51.527406],[0.265439,51.525728],[0.265357,51.525005],[0.265359,51.524955],[0.265384,51.524855],[0.265456,51.524734],[0.265495,51.524691],[0.265537,51.524659],[0.265643,51.524609],[0.265707,51.524591],[0.265815,51.524574],[0.266345,51.524549],[0.266723,51.524512],[0.266731,51.523827],[0.266677,51.523312],[0.26661,51.522955],[0.265661,51.522941],[0.264981,51.5229],[0.264297,51.521756],[0.264228,51.521641],[0.264139,51.521465],[0.264041,51.521209],[0.264007,51.521083],[0.263967,51.52084],[0.263918,51.520441],[0.263908,51.52028],[0.263857,51.519063],[0.263841,51.51865],[0.263753,51.518193],[0.263655,51.517869],[0.262705,51.517929],[0.26228,51.51793],[0.261971,51.517929],[0.261759,51.517943],[0.26164,51.517957],[0.261571,51.517973],[0.261491,51.518003],[0.261376,51.518072],[0.260856,51.518249],[0.260514,51.518348],[0.260357,51.518369],[0.260275,51.51837],[0.260226,51.518364],[0.260177,51.51835],[0.26011,51.51832],[0.25995,51.518301],[0.259755,51.518256],[0.259525,51.518136],[0.259447,51.518071],[0.259417,51.518016],[0.25942,51.517991],[0.259433,51.517966],[0.259476,51.517923],[0.259485,51.517839],[0.259461,51.517818],[0.259437,51.517809],[0.259263,51.517807],[0.259019,51.517787],[0.2589,51.517763],[0.258857,51.51776],[0.258778,51.517769],[0.258624,51.517834],[0.25858,51.517844],[0.258296,51.517859],[0.258064,51.51783],[0.258005,51.517829],[0.257897,51.517833],[0.257672,51.517859],[0.257479,51.517865],[0.257383,51.51786],[0.257319,51.517852],[0.257191,51.517824],[0.256842,51.517781],[0.256766,51.517777],[0.256714,51.51778],[0.256674,51.517788],[0.256579,51.517818],[0.256525,51.517824],[0.256456,51.517822],[0.256389,51.517816],[0.256129,51.517754],[0.256016,51.517712],[0.255959,51.517696],[0.255883,51.517682],[0.255782,51.517673],[0.255698,51.517671],[0.255576,51.517683],[0.255289,51.517735],[0.255091,51.517748],[0.254929,51.517741],[0.254837,51.517744],[0.254793,51.51775],[0.254678,51.517792],[0.254538,51.517821],[0.25439,51.517849],[0.254048,51.517897],[0.253806,51.517885],[0.253769,51.518246],[0.253745,51.518484],[0.25369,51.519081],[0.253658,51.519367],[0.253558,51.519632],[0.253477,51.519849],[0.253473,51.51986],[0.253407,51.520014],[0.253394,51.520196],[0.253391,51.52043],[0.253355,51.520688],[0.253258,51.521001],[0.253108,51.521354],[0.252924,51.521732],[0.252737,51.522099],[0.25263,51.522374],[0.252589,51.522715],[0.252509,51.523062],[0.252467,51.523242],[0.252443,51.523347],[0.252407,51.523555],[0.252448,51.523801],[0.252456,51.524027],[0.252375,51.524525],[0.252305,51.524789],[0.252228,51.524981],[0.252163,51.52508],[0.252042,51.525186],[0.251823,51.525448],[0.251639,51.525701],[0.251508,51.52597],[0.251474,51.52615],[0.251464,51.526363],[0.251491,51.52656],[0.251475,51.526848],[0.251425,51.527185],[0.251398,51.527508],[0.25115,51.527977],[0.251024,51.528254],[0.250944,51.52845],[0.25089,51.528629],[0.250824,51.528818],[0.250671,51.528808],[0.249772,51.52877],[0.24929,51.528735],[0.248937,51.528673],[0.248935,51.527934],[0.248854,51.527408],[0.248263,51.52755],[0.248126,51.527482],[0.248116,51.527475],[0.248097,51.527464],[0.248076,51.527453],[0.247403,51.527088],[0.246842,51.526861],[0.246396,51.52661],[0.246297,51.526531],[0.246256,51.526486],[0.246234,51.526455],[0.246221,51.526422],[0.246214,51.526371],[0.246218,51.526329],[0.24623,51.526294],[0.246258,51.526249],[0.246341,51.526172],[0.246798,51.525617],[0.246977,51.525434],[0.247044,51.52531],[0.247065,51.525239],[0.247071,51.525166],[0.247062,51.525091],[0.247042,51.52503],[0.246666,51.524277],[0.246633,51.524225],[0.246511,51.524094],[0.246474,51.52407],[0.246419,51.524045],[0.246355,51.524027],[0.246319,51.524023],[0.246202,51.524018],[0.245983,51.523695],[0.24581,51.523515],[0.244741,51.52384],[0.242828,51.524391],[0.242787,51.524195],[0.242747,51.524098],[0.24271,51.524038],[0.24232,51.523582],[0.241977,51.523273],[0.241496,51.522929],[0.241237,51.522762],[0.241137,51.522716],[0.241071,51.522672],[0.24101,51.522605],[0.240999,51.522577],[0.240972,51.522513],[0.240904,51.522353],[0.240797,51.522143],[0.240768,51.522099],[0.240697,51.522012],[0.240667,51.521955],[0.240629,51.521832],[0.240623,51.521767],[0.240645,51.521419],[0.240697,51.521206],[0.241151,51.521156],[0.241604,51.52105],[0.241608,51.521049],[0.241713,51.521024],[0.241741,51.521017],[0.242167,51.520931],[0.24244,51.520892],[0.24275,51.520868],[0.242914,51.520848],[0.243075,51.520825],[0.24327,51.52079],[0.243469,51.52075],[0.24362,51.520714],[0.243846,51.520648],[0.244272,51.520471],[0.244415,51.520368],[0.244495,51.5203],[0.244638,51.520149],[0.244412,51.520009],[0.244201,51.519759],[0.244504,51.519516],[0.244926,51.519026],[0.244958,51.518956],[0.244962,51.518884],[0.244939,51.518825],[0.244913,51.51879],[0.244878,51.518759],[0.244827,51.518725],[0.244773,51.518699],[0.244194,51.518431],[0.243909,51.518337],[0.243189,51.518478],[0.241034,51.519087],[0.240444,51.519289],[0.240323,51.51932],[0.240167,51.519351],[0.239882,51.519385],[0.237882,51.519371],[0.237148,51.519334],[0.238136,51.517792],[0.23852,51.51724],[0.238669,51.517024],[0.239364,51.516023],[0.239511,51.515688],[0.24009,51.514915],[0.240407,51.514656],[0.240613,51.514363],[0.240958,51.513968],[0.241114,51.513742],[0.240894,51.513603],[0.2408,51.513435],[0.240421,51.513381],[0.24028,51.513351],[0.240148,51.51332],[0.239966,51.513244],[0.239946,51.513052],[0.240009,51.512838],[0.24011,51.512637],[0.240141,51.512555],[0.240219,51.512267],[0.240246,51.512115],[0.240264,51.511881],[0.240274,51.511396],[0.240344,51.511173],[0.240344,51.510939],[0.240279,51.510755],[0.240444,51.510766],[0.240446,51.510719],[0.240445,51.510711],[0.240445,51.510696],[0.240445,51.510681],[0.240446,51.510666],[0.240448,51.510651],[0.24045,51.510636],[0.240454,51.510619],[0.240456,51.510612],[0.240459,51.510604],[0.240461,51.510596],[0.240464,51.510587],[0.240468,51.51058],[0.240472,51.510573],[0.240476,51.510566],[0.240485,51.510554],[0.240488,51.51055],[0.240491,51.510546],[0.240493,51.510542],[0.240497,51.510538],[0.2405,51.510535],[0.240504,51.510531],[0.240508,51.510527],[0.240513,51.510525],[0.240518,51.510522],[0.240522,51.510518],[0.240528,51.510516],[0.240534,51.510514],[0.240541,51.510512],[0.240548,51.51051],[0.240554,51.510509],[0.240561,51.510508],[0.240568,51.510507],[0.240574,51.510506],[0.240581,51.510506],[0.240588,51.510506],[0.240595,51.510507],[0.240603,51.510508],[0.240608,51.510508],[0.240616,51.510509],[0.240623,51.510511],[0.240629,51.510512],[0.240635,51.510514],[0.240642,51.510516],[0.240646,51.510518],[0.240652,51.510521],[0.240889,51.51053],[0.241183,51.51054],[0.241474,51.51062],[0.241414,51.510418],[0.241629,51.510041],[0.241818,51.509575],[0.241898,51.509118],[0.242014,51.508609],[0.242002,51.508375],[0.241989,51.50811],[0.241985,51.508111],[0.241829,51.508125],[0.241848,51.508074],[0.241891,51.507959],[0.241767,51.507925],[0.24141,51.507883],[0.241082,51.507835],[0.240732,51.507792],[0.240503,51.507765],[0.239971,51.507707],[0.239937,51.507598],[0.240015,51.507546],[0.239952,51.507509],[0.239977,51.507394],[0.239868,51.507315],[0.239819,51.507278],[0.239066,51.507241],[0.237239,51.507093],[0.235879,51.506982],[0.235423,51.506944],[0.235085,51.506926],[0.234973,51.50693],[0.234832,51.506952],[0.234603,51.506942],[0.234312,51.506883],[0.234052,51.506841],[0.233739,51.506759],[0.233414,51.50667],[0.233166,51.506655],[0.232479,51.506624],[0.232181,51.506626],[0.232014,51.506643],[0.232013,51.506643],[0.231842,51.506684],[0.231583,51.506696],[0.231044,51.5067],[0.230764,51.506711],[0.230413,51.506764],[0.229963,51.506797],[0.229459,51.506804],[0.228928,51.506804],[0.228442,51.506771],[0.227291,51.506679],[0.227285,51.506679],[0.227233,51.506679],[0.227183,51.506677],[0.227131,51.506674],[0.227079,51.506671],[0.227028,51.506665],[0.226977,51.50666],[0.226926,51.506654],[0.226877,51.506647],[0.226826,51.506638],[0.226777,51.506629],[0.226727,51.506619],[0.226723,51.506618],[0.226711,51.506616],[0.226688,51.506612],[0.226676,51.506609],[0.226666,51.506607],[0.226655,51.506604],[0.226644,51.506601],[0.226633,51.506598],[0.226622,51.506594],[0.226618,51.506592],[0.226605,51.506585],[0.226593,51.506578],[0.226581,51.50657],[0.226569,51.506562],[0.226558,51.506554],[0.226548,51.506545],[0.226542,51.506539],[0.226533,51.50653],[0.226524,51.506521],[0.226515,51.506511],[0.226368,51.505928],[0.225992,51.505879],[0.226041,51.505805],[0.226035,51.505797],[0.226004,51.505753],[0.226187,51.505435],[0.226367,51.505226],[0.226489,51.50499],[0.226573,51.504744],[0.226586,51.504488],[0.22672,51.504285],[0.227034,51.503898],[0.227406,51.503425],[0.227439,51.503368],[0.227522,51.503228],[0.227601,51.50303],[0.227647,51.502792],[0.227782,51.502482],[0.228044,51.502031],[0.228348,51.50156],[0.228701,51.501007],[0.229142,51.50061],[0.229271,51.500448],[0.229547,51.49993],[0.229937,51.499365],[0.22972,51.49931],[0.229423,51.499277],[0.229243,51.499157],[0.229073,51.499216],[0.22892,51.499189],[0.22862,51.499109],[0.228252,51.498979],[0.227879,51.498859],[0.227836,51.498826],[0.227727,51.49872],[0.227633,51.498736],[0.227574,51.498719],[0.227286,51.49854],[0.226891,51.49831],[0.226327,51.498],[0.22588,51.497802],[0.225878,51.497802],[0.225698,51.497717],[0.225365,51.497579],[0.225004,51.497489],[0.224577,51.497403],[0.224332,51.497325],[0.22427,51.497313],[0.224261,51.497314],[0.223998,51.497539],[0.223772,51.497677],[0.2236,51.497833],[0.223595,51.497845],[0.223578,51.497906],[0.223466,51.497848],[0.223463,51.497848],[0.223318,51.497826],[0.222946,51.49779],[0.2226,51.497783],[0.222288,51.497768],[0.221915,51.497812],[0.221757,51.497817],[0.221625,51.49781],[0.221431,51.49778],[0.221052,51.497732],[0.220087,51.497531],[0.21964,51.497451],[0.219608,51.497409],[0.219596,51.497321],[0.21957,51.497307],[0.219508,51.497286],[0.219442,51.497271],[0.218816,51.497193],[0.218352,51.497097],[0.218174,51.497025],[0.217922,51.496915],[0.217774,51.496865],[0.217601,51.49682],[0.217517,51.496792],[0.217299,51.49671],[0.217147,51.496632],[0.217098,51.496612],[0.216997,51.496583],[0.216267,51.496525],[0.215926,51.49646],[0.215705,51.496549],[0.215579,51.496625],[0.21554,51.496626],[0.215459,51.496619],[0.215383,51.496601],[0.21529,51.49656],[0.215286,51.49656],[0.215107,51.496525],[0.214994,51.496483],[0.214932,51.496454],[0.214729,51.496326],[0.214396,51.496132],[0.214313,51.496067],[0.214248,51.496073],[0.214128,51.496039],[0.213981,51.495819],[0.213836,51.495539],[0.213673,51.49532],[0.213515,51.495013],[0.213394,51.495002],[0.213317,51.495006],[0.213176,51.495024],[0.213046,51.495022],[0.212874,51.494501],[0.212831,51.494424],[0.212822,51.494381],[0.212824,51.494345],[0.212837,51.494306],[0.212865,51.494255],[0.212874,51.494177],[0.212882,51.494108],[0.212847,51.49404],[0.212823,51.493955],[0.212819,51.493909],[0.212832,51.493817],[0.212817,51.493333],[0.21281,51.493298],[0.212786,51.493219],[0.212733,51.493111],[0.21245,51.492893],[0.212411,51.492855],[0.212379,51.492815],[0.212344,51.492748],[0.212327,51.492638],[0.212301,51.492574],[0.21225,51.492511],[0.212124,51.492413],[0.212059,51.492168],[0.212027,51.491679],[0.21199,51.491387],[0.211962,51.49126],[0.211904,51.491044],[0.211889,51.491027],[0.211851,51.491003],[0.211805,51.490989],[0.211563,51.490938],[0.211476,51.490914],[0.211412,51.490902],[0.211404,51.490684],[0.211353,51.490551],[0.211304,51.490473],[0.211172,51.490413],[0.210947,51.490332],[0.210525,51.490243],[0.21044,51.490028],[0.210422,51.489565],[0.210387,51.488183],[0.210344,51.487303],[0.210307,51.485877],[0.211056,51.485871],[0.211517,51.485851],[0.212561,51.485779],[0.213581,51.485664],[0.213817,51.485631],[0.214176,51.485569],[0.216096,51.485188],[0.216304,51.485144],[0.216702,51.48504],[0.216941,51.484976],[0.217177,51.484906],[0.217435,51.484815],[0.218624,51.484328],[0.218984,51.484207],[0.219942,51.483835],[0.220267,51.483709],[0.222104,51.482943],[0.223676,51.482272],[0.222112,51.481238],[0.220837,51.480437],[0.220128,51.480006],[0.21964,51.480015],[0.218713,51.480235],[0.218349,51.48031],[0.218167,51.480292],[0.218049,51.480271],[0.21794,51.480245],[0.217591,51.480143],[0.2173,51.480056],[0.216891,51.479908],[0.216805,51.479856],[0.216639,51.479693],[0.216612,51.479639],[0.216573,51.479532],[0.216362,51.47913],[0.216354,51.479101],[0.216353,51.479064],[0.216381,51.478982],[0.216409,51.478825],[0.216406,51.478735],[0.216427,51.478615],[0.216419,51.478483],[0.216452,51.478435],[0.216476,51.478419],[0.216516,51.478401],[0.21661,51.478377],[0.216718,51.478086],[0.216789,51.47795],[0.216823,51.477853],[0.216872,51.477613],[0.216872,51.477557],[0.21686,51.477489],[0.216831,51.47742],[0.216683,51.477106],[0.216598,51.476971],[0.216539,51.476899],[0.216442,51.4768],[0.216274,51.476661],[0.216227,51.476636],[0.216027,51.476549],[0.215661,51.476485],[0.214988,51.476378],[0.2144,51.476262],[0.21347,51.476007],[0.213073,51.475915],[0.213329,51.475974],[0.157347,51.623182],[0.156484,51.623272],[0.158024,51.623112],[0.160769,51.622807]]]}},{"id":"1","type":"Feature","properties":{},"geometry":{"type":"Polygon","coordinates":[[[-0.00584,51.441167],[0.06738,51.480288],[0.166178,51.431512],[0.166069,51.43143],[0.166543,51.431332],[0.166658,51.431275],[0.166353,51.430542],[0.166184,51.430282],[0.166159,51.430271],[0.165596,51.430354],[0.165564,51.430349],[0.165219,51.429985],[0.164562,51.429062],[0.164415,51.428744],[0.164407,51.428699],[0.164389,51.428662],[0.164353,51.42862],[0.164302,51.428585],[0.164249,51.428562],[0.164191,51.428547],[0.164123,51.42854],[0.164061,51.42854],[0.164007,51.428548],[0.163806,51.428609],[0.163876,51.428679],[0.163897,51.428932],[0.163521,51.428893],[0.163299,51.429057],[0.162877,51.429116],[0.162608,51.429206],[0.162337,51.429289],[0.162131,51.429346],[0.161239,51.429561],[0.161047,51.429602],[0.160669,51.429675],[0.160642,51.429677],[0.160275,51.42939],[0.159972,51.429289],[0.159811,51.429203],[0.159713,51.429284],[0.159707,51.429642],[0.15968,51.429676],[0.159612,51.42974],[0.159523,51.429807],[0.159378,51.429894],[0.15935,51.429916],[0.159155,51.430113],[0.159059,51.430225],[0.158826,51.430165],[0.158606,51.430127],[0.158522,51.430197],[0.15843,51.430263],[0.158335,51.430322],[0.158195,51.430386],[0.158109,51.430419],[0.157981,51.430455],[0.157769,51.4305],[0.157563,51.430556],[0.157273,51.430624],[0.156958,51.430683],[0.156689,51.430721],[0.156381,51.43078],[0.15638,51.430781],[0.155849,51.430877],[0.15561,51.430439],[0.155468,51.430084],[0.155431,51.429946],[0.155387,51.429694],[0.155385,51.429644],[0.155402,51.429365],[0.155385,51.429235],[0.155339,51.429097],[0.155275,51.428975],[0.155187,51.428853],[0.15477,51.42841],[0.154464,51.428172],[0.154035,51.427798],[0.153737,51.427523],[0.153603,51.426831],[0.153499,51.426297],[0.153335,51.42564],[0.153305,51.425459],[0.153293,51.425316],[0.153288,51.425174],[0.153293,51.425009],[0.15332,51.424736],[0.153433,51.424225],[0.153488,51.42403],[0.153504,51.423907],[0.153508,51.423832],[0.153491,51.423604],[0.153453,51.423422],[0.153444,51.423398],[0.153384,51.423223],[0.153296,51.422937],[0.153109,51.422323],[0.152978,51.42198],[0.152825,51.421704],[0.151971,51.421006],[0.151439,51.420672],[0.151342,51.420603],[0.151133,51.420431],[0.151376,51.420313],[0.151627,51.420202],[0.15227,51.419996],[0.153082,51.41954],[0.15314,51.419468],[0.15376,51.419108],[0.153956,51.418983],[0.154137,51.418851],[0.154604,51.41849],[0.154611,51.41847],[0.154353,51.418184],[0.154092,51.417778],[0.154068,51.417762],[0.153503,51.41771],[0.153141,51.417652],[0.152475,51.417705],[0.152298,51.417714],[0.15211,51.417712],[0.151921,51.417707],[0.151756,51.417693],[0.151275,51.417635],[0.15103,51.417616],[0.151054,51.417434],[0.151111,51.416719],[0.151111,51.416708],[0.151095,51.415734],[0.151144,51.415488],[0.151157,51.415251],[0.15115,51.415156],[0.151128,51.415064],[0.151071,51.414923],[0.150749,51.414374],[0.150598,51.414189],[0.150536,51.414144],[0.150501,51.414131],[0.150451,51.414123],[0.150303,51.414118],[0.150235,51.414108],[0.150177,51.414092],[0.150133,51.414072],[0.150098,51.414048],[0.149971,51.413908],[0.149934,51.413855],[0.149934,51.413853],[0.149856,51.413696],[0.149767,51.413421],[0.149666,51.412984],[0.149633,51.412891],[0.149587,51.41281],[0.149525,51.412737],[0.149463,51.412681],[0.149443,51.412667],[0.149252,51.412529],[0.149134,51.412436],[0.14948,51.411967],[0.149726,51.411659],[0.149959,51.411632],[0.151604,51.411443],[0.152476,51.411356],[0.153744,51.411266],[0.153597,51.411078],[0.15354,51.410989],[0.153484,51.410879],[0.15342,51.410729],[0.153362,51.410573],[0.153334,51.41049],[0.153257,51.410196],[0.153033,51.409233],[0.152906,51.408709],[0.152036,51.408671],[0.151569,51.408678],[0.151153,51.408737],[0.150698,51.408805],[0.150042,51.408947],[0.149286,51.409142],[0.148964,51.408624],[0.148877,51.408484],[0.148743,51.408267],[0.148666,51.408131],[0.149231,51.40788],[0.149667,51.407694],[0.150108,51.407448],[0.150334,51.407238],[0.150364,51.407206],[0.150417,51.407149],[0.150474,51.407094],[0.150532,51.407038],[0.150545,51.407026],[0.150589,51.406986],[0.150634,51.406948],[0.150679,51.406909],[0.150725,51.406871],[0.150774,51.406835],[0.150822,51.406799],[0.150874,51.406764],[0.150895,51.40675],[0.150938,51.406723],[0.150983,51.406696],[0.151028,51.406669],[0.151074,51.406643],[0.151121,51.406618],[0.151169,51.406593],[0.151218,51.406569],[0.151269,51.406547],[0.15132,51.406524],[0.151323,51.406523],[0.151376,51.406502],[0.151431,51.406482],[0.151487,51.406463],[0.151543,51.406445],[0.1516,51.406427],[0.151657,51.406412],[0.151716,51.406396],[0.151775,51.406382],[0.151835,51.406369],[0.151896,51.406357],[0.151956,51.406346],[0.151973,51.406343],[0.15203,51.406332],[0.152058,51.406327],[0.152087,51.406322],[0.152115,51.406318],[0.152144,51.406313],[0.152172,51.406309],[0.152203,51.406306],[0.152231,51.406302],[0.15226,51.406299],[0.152288,51.406297],[0.152318,51.406296],[0.152347,51.406295],[0.152376,51.406295],[0.152406,51.406296],[0.152415,51.406297],[0.152444,51.406299],[0.152473,51.406302],[0.152502,51.406305],[0.15253,51.406309],[0.152549,51.406313],[0.15256,51.406314],[0.152587,51.406319],[0.152683,51.406347],[0.152796,51.406274],[0.152786,51.406266],[0.152775,51.406256],[0.152765,51.406248],[0.152756,51.406238],[0.152748,51.406229],[0.152739,51.406218],[0.152734,51.406212],[0.15273,51.406206],[0.152725,51.406199],[0.152721,51.406193],[0.152716,51.406186],[0.152713,51.406179],[0.15271,51.406172],[0.152708,51.406165],[0.152706,51.406158],[0.152706,51.406151],[0.152705,51.40614],[0.152706,51.406129],[0.152708,51.406118],[0.152712,51.406107],[0.152715,51.406096],[0.152717,51.40609],[0.152719,51.406088],[0.152722,51.406077],[0.152728,51.406067],[0.152734,51.406057],[0.153188,51.405612],[0.153207,51.405612],[0.153234,51.40561],[0.153261,51.405608],[0.153288,51.405605],[0.153314,51.405602],[0.153323,51.405601],[0.153335,51.405599],[0.153348,51.405597],[0.153361,51.405595],[0.153374,51.405593],[0.153387,51.40559],[0.1534,51.405588],[0.153412,51.405585],[0.153422,51.405581],[0.153435,51.405576],[0.153448,51.405571],[0.15346,51.405566],[0.153472,51.40556],[0.153483,51.405554],[0.153494,51.405547],[0.153498,51.405544],[0.153508,51.405538],[0.153518,51.40553],[0.15376,51.405341],[0.153971,51.405169],[0.154273,51.404937],[0.154627,51.404599],[0.155122,51.40403],[0.155223,51.403972],[0.155115,51.403876],[0.154941,51.40366],[0.155102,51.403622],[0.155103,51.403622],[0.155276,51.40359],[0.155488,51.403576],[0.155806,51.403181],[0.155939,51.403015],[0.15619,51.402698],[0.156409,51.402494],[0.156477,51.402394],[0.15651,51.40232],[0.1566,51.402094],[0.156728,51.401827],[0.156908,51.401622],[0.157072,51.401398],[0.157196,51.401136],[0.157275,51.400951],[0.157335,51.400784],[0.157346,51.400544],[0.157396,51.400319],[0.157499,51.400062],[0.157638,51.399589],[0.15776,51.399227],[0.157681,51.399006],[0.157678,51.398679],[0.157692,51.398414],[0.157702,51.398148],[0.157896,51.397918],[0.157959,51.397766],[0.158005,51.397575],[0.158059,51.397422],[0.158195,51.397197],[0.158437,51.396805],[0.158624,51.396471],[0.158771,51.396182],[0.158879,51.395959],[0.158954,51.395821],[0.159068,51.395696],[0.159252,51.395467],[0.159336,51.395465],[0.15949,51.39526],[0.159434,51.395228],[0.159634,51.394963],[0.159891,51.394648],[0.160257,51.394271],[0.16046,51.394035],[0.1607,51.393812],[0.160814,51.393708],[0.160964,51.393571],[0.161262,51.393308],[0.161595,51.393053],[0.16189,51.392835],[0.162159,51.392639],[0.162358,51.392491],[0.16166,51.392408],[0.161287,51.39237],[0.161183,51.392359],[0.160678,51.392339],[0.160205,51.392306],[0.159557,51.392285],[0.158984,51.39228],[0.158248,51.39224],[0.15739,51.39231],[0.156354,51.39235],[0.155506,51.392396],[0.154823,51.392436],[0.154578,51.392461],[0.154577,51.392461],[0.153735,51.392491],[0.153107,51.392495],[0.152591,51.392522],[0.152147,51.392545],[0.151379,51.392593],[0.150651,51.392628],[0.149976,51.392651],[0.148886,51.392695],[0.148037,51.39277],[0.147715,51.392801],[0.147678,51.392355],[0.147508,51.392157],[0.147961,51.39182],[0.148509,51.391429],[0.148598,51.391366],[0.149393,51.391073],[0.149705,51.390956],[0.149809,51.390873],[0.149719,51.390755],[0.149652,51.390644],[0.149593,51.390516],[0.149515,51.390335],[0.149497,51.390099],[0.149458,51.389978],[0.149403,51.389876],[0.149304,51.389746],[0.149031,51.389472],[0.14888,51.389314],[0.148807,51.389209],[0.148714,51.389001],[0.148636,51.388816],[0.148628,51.388668],[0.148732,51.388554],[0.149054,51.388165],[0.14939,51.387855],[0.148876,51.387572],[0.148994,51.387441],[0.149318,51.387131],[0.14968,51.386702],[0.1499,51.386574],[0.149911,51.386567],[0.150087,51.386458],[0.150099,51.38645],[0.150118,51.38644],[0.150134,51.386431],[0.150153,51.386421],[0.150169,51.386412],[0.150188,51.386402],[0.150204,51.386393],[0.15022,51.386383],[0.150235,51.386372],[0.15025,51.386361],[0.150271,51.38634],[0.15029,51.386319],[0.150308,51.386298],[0.150323,51.386276],[0.150339,51.386253],[0.150348,51.386237],[0.150361,51.386217],[0.150373,51.386195],[0.150384,51.386173],[0.150394,51.38615],[0.150403,51.386129],[0.15041,51.386112],[0.150415,51.386097],[0.150418,51.386081],[0.150423,51.386065],[0.150427,51.38605],[0.150431,51.386034],[0.150433,51.386018],[0.150433,51.386002],[0.150434,51.385987],[0.150433,51.385971],[0.150433,51.385955],[0.150431,51.385953],[0.150431,51.385948],[0.150431,51.385944],[0.15043,51.385939],[0.15043,51.385935],[0.150431,51.385929],[0.150431,51.385925],[0.150431,51.38592],[0.150431,51.385916],[0.15043,51.385911],[0.15043,51.385907],[0.150429,51.385902],[0.150428,51.385898],[0.150427,51.385893],[0.150425,51.385889],[0.150422,51.385885],[0.150419,51.385882],[0.150416,51.385877],[0.150412,51.385875],[0.150406,51.385871],[0.150401,51.385869],[0.150395,51.385865],[0.150389,51.385863],[0.150384,51.385861],[0.150378,51.385858],[0.15037,51.385857],[0.150363,51.385855],[0.150357,51.385853],[0.15035,51.385853],[0.150343,51.385852],[0.150336,51.385851],[0.150328,51.38585],[0.149966,51.385841],[0.149917,51.385664],[0.149863,51.385339],[0.149774,51.38487],[0.149803,51.384506],[0.1498,51.384268],[0.149786,51.383837],[0.149761,51.383671],[0.149851,51.383645],[0.150037,51.383597],[0.15044,51.383447],[0.150448,51.382789],[0.150435,51.382246],[0.150424,51.381636],[0.15042,51.381634],[0.150397,51.381621],[0.150375,51.38161],[0.150373,51.381609],[0.150365,51.381606],[0.150358,51.381602],[0.150351,51.3816],[0.150334,51.381594],[0.150327,51.381591],[0.15032,51.381588],[0.150312,51.381584],[0.150305,51.381581],[0.150299,51.381576],[0.150296,51.381574],[0.15029,51.381568],[0.150286,51.381564],[0.150281,51.381559],[0.150277,51.381553],[0.150273,51.381548],[0.15027,51.381543],[0.150267,51.381537],[0.150265,51.381531],[0.150264,51.381526],[0.150263,51.381519],[0.150263,51.381514],[0.150263,51.381508],[0.150263,51.381502],[0.150264,51.381496],[0.150265,51.381491],[0.150347,51.381093],[0.149582,51.381089],[0.149557,51.380926],[0.14958,51.380746],[0.149601,51.380564],[0.149629,51.380315],[0.149587,51.380089],[0.149938,51.379997],[0.150218,51.379947],[0.151107,51.379896],[0.151091,51.379645],[0.150948,51.379085],[0.151631,51.378873],[0.152327,51.37869],[0.152163,51.378336],[0.152401,51.378264],[0.152533,51.378214],[0.152731,51.378161],[0.153004,51.378113],[0.15321,51.378036],[0.153176,51.377948],[0.153107,51.377658],[0.153049,51.377484],[0.152831,51.37712],[0.152734,51.376907],[0.152734,51.376898],[0.152722,51.376806],[0.152611,51.376584],[0.152548,51.376314],[0.152563,51.376038],[0.152605,51.375823],[0.152602,51.375656],[0.152572,51.375396],[0.152511,51.37523],[0.151926,51.375363],[0.15171,51.375436],[0.151559,51.375325],[0.151303,51.375097],[0.151073,51.374905],[0.150772,51.374581],[0.150649,51.374443],[0.149859,51.373899],[0.149754,51.373808],[0.149574,51.373582],[0.150807,51.37292],[0.15077,51.372798],[0.15075,51.372592],[0.150815,51.372358],[0.150959,51.372261],[0.15118,51.372187],[0.1501,51.370157],[0.150845,51.369977],[0.152031,51.369694],[0.151806,51.368968],[0.151614,51.368449],[0.151613,51.368448],[0.151613,51.368438],[0.151611,51.368428],[0.151609,51.368418],[0.151606,51.368408],[0.151602,51.368398],[0.151598,51.368388],[0.151593,51.368379],[0.151587,51.368369],[0.151581,51.36836],[0.151574,51.36835],[0.151567,51.368341],[0.151559,51.368333],[0.151552,51.368326],[0.151544,51.368319],[0.151538,51.368313],[0.151532,51.368308],[0.151525,51.368302],[0.151519,51.368296],[0.151511,51.368291],[0.151502,51.368286],[0.151495,51.368281],[0.151486,51.368276],[0.151477,51.368272],[0.151469,51.368268],[0.151458,51.368264],[0.15145,51.368262],[0.151435,51.368258],[0.151421,51.368254],[0.151405,51.368252],[0.151389,51.368249],[0.151373,51.368248],[0.151357,51.368246],[0.15134,51.368246],[0.151317,51.368245],[0.151288,51.368247],[0.151258,51.368249],[0.151229,51.368254],[0.151201,51.36826],[0.151172,51.368267],[0.151146,51.368275],[0.151117,51.368282],[0.15109,51.368291],[0.151063,51.368299],[0.151052,51.368303],[0.151025,51.368313],[0.150998,51.368322],[0.150973,51.368332],[0.150949,51.368343],[0.150924,51.368353],[0.150692,51.368475],[0.150215,51.368721],[0.149492,51.369109],[0.149411,51.369163],[0.149048,51.368695],[0.148938,51.368497],[0.14885,51.368123],[0.148619,51.367909],[0.147333,51.367106],[0.147253,51.367014],[0.14722,51.366974],[0.147268,51.366947],[0.147769,51.366691],[0.148321,51.366371],[0.147886,51.365884],[0.147323,51.365242],[0.14653,51.364387],[0.145771,51.363605],[0.145198,51.363026],[0.14519,51.363018],[0.145022,51.362851],[0.145234,51.362656],[0.145365,51.362503],[0.145323,51.36244],[0.145278,51.362378],[0.145232,51.362318],[0.14522,51.362304],[0.145169,51.362245],[0.145113,51.362187],[0.145056,51.36213],[0.144998,51.362072],[0.144945,51.362014],[0.144927,51.361993],[0.144875,51.361927],[0.144825,51.361861],[0.144778,51.361794],[0.144734,51.361726],[0.144693,51.361658],[0.144665,51.361607],[0.144632,51.361545],[0.144601,51.361482],[0.144574,51.361418],[0.144548,51.361354],[0.144526,51.36129],[0.144508,51.361224],[0.144494,51.36117],[0.144484,51.361115],[0.144474,51.361061],[0.144467,51.361006],[0.144462,51.360952],[0.144461,51.360898],[0.144464,51.360843],[0.144466,51.360821],[0.144471,51.360783],[0.144472,51.360776],[0.144476,51.360769],[0.14448,51.360762],[0.144484,51.360754],[0.144486,51.360751],[0.144492,51.36074],[0.1445,51.360729],[0.144508,51.360719],[0.144515,51.360711],[0.144525,51.360701],[0.144536,51.36069],[0.144548,51.360681],[0.144561,51.360672],[0.144575,51.360664],[0.144589,51.360655],[0.144603,51.360647],[0.144618,51.360639],[0.144634,51.360631],[0.144648,51.360624],[0.14468,51.360609],[0.144695,51.360601],[0.144709,51.360594],[0.144725,51.360585],[0.144733,51.360581],[0.14484,51.36052],[0.144949,51.360463],[0.145016,51.36043],[0.145074,51.360402],[0.145132,51.360376],[0.145174,51.360362],[0.145193,51.360357],[0.14521,51.360353],[0.145228,51.36035],[0.145247,51.360346],[0.145265,51.360343],[0.145285,51.360341],[0.145304,51.360339],[0.145322,51.360338],[0.145342,51.360338],[0.145363,51.360337],[0.145344,51.360186],[0.145322,51.360091],[0.145277,51.360019],[0.145237,51.359947],[0.145203,51.359884],[0.145168,51.359811],[0.145138,51.359737],[0.145108,51.359663],[0.145078,51.359589],[0.145066,51.359564],[0.145021,51.359462],[0.145019,51.359448],[0.145019,51.359433],[0.145019,51.35942],[0.145019,51.359405],[0.14502,51.359392],[0.145018,51.359385],[0.145012,51.359344],[0.145009,51.359313],[0.145011,51.3593],[0.145013,51.359287],[0.145017,51.359273],[0.145022,51.359261],[0.145032,51.359235],[0.145038,51.359222],[0.145041,51.359209],[0.145044,51.359199],[0.145049,51.359171],[0.145052,51.359143],[0.145054,51.359122],[0.145055,51.3591],[0.145054,51.359078],[0.145053,51.359058],[0.145049,51.359036],[0.145047,51.359023],[0.145043,51.358996],[0.145036,51.35897],[0.145029,51.358944],[0.145026,51.358937],[0.144932,51.358721],[0.144892,51.358653],[0.144877,51.35862],[0.144869,51.358598],[0.144857,51.358565],[0.144847,51.358532],[0.144842,51.358509],[0.144821,51.358435],[0.145348,51.358335],[0.145869,51.358224],[0.145627,51.357205],[0.145253,51.356189],[0.145087,51.355764],[0.14484,51.35552],[0.14426,51.354908],[0.14424,51.354901],[0.144218,51.354894],[0.144197,51.354889],[0.144176,51.354883],[0.144161,51.354881],[0.144138,51.354876],[0.144116,51.354872],[0.144093,51.354868],[0.144071,51.354866],[0.144048,51.354864],[0.144025,51.354862],[0.144019,51.354862],[0.143984,51.354729],[0.143967,51.354665],[0.143827,51.354022],[0.143744,51.353667],[0.143734,51.353638],[0.143725,51.35361],[0.14372,51.353581],[0.143714,51.353551],[0.14371,51.353523],[0.143707,51.353494],[0.143707,51.353493],[0.143706,51.353464],[0.143706,51.353435],[0.143707,51.353406],[0.14371,51.353376],[0.14374,51.353298],[0.143604,51.353018],[0.143113,51.353049],[0.143098,51.353039],[0.142978,51.352884],[0.142919,51.35279],[0.142849,51.352659],[0.142804,51.352551],[0.142785,51.352485],[0.142764,51.352339],[0.142757,51.352102],[0.142693,51.351827],[0.142684,51.351697],[0.142684,51.351568],[0.142746,51.351305],[0.142758,51.351089],[0.142713,51.351037],[0.142704,51.351021],[0.142691,51.351007],[0.14268,51.350992],[0.142668,51.350976],[0.142658,51.35096],[0.142649,51.350945],[0.142641,51.350929],[0.142634,51.350912],[0.142628,51.350896],[0.142621,51.35088],[0.14262,51.350876],[0.142613,51.350854],[0.142606,51.350832],[0.142602,51.350809],[0.142598,51.350787],[0.142594,51.350764],[0.142593,51.350742],[0.142593,51.350735],[0.142584,51.350731],[0.140957,51.350146],[0.14126,51.349779],[0.141253,51.349534],[0.141077,51.349482],[0.141004,51.349433],[0.140793,51.349303],[0.140608,51.349253],[0.140499,51.349215],[0.140396,51.349171],[0.140295,51.349118],[0.140117,51.349009],[0.139938,51.348899],[0.139831,51.348824],[0.13973,51.348745],[0.139652,51.348674],[0.139506,51.348519],[0.139228,51.34815],[0.138687,51.347525],[0.13862,51.347413],[0.139466,51.3473],[0.139414,51.346982],[0.139211,51.347011],[0.139109,51.347026],[0.139009,51.347039],[0.138909,51.347051],[0.138832,51.347059],[0.13855,51.347079],[0.138522,51.347082],[0.138495,51.347084],[0.138468,51.347087],[0.138449,51.347088],[0.138441,51.347088],[0.138414,51.347091],[0.138386,51.347092],[0.138359,51.347092],[0.138351,51.347092],[0.138323,51.347091],[0.138296,51.34709],[0.138269,51.347088],[0.138241,51.347085],[0.138191,51.346692],[0.138183,51.346691],[0.138151,51.346686],[0.138119,51.346681],[0.138088,51.346675],[0.138058,51.346668],[0.138046,51.346665],[0.138016,51.346657],[0.137985,51.346649],[0.137956,51.346639],[0.137927,51.34663],[0.137898,51.34662],[0.137869,51.34661],[0.137841,51.346598],[0.137831,51.346593],[0.137797,51.346578],[0.137766,51.346562],[0.137736,51.346545],[0.137707,51.346528],[0.137677,51.34651],[0.137651,51.346491],[0.137622,51.346473],[0.137591,51.34645],[0.137578,51.346439],[0.137563,51.346429],[0.137549,51.346418],[0.137535,51.346408],[0.137521,51.346396],[0.137509,51.346386],[0.137497,51.346374],[0.137485,51.346363],[0.137475,51.346351],[0.137464,51.346339],[0.137455,51.346327],[0.137447,51.346314],[0.137439,51.346302],[0.137438,51.346299],[0.137434,51.346288],[0.13743,51.346279],[0.137425,51.346268],[0.137421,51.346257],[0.137418,51.346247],[0.137415,51.346237],[0.137413,51.346226],[0.137411,51.346216],[0.137409,51.346184],[0.13741,51.346173],[0.137411,51.346163],[0.137415,51.346152],[0.137418,51.346142],[0.137419,51.346139],[0.137423,51.346129],[0.137428,51.346119],[0.137433,51.346109],[0.13744,51.346099],[0.137447,51.346089],[0.137455,51.34608],[0.137463,51.346071],[0.137471,51.346062],[0.137169,51.345871],[0.137154,51.345879],[0.137123,51.345893],[0.137092,51.345907],[0.13706,51.34592],[0.137033,51.345931],[0.137016,51.345937],[0.136999,51.345944],[0.136981,51.34595],[0.136964,51.345957],[0.136945,51.345963],[0.136927,51.345968],[0.136908,51.345973],[0.13689,51.345977],[0.13687,51.345981],[0.13686,51.345983],[0.136847,51.345985],[0.136834,51.345987],[0.136823,51.345989],[0.13681,51.34599],[0.136797,51.345992],[0.136785,51.345994],[0.136772,51.345995],[0.136759,51.345995],[0.136746,51.345995],[0.136733,51.345995],[0.13672,51.345995],[0.136707,51.345993],[0.136694,51.345992],[0.136682,51.34599],[0.136669,51.345988],[0.136658,51.345985],[0.136646,51.345982],[0.136634,51.345978],[0.136624,51.345975],[0.136613,51.345972],[0.136602,51.345967],[0.136592,51.345963],[0.136582,51.345958],[0.136576,51.345954],[0.136566,51.345949],[0.136557,51.345944],[0.136549,51.345938],[0.13654,51.345931],[0.136533,51.345925],[0.136527,51.345919],[0.136519,51.345912],[0.136173,51.345936],[0.13617,51.345926],[0.136163,51.345908],[0.136159,51.345889],[0.136154,51.34587],[0.136152,51.345851],[0.136149,51.345832],[0.136149,51.345814],[0.136149,51.345795],[0.13615,51.345776],[0.136153,51.345757],[0.136155,51.345739],[0.13616,51.34572],[0.136165,51.345701],[0.136169,51.345688],[0.136172,51.345676],[0.136176,51.345665],[0.136181,51.345653],[0.136185,51.345642],[0.13619,51.34563],[0.136197,51.345619],[0.136204,51.345608],[0.13621,51.345597],[0.136218,51.345586],[0.136226,51.345575],[0.136236,51.345565],[0.136253,51.34555],[0.136361,51.34548],[0.136365,51.345476],[0.13647,51.345402],[0.136486,51.345393],[0.136524,51.345372],[0.136561,51.345351],[0.136596,51.345329],[0.13663,51.345307],[0.136664,51.345284],[0.136696,51.34526],[0.136725,51.345237],[0.136766,51.3452],[0.136806,51.345162],[0.136843,51.345123],[0.136879,51.345084],[0.136913,51.345043],[0.136945,51.345003],[0.136955,51.34499],[0.136984,51.344953],[0.136999,51.344935],[0.137013,51.344916],[0.137026,51.344897],[0.13704,51.344878],[0.137052,51.344859],[0.137062,51.34484],[0.137073,51.344821],[0.137082,51.344801],[0.137089,51.344781],[0.137091,51.344777],[0.137097,51.344753],[0.137102,51.344729],[0.137105,51.344704],[0.137107,51.34468],[0.137107,51.344656],[0.137106,51.344632],[0.137103,51.344608],[0.137099,51.344584],[0.137099,51.344577],[0.137095,51.34456],[0.137093,51.344547],[0.137088,51.344523],[0.13708,51.3445],[0.137071,51.344476],[0.137062,51.344452],[0.137052,51.344429],[0.137039,51.344406],[0.13699,51.344276],[0.136931,51.344174],[0.136656,51.344274],[0.136524,51.34432],[0.136244,51.344415],[0.135961,51.344506],[0.135956,51.344507],[0.135743,51.34457],[0.135528,51.344631],[0.135311,51.344688],[0.135292,51.344692],[0.134802,51.344842],[0.134734,51.344862],[0.134654,51.344887],[0.134502,51.34493],[0.1344,51.344957],[0.134247,51.344996],[0.134092,51.345033],[0.133936,51.345067],[0.133877,51.34508],[0.133637,51.345131],[0.133394,51.345179],[0.133315,51.345193],[0.132424,51.345365],[0.132151,51.34542],[0.13175,51.345506],[0.131642,51.345193],[0.131437,51.345215],[0.131114,51.345252],[0.131119,51.345275],[0.130425,51.345362],[0.129734,51.345436],[0.129439,51.345465],[0.129438,51.345446],[0.128878,51.34551],[0.127656,51.345617],[0.127246,51.345619],[0.127263,51.345674],[0.127109,51.345692],[0.126939,51.345709],[0.126913,51.345711],[0.126694,51.345729],[0.126475,51.345742],[0.126285,51.345751],[0.126063,51.345761],[0.125735,51.345784],[0.125706,51.345785],[0.125677,51.345786],[0.125619,51.345788],[0.12559,51.345789],[0.125561,51.34579],[0.125531,51.345792],[0.125504,51.345795],[0.125476,51.345799],[0.125464,51.3458],[0.125447,51.345803],[0.125429,51.345807],[0.12541,51.34581],[0.125393,51.345815],[0.125383,51.345817],[0.125366,51.345823],[0.125349,51.345828],[0.125332,51.345833],[0.125317,51.34584],[0.125186,51.345867],[0.125105,51.345863],[0.124643,51.345748],[0.123982,51.345512],[0.123825,51.345469],[0.123674,51.345415],[0.123569,51.345372],[0.123506,51.345339],[0.123522,51.345129],[0.123024,51.344949],[0.122643,51.344812],[0.122212,51.344657],[0.121763,51.344546],[0.121283,51.344442],[0.120591,51.34434],[0.119943,51.344244],[0.119898,51.344334],[0.119804,51.344322],[0.119184,51.344258],[0.118581,51.344207],[0.118429,51.344147],[0.118054,51.343855],[0.117664,51.343475],[0.11757,51.343485],[0.117564,51.343284],[0.117559,51.343129],[0.117393,51.343145],[0.117205,51.343163],[0.117043,51.342669],[0.116915,51.342234],[0.116655,51.341475],[0.116654,51.341302],[0.116977,51.340556],[0.117256,51.339781],[0.117497,51.339821],[0.118444,51.339981],[0.118987,51.338684],[0.118272,51.338404],[0.118806,51.337439],[0.119086,51.336664],[0.119363,51.336041],[0.119553,51.335426],[0.119775,51.335237],[0.119984,51.334739],[0.120277,51.334509],[0.120885,51.33415],[0.121582,51.333762],[0.121657,51.333636],[0.121469,51.333512],[0.12101,51.332993],[0.120484,51.332411],[0.120218,51.332137],[0.120085,51.332048],[0.119692,51.331808],[0.119417,51.331639],[0.118983,51.331371],[0.118757,51.331237],[0.118673,51.331189],[0.118539,51.33111],[0.118406,51.331028],[0.118375,51.331008],[0.118311,51.330967],[0.118247,51.330926],[0.118185,51.330884],[0.118124,51.33084],[0.11808,51.330806],[0.118023,51.330761],[0.117968,51.330715],[0.117915,51.330669],[0.117864,51.330621],[0.117864,51.330619],[0.117849,51.330598],[0.117834,51.330576],[0.117821,51.330553],[0.117809,51.330529],[0.117807,51.330525],[0.117796,51.330504],[0.117788,51.330482],[0.117779,51.33046],[0.117773,51.330437],[0.117766,51.330416],[0.117762,51.330391],[0.117757,51.330343],[0.117758,51.330296],[0.117758,51.330246],[0.11776,51.330198],[0.117764,51.330166],[0.117779,51.330013],[0.117824,51.329754],[0.117865,51.32969],[0.117876,51.329663],[0.117335,51.329481],[0.116973,51.329714],[0.116614,51.330003],[0.115716,51.329507],[0.115153,51.328823],[0.114183,51.327398],[0.114007,51.327395],[0.113636,51.327455],[0.112989,51.32756],[0.112999,51.327588],[0.111629,51.327747],[0.111258,51.327812],[0.110644,51.328034],[0.110364,51.328039],[0.110126,51.328036],[0.110103,51.328006],[0.110085,51.327956],[0.109989,51.327525],[0.109899,51.327303],[0.109799,51.327143],[0.109731,51.326684],[0.109212,51.326793],[0.108569,51.327069],[0.107956,51.327231],[0.107343,51.327452],[0.10721,51.327524],[0.106969,51.327465],[0.106817,51.327428],[0.106533,51.327381],[0.106229,51.327379],[0.105805,51.327425],[0.105157,51.327453],[0.105046,51.327449],[0.104874,51.327413],[0.104743,51.327341],[0.104687,51.327271],[0.104362,51.326888],[0.104288,51.326804],[0.104191,51.326707],[0.104081,51.326617],[0.10397,51.326535],[0.103885,51.326481],[0.103552,51.326254],[0.103213,51.325995],[0.103117,51.325976],[0.103024,51.325967],[0.102524,51.32599],[0.102119,51.325984],[0.101978,51.325955],[0.101895,51.325828],[0.101158,51.325693],[0.100764,51.325585],[0.100784,51.325465],[0.100785,51.325388],[0.100773,51.325319],[0.100752,51.325252],[0.100503,51.324705],[0.10045,51.324545],[0.100384,51.324402],[0.100308,51.324275],[0.100267,51.324217],[0.100148,51.324072],[0.099577,51.323565],[0.099504,51.323508],[0.09935,51.323415],[0.099011,51.32321],[0.098479,51.322886],[0.097691,51.322281],[0.097157,51.321904],[0.096496,51.321533],[0.096152,51.321293],[0.095654,51.321089],[0.094449,51.320488],[0.094064,51.320321],[0.093797,51.320235],[0.093468,51.320129],[0.093323,51.320072],[0.092916,51.319887],[0.092857,51.319852],[0.092749,51.319811],[0.092162,51.319683],[0.091679,51.31952],[0.09148,51.319435],[0.090985,51.319335],[0.090874,51.319303],[0.090541,51.319202],[0.090147,51.31906],[0.08984,51.318957],[0.089589,51.31884],[0.089415,51.318777],[0.089299,51.318742],[0.089064,51.318683],[0.088671,51.318621],[0.088394,51.318541],[0.088208,51.318497],[0.087757,51.318312],[0.087415,51.317869],[0.087229,51.317648],[0.08713,51.317539],[0.086793,51.317193],[0.086262,51.31681],[0.085921,51.316575],[0.085358,51.316213],[0.085114,51.316083],[0.085001,51.316023],[0.085013,51.315808],[0.085067,51.315639],[0.085099,51.315566],[0.085115,51.315537],[0.085263,51.315352],[0.085422,51.315092],[0.085474,51.314991],[0.085613,51.314785],[0.085568,51.314758],[0.085542,51.314738],[0.085526,51.314714],[0.085245,51.313817],[0.085061,51.313386],[0.085009,51.313204],[0.084987,51.313069],[0.085017,51.312805],[0.085044,51.312726],[0.08505,51.312672],[0.085042,51.312599],[0.084962,51.312388],[0.084921,51.312205],[0.084896,51.312171],[0.084806,51.312078],[0.08462,51.311949],[0.084575,51.31191],[0.084494,51.311832],[0.084424,51.311746],[0.084376,51.311668],[0.084135,51.311109],[0.084108,51.311071],[0.08409,51.311005],[0.083582,51.31071],[0.083566,51.310668],[0.083543,51.310528],[0.083731,51.310419],[0.083875,51.31005],[0.083868,51.309996],[0.083879,51.309928],[0.083916,51.30986],[0.083977,51.309719],[0.083991,51.309698],[0.084069,51.309625],[0.084124,51.309535],[0.084251,51.309043],[0.084318,51.308846],[0.084394,51.308693],[0.084446,51.30862],[0.084517,51.308544],[0.084561,51.308503],[0.084639,51.308456],[0.084683,51.308415],[0.084713,51.308371],[0.08472,51.308346],[0.084707,51.3083],[0.084647,51.308252],[0.084061,51.30808],[0.084058,51.308066],[0.084058,51.30805],[0.084194,51.307884],[0.084228,51.307831],[0.084404,51.307446],[0.084604,51.307177],[0.084641,51.307105],[0.084671,51.30681],[0.08485,51.306045],[0.084275,51.305958],[0.083508,51.305789],[0.083135,51.305713],[0.082854,51.305656],[0.082788,51.305634],[0.083161,51.305004],[0.083342,51.304793],[0.084035,51.304117],[0.084471,51.303692],[0.084634,51.303496],[0.084778,51.303322],[0.084905,51.303169],[0.085115,51.302934],[0.085404,51.30252],[0.085879,51.30173],[0.085985,51.301568],[0.086008,51.301464],[0.086039,51.301318],[0.086032,51.301108],[0.086082,51.300778],[0.086184,51.300355],[0.086248,51.300243],[0.086311,51.300173],[0.086348,51.300141],[0.086642,51.299955],[0.086948,51.299725],[0.087163,51.29957],[0.087384,51.299425],[0.087553,51.299317],[0.087828,51.299118],[0.088605,51.298478],[0.089174,51.297947],[0.089323,51.297831],[0.089409,51.297772],[0.089457,51.297741],[0.089876,51.29752],[0.0903,51.297303],[0.091157,51.296828],[0.091069,51.296762],[0.090929,51.296678],[0.090821,51.296626],[0.090704,51.296581],[0.090644,51.296561],[0.089787,51.29632],[0.089628,51.29627],[0.089541,51.296237],[0.089488,51.296217],[0.089372,51.296164],[0.089234,51.296088],[0.087613,51.294884],[0.087292,51.294627],[0.087067,51.294482],[0.087065,51.294435],[0.08697,51.29403],[0.08689,51.293941],[0.086467,51.293649],[0.086386,51.293565],[0.086298,51.293503],[0.086205,51.293463],[0.086089,51.293384],[0.085959,51.293266],[0.085848,51.293221],[0.085751,51.293149],[0.085665,51.293085],[0.085566,51.293044],[0.085428,51.292997],[0.085251,51.292928],[0.084946,51.292884],[0.083886,51.292665],[0.083405,51.292366],[0.083255,51.292257],[0.082866,51.292234],[0.082399,51.292153],[0.082178,51.29212],[0.082045,51.292091],[0.081993,51.292082],[0.081967,51.292077],[0.08194,51.292073],[0.081914,51.292067],[0.08189,51.292061],[0.081865,51.292054],[0.08184,51.292046],[0.081817,51.292038],[0.081791,51.292028],[0.081766,51.292015],[0.081739,51.292003],[0.081716,51.29199],[0.081692,51.291977],[0.081669,51.291963],[0.081647,51.291949],[0.081626,51.291934],[0.081607,51.29192],[0.081587,51.291905],[0.081568,51.291889],[0.081562,51.291876],[0.081552,51.291856],[0.08155,51.291846],[0.081554,51.291837],[0.081553,51.291837],[0.081499,51.291825],[0.081408,51.291879],[0.081288,51.291842],[0.081073,51.291792],[0.080755,51.291741],[0.080547,51.291712],[0.080488,51.291704],[0.080429,51.291696],[0.080345,51.291687],[0.080258,51.29168],[0.080168,51.291675],[0.080081,51.291672],[0.079992,51.29167],[0.079939,51.291669],[0.079859,51.291644],[0.079733,51.291657],[0.079665,51.291647],[0.079643,51.291675],[0.079397,51.291683],[0.079254,51.291686],[0.078903,51.291719],[0.078835,51.291725],[0.078568,51.29178],[0.078462,51.291784],[0.07836,51.291786],[0.078256,51.291787],[0.078145,51.291754],[0.078144,51.291754],[0.077646,51.291745],[0.077486,51.291769],[0.077416,51.291778],[0.077289,51.291785],[0.077011,51.291795],[0.077007,51.2917],[0.076951,51.291704],[0.07684,51.291714],[0.076688,51.291732],[0.076588,51.291733],[0.076419,51.291736],[0.076344,51.291748],[0.076308,51.291733],[0.076277,51.29176],[0.07605,51.291759],[0.075779,51.291737],[0.075341,51.291719],[0.075147,51.291711],[0.074895,51.291711],[0.07448,51.291681],[0.073907,51.291659],[0.073704,51.291637],[0.073341,51.291606],[0.073279,51.291598],[0.073205,51.291587],[0.073043,51.291553],[0.072866,51.291536],[0.072672,51.291523],[0.072467,51.291479],[0.072304,51.291441],[0.072281,51.291436],[0.072203,51.291424],[0.072126,51.291412],[0.072049,51.2914],[0.071973,51.291386],[0.071898,51.291372],[0.071822,51.291356],[0.071747,51.291339],[0.071558,51.291285],[0.071296,51.291198],[0.071106,51.291144],[0.070969,51.29111],[0.070764,51.29105],[0.070809,51.290988],[0.070724,51.29098],[0.070653,51.291008],[0.070478,51.291028],[0.070275,51.29105],[0.068418,51.290697],[0.067541,51.29053],[0.067536,51.290384],[0.067372,51.290407],[0.067202,51.290412],[0.067166,51.290413],[0.067123,51.290415],[0.06708,51.290416],[0.067038,51.290418],[0.066995,51.29042],[0.066953,51.290424],[0.066945,51.290425],[0.066933,51.290427],[0.066907,51.290431],[0.066894,51.290433],[0.06688,51.290434],[0.066867,51.290435],[0.066861,51.290435],[0.066848,51.290435],[0.066835,51.290435],[0.066821,51.290434],[0.06665,51.290419],[0.066412,51.290396],[0.065974,51.290346],[0.065957,51.290343],[0.065926,51.29034],[0.065897,51.290338],[0.065838,51.290333],[0.065808,51.29033],[0.065779,51.290326],[0.06575,51.290323],[0.065722,51.290319],[0.065693,51.290314],[0.065665,51.290308],[0.065624,51.290296],[0.065546,51.290267],[0.065471,51.290234],[0.065394,51.290203],[0.065331,51.290182],[0.065165,51.290132],[0.064997,51.290085],[0.064857,51.290046],[0.064698,51.290006],[0.064686,51.290002],[0.064638,51.28999],[0.064592,51.289978],[0.064545,51.289966],[0.064499,51.289954],[0.064453,51.289942],[0.064405,51.289931],[0.064358,51.28992],[0.064311,51.28991],[0.064263,51.289902],[0.064214,51.289894],[0.064165,51.289887],[0.064094,51.289881],[0.063938,51.289876],[0.06378,51.289878],[0.063622,51.289882],[0.063611,51.289882],[0.063515,51.289883],[0.063417,51.289885],[0.063321,51.289889],[0.063226,51.289893],[0.06313,51.289899],[0.062784,51.289937],[0.062545,51.289961],[0.062448,51.289923],[0.062383,51.289918],[0.062208,51.289879],[0.061379,51.289728],[0.060993,51.289672],[0.060664,51.289647],[0.060308,51.2896],[0.059882,51.289563],[0.059295,51.28946],[0.05863,51.289364],[0.058483,51.289355],[0.058371,51.289443],[0.05814,51.289616],[0.058121,51.289629],[0.058096,51.289647],[0.058071,51.289665],[0.058044,51.289683],[0.058019,51.289701],[0.057996,51.28972],[0.057974,51.289739],[0.057927,51.289789],[0.057886,51.289841],[0.057853,51.289896],[0.057823,51.289951],[0.057792,51.290007],[0.057725,51.290148],[0.057662,51.290295],[0.057621,51.290375],[0.057576,51.290463],[0.057573,51.290475],[0.05757,51.290492],[0.057566,51.290508],[0.057561,51.290523],[0.057555,51.29054],[0.057548,51.290556],[0.05754,51.290571],[0.057531,51.290587],[0.057531,51.290588],[0.05751,51.290618],[0.057487,51.290647],[0.05746,51.290676],[0.057448,51.29069],[0.057425,51.290714],[0.057399,51.290738],[0.057374,51.290761],[0.057351,51.290786],[0.057341,51.290798],[0.057299,51.290856],[0.05726,51.290915],[0.057234,51.290958],[0.05721,51.291002],[0.057185,51.291048],[0.057156,51.291092],[0.057119,51.291144],[0.05707,51.291206],[0.057025,51.29126],[0.05697,51.291321],[0.056917,51.291382],[0.056897,51.291409],[0.056868,51.29145],[0.05684,51.291491],[0.056812,51.291532],[0.056779,51.291571],[0.05677,51.291583],[0.056722,51.291636],[0.05667,51.291688],[0.056616,51.291741],[0.056453,51.291882],[0.056424,51.291907],[0.056388,51.291937],[0.056352,51.291967],[0.056318,51.291998],[0.056283,51.29203],[0.056252,51.292062],[0.056245,51.292068],[0.056216,51.292102],[0.056187,51.292135],[0.05616,51.292169],[0.056136,51.292203],[0.056112,51.292239],[0.05609,51.292274],[0.056023,51.292397],[0.05592,51.292376],[0.055751,51.292338],[0.055653,51.292312],[0.055546,51.292284],[0.055439,51.292259],[0.05533,51.292235],[0.055227,51.292214],[0.055116,51.292193],[0.055004,51.292173],[0.054893,51.292157],[0.054731,51.292129],[0.054363,51.29209],[0.053929,51.292333],[0.05364,51.292473],[0.053541,51.29252],[0.053381,51.292595],[0.053218,51.292667],[0.053205,51.292673],[0.05296,51.292772],[0.052713,51.292871],[0.052618,51.292912],[0.052379,51.293017],[0.051997,51.293197],[0.051961,51.293213],[0.051829,51.293275],[0.051699,51.293339],[0.051571,51.293405],[0.051552,51.293414],[0.051524,51.293429],[0.051495,51.293443],[0.051466,51.293458],[0.051439,51.293473],[0.051411,51.293488],[0.051386,51.293505],[0.051226,51.293641],[0.051033,51.293812],[0.05102,51.293823],[0.051008,51.293834],[0.050996,51.293846],[0.050985,51.293858],[0.050972,51.29387],[0.05096,51.293882],[0.050948,51.293894],[0.050934,51.293905],[0.05092,51.293916],[0.050906,51.293927],[0.050889,51.293936],[0.050877,51.293945],[0.050865,51.29395],[0.050856,51.293956],[0.050844,51.293961],[0.050835,51.293966],[0.050823,51.293971],[0.050812,51.293976],[0.050799,51.293979],[0.050795,51.293981],[0.050762,51.293988],[0.050727,51.293992],[0.050691,51.293994],[0.050655,51.293994],[0.050618,51.293993],[0.050582,51.293992],[0.050559,51.293993],[0.050496,51.29399],[0.050434,51.293986],[0.050372,51.293981],[0.04997,51.293921],[0.049805,51.293898],[0.049546,51.293862],[0.049436,51.293845],[0.049117,51.293793],[0.049072,51.293786],[0.049013,51.293776],[0.048955,51.293766],[0.048896,51.293757],[0.048838,51.293748],[0.048779,51.293741],[0.048719,51.293735],[0.048711,51.293734],[0.048671,51.293732],[0.048631,51.293729],[0.048591,51.293727],[0.04855,51.293725],[0.04851,51.293724],[0.048469,51.293723],[0.048464,51.293723],[0.048391,51.293727],[0.048317,51.293732],[0.048244,51.29374],[0.048171,51.293749],[0.048073,51.293763],[0.047892,51.293792],[0.047817,51.293805],[0.047599,51.293844],[0.047579,51.293848],[0.047274,51.293894],[0.047233,51.293901],[0.047179,51.29391],[0.047125,51.293918],[0.04707,51.293926],[0.047015,51.293932],[0.047012,51.293932],[0.046958,51.293937],[0.046902,51.293941],[0.046846,51.293944],[0.046833,51.293945],[0.046665,51.29396],[0.046498,51.293977],[0.046006,51.294018],[0.045985,51.294022],[0.045704,51.294005],[0.04549,51.293925],[0.045328,51.293794],[0.045226,51.29357],[0.045067,51.293312],[0.04474,51.293088],[0.044184,51.292918],[0.044117,51.292897],[0.044069,51.292883],[0.044001,51.292864],[0.043932,51.292847],[0.043892,51.292835],[0.043815,51.292814],[0.04374,51.292795],[0.043662,51.292777],[0.043583,51.29276],[0.043505,51.292744],[0.043468,51.292738],[0.043407,51.292726],[0.043345,51.292717],[0.043283,51.292707],[0.043221,51.292698],[0.043157,51.292691],[0.043095,51.292684],[0.043032,51.292679],[0.042976,51.292676],[0.042913,51.292673],[0.042849,51.292671],[0.042785,51.292671],[0.042722,51.292671],[0.042667,51.29267],[0.042568,51.29267],[0.042528,51.292671],[0.042429,51.292672],[0.042369,51.292674],[0.042374,51.292686],[0.042442,51.292986],[0.042645,51.293558],[0.042674,51.293663],[0.042719,51.293863],[0.042734,51.29396],[0.042747,51.294115],[0.042838,51.294654],[0.042929,51.294785],[0.042964,51.294866],[0.042982,51.294945],[0.043013,51.295311],[0.043114,51.295955],[0.043169,51.29619],[0.043286,51.296583],[0.043303,51.296616],[0.043392,51.296744],[0.043419,51.296801],[0.043482,51.297025],[0.043526,51.297081],[0.043646,51.297304],[0.043689,51.297406],[0.043789,51.297815],[0.043814,51.297913],[0.044011,51.298132],[0.044058,51.298186],[0.044041,51.298196],[0.043949,51.298246],[0.044052,51.298369],[0.044138,51.298404],[0.044161,51.298413],[0.044271,51.298582],[0.044144,51.298627],[0.043883,51.29872],[0.043753,51.298784],[0.043525,51.298897],[0.04335,51.298965],[0.043184,51.299013],[0.043065,51.299055],[0.043062,51.299525],[0.043062,51.299665],[0.04303,51.299836],[0.042979,51.300024],[0.042963,51.300172],[0.042846,51.300707],[0.042775,51.300986],[0.042686,51.301173],[0.042542,51.301414],[0.04241,51.301636],[0.042385,51.301719],[0.042276,51.301923],[0.042051,51.302184],[0.041946,51.302285],[0.041763,51.302521],[0.04148,51.302864],[0.041483,51.302927],[0.041515,51.302981],[0.041491,51.30299],[0.041366,51.302877],[0.04111,51.302729],[0.041079,51.302711],[0.040991,51.302783],[0.04089,51.302722],[0.040741,51.302836],[0.040848,51.302904],[0.040398,51.303212],[0.040227,51.30333],[0.04017,51.303289],[0.04009,51.303231],[0.039402,51.303564],[0.038799,51.303929],[0.038291,51.304417],[0.037825,51.304692],[0.037676,51.304795],[0.036748,51.305502],[0.036698,51.305517],[0.036637,51.305537],[0.036587,51.305499],[0.036375,51.305679],[0.036449,51.305712],[0.036506,51.305739],[0.036309,51.305864],[0.036157,51.30594],[0.036018,51.306009],[0.035571,51.30618],[0.035088,51.306484],[0.034088,51.306848],[0.033936,51.306907],[0.033862,51.306941],[0.033737,51.307014],[0.033493,51.307178],[0.033215,51.307365],[0.032881,51.307521],[0.032334,51.306981],[0.03202,51.306814],[0.03192,51.306768],[0.031708,51.306687],[0.031204,51.306475],[0.031117,51.306418],[0.031087,51.306387],[0.030898,51.306113],[0.03063,51.305847],[0.030576,51.305774],[0.030359,51.305625],[0.030254,51.305559],[0.029569,51.305424],[0.029434,51.305385],[0.029354,51.305357],[0.02911,51.305249],[0.028692,51.305041],[0.028066,51.304755],[0.02795,51.304686],[0.027616,51.304409],[0.02716,51.303957],[0.027103,51.303916],[0.026874,51.303774],[0.026795,51.303719],[0.026229,51.303245],[0.026111,51.303157],[0.025893,51.303008],[0.025204,51.30251],[0.024811,51.302156],[0.024607,51.301889],[0.024529,51.30176],[0.024438,51.301591],[0.024339,51.301391],[0.024207,51.301101],[0.02402,51.300606],[0.023983,51.300447],[0.023958,51.300378],[0.02391,51.300284],[0.023808,51.300125],[0.023743,51.29997],[0.023688,51.299877],[0.023572,51.299705],[0.023519,51.299644],[0.023208,51.299286],[0.02308,51.299124],[0.022983,51.299015],[0.022808,51.298839],[0.022264,51.298259],[0.02201,51.297955],[0.021343,51.297341],[0.021271,51.297269],[0.021171,51.297151],[0.020926,51.296779],[0.020827,51.296595],[0.02077,51.296336],[0.020767,51.296261],[0.02077,51.296174],[0.020787,51.29607],[0.020824,51.295939],[0.020871,51.295658],[0.020847,51.295573],[0.020762,51.295412],[0.020715,51.295343],[0.020624,51.295243],[0.020337,51.294834],[0.020305,51.294777],[0.020273,51.294692],[0.020246,51.294543],[0.020131,51.294105],[0.020054,51.293945],[0.020036,51.293898],[0.01997,51.293638],[0.019929,51.293429],[0.019859,51.293197],[0.019422,51.292322],[0.019206,51.291956],[0.019074,51.291685],[0.018811,51.291701],[0.018101,51.291736],[0.017308,51.291781],[0.016261,51.291834],[0.015652,51.291832],[0.014982,51.291787],[0.014968,51.291817],[0.014608,51.29232],[0.014486,51.29255],[0.014418,51.292767],[0.014314,51.293095],[0.014281,51.293263],[0.014241,51.293708],[0.014214,51.293828],[0.01406,51.294315],[0.013957,51.294346],[0.013915,51.294505],[0.013699,51.295133],[0.013612,51.295503],[0.013385,51.296264],[0.013385,51.296265],[0.013036,51.296642],[0.012963,51.296938],[0.012853,51.297321],[0.012712,51.297822],[0.012549,51.298307],[0.012341,51.298846],[0.012305,51.299179],[0.012131,51.299599],[0.011962,51.299795],[0.011882,51.299948],[0.011803,51.300102],[0.01175,51.300259],[0.011682,51.300412],[0.011618,51.300542],[0.01154,51.300704],[0.01149,51.300874],[0.011415,51.301084],[0.011323,51.301337],[0.011248,51.301592],[0.011186,51.301746],[0.011099,51.301978],[0.011036,51.302443],[0.011071,51.302494],[0.011053,51.302571],[0.011072,51.302972],[0.01095,51.303074],[0.010913,51.303118],[0.010874,51.303197],[0.010801,51.303766],[0.010838,51.303863],[0.010833,51.303906],[0.01078,51.30406],[0.010621,51.304381],[0.010503,51.30459],[0.010485,51.304616],[0.010451,51.304647],[0.010427,51.304688],[0.010425,51.304721],[0.010434,51.304756],[0.010466,51.304798],[0.010502,51.304937],[0.01041,51.305154],[0.010268,51.305529],[0.01026,51.305639],[0.010158,51.305822],[0.010091,51.30594],[0.010001,51.306102],[0.009939,51.306209],[0.009877,51.3063],[0.00979,51.306398],[0.009677,51.306508],[0.009589,51.306594],[0.009569,51.306654],[0.009593,51.306744],[0.009544,51.306815],[0.009453,51.306906],[0.009423,51.307005],[0.009436,51.307097],[0.009421,51.307225],[0.009357,51.307454],[0.009194,51.307804],[0.009012,51.308299],[0.008986,51.308457],[0.009083,51.308742],[0.008454,51.310052],[0.008401,51.310186],[0.008363,51.310362],[0.008361,51.310509],[0.008353,51.310662],[0.008399,51.310845],[0.008496,51.311032],[0.008656,51.311294],[0.00892,51.311622],[0.009065,51.31192],[0.009119,51.312171],[0.009151,51.312508],[0.009209,51.312846],[0.009461,51.313622],[0.009561,51.313809],[0.009586,51.313858],[0.009535,51.313935],[0.009597,51.314035],[0.009699,51.314308],[0.009936,51.314804],[0.010094,51.315335],[0.01032,51.31614],[0.010082,51.316127],[0.009494,51.316074],[0.009329,51.316048],[0.009231,51.316041],[0.009082,51.31604],[0.008384,51.315935],[0.008168,51.315886],[0.008065,51.315854],[0.007887,51.315785],[0.007475,51.315696],[0.007474,51.315696],[0.007147,51.315645],[0.006973,51.315633],[0.006558,51.315648],[0.006552,51.315656],[0.00655,51.315736],[0.006459,51.316214],[0.006126,51.317108],[0.006003,51.317469],[0.005626,51.318176],[0.005517,51.318444],[0.005443,51.318749],[0.005424,51.318905],[0.005409,51.319064],[0.005378,51.319616],[0.005321,51.319894],[0.005238,51.320158],[0.00515,51.320378],[0.005104,51.320591],[0.005059,51.320804],[0.004887,51.321932],[0.004842,51.322076],[0.004516,51.322692],[0.004453,51.322811],[0.004048,51.323875],[0.004027,51.323913],[-0.00584,51.441167]]]}},{"id":"2","type":"Feature","properties":{},"geometry":{"type":"MultiPolygon","coordinates":[[[[0.213329,51.475974],[0.213073,51.475915],[0.21285,51.475872],[0.212704,51.475816],[0.212493,51.475747],[0.212366,51.47569],[0.212257,51.475627],[0.21221,51.475593],[0.212115,51.4755],[0.211541,51.475093],[0.211507,51.475046],[0.211502,51.474994],[0.211434,51.474718],[0.211479,51.474441],[0.211531,51.474326],[0.211713,51.473766],[0.211784,51.473571],[0.211859,51.473452],[0.211869,51.473389],[0.21185,51.473316],[0.21148,51.472943],[0.211075,51.472661],[0.210525,51.472224],[0.210235,51.472049],[0.209727,51.47185],[0.209629,51.471797],[0.209284,51.471589],[0.209174,51.471502],[0.209007,51.471339],[0.208843,51.471108],[0.208798,51.471036],[0.208786,51.471002],[0.208776,51.470957],[0.208778,51.470905],[0.208792,51.47083],[0.208818,51.470763],[0.208858,51.470703],[0.208901,51.470651],[0.209432,51.470139],[0.209798,51.46975],[0.20995,51.469619],[0.210124,51.4695],[0.210976,51.469128],[0.211151,51.468998],[0.211223,51.468936],[0.211275,51.468885],[0.211315,51.468836],[0.211357,51.468747],[0.211445,51.468365],[0.211488,51.467976],[0.211371,51.467591],[0.211029,51.466941],[0.210754,51.466447],[0.210558,51.466143],[0.21042,51.465849],[0.210354,51.465647],[0.210336,51.465513],[0.210333,51.465081],[0.210351,51.46493],[0.21035,51.464851],[0.210358,51.464796],[0.210397,51.46469],[0.210486,51.464001],[0.210496,51.463637],[0.210561,51.463101],[0.210586,51.462481],[0.21028,51.46229],[0.210078,51.462197],[0.209866,51.462118],[0.209404,51.462047],[0.209269,51.462017],[0.207845,51.461574],[0.207604,51.461468],[0.207121,51.461131],[0.207062,51.461098],[0.207019,51.461066],[0.206958,51.461],[0.206837,51.460897],[0.206742,51.460844],[0.206216,51.460623],[0.205938,51.460464],[0.205546,51.46019],[0.20548,51.460159],[0.205349,51.460115],[0.204759,51.459995],[0.204631,51.459935],[0.204534,51.459875],[0.204474,51.459826],[0.20383,51.459266],[0.203707,51.459171],[0.203416,51.458915],[0.203245,51.458748],[0.203169,51.458638],[0.203152,51.458607],[0.202939,51.458347],[0.202853,51.458265],[0.202829,51.458242],[0.202835,51.458223],[0.202916,51.458164],[0.203025,51.458057],[0.203081,51.45797],[0.203138,51.457882],[0.20322,51.457725],[0.203209,51.457604],[0.203127,51.457407],[0.202848,51.456837],[0.202613,51.456303],[0.202581,51.45623],[0.202548,51.456157],[0.202608,51.456153],[0.202704,51.456147],[0.202822,51.45614],[0.202952,51.456129],[0.203087,51.456115],[0.20323,51.4561],[0.203339,51.456089],[0.20348,51.456072],[0.203619,51.456054],[0.203713,51.456041],[0.203726,51.456024],[0.203741,51.456007],[0.203758,51.45599],[0.203771,51.455973],[0.203778,51.455964],[0.203781,51.455958],[0.203785,51.455952],[0.203786,51.455948],[0.203786,51.455944],[0.203786,51.455943],[0.203795,51.455922],[0.203805,51.455899],[0.203819,51.455867],[0.203834,51.455834],[0.203847,51.455803],[0.203862,51.455704],[0.203865,51.455686],[0.203867,51.455669],[0.203869,51.455656],[0.203869,51.455643],[0.203869,51.455635],[0.203865,51.455618],[0.203858,51.455601],[0.203848,51.455585],[0.203837,51.455569],[0.203828,51.455552],[0.203817,51.455536],[0.203802,51.455518],[0.203784,51.4555],[0.203765,51.455477],[0.203745,51.455456],[0.203726,51.455438],[0.203707,51.455421],[0.203685,51.455402],[0.203664,51.455384],[0.203641,51.455364],[0.203619,51.455343],[0.203603,51.455327],[0.203588,51.45531],[0.203574,51.455296],[0.20356,51.455281],[0.203549,51.455267],[0.203539,51.455255],[0.203528,51.455244],[0.203518,51.455234],[0.203513,51.455229],[0.203509,51.455224],[0.203492,51.45521],[0.203474,51.455196],[0.203452,51.455179],[0.20343,51.455163],[0.203394,51.455137],[0.203382,51.455128],[0.203368,51.455118],[0.203352,51.455107],[0.203335,51.455093],[0.20332,51.455078],[0.203306,51.455061],[0.20329,51.455043],[0.203274,51.455026],[0.203266,51.455016],[0.203257,51.455006],[0.203243,51.454991],[0.203232,51.454975],[0.203223,51.45496],[0.203215,51.454944],[0.203212,51.454937],[0.203209,51.454928],[0.203207,51.454921],[0.203211,51.454906],[0.203214,51.454897],[0.203219,51.454888],[0.203223,51.454882],[0.203228,51.454876],[0.203239,51.454862],[0.203267,51.454835],[0.203281,51.454822],[0.203291,51.454813],[0.2033,51.454804],[0.203301,51.454802],[0.203306,51.454795],[0.20331,51.454787],[0.203316,51.454775],[0.203319,51.454763],[0.203321,51.454744],[0.203323,51.454725],[0.203325,51.454708],[0.203327,51.454691],[0.203328,51.454673],[0.203328,51.454654],[0.203327,51.45464],[0.203326,51.454626],[0.203323,51.45461],[0.20332,51.454593],[0.203319,51.454576],[0.203318,51.454559],[0.203317,51.454544],[0.203317,51.454529],[0.203318,51.454519],[0.20332,51.454509],[0.203322,51.4545],[0.203324,51.454491],[0.203331,51.454474],[0.203338,51.454457],[0.203344,51.45444],[0.203349,51.454424],[0.203355,51.454412],[0.203359,51.4544],[0.203364,51.454379],[0.203366,51.454371],[0.203367,51.454362],[0.203367,51.454355],[0.203366,51.454348],[0.203364,51.45434],[0.203362,51.454333],[0.203358,51.454325],[0.203356,51.454323],[0.203347,51.454315],[0.203336,51.454307],[0.203325,51.454301],[0.203315,51.454295],[0.203308,51.454292],[0.203301,51.454288],[0.203293,51.454286],[0.203291,51.454285],[0.203275,51.454286],[0.20326,51.454288],[0.203243,51.454291],[0.203226,51.454295],[0.203205,51.454301],[0.203199,51.454302],[0.203181,51.454302],[0.203165,51.4543],[0.203142,51.454298],[0.203119,51.454294],[0.203091,51.454288],[0.203064,51.45428],[0.203022,51.454264],[0.203,51.454255],[0.202979,51.454246],[0.202928,51.454226],[0.202907,51.454217],[0.202889,51.454207],[0.202876,51.454199],[0.202866,51.454192],[0.202863,51.45419],[0.202856,51.454184],[0.20285,51.454178],[0.202841,51.454166],[0.202833,51.454154],[0.202825,51.454138],[0.202818,51.454122],[0.202806,51.454073],[0.202799,51.45405],[0.202791,51.454029],[0.202787,51.454016],[0.202783,51.454003],[0.20278,51.453995],[0.202773,51.453985],[0.202767,51.453976],[0.202756,51.453962],[0.202751,51.453957],[0.202742,51.453951],[0.202733,51.453946],[0.202729,51.453945],[0.202682,51.453928],[0.202633,51.45391],[0.20255,51.453887],[0.202513,51.453878],[0.202476,51.453869],[0.202459,51.453865],[0.202442,51.453861],[0.202425,51.453858],[0.20241,51.453857],[0.202399,51.453857],[0.202387,51.453857],[0.202375,51.453858],[0.202372,51.453859],[0.202357,51.453864],[0.202344,51.45387],[0.202317,51.453887],[0.202293,51.453904],[0.202237,51.45394],[0.202181,51.453975],[0.202071,51.454045],[0.202037,51.454068],[0.20202,51.454079],[0.202012,51.454083],[0.202001,51.454087],[0.20199,51.454092],[0.201979,51.454096],[0.201968,51.454098],[0.201959,51.4541],[0.201944,51.454101],[0.201931,51.4541],[0.201918,51.454098],[0.201905,51.454096],[0.201898,51.454094],[0.201883,51.454088],[0.201871,51.45408],[0.201863,51.454075],[0.201855,51.454068],[0.201848,51.454061],[0.201845,51.454058],[0.20184,51.454046],[0.201838,51.454034],[0.201835,51.454015],[0.201832,51.453997],[0.201832,51.453968],[0.201833,51.453939],[0.201833,51.453929],[0.201833,51.453921],[0.201833,51.453913],[0.20183,51.453905],[0.201827,51.453899],[0.201822,51.453893],[0.201816,51.453888],[0.20181,51.453885],[0.2018,51.453881],[0.201787,51.453877],[0.201746,51.453872],[0.201703,51.453871],[0.201635,51.453869],[0.201568,51.453868],[0.201357,51.453859],[0.201345,51.453857],[0.201333,51.453854],[0.201323,51.453851],[0.20131,51.453844],[0.201299,51.453836],[0.201292,51.453829],[0.201285,51.453822],[0.201249,51.453789],[0.201225,51.453768],[0.201199,51.453746],[0.201173,51.453723],[0.201146,51.4537],[0.201113,51.453673],[0.201079,51.453648],[0.201049,51.453626],[0.201035,51.453612],[0.201021,51.453597],[0.201012,51.453588],[0.201005,51.453578],[0.201002,51.453575],[0.200997,51.453563],[0.200994,51.453552],[0.200991,51.453539],[0.20099,51.453526],[0.200991,51.453515],[0.200993,51.453505],[0.200996,51.453496],[0.201,51.453486],[0.201006,51.453478],[0.201014,51.453469],[0.201021,51.453464],[0.201028,51.453459],[0.201058,51.453445],[0.201091,51.453432],[0.201122,51.453421],[0.201154,51.453409],[0.201182,51.453399],[0.201211,51.453389],[0.201218,51.453386],[0.201226,51.453384],[0.201232,51.453381],[0.201237,51.453376],[0.20124,51.45337],[0.201241,51.453365],[0.201242,51.45336],[0.20124,51.453354],[0.201235,51.453347],[0.201226,51.453341],[0.201213,51.453333],[0.201199,51.453327],[0.201195,51.453326],[0.201184,51.453322],[0.20112,51.453305],[0.201093,51.453294],[0.201082,51.453291],[0.201071,51.453287],[0.201058,51.453282],[0.201034,51.453272],[0.201024,51.453266],[0.201014,51.45326],[0.201005,51.453255],[0.200995,51.45325],[0.200986,51.453245],[0.200964,51.453237],[0.200952,51.453233],[0.20094,51.453231],[0.200926,51.453228],[0.200911,51.453226],[0.200896,51.453225],[0.200881,51.453223],[0.200862,51.453222],[0.200843,51.45322],[0.200823,51.453219],[0.200803,51.453218],[0.200789,51.453218],[0.200774,51.453217],[0.200755,51.453216],[0.200737,51.453215],[0.200723,51.453214],[0.20071,51.453213],[0.200697,51.45321],[0.200685,51.453208],[0.200671,51.453204],[0.200657,51.453199],[0.200638,51.453189],[0.200632,51.453186],[0.200626,51.453183],[0.200616,51.453179],[0.200608,51.453173],[0.200603,51.453169],[0.2006,51.453163],[0.200593,51.453154],[0.200589,51.453145],[0.200587,51.453137],[0.200586,51.453131],[0.200585,51.45312],[0.200584,51.45311],[0.200582,51.453106],[0.200582,51.453101],[0.200585,51.453092],[0.20059,51.453082],[0.200594,51.453073],[0.200597,51.453065],[0.2006,51.453059],[0.200602,51.453053],[0.200606,51.453047],[0.20061,51.453043],[0.200658,51.452995],[0.200692,51.452959],[0.200695,51.452955],[0.200698,51.452952],[0.200703,51.452948],[0.200707,51.452944],[0.200712,51.45294],[0.200717,51.452935],[0.200727,51.452927],[0.200728,51.452925],[0.20073,51.45292],[0.20073,51.452915],[0.200729,51.45291],[0.200726,51.452906],[0.200722,51.452901],[0.200716,51.452896],[0.20071,51.452892],[0.200704,51.45289],[0.200694,51.452886],[0.200662,51.452881],[0.200636,51.452877],[0.200601,51.452872],[0.200545,51.452864],[0.200519,51.452859],[0.200497,51.452857],[0.200477,51.452855],[0.200458,51.452852],[0.200436,51.452852],[0.200421,51.452854],[0.20037,51.452858],[0.200314,51.452861],[0.200299,51.452862],[0.200283,51.452861],[0.200261,51.452854],[0.200249,51.452846],[0.200244,51.45284],[0.200238,51.452828],[0.200235,51.45282],[0.200237,51.452807],[0.20024,51.452788],[0.200246,51.452762],[0.200248,51.452743],[0.20025,51.452728],[0.200249,51.452718],[0.200249,51.452687],[0.200248,51.45267],[0.200246,51.452656],[0.200244,51.452643],[0.20024,51.452626],[0.200236,51.452615],[0.200228,51.452596],[0.200225,51.452588],[0.200222,51.452577],[0.200218,51.452566],[0.200211,51.452557],[0.200193,51.452549],[0.200172,51.452546],[0.200151,51.452545],[0.200125,51.452557],[0.200002,51.452624],[0.199923,51.452668],[0.199883,51.452689],[0.199839,51.45271],[0.199809,51.452724],[0.199799,51.452728],[0.199789,51.452729],[0.19977,51.45273],[0.199746,51.452728],[0.199721,51.452722],[0.199677,51.452705],[0.199648,51.452688],[0.19963,51.452673],[0.199615,51.452657],[0.199596,51.452635],[0.199584,51.452613],[0.199566,51.452572],[0.199562,51.45256],[0.199552,51.452539],[0.199547,51.452531],[0.19954,51.452519],[0.199528,51.452506],[0.1995,51.452481],[0.199486,51.452469],[0.19946,51.452455],[0.19943,51.452439],[0.1994,51.452427],[0.199368,51.452416],[0.199335,51.452407],[0.199304,51.4524],[0.199273,51.452394],[0.199216,51.452385],[0.199119,51.452372],[0.19909,51.452366],[0.199065,51.45236],[0.199051,51.452352],[0.199033,51.452338],[0.199026,51.452326],[0.199021,51.452312],[0.199019,51.452299],[0.199017,51.45229],[0.19902,51.452274],[0.199029,51.45226],[0.199038,51.452244],[0.199044,51.45223],[0.199054,51.452218],[0.199071,51.4522],[0.199095,51.452174],[0.1991,51.452169],[0.199107,51.452159],[0.199108,51.452146],[0.199096,51.452132],[0.19908,51.452119],[0.199064,51.452114],[0.199039,51.452109],[0.199014,51.452107],[0.198938,51.452107],[0.198915,51.452105],[0.198892,51.452104],[0.19884,51.452097],[0.198813,51.452091],[0.198781,51.452082],[0.198715,51.452062],[0.198661,51.452046],[0.198649,51.452042],[0.198629,51.452037],[0.198602,51.452031],[0.19858,51.452028],[0.198556,51.452028],[0.198498,51.452029],[0.198408,51.45203],[0.198357,51.45203],[0.19834,51.45203],[0.198315,51.452028],[0.19829,51.452022],[0.198266,51.452014],[0.198241,51.452003],[0.198222,51.451991],[0.198203,51.451979],[0.19817,51.451952],[0.198135,51.451926],[0.19812,51.451915],[0.198101,51.451903],[0.19808,51.451892],[0.198051,51.45188],[0.198032,51.451871],[0.19801,51.451863],[0.197965,51.451851],[0.197913,51.451838],[0.197903,51.451835],[0.197889,51.451833],[0.197863,51.451828],[0.197845,51.451827],[0.197822,51.45183],[0.197806,51.451833],[0.197797,51.451835],[0.19778,51.45184],[0.197766,51.451848],[0.197759,51.451852],[0.197746,51.451864],[0.197735,51.451874],[0.197713,51.451906],[0.19769,51.451935],[0.197684,51.451943],[0.197676,51.451953],[0.197661,51.451962],[0.197644,51.451968],[0.197633,51.451969],[0.197614,51.451967],[0.197599,51.451963],[0.197581,51.451954],[0.197566,51.451945],[0.197549,51.451932],[0.197538,51.451914],[0.197513,51.451885],[0.19749,51.451853],[0.197458,51.451811],[0.197453,51.451806],[0.197447,51.451797],[0.197443,51.451792],[0.197432,51.451786],[0.197418,51.451779],[0.197402,51.451773],[0.197383,51.45177],[0.197363,51.451771],[0.197346,51.451773],[0.197275,51.451786],[0.197244,51.451791],[0.19722,51.451792],[0.19719,51.451794],[0.197186,51.451794],[0.197178,51.451795],[0.197162,51.451802],[0.197127,51.451834],[0.197111,51.451862],[0.197097,51.451894],[0.197079,51.45193],[0.197053,51.451951],[0.197014,51.451974],[0.196961,51.452002],[0.196919,51.452033],[0.196881,51.45207],[0.196861,51.452083],[0.196816,51.452096],[0.196708,51.452122],[0.196642,51.452141],[0.196584,51.452165],[0.196553,51.452187],[0.196536,51.452209],[0.19651,51.452303],[0.196485,51.452383],[0.196463,51.452416],[0.19643,51.452446],[0.196388,51.452469],[0.196353,51.452481],[0.196314,51.452484],[0.196262,51.452477],[0.196197,51.45245],[0.196158,51.45243],[0.196089,51.452368],[0.196038,51.452321],[0.196017,51.452312],[0.195997,51.45231],[0.195958,51.45232],[0.195953,51.452322],[0.195909,51.452342],[0.1959,51.452347],[0.195887,51.452353],[0.195863,51.452362],[0.19585,51.452364],[0.19583,51.452368],[0.195808,51.45237],[0.195793,51.452369],[0.195772,51.452364],[0.195758,51.452358],[0.195747,51.452352],[0.195733,51.452343],[0.195723,51.452334],[0.195711,51.452325],[0.195702,51.452315],[0.195693,51.452304],[0.195682,51.452292],[0.195667,51.452276],[0.195648,51.452252],[0.195635,51.452238],[0.195631,51.452233],[0.195613,51.452215],[0.195584,51.452203],[0.195552,51.452196],[0.195514,51.45219],[0.195474,51.452185],[0.195452,51.452181],[0.195438,51.452172],[0.195432,51.452164],[0.195423,51.45215],[0.195397,51.452081],[0.195375,51.452044],[0.195357,51.452033],[0.195332,51.452029],[0.195312,51.452031],[0.195271,51.452042],[0.195257,51.452052],[0.195241,51.452063],[0.195222,51.452078],[0.195203,51.452092],[0.195186,51.452103],[0.195172,51.452111],[0.195158,51.452116],[0.19514,51.452121],[0.195123,51.452124],[0.195105,51.452125],[0.195086,51.452125],[0.195067,51.452123],[0.195034,51.452117],[0.195015,51.452112],[0.194996,51.452101],[0.194983,51.452096],[0.194973,51.45208],[0.19497,51.452069],[0.194967,51.452037],[0.194969,51.452006],[0.194969,51.451987],[0.194972,51.451968],[0.194977,51.451936],[0.194986,51.4519],[0.194986,51.451889],[0.194988,51.451878],[0.194984,51.451868],[0.19498,51.451862],[0.194974,51.451857],[0.194961,51.451853],[0.194944,51.451848],[0.194923,51.451843],[0.194897,51.451838],[0.194872,51.451837],[0.194858,51.451837],[0.19484,51.451839],[0.194787,51.451856],[0.194694,51.451884],[0.194684,51.451888],[0.19467,51.451891],[0.194647,51.451897],[0.194635,51.451898],[0.194614,51.451898],[0.194596,51.451895],[0.19458,51.45189],[0.194557,51.451884],[0.194539,51.451879],[0.194515,51.45187],[0.194498,51.451864],[0.194485,51.451859],[0.194468,51.451851],[0.194455,51.451844],[0.194444,51.451837],[0.194427,51.451826],[0.194414,51.451816],[0.194397,51.451801],[0.194385,51.451789],[0.194375,51.451779],[0.194359,51.45176],[0.194332,51.451732],[0.194324,51.451725],[0.194311,51.451714],[0.194297,51.451704],[0.194288,51.4517],[0.194273,51.451691],[0.194256,51.451682],[0.194246,51.451678],[0.194229,51.45167],[0.19421,51.451662],[0.194175,51.451648],[0.194165,51.451645],[0.194157,51.451643],[0.194144,51.451642],[0.194133,51.451643],[0.194121,51.451646],[0.194112,51.451649],[0.194096,51.451658],[0.194083,51.451667],[0.194067,51.45168],[0.194053,51.451691],[0.194045,51.451704],[0.194038,51.451715],[0.19403,51.451725],[0.194015,51.451757],[0.193998,51.45179],[0.193988,51.451813],[0.193985,51.45182],[0.193983,51.451829],[0.193981,51.451838],[0.193977,51.451854],[0.193974,51.451864],[0.193968,51.451874],[0.193957,51.451883],[0.193948,51.45189],[0.193939,51.451895],[0.193924,51.4519],[0.19391,51.451906],[0.193895,51.451911],[0.193873,51.451915],[0.193859,51.451917],[0.193846,51.451918],[0.193828,51.451919],[0.193806,51.451918],[0.193783,51.451919],[0.193748,51.45192],[0.193697,51.451922],[0.193642,51.451918],[0.193627,51.451917],[0.193602,51.451913],[0.19359,51.451911],[0.193578,51.451908],[0.193563,51.4519],[0.19355,51.451888],[0.19354,51.451877],[0.193536,51.451864],[0.193537,51.451851],[0.19354,51.451831],[0.193543,51.451807],[0.193547,51.451786],[0.193547,51.451771],[0.193549,51.451759],[0.19355,51.451748],[0.193547,51.451739],[0.193545,51.451732],[0.19354,51.451724],[0.193534,51.451717],[0.193527,51.451711],[0.193519,51.451705],[0.19351,51.451699],[0.193498,51.451696],[0.193486,51.451694],[0.193473,51.451694],[0.193453,51.451692],[0.193435,51.451692],[0.193415,51.451692],[0.19338,51.451691],[0.193348,51.451692],[0.193331,51.451692],[0.193293,51.451691],[0.193285,51.451691],[0.193233,51.451692],[0.19318,51.451692],[0.193147,51.451693],[0.193108,51.451695],[0.193072,51.451697],[0.193059,51.451698],[0.193047,51.4517],[0.193034,51.451702],[0.193027,51.451702],[0.19301,51.451688],[0.192997,51.451675],[0.192988,51.451666],[0.192976,51.451654],[0.19297,51.451645],[0.192963,51.451635],[0.192961,51.451631],[0.192945,51.451607],[0.192924,51.451577],[0.192898,51.451544],[0.192884,51.451529],[0.192871,51.451516],[0.19285,51.451495],[0.192831,51.451478],[0.192825,51.451473],[0.192817,51.451467],[0.192809,51.451463],[0.1928,51.451458],[0.19279,51.451453],[0.192787,51.451452],[0.192779,51.451449],[0.192769,51.451446],[0.192759,51.451443],[0.192756,51.451442],[0.192724,51.451433],[0.192651,51.451411],[0.192628,51.451405],[0.1926,51.4514],[0.192564,51.451357],[0.192538,51.451324],[0.192526,51.451312],[0.192525,51.451311],[0.192514,51.451299],[0.192507,51.451291],[0.192497,51.451281],[0.192486,51.451271],[0.192484,51.45127],[0.192466,51.451252],[0.192412,51.451201],[0.192374,51.451168],[0.192293,51.451087],[0.19221,51.451007],[0.19214,51.450944],[0.192083,51.45089],[0.192052,51.450863],[0.192051,51.450863],[0.192019,51.450839],[0.192056,51.450842],[0.191979,51.450782],[0.191916,51.450726],[0.191887,51.450696],[0.191875,51.450695],[0.191747,51.450689],[0.191721,51.450678],[0.190985,51.448787],[0.191001,51.448758],[0.190998,51.448757],[0.190992,51.448755],[0.190986,51.448753],[0.190978,51.448752],[0.190972,51.448751],[0.190967,51.448751],[0.190838,51.44877],[0.190373,51.448844],[0.190332,51.44885],[0.190117,51.448884],[0.189733,51.448946],[0.189348,51.44901],[0.189219,51.449031],[0.189059,51.449057],[0.189043,51.44906],[0.188963,51.449074],[0.188803,51.449103],[0.188763,51.449039],[0.188683,51.448915],[0.188678,51.448908],[0.188433,51.448586],[0.188123,51.448633],[0.187981,51.44866],[0.187615,51.44872],[0.187356,51.448296],[0.18734,51.448168],[0.187339,51.448152],[0.187329,51.448102],[0.187317,51.448023],[0.18731,51.447995],[0.187304,51.447974],[0.187304,51.447742],[0.187296,51.447666],[0.187294,51.447507],[0.187293,51.447451],[0.18729,51.447389],[0.187285,51.447274],[0.187295,51.447183],[0.187309,51.447113],[0.187326,51.447027],[0.187363,51.446876],[0.187188,51.446755],[0.187157,51.446734],[0.187066,51.446672],[0.187043,51.446656],[0.186729,51.446439],[0.186696,51.446416],[0.186154,51.446043],[0.186141,51.446031],[0.185888,51.445855],[0.185872,51.445844],[0.185865,51.44584],[0.185838,51.445823],[0.18577,51.44578],[0.185759,51.445772],[0.185272,51.445439],[0.185259,51.44543],[0.185216,51.445399],[0.185096,51.445315],[0.184981,51.445236],[0.184947,51.445213],[0.184891,51.445175],[0.184881,51.445167],[0.184875,51.445163],[0.184828,51.44513],[0.184778,51.445095],[0.184746,51.445073],[0.184687,51.445031],[0.184617,51.444983],[0.184384,51.44482],[0.184349,51.444796],[0.18434,51.44479],[0.184314,51.444772],[0.184291,51.444756],[0.184267,51.44474],[0.184124,51.444643],[0.183836,51.444707],[0.183824,51.444711],[0.183541,51.444781],[0.183493,51.44475],[0.183399,51.44469],[0.183385,51.44468],[0.183334,51.444644],[0.183332,51.444643],[0.183299,51.444622],[0.183297,51.44462],[0.183213,51.444566],[0.183187,51.444547],[0.183157,51.444525],[0.183133,51.444503],[0.182995,51.444581],[0.18296,51.444556],[0.182931,51.444535],[0.182848,51.444475],[0.182843,51.444471],[0.182795,51.444435],[0.18279,51.44443],[0.182743,51.444404],[0.182698,51.444386],[0.182659,51.444371],[0.182422,51.444341],[0.182223,51.444319],[0.182145,51.444308],[0.181825,51.444268],[0.18171,51.444253],[0.181634,51.444244],[0.181551,51.444234],[0.181249,51.444198],[0.181187,51.444192],[0.181157,51.444191],[0.181089,51.444188],[0.181072,51.444187],[0.180993,51.444178],[0.180973,51.444034],[0.180973,51.44398],[0.180973,51.443933],[0.180973,51.443913],[0.180967,51.443879],[0.180968,51.44382],[0.180957,51.443783],[0.180924,51.443702],[0.180888,51.443639],[0.180818,51.443526],[0.180603,51.443492],[0.180576,51.443486],[0.180321,51.443417],[0.180249,51.443393],[0.1802,51.443377],[0.180155,51.443364],[0.180096,51.443342],[0.180054,51.443323],[0.179723,51.443193],[0.179613,51.443127],[0.179553,51.44309],[0.17955,51.443093],[0.179394,51.443231],[0.179239,51.443389],[0.179187,51.443443],[0.179165,51.443452],[0.178948,51.443376],[0.178849,51.443368],[0.178689,51.443518],[0.178563,51.443465],[0.178281,51.443347],[0.178027,51.443194],[0.177989,51.443172],[0.177956,51.443152],[0.177172,51.442682],[0.177056,51.442613],[0.176113,51.442054],[0.176011,51.441994],[0.175907,51.442035],[0.175897,51.44204],[0.175623,51.442156],[0.175196,51.442328],[0.174568,51.44259],[0.174213,51.442775],[0.17417,51.442765],[0.174124,51.442778],[0.174078,51.442791],[0.174042,51.442802],[0.174011,51.442814],[0.173974,51.442829],[0.173901,51.442862],[0.173894,51.442865],[0.173839,51.442892],[0.173733,51.442948],[0.173631,51.443008],[0.173403,51.44315],[0.173359,51.443171],[0.173327,51.443185],[0.173287,51.443201],[0.173262,51.443209],[0.173223,51.443219],[0.173187,51.443226],[0.173147,51.443229],[0.173143,51.443229],[0.173114,51.443229],[0.173104,51.443228],[0.173082,51.443227],[0.173058,51.443223],[0.173034,51.443219],[0.172793,51.443176],[0.172766,51.443171],[0.172795,51.443215],[0.172841,51.443284],[0.172819,51.443287],[0.172797,51.443268],[0.172774,51.443247],[0.172734,51.443209],[0.172695,51.443171],[0.172652,51.443126],[0.172615,51.443087],[0.172543,51.443011],[0.172525,51.442988],[0.172513,51.44297],[0.172502,51.442952],[0.172489,51.44293],[0.172481,51.442912],[0.172473,51.442895],[0.172465,51.442877],[0.172445,51.442844],[0.172414,51.442793],[0.172447,51.442787],[0.172448,51.442765],[0.172452,51.442755],[0.172454,51.442744],[0.172455,51.442734],[0.172455,51.442724],[0.172453,51.442714],[0.172449,51.442704],[0.172444,51.442696],[0.172438,51.442688],[0.172424,51.442672],[0.172407,51.442655],[0.172403,51.442652],[0.172403,51.442651],[0.172337,51.442595],[0.172238,51.44253],[0.172147,51.442459],[0.172021,51.442353],[0.171907,51.442244],[0.171847,51.442187],[0.171809,51.44214],[0.171781,51.442105],[0.171337,51.441809],[0.171336,51.441787],[0.171284,51.441705],[0.171255,51.441657],[0.171188,51.441602],[0.17114,51.441541],[0.171005,51.441351],[0.170909,51.441217],[0.170902,51.441208],[0.170876,51.441207],[0.170771,51.441068],[0.170748,51.441045],[0.170524,51.440815],[0.169732,51.43962],[0.169749,51.439606],[0.169804,51.439594],[0.16979,51.439576],[0.16982,51.439479],[0.169824,51.439434],[0.169808,51.439344],[0.169778,51.439286],[0.169724,51.439219],[0.169654,51.439159],[0.169567,51.439107],[0.169487,51.439073],[0.169403,51.439045],[0.169146,51.438733],[0.169038,51.438545],[0.168748,51.437995],[0.168738,51.437953],[0.168679,51.43772],[0.168688,51.43748],[0.168501,51.437348],[0.168363,51.437241],[0.168261,51.43715],[0.168178,51.437064],[0.168031,51.436885],[0.167932,51.436733],[0.16779,51.436561],[0.167645,51.436413],[0.167537,51.436265],[0.167373,51.436111],[0.167232,51.435959],[0.167108,51.435801],[0.167052,51.435716],[0.166997,51.435625],[0.166916,51.435414],[0.166664,51.435051],[0.166662,51.434944],[0.16665,51.434812],[0.16656,51.434712],[0.166555,51.434602],[0.166553,51.434562],[0.166504,51.434053],[0.166722,51.43376],[0.166748,51.433724],[0.166696,51.43299],[0.166664,51.432534],[0.166798,51.432415],[0.166837,51.432335],[0.166819,51.431947],[0.166345,51.431634],[0.166205,51.431533],[0.166178,51.431512],[0.06738,51.480288],[0.062671,51.607052],[0.062744,51.607048],[0.062972,51.60691],[0.06335,51.607116],[0.063984,51.607223],[0.064672,51.606921],[0.065392,51.606641],[0.065462,51.6066],[0.065941,51.60632],[0.066639,51.606211],[0.067279,51.606126],[0.067658,51.606063],[0.068067,51.60598],[0.068883,51.605729],[0.069492,51.605507],[0.070295,51.605251],[0.070989,51.605099],[0.071664,51.60496],[0.07223,51.604835],[0.072805,51.604686],[0.073039,51.604771],[0.073487,51.604934],[0.073814,51.605086],[0.075153,51.605582],[0.07627,51.606136],[0.076884,51.606402],[0.077883,51.606728],[0.078794,51.606994],[0.078923,51.60702],[0.079054,51.607039],[0.079143,51.607046],[0.079346,51.607043],[0.079512,51.607031],[0.08001,51.606984],[0.080468,51.606914],[0.080948,51.606865],[0.081493,51.606785],[0.082001,51.606654],[0.082786,51.606418],[0.083066,51.606462],[0.083174,51.606479],[0.08328,51.606477],[0.083332,51.606475],[0.083386,51.606472],[0.083818,51.606414],[0.084448,51.606357],[0.08486,51.606168],[0.085205,51.605911],[0.085457,51.605701],[0.085519,51.605543],[0.085594,51.605556],[0.086431,51.604882],[0.086665,51.60469],[0.086778,51.604688],[0.086866,51.60463],[0.086872,51.604626],[0.087118,51.604466],[0.088895,51.604852],[0.0889,51.605183],[0.089331,51.605388],[0.089603,51.605517],[0.089971,51.605614],[0.090219,51.605666],[0.090284,51.605563],[0.090438,51.605654],[0.091402,51.605917],[0.092205,51.606114],[0.092302,51.606138],[0.092471,51.606172],[0.092472,51.606173],[0.09257,51.606195],[0.092478,51.606289],[0.091688,51.607479],[0.091847,51.608213],[0.092264,51.60889],[0.092624,51.609475],[0.09369,51.609753],[0.093882,51.609875],[0.094049,51.610045],[0.094158,51.610219],[0.094208,51.610371],[0.094204,51.610538],[0.094209,51.610653],[0.094666,51.610746],[0.094809,51.610775],[0.094789,51.610791],[0.094663,51.610964],[0.094529,51.611173],[0.094314,51.611456],[0.093967,51.611987],[0.093687,51.612388],[0.093615,51.612478],[0.093528,51.612576],[0.093329,51.612781],[0.092797,51.613225],[0.092258,51.613573],[0.092818,51.613716],[0.092819,51.613716],[0.093617,51.61397],[0.094856,51.614402],[0.096052,51.614793],[0.096487,51.614905],[0.097002,51.615],[0.097113,51.615027],[0.09743,51.615137],[0.097595,51.615204],[0.098041,51.61542],[0.099443,51.613604],[0.100141,51.612723],[0.101551,51.613061],[0.103388,51.613452],[0.103811,51.61255],[0.104071,51.612606],[0.10495,51.612813],[0.105563,51.612949],[0.105992,51.613054],[0.107026,51.613273],[0.107621,51.613447],[0.109605,51.61396],[0.109878,51.614087],[0.113423,51.61555],[0.115709,51.616507],[0.116683,51.61692],[0.116693,51.616921],[0.11858,51.615365],[0.11928,51.615367],[0.119901,51.615577],[0.120316,51.61575],[0.120847,51.61606],[0.120956,51.616115],[0.121089,51.616176],[0.121352,51.616276],[0.122018,51.616555],[0.122189,51.6166],[0.122301,51.616634],[0.122505,51.616717],[0.123293,51.61712],[0.12347,51.617182],[0.123874,51.617352],[0.124171,51.617504],[0.124265,51.617562],[0.124392,51.617659],[0.124782,51.618022],[0.124896,51.618164],[0.124974,51.6183],[0.125163,51.618777],[0.125327,51.618957],[0.125675,51.619269],[0.126071,51.619641],[0.12679,51.619833],[0.127016,51.619897],[0.127064,51.619917],[0.127258,51.620032],[0.127384,51.620085],[0.127442,51.620102],[0.127592,51.62013],[0.127879,51.620217],[0.12804,51.620284],[0.128197,51.620424],[0.128385,51.620527],[0.128546,51.620601],[0.128852,51.620696],[0.12916,51.621441],[0.130177,51.621607],[0.130576,51.621738],[0.131012,51.621896],[0.131263,51.621977],[0.132191,51.622206],[0.132307,51.622249],[0.132623,51.622431],[0.133042,51.622619],[0.134151,51.623148],[0.135501,51.623474],[0.135783,51.623545],[0.135978,51.623578],[0.136079,51.6236],[0.136131,51.623602],[0.136213,51.623595],[0.137276,51.623591],[0.137403,51.623609],[0.137493,51.623608],[0.137564,51.623601],[0.137646,51.623581],[0.137914,51.62358],[0.138157,51.623543],[0.139855,51.623469],[0.144837,51.623328],[0.145003,51.623323],[0.148788,51.623225],[0.149057,51.623223],[0.149825,51.623207],[0.151046,51.623245],[0.152362,51.623274],[0.152592,51.623302],[0.15275,51.623316],[0.153062,51.623327],[0.153355,51.62332],[0.154584,51.623333],[0.154898,51.623343],[0.155207,51.623345],[0.155518,51.623338],[0.155885,51.623319],[0.156484,51.623272],[0.157347,51.623182],[0.213329,51.475974]]],[[[0.166543,51.431332],[0.166649,51.43131],[0.166667,51.431296],[0.166658,51.431275],[0.166543,51.431332]]]]}},{"id":"3","type":"Feature","properties":{},"geometry":{"type":"Polygon","coordinates":[[[0.06738,51.480288],[-0.00584,51.441167],[-0.071736,51.470085],[-0.087295,51.554724],[0.049159,51.61777],[0.049918,51.617875],[0.050608,51.617984],[0.051327,51.618116],[0.052346,51.618295],[0.053072,51.618422],[0.053244,51.618404],[0.053347,51.618304],[0.053501,51.618276],[0.053685,51.618278],[0.05401,51.617936],[0.054222,51.617768],[0.054261,51.617731],[0.054354,51.617622],[0.054365,51.617599],[0.054372,51.617554],[0.054364,51.617514],[0.054308,51.617398],[0.054276,51.617332],[0.054188,51.617195],[0.05415,51.617104],[0.054147,51.617056],[0.054172,51.616974],[0.054229,51.616916],[0.054249,51.616882],[0.054256,51.616847],[0.054248,51.616808],[0.054225,51.616764],[0.054185,51.616719],[0.054112,51.616665],[0.053661,51.61646],[0.053597,51.616408],[0.053559,51.616387],[0.053463,51.616351],[0.053404,51.61634],[0.053321,51.616333],[0.053245,51.616337],[0.053182,51.616348],[0.053122,51.616368],[0.052982,51.616441],[0.052929,51.616482],[0.052797,51.616602],[0.05272,51.616652],[0.052631,51.616695],[0.052531,51.61673],[0.052423,51.616759],[0.0523,51.61678],[0.052122,51.616798],[0.051975,51.616808],[0.051769,51.616801],[0.051701,51.616794],[0.051651,51.616781],[0.05156,51.616743],[0.05145,51.616671],[0.051395,51.616645],[0.051318,51.616621],[0.050741,51.616519],[0.050515,51.616501],[0.050188,51.616408],[0.05015,51.616389],[0.050083,51.616345],[0.050003,51.616269],[0.049933,51.616187],[0.049814,51.616012],[0.049751,51.615942],[0.04966,51.615861],[0.049543,51.615779],[0.049431,51.615711],[0.04933,51.615664],[0.049041,51.615555],[0.048925,51.615497],[0.048827,51.615435],[0.048764,51.615383],[0.048717,51.615334],[0.048457,51.61498],[0.048348,51.614773],[0.048308,51.614676],[0.048286,51.614601],[0.048278,51.614528],[0.048282,51.61446],[0.048328,51.614289],[0.048337,51.614272],[0.048478,51.614127],[0.048501,51.614091],[0.048511,51.614059],[0.048509,51.613991],[0.048487,51.613952],[0.048442,51.613898],[0.048385,51.61385],[0.048232,51.61376],[0.048175,51.61372],[0.048122,51.613671],[0.048081,51.61362],[0.048048,51.613559],[0.04803,51.613503],[0.048026,51.613448],[0.048036,51.613385],[0.048068,51.613321],[0.04812,51.613263],[0.048187,51.613212],[0.048205,51.613201],[0.04839,51.613398],[0.04854,51.61351],[0.048682,51.613578],[0.048789,51.613591],[0.048895,51.61357],[0.049034,51.61352],[0.050043,51.613106],[0.050834,51.612757],[0.051576,51.612416],[0.051853,51.612308],[0.051979,51.612259],[0.052448,51.612075],[0.052605,51.612014],[0.052809,51.61191],[0.053123,51.611741],[0.053425,51.61157],[0.054055,51.611238],[0.055989,51.610295],[0.056468,51.610067],[0.057417,51.609672],[0.058316,51.609264],[0.058609,51.609134],[0.059284,51.608837],[0.059973,51.608582],[0.060151,51.608505],[0.060671,51.608275],[0.061137,51.608006],[0.061118,51.607928],[0.061609,51.607671],[0.061746,51.607651],[0.062033,51.607447],[0.062519,51.607076],[0.062529,51.607068],[0.062541,51.607058],[0.062671,51.607052],[0.06738,51.480288]]]}},{"id":"4","type":"Feature","properties":{},"geometry":{"type":"Polygon","coordinates":[[[-0.119289,51.43616],[-0.071736,51.470085],[-0.00584,51.441167],[0.004027,51.323913],[0.003851,51.324237],[0.003725,51.324508],[0.003697,51.324874],[0.003576,51.325235],[0.003487,51.325688],[0.003372,51.326151],[0.003253,51.326527],[0.003156,51.326994],[0.00308,51.327154],[0.003074,51.327165],[0.002907,51.327517],[0.002729,51.328066],[0.002477,51.328633],[0.002342,51.328905],[0.002266,51.329138],[0.001056,51.329015],[0,51.328909],[-0.00059,51.328786],[-0.000778,51.329357],[-0.001184,51.32984],[-0.001705,51.330307],[-0.002329,51.330683],[-0.003558,51.331432],[-0.004692,51.332134],[-0.005057,51.332321],[-0.005667,51.332632],[-0.006728,51.333142],[-0.007238,51.333387],[-0.007147,51.333695],[-0.00813,51.333852],[-0.008256,51.333866],[-0.008382,51.333877],[-0.008508,51.333887],[-0.008635,51.333894],[-0.008763,51.3339],[-0.008889,51.333904],[-0.008915,51.333904],[-0.009042,51.333906],[-0.009169,51.333905],[-0.009297,51.333902],[-0.009423,51.333897],[-0.009551,51.33389],[-0.009678,51.333882],[-0.009805,51.333873],[-0.00993,51.333862],[-0.009953,51.33386],[-0.010115,51.333846],[-0.010277,51.33383],[-0.010436,51.333808],[-0.010484,51.3338],[-0.010551,51.333787],[-0.010616,51.333773],[-0.010681,51.333758],[-0.010687,51.333757],[-0.010902,51.333628],[-0.011021,51.333557],[-0.010884,51.333418],[-0.010691,51.333089],[-0.010946,51.332908],[-0.011914,51.332892],[-0.013348,51.331536],[-0.013455,51.331533],[-0.013632,51.331526],[-0.013712,51.331317],[-0.013715,51.330861],[-0.013774,51.330698],[-0.013975,51.330515],[-0.014231,51.330309],[-0.014336,51.329953],[-0.014356,51.329804],[-0.014514,51.329984],[-0.014638,51.330195],[-0.014857,51.33048],[-0.0151,51.330657],[-0.015181,51.330755],[-0.01525,51.331018],[-0.015377,51.331266],[-0.015557,51.331521],[-0.015968,51.332014],[-0.016244,51.332223],[-0.016562,51.332513],[-0.017058,51.332904],[-0.017234,51.332985],[-0.017386,51.333003],[-0.01781,51.332933],[-0.017842,51.332996],[-0.01797,51.333315],[-0.018162,51.333825],[-0.018312,51.334104],[-0.018801,51.334529],[-0.019014,51.334868],[-0.01913,51.335085],[-0.019188,51.335203],[-0.019406,51.335713],[-0.019473,51.33581],[-0.019543,51.335902],[-0.019766,51.336025],[-0.020075,51.336213],[-0.020441,51.336506],[-0.020529,51.336596],[-0.020537,51.33661],[-0.020472,51.336842],[-0.020584,51.337145],[-0.02123,51.33769],[-0.021448,51.337824],[-0.021755,51.337957],[-0.022084,51.3381],[-0.022398,51.338206],[-0.022899,51.338282],[-0.023656,51.338356],[-0.023913,51.338357],[-0.024096,51.338373],[-0.024285,51.338392],[-0.024693,51.338451],[-0.02513,51.338609],[-0.025497,51.33852],[-0.025985,51.33856],[-0.026207,51.338531],[-0.026467,51.33848],[-0.026895,51.338406],[-0.027458,51.338323],[-0.027728,51.338267],[-0.027992,51.338208],[-0.02848,51.338074],[-0.028817,51.337948],[-0.028996,51.337882],[-0.029142,51.337833],[-0.029502,51.337758],[-0.030212,51.337658],[-0.03039,51.337593],[-0.030512,51.337558],[-0.030707,51.337516],[-0.030893,51.337493],[-0.031036,51.337484],[-0.031845,51.337471],[-0.032102,51.337473],[-0.032325,51.337467],[-0.032797,51.337439],[-0.033097,51.337479],[-0.033356,51.337515],[-0.033701,51.337606],[-0.034305,51.337999],[-0.034521,51.338083],[-0.034655,51.33806],[-0.034893,51.338072],[-0.035375,51.338185],[-0.035832,51.338303],[-0.036301,51.338321],[-0.036848,51.338497],[-0.036971,51.338522],[-0.037097,51.338544],[-0.037398,51.338586],[-0.037669,51.338598],[-0.037918,51.338705],[-0.037993,51.338644],[-0.038503,51.338337],[-0.039308,51.337791],[-0.039495,51.337616],[-0.039842,51.337228],[-0.040015,51.336976],[-0.040183,51.336678],[-0.04043,51.336395],[-0.040534,51.336213],[-0.040632,51.33603],[-0.040704,51.335868],[-0.040922,51.335331],[-0.041086,51.334956],[-0.041332,51.334582],[-0.041993,51.333811],[-0.042909,51.33365],[-0.043407,51.333655],[-0.044521,51.333721],[-0.045007,51.33367],[-0.045451,51.33363],[-0.045904,51.333562],[-0.04658,51.333484],[-0.046916,51.333339],[-0.047389,51.333116],[-0.047808,51.333012],[-0.048181,51.332887],[-0.0485,51.33279],[-0.048692,51.332761],[-0.049092,51.332714],[-0.049293,51.332695],[-0.049686,51.332686],[-0.050151,51.332651],[-0.050287,51.33264],[-0.050127,51.332158],[-0.050099,51.332053],[-0.050634,51.331874],[-0.05086,51.331758],[-0.051068,51.331595],[-0.051126,51.331361],[-0.051133,51.331062],[-0.051107,51.330846],[-0.050686,51.330212],[-0.050471,51.33001],[-0.05026,51.329833],[-0.049818,51.329625],[-0.049468,51.329395],[-0.048971,51.328937],[-0.048776,51.328719],[-0.049096,51.328609],[-0.048572,51.328036],[-0.0484,51.327838],[-0.048145,51.327448],[-0.048035,51.327212],[-0.048013,51.327109],[-0.048061,51.327071],[-0.047983,51.326901],[-0.047855,51.326511],[-0.04785,51.326314],[-0.047909,51.325537],[-0.047896,51.325246],[-0.048214,51.325182],[-0.048233,51.325255],[-0.048444,51.325287],[-0.048785,51.325366],[-0.049265,51.325385],[-0.049553,51.325329],[-0.049792,51.325268],[-0.050022,51.324967],[-0.050471,51.324615],[-0.05071,51.32433],[-0.050853,51.324149],[-0.050894,51.324089],[-0.050917,51.324002],[-0.050971,51.32371],[-0.051002,51.32365],[-0.051039,51.323593],[-0.051294,51.323439],[-0.05132,51.322881],[-0.05134,51.32264],[-0.051334,51.322449],[-0.05179,51.3224],[-0.052252,51.322368],[-0.052508,51.322383],[-0.052615,51.322323],[-0.052905,51.322218],[-0.053108,51.322121],[-0.053659,51.321807],[-0.054206,51.321543],[-0.054909,51.321258],[-0.055047,51.321255],[-0.055741,51.321344],[-0.055954,51.321455],[-0.056279,51.321665],[-0.056512,51.321586],[-0.056735,51.321524],[-0.05704,51.32137],[-0.057689,51.32095],[-0.057845,51.320844],[-0.058138,51.320597],[-0.058419,51.320384],[-0.058782,51.320259],[-0.058875,51.32024],[-0.058951,51.320232],[-0.059063,51.320226],[-0.059619,51.320084],[-0.059769,51.320057],[-0.059957,51.320043],[-0.060142,51.320039],[-0.060246,51.320041],[-0.06049,51.320062],[-0.060685,51.320065],[-0.060882,51.319981],[-0.061002,51.319913],[-0.061405,51.319626],[-0.061566,51.31948],[-0.061768,51.31939],[-0.062034,51.319315],[-0.062106,51.319201],[-0.062448,51.319111],[-0.063307,51.318872],[-0.06382,51.318723],[-0.064021,51.318638],[-0.064075,51.318614],[-0.064113,51.318598],[-0.064152,51.318626],[-0.064154,51.318626],[-0.067765,51.318817],[-0.070055,51.318894],[-0.071043,51.321234],[-0.071589,51.321066],[-0.072691,51.320777],[-0.072792,51.320748],[-0.072982,51.320653],[-0.073471,51.320575],[-0.073916,51.320483],[-0.074229,51.320418],[-0.074804,51.320271],[-0.075147,51.320199],[-0.075462,51.320174],[-0.076137,51.320158],[-0.076154,51.320028],[-0.076879,51.319928],[-0.07737,51.319888],[-0.078435,51.319786],[-0.078951,51.31977],[-0.078931,51.319424],[-0.078868,51.31855],[-0.078857,51.318091],[-0.079295,51.31808],[-0.079381,51.318066],[-0.079464,51.318051],[-0.079485,51.318048],[-0.07954,51.318037],[-0.079595,51.318026],[-0.07965,51.318015],[-0.079703,51.318002],[-0.079757,51.317988],[-0.080031,51.317916],[-0.08022,51.317823],[-0.08044,51.31769],[-0.080584,51.317595],[-0.080826,51.317434],[-0.08115,51.317169],[-0.081076,51.31712],[-0.081109,51.317051],[-0.081263,51.316843],[-0.081399,51.316769],[-0.08157,51.316704],[-0.081804,51.316766],[-0.082009,51.316987],[-0.082118,51.317013],[-0.082235,51.316965],[-0.082267,51.316952],[-0.082581,51.316824],[-0.083099,51.316764],[-0.083583,51.316683],[-0.083631,51.316669],[-0.083689,51.316652],[-0.083618,51.316384],[-0.084222,51.316243],[-0.084829,51.315868],[-0.084288,51.315454],[-0.083898,51.315138],[-0.083494,51.314712],[-0.083221,51.31431],[-0.082903,51.313962],[-0.082346,51.313213],[-0.082189,51.313005],[-0.08192,51.31261],[-0.081853,51.31236],[-0.081749,51.311864],[-0.081849,51.311585],[-0.081924,51.311279],[-0.081959,51.310649],[-0.08227,51.310542],[-0.082466,51.31049],[-0.08258,51.310446],[-0.082743,51.310361],[-0.083055,51.310228],[-0.083216,51.310163],[-0.083337,51.3101],[-0.083473,51.310044],[-0.083634,51.309989],[-0.083865,51.309909],[-0.08404,51.309817],[-0.08547,51.309271],[-0.086605,51.308861],[-0.086677,51.308821],[-0.086744,51.308758],[-0.086827,51.3087],[-0.087569,51.30821],[-0.08843,51.307602],[-0.088509,51.307536],[-0.088638,51.307408],[-0.088852,51.30722],[-0.088751,51.306854],[-0.088751,51.30675],[-0.08878,51.306604],[-0.08878,51.306415],[-0.088789,51.30609],[-0.088769,51.305879],[-0.088667,51.305219],[-0.088759,51.305106],[-0.088819,51.305023],[-0.088859,51.304874],[-0.088885,51.304804],[-0.089174,51.304512],[-0.089197,51.304493],[-0.089523,51.304432],[-0.089604,51.304351],[-0.089633,51.304307],[-0.089679,51.304211],[-0.08971,51.304113],[-0.089733,51.303976],[-0.090744,51.303955],[-0.090892,51.303819],[-0.091199,51.303393],[-0.091067,51.30328],[-0.090904,51.303179],[-0.090986,51.30275],[-0.090932,51.302668],[-0.090979,51.302462],[-0.09099,51.302351],[-0.090995,51.301996],[-0.091196,51.301474],[-0.09325,51.300906],[-0.093366,51.300874],[-0.093694,51.300784],[-0.094414,51.300615],[-0.094807,51.300688],[-0.095307,51.301328],[-0.09567,51.301406],[-0.095747,51.30149],[-0.096058,51.30152],[-0.096387,51.301382],[-0.097405,51.301116],[-0.097287,51.300944],[-0.097381,51.300845],[-0.097402,51.300777],[-0.097375,51.300691],[-0.097203,51.300346],[-0.097272,51.300297],[-0.09695,51.300107],[-0.096353,51.2998],[-0.096134,51.299715],[-0.095803,51.299603],[-0.095548,51.299535],[-0.095357,51.299498],[-0.095149,51.299477],[-0.09444,51.299465],[-0.094304,51.29944],[-0.094352,51.299355],[-0.097857,51.297731],[-0.099279,51.297103],[-0.099377,51.297059],[-0.099597,51.29695],[-0.100178,51.296633],[-0.10039,51.296528],[-0.100573,51.296449],[-0.100727,51.296393],[-0.100803,51.29637],[-0.100848,51.296357],[-0.10093,51.296335],[-0.10113,51.296295],[-0.101167,51.296288],[-0.101506,51.296228],[-0.102158,51.296135],[-0.102317,51.296104],[-0.102473,51.296067],[-0.102665,51.296008],[-0.10303,51.295861],[-0.106447,51.294336],[-0.108288,51.293528],[-0.109001,51.293206],[-0.109389,51.293027],[-0.110192,51.292642],[-0.11108,51.292254],[-0.114675,51.292437],[-0.114762,51.292443],[-0.11485,51.292435],[-0.114906,51.292405],[-0.114879,51.292319],[-0.114861,51.292301],[-0.114716,51.29185],[-0.114622,51.291534],[-0.114823,51.291486],[-0.114901,51.29155],[-0.115144,51.291465],[-0.115077,51.291413],[-0.115086,51.291411],[-0.115162,51.291378],[-0.115314,51.291294],[-0.115561,51.291115],[-0.115447,51.291026],[-0.115756,51.29073],[-0.115858,51.290632],[-0.115967,51.290513],[-0.116281,51.290146],[-0.116371,51.289988],[-0.116383,51.289967],[-0.11643,51.289938],[-0.116458,51.28991],[-0.116481,51.28987],[-0.116618,51.289814],[-0.11675,51.289752],[-0.116896,51.289552],[-0.117008,51.289376],[-0.117085,51.289195],[-0.117099,51.289109],[-0.117045,51.288997],[-0.117084,51.28867],[-0.117124,51.288489],[-0.117441,51.28805],[-0.117626,51.287718],[-0.117741,51.287504],[-0.117807,51.287323],[-0.117802,51.287096],[-0.118279,51.287082],[-0.118675,51.287069],[-0.120373,51.286996],[-0.119289,51.43616]]]}},{"id":"5","type":"Feature","properties":{},"geometry":{"type":"Polygon","coordinates":[[[-0.266117,51.644072],[-0.265555,51.644042],[-0.265235,51.644017],[-0.264819,51.643902],[-0.264749,51.643915],[-0.264676,51.643863],[-0.264635,51.643833],[-0.264573,51.6438],[-0.264533,51.643751],[-0.264474,51.643702],[-0.264383,51.643624],[-0.264251,51.643833],[-0.264057,51.643781],[-0.263296,51.64483],[-0.263229,51.644809],[-0.263125,51.644778],[-0.262969,51.644719],[-0.262779,51.644629],[-0.262687,51.644577],[-0.262462,51.644422],[-0.262222,51.644281],[-0.262046,51.644194],[-0.261843,51.644115],[-0.261726,51.644057],[-0.261629,51.643989],[-0.261514,51.643891],[-0.261361,51.643759],[-0.261314,51.643706],[-0.261294,51.643672],[-0.261272,51.643592],[-0.261265,51.643407],[-0.261243,51.64334],[-0.261187,51.64325],[-0.26107,51.643098],[-0.261036,51.643042],[-0.260955,51.642866],[-0.260914,51.642808],[-0.26087,51.642764],[-0.260737,51.64267],[-0.260473,51.642536],[-0.260281,51.642458],[-0.260178,51.642425],[-0.260048,51.642391],[-0.259755,51.642329],[-0.2594,51.642241],[-0.259316,51.64222],[-0.258939,51.642144],[-0.25876,51.642118],[-0.258415,51.642083],[-0.258407,51.641991],[-0.257908,51.641964],[-0.257728,51.641939],[-0.257615,51.641914],[-0.257508,51.641883],[-0.257357,51.641829],[-0.257268,51.641956],[-0.25691,51.64258],[-0.256493,51.643142],[-0.256196,51.643489],[-0.255512,51.643242],[-0.255483,51.643285],[-0.255445,51.643339],[-0.25538,51.643431],[-0.254943,51.643555],[-0.254766,51.643605],[-0.254621,51.643646],[-0.254539,51.643689],[-0.25444,51.64376],[-0.254069,51.644178],[-0.253694,51.644712],[-0.252991,51.645625],[-0.252584,51.646141],[-0.252275,51.646561],[-0.252071,51.646903],[-0.251901,51.64721],[-0.251765,51.647496],[-0.251582,51.647949],[-0.251419,51.648353],[-0.251404,51.648393],[-0.251297,51.648703],[-0.251217,51.648932],[-0.251079,51.649448],[-0.250889,51.650237],[-0.250445,51.652088],[-0.249881,51.654611],[-0.250378,51.654666],[-0.250593,51.654714],[-0.250757,51.654771],[-0.250816,51.654806],[-0.250916,51.654879],[-0.251072,51.654986],[-0.251171,51.655064],[-0.251357,51.655214],[-0.251281,51.655266],[-0.251206,51.655318],[-0.251277,51.655514],[-0.251275,51.655536],[-0.251232,51.655678],[-0.251178,51.65573],[-0.251062,51.655806],[-0.250835,51.655927],[-0.250607,51.656054],[-0.250484,51.656077],[-0.250435,51.656097],[-0.250409,51.656105],[-0.250277,51.656139],[-0.25011,51.656047],[-0.249978,51.656036],[-0.249871,51.656065],[-0.249736,51.656168],[-0.249373,51.656054],[-0.249007,51.655942],[-0.248902,51.655851],[-0.248511,51.655645],[-0.248295,51.655563],[-0.24802,51.655375],[-0.24789,51.655245],[-0.246763,51.655575],[-0.246499,51.655679],[-0.246029,51.655864],[-0.245858,51.655916],[-0.245156,51.656129],[-0.244715,51.65631],[-0.244413,51.656493],[-0.244171,51.656545],[-0.244011,51.65658],[-0.243923,51.656598],[-0.243649,51.656686],[-0.243381,51.656744],[-0.24319,51.656766],[-0.243009,51.656767],[-0.242868,51.656776],[-0.242711,51.656797],[-0.2426,51.656823],[-0.242393,51.656873],[-0.24213,51.656958],[-0.241909,51.657046],[-0.24139,51.657201],[-0.241018,51.656832],[-0.239983,51.657173],[-0.239644,51.657273],[-0.239224,51.657396],[-0.238493,51.65764],[-0.237996,51.657786],[-0.2383,51.658247],[-0.237691,51.658405],[-0.237268,51.658592],[-0.237115,51.658619],[-0.237008,51.658663],[-0.236703,51.658772],[-0.23649,51.658824],[-0.236216,51.65888],[-0.235781,51.658942],[-0.235142,51.659016],[-0.234951,51.659005],[-0.234732,51.658998],[-0.234413,51.658568],[-0.234252,51.65825],[-0.234097,51.658325],[-0.233889,51.658363],[-0.233564,51.658423],[-0.233268,51.658522],[-0.232452,51.658799],[-0.231298,51.659211],[-0.231154,51.659296],[-0.23104,51.659361],[-0.230727,51.659405],[-0.230582,51.659459],[-0.230126,51.659659],[-0.229918,51.659734],[-0.229773,51.659726],[-0.229488,51.659859],[-0.228944,51.659973],[-0.228838,51.659916],[-0.228691,51.659937],[-0.228514,51.659962],[-0.228441,51.65955],[-0.228386,51.659387],[-0.228294,51.659207],[-0.228476,51.659189],[-0.228236,51.658845],[-0.228083,51.658588],[-0.227993,51.658472],[-0.22732,51.657878],[-0.227002,51.657558],[-0.226635,51.657268],[-0.226487,51.657159],[-0.226365,51.657223],[-0.225888,51.657474],[-0.226069,51.657623],[-0.22559,51.657853],[-0.224999,51.658115],[-0.223938,51.658604],[-0.222903,51.659155],[-0.221628,51.65975],[-0.221262,51.659973],[-0.220264,51.660463],[-0.219826,51.660658],[-0.21944,51.660751],[-0.219272,51.660797],[-0.218919,51.660058],[-0.217152,51.660616],[-0.214805,51.661692],[-0.214547,51.661842],[-0.213526,51.662322],[-0.213418,51.662375],[-0.212839,51.661947],[-0.21245,51.661588],[-0.21216,51.66135],[-0.211909,51.661477],[-0.211561,51.661611],[-0.211039,51.661809],[-0.210012,51.662172],[-0.208123,51.662793],[-0.208005,51.662826],[-0.207889,51.662858],[-0.209724,51.665301],[-0.210446,51.666129],[-0.211159,51.666952],[-0.209863,51.66756],[-0.207984,51.666591],[-0.207452,51.667115],[-0.207087,51.667425],[-0.205761,51.668483],[-0.205659,51.668598],[-0.204735,51.668482],[-0.203887,51.668332],[-0.203581,51.668224],[-0.203296,51.668162],[-0.203188,51.668089],[-0.202858,51.668005],[-0.202695,51.667934],[-0.202255,51.667802],[-0.202405,51.668455],[-0.202547,51.668959],[-0.202617,51.669127],[-0.202633,51.669311],[-0.203378,51.670123],[-0.202406,51.67007],[-0.201811,51.670056],[-0.201089,51.670064],[-0.200145,51.670126],[-0.199896,51.670167],[-0.1997,51.66986],[-0.19953,51.669366],[-0.199375,51.66901],[-0.199229,51.668734],[-0.199138,51.668503],[-0.19903,51.668203],[-0.198879,51.668204],[-0.198735,51.668209],[-0.19862,51.668207],[-0.197385,51.668184],[-0.196961,51.668159],[-0.196639,51.668143],[-0.196184,51.668526],[-0.19565,51.66843],[-0.194877,51.668302],[-0.195319,51.667628],[-0.195347,51.667512],[-0.195632,51.667072],[-0.196072,51.666368],[-0.196673,51.665495],[-0.19669,51.665479],[-0.195777,51.665306],[-0.195161,51.665205],[-0.193852,51.664988],[-0.192556,51.664746],[-0.192274,51.664664],[-0.19185,51.6645],[-0.191554,51.664347],[-0.191244,51.664103],[-0.191092,51.663893],[-0.191032,51.663945],[-0.19097,51.663982],[-0.190358,51.664719],[-0.189414,51.665826],[-0.189492,51.665856],[-0.188978,51.666489],[-0.187815,51.667876],[-0.185829,51.668506],[-0.18499,51.668547],[-0.184968,51.668488],[-0.183118,51.668604],[-0.182146,51.66864],[-0.181957,51.668648],[-0.181853,51.668728],[-0.181569,51.668945],[-0.179957,51.669976],[-0.179423,51.670331],[-0.178325,51.671038],[-0.177871,51.671354],[-0.176737,51.672096],[-0.176956,51.672527],[-0.177031,51.672676],[-0.176411,51.672642],[-0.175466,51.672589],[-0.175683,51.67316],[-0.175355,51.673446],[-0.174984,51.673212],[-0.172498,51.673088],[-0.1716,51.674017],[-0.170346,51.675364],[-0.169967,51.675774],[-0.168258,51.67763],[-0.167849,51.678097],[-0.167059,51.678909],[-0.16547,51.680595],[-0.165358,51.68067],[-0.165198,51.680805],[-0.164692,51.681325],[-0.163632,51.6824],[-0.163593,51.684395],[-0.16356,51.68451],[-0.163502,51.685079],[-0.163497,51.685623],[-0.163522,51.685861],[-0.163528,51.685919],[-0.163579,51.686244],[-0.16359,51.686697],[-0.163522,51.687486],[-0.163518,51.688112],[-0.163193,51.6881],[-0.162713,51.688094],[-0.1621,51.687997],[-0.161512,51.687877],[-0.161042,51.687758],[-0.160524,51.687693],[-0.160018,51.687615],[-0.159674,51.687583],[-0.159253,51.687494],[-0.158017,51.687238],[-0.157713,51.687154],[-0.157672,51.687141],[-0.157632,51.687128],[-0.157592,51.687113],[-0.157552,51.687098],[-0.157514,51.687083],[-0.15748,51.687068],[-0.157443,51.687051],[-0.157406,51.687033],[-0.15737,51.687015],[-0.157335,51.686996],[-0.157302,51.686977],[-0.157279,51.686961],[-0.157255,51.686943],[-0.157234,51.686926],[-0.157213,51.686908],[-0.157192,51.68689],[-0.157172,51.686876],[-0.157151,51.686863],[-0.15713,51.686851],[-0.157108,51.686839],[-0.157086,51.686828],[-0.157079,51.686825],[-0.156906,51.686763],[-0.156229,51.686537],[-0.15562,51.686376],[-0.154904,51.686201],[-0.154691,51.68615],[-0.153992,51.686003],[-0.153283,51.685854],[-0.152662,51.685758],[-0.15202,51.685686],[-0.151469,51.685624],[-0.151011,51.685589],[-0.150486,51.685541],[-0.14984,51.685532],[-0.149395,51.685515],[-0.148775,51.685606],[-0.147924,51.685768],[-0.147363,51.685859],[-0.146651,51.685924],[-0.14614,51.686005],[-0.145617,51.68613],[-0.145373,51.686235],[-0.145045,51.686267],[-0.144683,51.686332],[-0.144087,51.686507],[-0.143513,51.686704],[-0.143293,51.686779],[-0.142408,51.687085],[-0.141605,51.687353],[-0.141003,51.68753],[-0.140347,51.687718],[-0.139611,51.687918],[-0.138936,51.688074],[-0.138426,51.688206],[-0.137682,51.688362],[-0.136937,51.688486],[-0.136177,51.688601],[-0.135404,51.688722],[-0.134675,51.688803],[-0.134237,51.688685],[-0.133828,51.688705],[-0.133755,51.688721],[-0.133713,51.688766],[-0.13371,51.688836],[-0.133281,51.68888],[-0.132794,51.68891],[-0.132186,51.688909],[-0.131267,51.688893],[-0.130275,51.688913],[-0.129809,51.6889],[-0.129457,51.68889],[-0.128737,51.688872],[-0.127916,51.688854],[-0.127215,51.688808],[-0.126648,51.688777],[-0.126033,51.688742],[-0.125106,51.688685],[-0.124159,51.688646],[-0.123065,51.688577],[-0.122649,51.688557],[-0.122564,51.688551],[-0.122477,51.688547],[-0.122391,51.688544],[-0.122382,51.688544],[-0.122295,51.688542],[-0.122208,51.688543],[-0.122121,51.688544],[-0.122055,51.688547],[-0.121979,51.68855],[-0.121905,51.688555],[-0.121831,51.688562],[-0.121764,51.688569],[-0.112369,51.573584],[-0.234012,51.548881],[-0.266117,51.644072]]]}},{"id":"6","type":"Feature","properties":{},"geometry":{"type":"Polygon","coordinates":[[[-0.112369,51.573584],[-0.121764,51.688569],[-0.121757,51.68857],[-0.121692,51.688577],[-0.121606,51.688588],[-0.121522,51.6886],[-0.121439,51.688613],[-0.121356,51.688628],[-0.121272,51.688645],[-0.121217,51.688657],[-0.120904,51.6887],[-0.120742,51.688724],[-0.12022,51.688826],[-0.119446,51.688927],[-0.118954,51.688981],[-0.118442,51.689033],[-0.118273,51.688935],[-0.117996,51.688981],[-0.118014,51.689109],[-0.11782,51.689218],[-0.116876,51.689434],[-0.116202,51.689663],[-0.115719,51.689844],[-0.115199,51.690023],[-0.114796,51.690156],[-0.114159,51.690301],[-0.113794,51.690427],[-0.113405,51.690592],[-0.112922,51.690819],[-0.112637,51.6909],[-0.112253,51.691009],[-0.111264,51.691204],[-0.11056,51.691328],[-0.109646,51.69149],[-0.109775,51.691672],[-0.109283,51.691743],[-0.108176,51.691817],[-0.10752,51.691859],[-0.106747,51.691873],[-0.106113,51.691874],[-0.105805,51.691873],[-0.105567,51.691872],[-0.104874,51.691848],[-0.10419,51.691796],[-0.103841,51.691773],[-0.103366,51.691683],[-0.102838,51.691566],[-0.102333,51.691478],[-0.101707,51.691362],[-0.101016,51.691283],[-0.100299,51.691186],[-0.099561,51.691112],[-0.099376,51.691016],[-0.098745,51.690948],[-0.098463,51.690923],[-0.098208,51.690839],[-0.097255,51.690608],[-0.096888,51.690552],[-0.096674,51.690472],[-0.096561,51.690491],[-0.095882,51.690328],[-0.095321,51.690182],[-0.095194,51.690164],[-0.094803,51.690111],[-0.094315,51.690079],[-0.093087,51.690032],[-0.092057,51.68997],[-0.091647,51.689935],[-0.091483,51.689921],[-0.091141,51.689926],[-0.090176,51.689896],[-0.089521,51.689915],[-0.089026,51.689933],[-0.088513,51.689983],[-0.087876,51.690056],[-0.087126,51.690131],[-0.086631,51.690135],[-0.086359,51.690157],[-0.086234,51.690167],[-0.085851,51.690158],[-0.0854,51.690143],[-0.084847,51.690084],[-0.083936,51.689962],[-0.083384,51.689812],[-0.082945,51.689721],[-0.082681,51.689666],[-0.082373,51.68956],[-0.082108,51.689469],[-0.082078,51.689459],[-0.082038,51.68944],[-0.081998,51.689423],[-0.081957,51.689406],[-0.081915,51.68939],[-0.081872,51.689374],[-0.081829,51.68936],[-0.081793,51.689348],[-0.081749,51.689336],[-0.081703,51.689324],[-0.081657,51.689313],[-0.08161,51.689302],[-0.081564,51.689292],[-0.081504,51.68928],[-0.081401,51.689258],[-0.081296,51.689239],[-0.081263,51.689233],[-0.081169,51.689218],[-0.081075,51.689204],[-0.08098,51.689191],[-0.080964,51.689189],[-0.080885,51.689181],[-0.080788,51.689171],[-0.080691,51.689163],[-0.080596,51.689157],[-0.080531,51.689154],[-0.079881,51.689078],[-0.079852,51.689077],[-0.079824,51.689075],[-0.0798,51.689073],[-0.079771,51.68907],[-0.079744,51.689067],[-0.079716,51.689063],[-0.079705,51.689061],[-0.079688,51.689057],[-0.07967,51.689053],[-0.079655,51.689048],[-0.079637,51.689043],[-0.079616,51.689036],[-0.079586,51.689026],[-0.079556,51.689016],[-0.079528,51.689005],[-0.079508,51.688996],[-0.079294,51.688943],[-0.079021,51.688912],[-0.078196,51.688571],[-0.07787,51.688426],[-0.077485,51.688256],[-0.076849,51.687988],[-0.076429,51.687813],[-0.075969,51.687655],[-0.075522,51.68746],[-0.075078,51.687286],[-0.075001,51.687261],[-0.074274,51.687026],[-0.073988,51.686955],[-0.073713,51.686848],[-0.073047,51.686593],[-0.072741,51.68647],[-0.072458,51.686356],[-0.072016,51.68617],[-0.071601,51.68601],[-0.071157,51.685791],[-0.070783,51.685606],[-0.070073,51.685272],[-0.069492,51.685004],[-0.069274,51.684914],[-0.068983,51.684793],[-0.068558,51.684629],[-0.067987,51.684402],[-0.067913,51.684382],[-0.067565,51.684274],[-0.067211,51.684127],[-0.066368,51.683843],[-0.065891,51.683725],[-0.065508,51.683626],[-0.065081,51.683528],[-0.064541,51.683417],[-0.064131,51.683344],[-0.063809,51.683329],[-0.06377,51.683324],[-0.063591,51.683316],[-0.063492,51.683294],[-0.063276,51.683207],[-0.062043,51.683006],[-0.061539,51.682957],[-0.061131,51.682904],[-0.060996,51.682898],[-0.060648,51.682884],[-0.060463,51.682876],[-0.059767,51.682844],[-0.059322,51.682846],[-0.05907,51.683014],[-0.058845,51.682996],[-0.058796,51.682921],[-0.057864,51.682929],[-0.057295,51.68298],[-0.057056,51.682983],[-0.056627,51.682986],[-0.055926,51.683094],[-0.055466,51.683167],[-0.055141,51.683255],[-0.054824,51.683333],[-0.054416,51.683334],[-0.054161,51.683327],[-0.053466,51.683359],[-0.052872,51.683379],[-0.052187,51.683481],[-0.051721,51.683533],[-0.05149,51.683576],[-0.051144,51.683697],[-0.051113,51.683706],[-0.050662,51.683837],[-0.05049,51.683891],[-0.050222,51.683974],[-0.04983,51.684101],[-0.049207,51.68427],[-0.049093,51.68408],[-0.048956,51.684047],[-0.04878,51.684023],[-0.048747,51.684013],[-0.048715,51.684003],[-0.048608,51.684001],[-0.048606,51.684001],[-0.048346,51.684075],[-0.048104,51.683879],[-0.047894,51.68371],[-0.047857,51.683689],[-0.047821,51.683668],[-0.047781,51.683648],[-0.047741,51.683628],[-0.047702,51.68361],[-0.047661,51.683592],[-0.047618,51.683575],[-0.047604,51.68357],[-0.047561,51.683553],[-0.047517,51.683538],[-0.047472,51.683524],[-0.047427,51.683511],[-0.047381,51.683497],[-0.047335,51.683486],[-0.047288,51.683474],[-0.047241,51.683464],[-0.047235,51.683463],[-0.047186,51.683453],[-0.047136,51.683445],[-0.047086,51.683437],[-0.047035,51.68343],[-0.046985,51.683424],[-0.046933,51.683419],[-0.046883,51.683414],[-0.046845,51.683411],[-0.046772,51.683405],[-0.046698,51.6834],[-0.046623,51.683397],[-0.046548,51.683395],[-0.046474,51.683393],[-0.046399,51.683394],[-0.046325,51.683395],[-0.04625,51.683398],[-0.046176,51.683402],[-0.046102,51.683407],[-0.046092,51.683408],[-0.045864,51.683417],[-0.045239,51.683442],[-0.044693,51.683431],[-0.044269,51.683432],[-0.044153,51.683411],[-0.043684,51.68335],[-0.043656,51.683339],[-0.043745,51.683171],[-0.043663,51.683159],[-0.043698,51.683094],[-0.042525,51.68303],[-0.042514,51.683112],[-0.042472,51.68311],[-0.041491,51.683045],[-0.04109,51.683019],[-0.039654,51.682918],[-0.037167,51.682806],[-0.037127,51.682804],[-0.037104,51.682803],[-0.037108,51.68274],[-0.03711,51.682701],[-0.03711,51.682695],[-0.037109,51.682675],[-0.037033,51.682674],[-0.037036,51.682595],[-0.036921,51.682588],[-0.034522,51.682464],[-0.034268,51.68245],[-0.034264,51.682537],[-0.033418,51.682492],[-0.03312,51.682476],[-0.032994,51.68247],[-0.032961,51.682507],[-0.030699,51.682418],[-0.03066,51.682542],[-0.029439,51.68243],[-0.028403,51.68233],[-0.027713,51.682248],[-0.027587,51.68219],[-0.027129,51.682121],[-0.026628,51.682082],[-0.025977,51.681994],[-0.025227,51.681871],[-0.024718,51.68178],[-0.024486,51.681728],[-0.024179,51.681659],[-0.023399,51.681525],[-0.023197,51.681593],[-0.022916,51.681556],[-0.02215,51.681479],[-0.020961,51.681291],[-0.019935,51.681166],[-0.019798,51.681149],[-0.019655,51.681139],[-0.018216,51.681042],[-0.017798,51.681009],[-0.01751,51.681007],[-0.016022,51.680999],[-0.015069,51.680986],[-0.014035,51.680949],[-0.012204,51.680877],[-0.011945,51.680875],[-0.011239,51.680869],[-0.011092,51.680867],[-0.011138,51.680733],[-0.011155,51.680685],[-0.011152,51.680434],[-0.011147,51.680068],[-0.011012,51.679599],[-0.010989,51.679518],[-0.010803,51.678936],[-0.010693,51.678426],[-0.010597,51.677942],[-0.01046,51.677296],[-0.010384,51.676842],[-0.010355,51.676662],[-0.01035,51.676632],[-0.010376,51.676403],[-0.010476,51.676199],[-0.010551,51.675956],[-0.010573,51.675881],[-0.01068,51.675502],[-0.01076,51.675227],[-0.010828,51.674994],[-0.010864,51.67479],[-0.010915,51.674479],[-0.011121,51.673335],[-0.011377,51.671916],[-0.011438,51.671245],[-0.011443,51.671179],[-0.011444,51.671113],[-0.011443,51.671046],[-0.011438,51.670979],[-0.011437,51.670965],[-0.011432,51.670898],[-0.011428,51.670875],[-0.011423,51.670832],[-0.011412,51.670766],[-0.011397,51.6707],[-0.011377,51.670635],[-0.01137,51.670618],[-0.011353,51.670578],[-0.011333,51.670538],[-0.011319,51.67051],[-0.011312,51.670498],[-0.011289,51.670459],[-0.011266,51.670419],[-0.011243,51.67038],[-0.01123,51.670356],[-0.010916,51.669796],[-0.010662,51.669488],[-0.010648,51.669454],[-0.010635,51.66942],[-0.010623,51.669386],[-0.010613,51.66935],[-0.010606,51.669316],[-0.010605,51.669311],[-0.010598,51.669275],[-0.010592,51.66924],[-0.010588,51.669205],[-0.010585,51.66917],[-0.010585,51.669135],[-0.010588,51.6691],[-0.010592,51.669065],[-0.010592,51.669062],[-0.010599,51.669037],[-0.010606,51.669013],[-0.010616,51.668989],[-0.010627,51.668965],[-0.01064,51.668941],[-0.010652,51.668917],[-0.010665,51.668893],[-0.010693,51.668845],[-0.010706,51.668822],[-0.010712,51.668811],[-0.010756,51.668732],[-0.010804,51.668655],[-0.010854,51.668577],[-0.010906,51.668501],[-0.010937,51.668459],[-0.010961,51.668431],[-0.010984,51.668402],[-0.011004,51.668372],[-0.011024,51.668343],[-0.011043,51.668313],[-0.01106,51.668282],[-0.011065,51.668274],[-0.011079,51.668243],[-0.011092,51.668213],[-0.011102,51.668181],[-0.011112,51.668149],[-0.011121,51.668118],[-0.011138,51.668054],[-0.011147,51.668024],[-0.011182,51.667893],[-0.011212,51.667762],[-0.011214,51.667754],[-0.011245,51.667604],[-0.011269,51.667454],[-0.011288,51.667303],[-0.011302,51.667153],[-0.011312,51.667002],[-0.011315,51.666851],[-0.011315,51.666767],[-0.011406,51.665402],[-0.011521,51.663938],[-0.01152,51.663889],[-0.011518,51.663842],[-0.011514,51.663793],[-0.011508,51.663744],[-0.011498,51.663696],[-0.011492,51.663668],[-0.011481,51.66362],[-0.011468,51.663572],[-0.011452,51.663525],[-0.011436,51.663478],[-0.011416,51.663431],[-0.011393,51.663384],[-0.011369,51.663338],[-0.011358,51.663318],[-0.011347,51.663296],[-0.01132,51.663255],[-0.01129,51.663214],[-0.011258,51.663174],[-0.011225,51.663134],[-0.011191,51.663095],[-0.011156,51.663056],[-0.01112,51.663017],[-0.011086,51.662977],[-0.011065,51.662953],[-0.010801,51.662647],[-0.010645,51.662474],[-0.01021,51.662043],[-0.009858,51.661769],[-0.009725,51.661666],[-0.009669,51.661623],[-0.009616,51.661581],[-0.009563,51.661537],[-0.009513,51.661493],[-0.009464,51.661448],[-0.009418,51.661402],[-0.009373,51.661356],[-0.00933,51.661308],[-0.00929,51.66126],[-0.00925,51.661212],[-0.009248,51.661207],[-0.009211,51.661158],[-0.009175,51.661108],[-0.009141,51.661058],[-0.009112,51.661007],[-0.009082,51.660955],[-0.009056,51.660903],[-0.009032,51.660852],[-0.009011,51.660799],[-0.008993,51.660746],[-0.008984,51.660718],[-0.008973,51.660673],[-0.008964,51.660628],[-0.008957,51.660582],[-0.008952,51.660537],[-0.008949,51.660491],[-0.008949,51.660445],[-0.008949,51.660399],[-0.008951,51.660353],[-0.008955,51.660307],[-0.008961,51.660262],[-0.008967,51.660216],[-0.008975,51.66017],[-0.00898,51.660144],[-0.008993,51.660089],[-0.009008,51.660035],[-0.009025,51.65998],[-0.009045,51.659926],[-0.009066,51.659872],[-0.00909,51.659819],[-0.009116,51.659766],[-0.009144,51.659713],[-0.009174,51.659661],[-0.009197,51.659625],[-0.009829,51.65798],[-0.010383,51.656586],[-0.010388,51.656572],[-0.011128,51.654784],[-0.011478,51.653886],[-0.011735,51.653231],[-0.011755,51.653182],[-0.011774,51.653133],[-0.011791,51.653083],[-0.011806,51.653034],[-0.011818,51.652984],[-0.01182,51.652978],[-0.01183,51.652927],[-0.011838,51.652876],[-0.011843,51.652826],[-0.011845,51.652807],[-0.011847,51.652753],[-0.011848,51.6527],[-0.011846,51.652647],[-0.011844,51.652594],[-0.011845,51.652586],[-0.011836,51.652409],[-0.011822,51.652231],[-0.011803,51.652055],[-0.011777,51.651879],[-0.011744,51.651703],[-0.011707,51.651532],[-0.011615,51.650783],[-0.011626,51.650346],[-0.01166,51.649756],[-0.011864,51.648846],[-0.011899,51.648688],[-0.0121,51.647304],[-0.012104,51.647285],[-0.012286,51.646228],[-0.012163,51.646196],[-0.012039,51.646222],[-0.012033,51.646257],[-0.011663,51.646391],[-0.011542,51.64642],[-0.011123,51.6464],[-0.010778,51.646369],[-0.010648,51.646343],[-0.010542,51.646321],[-0.010403,51.646294],[-0.010376,51.646322],[-0.010202,51.646513],[-0.00924,51.646527],[-0.009008,51.646513],[-0.008846,51.646496],[-0.008619,51.646462],[-0.008363,51.646399],[-0.008003,51.646323],[-0.007626,51.646216],[-0.00737,51.64616],[-0.007748,51.645847],[-0.008014,51.64552],[-0.007939,51.64546],[-0.007972,51.64528],[-0.00799,51.645236],[-0.00802,51.645194],[-0.008247,51.644978],[-0.008347,51.644682],[-0.008472,51.644497],[-0.0083,51.644496],[-0.008311,51.64429],[-0.008307,51.64415],[-0.008284,51.643945],[-0.008285,51.643761],[-0.008298,51.643659],[-0.008218,51.643607],[-0.008164,51.643581],[-0.008037,51.643539],[-0.007931,51.643516],[-0.007307,51.643443],[-0.006683,51.643332],[-0.006253,51.643324],[-0.006051,51.643322],[-0.005803,51.643341],[-0.00566,51.643356],[-0.005519,51.643376],[-0.004586,51.643537],[-0.004451,51.643318],[-0.004421,51.64324],[-0.004395,51.643199],[-0.004366,51.643167],[-0.004235,51.643061],[-0.004099,51.642868],[-0.00401,51.642716],[-0.003682,51.642832],[-0.002948,51.643119],[-0.002157,51.643393],[-0.001847,51.643496],[-0.001109,51.643675],[-0.000881,51.643705],[-0.000521,51.64371],[-0.000313,51.643635],[-0.000483,51.643532],[-0.000407,51.643482],[-0.00037,51.643452],[-0.00031,51.643377],[-0.000294,51.64334],[-0.000279,51.643254],[0.000072,51.642646],[0.000178,51.642437],[0.000349,51.642234],[0.00046,51.642127],[0.000578,51.642024],[0.000798,51.641862],[0.000908,51.6418],[0.001041,51.641761],[0.00123,51.641761],[0.001432,51.641753],[0.00163,51.641677],[0.002081,51.641647],[0.002525,51.641665],[0.002782,51.641657],[0.002948,51.641636],[0.002988,51.641601],[0.003183,51.641602],[0.00347,51.641653],[0.003507,51.64154],[0.004285,51.64154],[0.005051,51.641574],[0.005453,51.641598],[0.005838,51.641643],[0.006117,51.64166],[0.006383,51.641647],[0.006527,51.641647],[0.006594,51.641645],[0.007017,51.641594],[0.007384,51.641586],[0.008396,51.641471],[0.008948,51.641425],[0.009663,51.641459],[0.009769,51.641457],[0.009872,51.641448],[0.010016,51.641425],[0.010734,51.641363],[0.011027,51.641305],[0.011145,51.641275],[0.011432,51.641188],[0.011488,51.641176],[0.011567,51.641167],[0.011711,51.641165],[0.011955,51.641151],[0.012154,51.64114],[0.012444,51.641109],[0.01278,51.641052],[0.013455,51.640881],[0.013964,51.640831],[0.014136,51.640824],[0.014422,51.640719],[0.014603,51.640668],[0.014845,51.640617],[0.015108,51.64058],[0.015807,51.640433],[0.016369,51.640348],[0.016778,51.640297],[0.017394,51.640257],[0.018097,51.640262],[0.019326,51.640336],[0.020053,51.640446],[0.021806,51.640921],[0.021807,51.640921],[0.022693,51.641114],[0.022703,51.641087],[0.022839,51.640554],[0.022981,51.640045],[0.022939,51.639517],[0.022954,51.638725],[0.023031,51.637919],[0.023056,51.637717],[0.023931,51.63755],[0.024684,51.637451],[0.024895,51.637438],[0.02498,51.637354],[0.025133,51.637288],[0.024999,51.63713],[0.024911,51.63701],[0.024853,51.636915],[0.02481,51.63682],[0.024781,51.636722],[0.024762,51.636618],[0.024693,51.636338],[0.024686,51.636214],[0.024686,51.63605],[0.024705,51.635958],[0.024739,51.635867],[0.024783,51.635782],[0.024938,51.635539],[0.024969,51.635497],[0.025198,51.635248],[0.02521,51.635246],[0.025415,51.635025],[0.025643,51.634824],[0.025712,51.634564],[0.025547,51.634381],[0.025395,51.634095],[0.024987,51.63347],[0.024596,51.632958],[0.024446,51.632674],[0.024303,51.632388],[0.024047,51.631825],[0.023847,51.63128],[0.023817,51.631166],[0.023873,51.631127],[0.023808,51.630937],[0.023865,51.630909],[0.0239,51.630896],[0.023864,51.630796],[0.023725,51.630726],[0.023691,51.6307],[0.022481,51.629792],[0.022134,51.62943],[0.021793,51.628831],[0.022022,51.628725],[0.022549,51.628479],[0.022963,51.628286],[0.023938,51.627846],[0.024362,51.627622],[0.024452,51.627575],[0.024562,51.627517],[0.024886,51.627323],[0.025864,51.626719],[0.026362,51.626308],[0.026465,51.62617],[0.026597,51.626048],[0.026662,51.625998],[0.026808,51.625906],[0.026942,51.625843],[0.027022,51.62582],[0.027116,51.625797],[0.027397,51.625749],[0.027545,51.62573],[0.027773,51.62571],[0.027909,51.625687],[0.02802,51.625659],[0.02812,51.625623],[0.028256,51.625563],[0.028548,51.625381],[0.028866,51.625213],[0.029056,51.625112],[0.029065,51.625099],[0.028937,51.624672],[0.029292,51.624636],[0.029304,51.624607],[0.029416,51.624393],[0.029461,51.624328],[0.029561,51.624217],[0.029638,51.624159],[0.029825,51.624046],[0.030701,51.623635],[0.030498,51.623291],[0.031444,51.623099],[0.031609,51.622976],[0.031669,51.622931],[0.032141,51.622649],[0.03237,51.622504],[0.032595,51.62236],[0.032755,51.622242],[0.032877,51.622128],[0.032994,51.621992],[0.034001,51.621081],[0.034168,51.620911],[0.034244,51.620801],[0.034277,51.620764],[0.034559,51.620552],[0.034681,51.620465],[0.035459,51.61997],[0.035653,51.619806],[0.035961,51.61953],[0.036097,51.619437],[0.036347,51.619243],[0.036674,51.618908],[0.037031,51.618604],[0.03736,51.618391],[0.037451,51.618324],[0.037505,51.618137],[0.037519,51.617899],[0.03758,51.617864],[0.037716,51.61792],[0.038372,51.617492],[0.038408,51.617525],[0.040188,51.616409],[0.040084,51.616245],[0.039988,51.616096],[0.040152,51.616045],[0.040178,51.616036],[0.040382,51.615973],[0.040677,51.615881],[0.040689,51.615878],[0.040646,51.615817],[0.040629,51.615794],[0.040769,51.615724],[0.040876,51.615674],[0.040974,51.615791],[0.041085,51.61591],[0.041255,51.616042],[0.041518,51.616181],[0.041842,51.616368],[0.04216,51.616511],[0.042489,51.616638],[0.042886,51.616779],[0.043224,51.616844],[0.043679,51.61694],[0.04429,51.617029],[0.044832,51.617137],[0.045189,51.617204],[0.045406,51.617245],[0.04613,51.617226],[0.046177,51.617376],[0.046276,51.617389],[0.046286,51.617386],[0.046395,51.617347],[0.047054,51.617347],[0.047834,51.617409],[0.047926,51.617512],[0.049095,51.617761],[0.049159,51.61777],[-0.087295,51.554724],[-0.112369,51.573584]]]}},{"id":"7","type":"Feature","properties":{},"geometry":{"type":"Polygon","coordinates":[[[-0.24042,51.534485],[-0.206781,51.447382],[-0.248708,51.380014],[-0.248723,51.38001],[-0.248762,51.379999],[-0.248788,51.379992],[-0.248805,51.379987],[-0.248816,51.379983],[-0.248841,51.379975],[-0.248844,51.379974],[-0.248847,51.379973],[-0.248856,51.37997],[-0.248866,51.379967],[-0.248888,51.379958],[-0.248889,51.379958],[-0.248972,51.379926],[-0.249103,51.379877],[-0.249173,51.379852],[-0.249237,51.379828],[-0.249241,51.379827],[-0.249403,51.379768],[-0.249448,51.379752],[-0.249498,51.379735],[-0.249499,51.379734],[-0.249505,51.379741],[-0.249519,51.379737],[-0.249658,51.379687],[-0.249876,51.379609],[-0.249951,51.379582],[-0.249996,51.379566],[-0.25014,51.379515],[-0.250194,51.379496],[-0.250209,51.37949],[-0.250196,51.379477],[-0.250312,51.379433],[-0.250374,51.379407],[-0.250494,51.379362],[-0.250688,51.379298],[-0.250791,51.379264],[-0.250802,51.379274],[-0.250876,51.379251],[-0.250966,51.379222],[-0.250998,51.379212],[-0.251066,51.37919],[-0.251074,51.379188],[-0.251167,51.379158],[-0.251348,51.379099],[-0.251351,51.379103],[-0.251444,51.379078],[-0.251609,51.379034],[-0.251663,51.379019],[-0.251719,51.379004],[-0.251773,51.37899],[-0.251827,51.378976],[-0.25188,51.378963],[-0.251934,51.37895],[-0.251992,51.378938],[-0.25209,51.378918],[-0.252108,51.378915],[-0.252161,51.378905],[-0.252213,51.378895],[-0.252267,51.378886],[-0.252337,51.378875],[-0.252345,51.378874],[-0.25241,51.378865],[-0.252481,51.378855],[-0.252565,51.378844],[-0.252649,51.378834],[-0.252876,51.378808],[-0.25297,51.378797],[-0.253096,51.378785],[-0.253141,51.378783],[-0.253306,51.378774],[-0.253421,51.378769],[-0.253528,51.378767],[-0.253582,51.378767],[-0.253652,51.378763],[-0.253738,51.378758],[-0.253795,51.378756],[-0.253906,51.37875],[-0.254012,51.378749],[-0.254172,51.37875],[-0.254362,51.378747],[-0.254385,51.378747],[-0.254436,51.378747],[-0.254549,51.37874],[-0.254609,51.37874],[-0.254632,51.37874],[-0.25477,51.378743],[-0.254817,51.378744],[-0.254907,51.378745],[-0.255248,51.378748],[-0.255314,51.378749],[-0.255465,51.37875],[-0.255609,51.378753],[-0.255655,51.378754],[-0.255787,51.378758],[-0.255904,51.378765],[-0.256067,51.378777],[-0.256203,51.378785],[-0.256327,51.378791],[-0.256483,51.378797],[-0.256615,51.378801],[-0.256695,51.378805],[-0.256746,51.378807],[-0.256766,51.378808],[-0.256882,51.378813],[-0.256971,51.378818],[-0.25702,51.37882],[-0.257042,51.378821],[-0.257155,51.378832],[-0.257176,51.378834],[-0.257185,51.378836],[-0.257189,51.378837],[-0.257284,51.378848],[-0.257414,51.378865],[-0.257431,51.378867],[-0.257587,51.378876],[-0.257748,51.37889],[-0.257802,51.378893],[-0.257858,51.378903],[-0.257961,51.378908],[-0.258073,51.378914],[-0.258178,51.378916],[-0.258236,51.37892],[-0.258295,51.37894],[-0.258396,51.378959],[-0.258543,51.378994],[-0.258701,51.379027],[-0.25891,51.379072],[-0.259113,51.379111],[-0.25921,51.379135],[-0.259256,51.379144],[-0.259312,51.379152],[-0.25939,51.379162],[-0.25946,51.379171],[-0.259521,51.379184],[-0.259592,51.3792],[-0.259671,51.379219],[-0.259875,51.379259],[-0.259966,51.379284],[-0.260074,51.379313],[-0.260229,51.379352],[-0.260225,51.379365],[-0.260218,51.379385],[-0.260214,51.379398],[-0.260338,51.379408],[-0.260341,51.379409],[-0.260434,51.379438],[-0.26056,51.379477],[-0.260708,51.379523],[-0.260935,51.379595],[-0.260995,51.379601],[-0.261015,51.379597],[-0.261016,51.379597],[-0.26102,51.379595],[-0.261024,51.379593],[-0.261027,51.37959],[-0.261029,51.379588],[-0.26103,51.379585],[-0.261051,51.379531],[-0.261076,51.379475],[-0.261091,51.379437],[-0.261116,51.379408],[-0.261143,51.379375],[-0.26118,51.379319],[-0.261193,51.379295],[-0.2612,51.379283],[-0.261232,51.379242],[-0.261253,51.379205],[-0.261267,51.379176],[-0.26127,51.379168],[-0.261274,51.37916],[-0.261278,51.379152],[-0.261282,51.379142],[-0.261291,51.379121],[-0.261308,51.379059],[-0.261335,51.378938],[-0.261364,51.378833],[-0.261384,51.378762],[-0.261404,51.378728],[-0.261414,51.378661],[-0.261418,51.37863],[-0.261427,51.378598],[-0.261428,51.378536],[-0.261429,51.378504],[-0.261431,51.378496],[-0.261434,51.378488],[-0.261437,51.37848],[-0.261442,51.378472],[-0.261448,51.378464],[-0.261455,51.378457],[-0.261499,51.378419],[-0.261556,51.378364],[-0.261582,51.378348],[-0.261671,51.378282],[-0.261748,51.378222],[-0.261814,51.378169],[-0.261825,51.378161],[-0.261836,51.378152],[-0.261844,51.378144],[-0.261854,51.378135],[-0.261861,51.378125],[-0.261869,51.378116],[-0.261879,51.378102],[-0.261882,51.378095],[-0.261915,51.378039],[-0.261935,51.378006],[-0.261964,51.377961],[-0.262014,51.377876],[-0.262068,51.377797],[-0.262093,51.377755],[-0.26213,51.377698],[-0.262175,51.377624],[-0.262215,51.377571],[-0.262249,51.377503],[-0.262271,51.377459],[-0.262291,51.377411],[-0.262376,51.377342],[-0.262466,51.37726],[-0.262551,51.377198],[-0.262655,51.377146],[-0.262852,51.377064],[-0.262858,51.377061],[-0.26291,51.377035],[-0.262936,51.37702],[-0.262998,51.376987],[-0.263053,51.376954],[-0.263107,51.376927],[-0.263175,51.376889],[-0.263238,51.376852],[-0.263286,51.376822],[-0.26334,51.376783],[-0.263428,51.376722],[-0.263502,51.376674],[-0.263663,51.37655],[-0.263874,51.376385],[-0.263973,51.376309],[-0.264061,51.376237],[-0.264138,51.376153],[-0.264205,51.376084],[-0.264271,51.376012],[-0.264329,51.375946],[-0.264378,51.375884],[-0.264444,51.375809],[-0.264501,51.375747],[-0.264556,51.375695],[-0.264608,51.375649],[-0.264648,51.375618],[-0.264685,51.375594],[-0.264737,51.37557],[-0.26482,51.375535],[-0.264914,51.375495],[-0.265634,51.375153],[-0.266138,51.374912],[-0.266486,51.374747],[-0.266802,51.374597],[-0.267309,51.374347],[-0.267735,51.374141],[-0.268155,51.37394],[-0.26857,51.373749],[-0.268693,51.373694],[-0.268842,51.373623],[-0.269008,51.37356],[-0.26901,51.373559],[-0.269064,51.373539],[-0.269204,51.373487],[-0.269549,51.373378],[-0.270175,51.373164],[-0.270189,51.373159],[-0.271682,51.372656],[-0.272038,51.372534],[-0.272163,51.372468],[-0.272324,51.372366],[-0.27247,51.372248],[-0.272473,51.372246],[-0.272682,51.372075],[-0.272826,51.371985],[-0.27286,51.371971],[-0.272899,51.37195],[-0.272983,51.371913],[-0.273037,51.371891],[-0.273164,51.371834],[-0.273276,51.371773],[-0.273299,51.371758],[-0.273361,51.371716],[-0.273389,51.371696],[-0.273438,51.371653],[-0.273466,51.371627],[-0.273486,51.371611],[-0.273504,51.371592],[-0.273534,51.371556],[-0.273571,51.371514],[-0.273618,51.37146],[-0.273728,51.371334],[-0.273756,51.3713],[-0.27382,51.371183],[-0.273947,51.370974],[-0.274015,51.370812],[-0.274046,51.370657],[-0.274263,51.370593],[-0.274389,51.370566],[-0.274636,51.370511],[-0.274985,51.370407],[-0.275,51.370403],[-0.275387,51.370253],[-0.275421,51.370238],[-0.27565,51.370136],[-0.275856,51.370015],[-0.275987,51.369905],[-0.276002,51.369892],[-0.276121,51.369766],[-0.276132,51.369752],[-0.276206,51.369646],[-0.276267,51.369467],[-0.276312,51.369288],[-0.276308,51.36927],[-0.276284,51.369172],[-0.276294,51.369069],[-0.276433,51.36892],[-0.276523,51.368853],[-0.276584,51.368809],[-0.276632,51.368792],[-0.276814,51.368728],[-0.277003,51.368626],[-0.27706,51.368595],[-0.277267,51.368515],[-0.277472,51.368457],[-0.277549,51.368435],[-0.27755,51.368435],[-0.277917,51.368381],[-0.277923,51.36838],[-0.277932,51.368379],[-0.278066,51.368359],[-0.278476,51.368299],[-0.278668,51.368247],[-0.279018,51.368153],[-0.279131,51.368122],[-0.27944,51.368001],[-0.279504,51.367977],[-0.279843,51.367827],[-0.280062,51.367705],[-0.280164,51.367648],[-0.280494,51.367449],[-0.280555,51.367412],[-0.280557,51.367411],[-0.280802,51.367258],[-0.280839,51.367236],[-0.281057,51.367097],[-0.281198,51.366988],[-0.281278,51.366899],[-0.281371,51.366733],[-0.281471,51.366619],[-0.281486,51.366605],[-0.281641,51.366465],[-0.281813,51.366312],[-0.281904,51.366233],[-0.28199,51.366157],[-0.282186,51.366001],[-0.282418,51.365862],[-0.282637,51.365732],[-0.28285,51.365629],[-0.283127,51.365525],[-0.283239,51.365478],[-0.283279,51.365462],[-0.283446,51.365415],[-0.283457,51.365412],[-0.283655,51.365359],[-0.283687,51.365349],[-0.283803,51.365309],[-0.28381,51.365306],[-0.283935,51.36525],[-0.284035,51.365189],[-0.284095,51.365152],[-0.284105,51.365146],[-0.284381,51.364954],[-0.284596,51.364802],[-0.284761,51.36465],[-0.284929,51.36454],[-0.28505,51.364464],[-0.285214,51.364386],[-0.285462,51.364251],[-0.285661,51.364101],[-0.285726,51.364052],[-0.285769,51.364021],[-0.285955,51.363843],[-0.286027,51.363774],[-0.286328,51.363514],[-0.286534,51.363294],[-0.28667,51.363126],[-0.286781,51.36297],[-0.28684,51.36289],[-0.28689,51.362824],[-0.287045,51.362668],[-0.287223,51.362541],[-0.287373,51.362469],[-0.287498,51.362427],[-0.287707,51.362369],[-0.287918,51.362317],[-0.288154,51.362266],[-0.288178,51.362236],[-0.288241,51.362158],[-0.288273,51.362118],[-0.28836,51.362145],[-0.288419,51.362162],[-0.288493,51.36213],[-0.288459,51.36212],[-0.288423,51.36211],[-0.288412,51.362107],[-0.288377,51.362097],[-0.288373,51.362095],[-0.288347,51.362087],[-0.28832,51.362079],[-0.288263,51.362062],[-0.288231,51.362053],[-0.288208,51.362043],[-0.288185,51.362034],[-0.288116,51.362006],[-0.288117,51.362004],[-0.288083,51.361994],[-0.288061,51.361986],[-0.28806,51.361986],[-0.28804,51.361979],[-0.288,51.361966],[-0.287981,51.36196],[-0.287956,51.36195],[-0.287868,51.361917],[-0.287855,51.361911],[-0.287837,51.361904],[-0.287824,51.361899],[-0.287811,51.361894],[-0.287797,51.361888],[-0.287788,51.361883],[-0.287779,51.361878],[-0.287775,51.361877],[-0.28777,51.361871],[-0.287769,51.361871],[-0.287765,51.361866],[-0.28776,51.36186],[-0.287755,51.361853],[-0.287753,51.361845],[-0.287715,51.361829],[-0.287644,51.361799],[-0.287574,51.361772],[-0.287486,51.361742],[-0.287437,51.361725],[-0.287429,51.361727],[-0.287423,51.361727],[-0.287418,51.361727],[-0.287408,51.361727],[-0.287399,51.361725],[-0.287383,51.361723],[-0.287377,51.361721],[-0.287365,51.361718],[-0.287344,51.361712],[-0.287314,51.361704],[-0.287298,51.3617],[-0.287276,51.361693],[-0.287239,51.361682],[-0.287226,51.361678],[-0.287202,51.361672],[-0.287171,51.361662],[-0.287165,51.361661],[-0.287104,51.361642],[-0.287093,51.361639],[-0.287045,51.361624],[-0.287031,51.36162],[-0.286961,51.3616],[-0.286946,51.361595],[-0.286903,51.361582],[-0.286871,51.361572],[-0.286835,51.361562],[-0.286783,51.361547],[-0.286751,51.361538],[-0.286723,51.36153],[-0.286699,51.361524],[-0.286662,51.361513],[-0.286625,51.361503],[-0.286577,51.36149],[-0.286545,51.36148],[-0.286525,51.361475],[-0.286491,51.361468],[-0.286479,51.361465],[-0.286448,51.361458],[-0.28642,51.361451],[-0.286419,51.36145],[-0.286417,51.361444],[-0.286418,51.361438],[-0.28642,51.361433],[-0.286424,51.361429],[-0.286433,51.361419],[-0.286361,51.3614],[-0.286337,51.361397],[-0.286305,51.361394],[-0.28627,51.361389],[-0.286234,51.361384],[-0.286224,51.361381],[-0.286207,51.361377],[-0.28618,51.361371],[-0.28617,51.361369],[-0.28614,51.361362],[-0.286132,51.36136],[-0.286083,51.36135],[-0.286054,51.361344],[-0.285955,51.361321],[-0.285926,51.361318],[-0.285891,51.361314],[-0.285861,51.361309],[-0.285842,51.361307],[-0.285822,51.361304],[-0.285814,51.36131],[-0.285796,51.361306],[-0.285772,51.361302],[-0.285761,51.361301],[-0.285748,51.3613],[-0.285731,51.361298],[-0.285711,51.361294],[-0.285689,51.361288],[-0.285683,51.361276],[-0.285665,51.361272],[-0.285628,51.361265],[-0.285586,51.361257],[-0.285492,51.361238],[-0.285429,51.361228],[-0.285374,51.36122],[-0.285352,51.361217],[-0.285272,51.361201],[-0.285234,51.361193],[-0.28536,51.361076],[-0.285372,51.361063],[-0.285383,51.361051],[-0.285398,51.361035],[-0.285541,51.360887],[-0.285555,51.360873],[-0.285565,51.360864],[-0.285576,51.360855],[-0.285591,51.360843],[-0.285607,51.360832],[-0.28562,51.360822],[-0.285633,51.360812],[-0.28565,51.360801],[-0.285668,51.36079],[-0.285678,51.360782],[-0.285689,51.360774],[-0.285696,51.360768],[-0.285703,51.360762],[-0.285713,51.360754],[-0.285721,51.360746],[-0.285728,51.36074],[-0.285734,51.360735],[-0.285742,51.360728],[-0.285752,51.360715],[-0.285899,51.360602],[-0.285964,51.360537],[-0.286009,51.360472],[-0.28603,51.36045],[-0.286069,51.360409],[-0.286092,51.360386],[-0.286186,51.360289],[-0.286289,51.360188],[-0.286325,51.360152],[-0.286328,51.360149],[-0.286375,51.3601],[-0.286442,51.360037],[-0.286531,51.35995],[-0.286543,51.359937],[-0.286548,51.359932],[-0.286552,51.359927],[-0.286566,51.359913],[-0.286574,51.359905],[-0.286581,51.359897],[-0.286586,51.35989],[-0.286606,51.359866],[-0.286617,51.359854],[-0.286629,51.359842],[-0.286679,51.359794],[-0.286694,51.359782],[-0.286707,51.35977],[-0.286711,51.359765],[-0.286719,51.359759],[-0.286729,51.359749],[-0.28674,51.359739],[-0.28675,51.359729],[-0.286759,51.35972],[-0.286767,51.359709],[-0.286786,51.359688],[-0.286794,51.359678],[-0.286801,51.359668],[-0.286809,51.359658],[-0.286815,51.35965],[-0.286825,51.359639],[-0.286833,51.359629],[-0.286845,51.359616],[-0.286857,51.359605],[-0.286867,51.359594],[-0.286875,51.359586],[-0.286877,51.359583],[-0.286894,51.359565],[-0.286903,51.359556],[-0.286909,51.35955],[-0.286911,51.359547],[-0.286914,51.359543],[-0.286917,51.35954],[-0.286919,51.359537],[-0.286933,51.359517],[-0.286958,51.359479],[-0.286966,51.35947],[-0.286967,51.359468],[-0.286971,51.359464],[-0.286975,51.359459],[-0.286982,51.359453],[-0.28701,51.359423],[-0.287025,51.359408],[-0.287029,51.359406],[-0.287043,51.3594],[-0.287059,51.359392],[-0.28726,51.359327],[-0.287366,51.359295],[-0.287456,51.35927],[-0.287561,51.359243],[-0.287646,51.359219],[-0.287737,51.359187],[-0.28783,51.359151],[-0.287928,51.359118],[-0.288017,51.359085],[-0.288113,51.359051],[-0.288203,51.359021],[-0.28831,51.358988],[-0.288341,51.358984],[-0.288403,51.358963],[-0.288506,51.358927],[-0.288594,51.358897],[-0.288691,51.358863],[-0.288774,51.358827],[-0.288878,51.358796],[-0.288896,51.35879],[-0.288971,51.358768],[-0.28901,51.358753],[-0.289023,51.35874],[-0.289032,51.358747],[-0.289119,51.358635],[-0.289123,51.358629],[-0.289184,51.358548],[-0.289237,51.358468],[-0.289269,51.35842],[-0.289286,51.358389],[-0.289315,51.35835],[-0.289355,51.358293],[-0.289379,51.358262],[-0.289429,51.358211],[-0.289432,51.358209],[-0.289437,51.358204],[-0.289438,51.358202],[-0.289441,51.358199],[-0.289467,51.358163],[-0.289488,51.358137],[-0.289507,51.358114],[-0.289537,51.358077],[-0.289605,51.35799],[-0.289637,51.357948],[-0.289646,51.357938],[-0.289655,51.357927],[-0.289661,51.357919],[-0.289669,51.35791],[-0.289682,51.357898],[-0.289695,51.357885],[-0.289832,51.357752],[-0.289837,51.357746],[-0.289842,51.35774],[-0.289845,51.357736],[-0.289847,51.357732],[-0.289851,51.357727],[-0.289856,51.357721],[-0.28988,51.357699],[-0.289902,51.357677],[-0.28992,51.357657],[-0.289935,51.35764],[-0.289954,51.357618],[-0.289982,51.35759],[-0.290012,51.357559],[-0.29003,51.35754],[-0.29006,51.357507],[-0.290083,51.357484],[-0.29012,51.35745],[-0.290145,51.357428],[-0.290167,51.357408],[-0.290189,51.357389],[-0.290214,51.357369],[-0.290239,51.357349],[-0.290251,51.357342],[-0.290263,51.357333],[-0.290286,51.357317],[-0.290309,51.357299],[-0.290328,51.357283],[-0.290346,51.357267],[-0.290369,51.357247],[-0.290391,51.357227],[-0.290405,51.357209],[-0.290422,51.357191],[-0.29044,51.357173],[-0.29046,51.357155],[-0.290511,51.357111],[-0.290535,51.357091],[-0.290561,51.357071],[-0.290587,51.357053],[-0.29064,51.357021],[-0.290664,51.357005],[-0.290681,51.356991],[-0.290698,51.356978],[-0.290713,51.356964],[-0.290729,51.35695],[-0.290824,51.356872],[-0.290847,51.356854],[-0.290985,51.356744],[-0.290997,51.356736],[-0.291009,51.356728],[-0.291033,51.356714],[-0.291049,51.356707],[-0.291065,51.356701],[-0.291103,51.356686],[-0.291113,51.356681],[-0.291124,51.356676],[-0.291133,51.356672],[-0.291142,51.356667],[-0.291151,51.35666],[-0.291158,51.356653],[-0.291159,51.35665],[-0.291189,51.356618],[-0.291211,51.356593],[-0.291224,51.356579],[-0.291255,51.356538],[-0.29126,51.35653],[-0.291264,51.356522],[-0.291265,51.35652],[-0.291266,51.356514],[-0.291266,51.356507],[-0.291265,51.3565],[-0.291261,51.356493],[-0.291254,51.356472],[-0.291252,51.356464],[-0.291251,51.356457],[-0.291251,51.35645],[-0.291251,51.356444],[-0.291251,51.356437],[-0.29125,51.35643],[-0.291252,51.356364],[-0.291271,51.356221],[-0.291279,51.356118],[-0.29128,51.356083],[-0.291283,51.35606],[-0.291286,51.356036],[-0.291289,51.356013],[-0.291293,51.355987],[-0.291298,51.355962],[-0.291307,51.355899],[-0.291314,51.355862],[-0.291321,51.355825],[-0.291327,51.355788],[-0.291334,51.355751],[-0.29135,51.355679],[-0.291356,51.355652],[-0.29136,51.355625],[-0.291363,51.355609],[-0.291365,51.355594],[-0.291367,51.355569],[-0.291367,51.355545],[-0.291365,51.355519],[-0.291363,51.355493],[-0.29136,51.355465],[-0.291357,51.355437],[-0.291352,51.355407],[-0.291347,51.355376],[-0.29132,51.355264],[-0.291316,51.355247],[-0.291315,51.35524],[-0.291315,51.355232],[-0.291316,51.355223],[-0.291318,51.355213],[-0.29132,51.355209],[-0.291346,51.355112],[-0.291354,51.355089],[-0.291374,51.355041],[-0.291384,51.355018],[-0.291395,51.354997],[-0.291405,51.354976],[-0.29143,51.354931],[-0.291435,51.354924],[-0.291436,51.354915],[-0.291438,51.354906],[-0.291441,51.354896],[-0.291445,51.354888],[-0.291447,51.354879],[-0.29145,51.354872],[-0.291457,51.354863],[-0.291465,51.354854],[-0.291468,51.354852],[-0.291531,51.354758],[-0.291575,51.354697],[-0.291621,51.354638],[-0.291669,51.354581],[-0.291697,51.354554],[-0.291724,51.354526],[-0.291752,51.354499],[-0.29178,51.354471],[-0.291804,51.354446],[-0.291828,51.354421],[-0.291851,51.354402],[-0.291991,51.354276],[-0.29209,51.354185],[-0.292197,51.354089],[-0.292207,51.35408],[-0.292217,51.354072],[-0.292226,51.354063],[-0.292235,51.354054],[-0.292246,51.354046],[-0.292259,51.35404],[-0.292274,51.354033],[-0.292311,51.354014],[-0.29233,51.354005],[-0.292349,51.353995],[-0.292363,51.353986],[-0.292377,51.353976],[-0.292457,51.353907],[-0.292459,51.353905],[-0.292473,51.353895],[-0.292487,51.353885],[-0.292496,51.353877],[-0.292507,51.353871],[-0.29252,51.353862],[-0.292539,51.35385],[-0.292545,51.353847],[-0.29255,51.353843],[-0.292556,51.35384],[-0.292561,51.353836],[-0.292565,51.353832],[-0.292569,51.353828],[-0.292573,51.353825],[-0.292577,51.353822],[-0.29258,51.353819],[-0.292584,51.353815],[-0.292588,51.353811],[-0.29259,51.353808],[-0.292596,51.353798],[-0.292604,51.353789],[-0.29261,51.353783],[-0.292618,51.353774],[-0.29264,51.353753],[-0.292649,51.353745],[-0.292658,51.353735],[-0.292665,51.353726],[-0.292681,51.353706],[-0.29269,51.353696],[-0.292714,51.353667],[-0.292719,51.353662],[-0.29272,51.35366],[-0.292722,51.353659],[-0.292722,51.353658],[-0.292723,51.353655],[-0.292736,51.353627],[-0.292764,51.353584],[-0.292798,51.353523],[-0.29281,51.353499],[-0.29283,51.353455],[-0.292846,51.353412],[-0.292836,51.353401],[-0.292826,51.35336],[-0.292817,51.353318],[-0.292814,51.353304],[-0.292811,51.353261],[-0.292811,51.353218],[-0.292815,51.352976],[-0.292815,51.352849],[-0.292816,51.352759],[-0.292816,51.352723],[-0.292815,51.352606],[-0.292817,51.352568],[-0.292821,51.352527],[-0.292821,51.352526],[-0.292823,51.352516],[-0.292823,51.352501],[-0.292825,51.352488],[-0.292829,51.352474],[-0.29283,51.35246],[-0.292834,51.352446],[-0.29284,51.352433],[-0.292842,51.35243],[-0.292851,51.352417],[-0.29286,51.352403],[-0.292871,51.352389],[-0.292883,51.352376],[-0.292892,51.352367],[-0.292907,51.352352],[-0.292923,51.35234],[-0.292938,51.352328],[-0.292954,51.352315],[-0.292974,51.352304],[-0.292993,51.352293],[-0.293015,51.352281],[-0.293036,51.352271],[-0.293154,51.352207],[-0.293214,51.352174],[-0.2934,51.352074],[-0.293662,51.35193],[-0.293673,51.351924],[-0.293879,51.351809],[-0.294012,51.351734],[-0.294034,51.351721],[-0.294293,51.351565],[-0.294317,51.351551],[-0.294346,51.351535],[-0.294469,51.351468],[-0.294549,51.351424],[-0.294568,51.351413],[-0.294645,51.351374],[-0.294682,51.351354],[-0.29472,51.351334],[-0.294752,51.351312],[-0.294842,51.35124],[-0.294851,51.351233],[-0.294982,51.351119],[-0.295161,51.350966],[-0.295243,51.350896],[-0.295451,51.350717],[-0.295471,51.350701],[-0.295605,51.350589],[-0.295712,51.350509],[-0.295746,51.350484],[-0.295882,51.350385],[-0.296051,51.350269],[-0.296079,51.350251],[-0.296258,51.35014],[-0.296585,51.349957],[-0.296906,51.349783],[-0.297019,51.349721],[-0.297066,51.349697],[-0.297147,51.349652],[-0.297185,51.34963],[-0.297261,51.349583],[-0.297335,51.349533],[-0.297541,51.349408],[-0.297687,51.349328],[-0.297779,51.349283],[-0.297789,51.349278],[-0.297796,51.349275],[-0.29794,51.349198],[-0.298113,51.349102],[-0.298126,51.349094],[-0.298271,51.349009],[-0.298345,51.348965],[-0.298435,51.348902],[-0.298556,51.348816],[-0.298594,51.348791],[-0.298723,51.34871],[-0.299091,51.348482],[-0.299113,51.348469],[-0.29916,51.34844],[-0.299169,51.348434],[-0.299196,51.348418],[-0.299218,51.348399],[-0.299231,51.34839],[-0.299255,51.348371],[-0.299449,51.348193],[-0.29971,51.347939],[-0.299993,51.347678],[-0.299995,51.347676],[-0.300032,51.347644],[-0.300069,51.34761],[-0.300077,51.347603],[-0.300093,51.347585],[-0.300111,51.347567],[-0.300126,51.347548],[-0.300127,51.347546],[-0.300141,51.347527],[-0.300153,51.347508],[-0.300271,51.347316],[-0.300506,51.34694],[-0.300535,51.346895],[-0.300555,51.346862],[-0.300665,51.346686],[-0.300707,51.346618],[-0.300712,51.346609],[-0.30076,51.34652],[-0.300768,51.346507],[-0.300772,51.346499],[-0.300825,51.346383],[-0.300831,51.346367],[-0.300853,51.346309],[-0.300886,51.346223],[-0.300894,51.346202],[-0.300935,51.346105],[-0.30098,51.346015],[-0.301041,51.345899],[-0.301083,51.345817],[-0.301232,51.345555],[-0.30124,51.345535],[-0.301269,51.345483],[-0.301301,51.345432],[-0.301339,51.345381],[-0.301357,51.345357],[-0.301401,51.345305],[-0.301449,51.345254],[-0.301499,51.345204],[-0.301529,51.345178],[-0.301607,51.345113],[-0.30169,51.34505],[-0.301703,51.345041],[-0.301849,51.344942],[-0.301864,51.344933],[-0.302015,51.344839],[-0.302113,51.344771],[-0.302151,51.34474],[-0.302183,51.344723],[-0.302228,51.344704],[-0.302271,51.344687],[-0.302325,51.344669],[-0.302373,51.344651],[-0.302406,51.344638],[-0.302492,51.344561],[-0.302543,51.344516],[-0.302689,51.344376],[-0.302766,51.344309],[-0.302964,51.344137],[-0.303025,51.344088],[-0.303136,51.343991],[-0.303175,51.343955],[-0.303261,51.343879],[-0.303331,51.343814],[-0.303416,51.343743],[-0.303421,51.34374],[-0.303475,51.343701],[-0.303499,51.343684],[-0.303607,51.343598],[-0.303661,51.343555],[-0.303869,51.343394],[-0.303927,51.343345],[-0.303981,51.343294],[-0.304002,51.343273],[-0.304038,51.343232],[-0.30405,51.343219],[-0.304089,51.343173],[-0.304121,51.343135],[-0.304129,51.343125],[-0.304138,51.343099],[-0.30414,51.343095],[-0.304186,51.343],[-0.304213,51.342936],[-0.30422,51.34291],[-0.304225,51.342884],[-0.304229,51.342859],[-0.304231,51.342853],[-0.304241,51.342798],[-0.304251,51.342766],[-0.304262,51.342738],[-0.304274,51.342711],[-0.304288,51.342683],[-0.304291,51.342677],[-0.304396,51.342484],[-0.304454,51.342373],[-0.304477,51.342317],[-0.304515,51.342223],[-0.304535,51.342152],[-0.304552,51.342086],[-0.304578,51.341941],[-0.304606,51.341835],[-0.304618,51.341792],[-0.304637,51.341692],[-0.304667,51.341584],[-0.304674,51.341554],[-0.304697,51.341449],[-0.304705,51.341386],[-0.304713,51.341325],[-0.304719,51.34126],[-0.30472,51.34123],[-0.30472,51.341203],[-0.30472,51.341198],[-0.304722,51.341176],[-0.304725,51.341153],[-0.304728,51.341128],[-0.304733,51.341106],[-0.304733,51.341101],[-0.304738,51.341083],[-0.304743,51.341066],[-0.30475,51.341048],[-0.304751,51.341041],[-0.304768,51.340979],[-0.304771,51.340969],[-0.304791,51.340886],[-0.304802,51.340851],[-0.304812,51.340822],[-0.304819,51.340806],[-0.304837,51.340766],[-0.304857,51.340728],[-0.304898,51.340658],[-0.304909,51.340639],[-0.304912,51.340631],[-0.304933,51.340586],[-0.304945,51.340554],[-0.304964,51.340491],[-0.304977,51.340453],[-0.305001,51.340396],[-0.305019,51.34036],[-0.305068,51.340239],[-0.305125,51.340106],[-0.305174,51.340003],[-0.305198,51.339969],[-0.305222,51.339936],[-0.305225,51.339931],[-0.305281,51.339859],[-0.305301,51.339822],[-0.305322,51.339785],[-0.305331,51.339766],[-0.305352,51.339718],[-0.305361,51.339698],[-0.305397,51.339603],[-0.305409,51.33956],[-0.305411,51.33955],[-0.305417,51.339518],[-0.305419,51.339505],[-0.305421,51.339454],[-0.305419,51.339428],[-0.305415,51.339402],[-0.305414,51.339393],[-0.305413,51.339343],[-0.305413,51.339338],[-0.305406,51.33924],[-0.305394,51.339133],[-0.305388,51.339065],[-0.305379,51.338968],[-0.305363,51.338804],[-0.305352,51.338685],[-0.305341,51.338532],[-0.305336,51.338486],[-0.305328,51.338426],[-0.305318,51.338266],[-0.305308,51.338175],[-0.305293,51.338064],[-0.305293,51.338058],[-0.305245,51.338014],[-0.305092,51.337902],[-0.305087,51.337816],[-0.305085,51.337788],[-0.305048,51.337717],[-0.30494,51.337641],[-0.304927,51.337632],[-0.304929,51.337623],[-0.304945,51.337553],[-0.304996,51.3374],[-0.305009,51.337099],[-0.305013,51.337037],[-0.305018,51.336965],[-0.305032,51.336838],[-0.305036,51.33676],[-0.305062,51.336689],[-0.305123,51.336495],[-0.305159,51.336352],[-0.305221,51.336233],[-0.30533,51.33605],[-0.305373,51.335983],[-0.305481,51.335831],[-0.305484,51.335827],[-0.305588,51.335696],[-0.305593,51.335689],[-0.305701,51.33555],[-0.305771,51.335461],[-0.305794,51.335433],[-0.305801,51.335423],[-0.305831,51.335386],[-0.305857,51.335349],[-0.305886,51.335305],[-0.305926,51.335247],[-0.305942,51.335222],[-0.305953,51.335204],[-0.305955,51.335203],[-0.305959,51.335196],[-0.305964,51.335191],[-0.30597,51.335185],[-0.305973,51.335182],[-0.305978,51.335179],[-0.305983,51.335174],[-0.306028,51.335153],[-0.30604,51.335148],[-0.306069,51.335134],[-0.306101,51.335121],[-0.306116,51.335115],[-0.306149,51.335104],[-0.30618,51.335094],[-0.306181,51.335093],[-0.306206,51.33508],[-0.306213,51.335077],[-0.306216,51.335086],[-0.306624,51.334918],[-0.307015,51.334753],[-0.307492,51.334591],[-0.307636,51.334609],[-0.307729,51.334486],[-0.308352,51.334082],[-0.308757,51.333748],[-0.309137,51.333489],[-0.309644,51.333085],[-0.309881,51.332935],[-0.310419,51.332666],[-0.310953,51.332391],[-0.311604,51.332152],[-0.312009,51.332099],[-0.312422,51.331989],[-0.312604,51.331928],[-0.312777,51.331866],[-0.313094,51.331741],[-0.313716,51.331416],[-0.313956,51.331265],[-0.314268,51.331045],[-0.315047,51.330517],[-0.31521,51.330379],[-0.315963,51.329702],[-0.315979,51.329687],[-0.316142,51.32957],[-0.316765,51.329147],[-0.31685,51.329097],[-0.317148,51.328918],[-0.317831,51.32853],[-0.318394,51.328254],[-0.318979,51.327958],[-0.319307,51.327812],[-0.319608,51.327737],[-0.320082,51.327656],[-0.321236,51.327507],[-0.3216,51.327457],[-0.321774,51.327426],[-0.322102,51.327334],[-0.322648,51.327201],[-0.323094,51.327088],[-0.323096,51.327088],[-0.32355,51.326899],[-0.323837,51.326767],[-0.32397,51.326717],[-0.324029,51.326696],[-0.32426,51.326649],[-0.324449,51.326628],[-0.324639,51.326609],[-0.325113,51.326584],[-0.325605,51.32657],[-0.326004,51.326569],[-0.326706,51.326592],[-0.326982,51.326639],[-0.327232,51.326672],[-0.327323,51.326686],[-0.327598,51.32632],[-0.328314,51.326464],[-0.328926,51.32681],[-0.329251,51.326992],[-0.329589,51.327181],[-0.32959,51.327181],[-0.330139,51.327519],[-0.330157,51.32757],[-0.33034,51.327883],[-0.330399,51.327995],[-0.33048,51.328196],[-0.33059,51.328408],[-0.330674,51.328632],[-0.330756,51.328856],[-0.330719,51.328929],[-0.330679,51.329011],[-0.330594,51.329088],[-0.330506,51.329149],[-0.330409,51.329209],[-0.330292,51.329271],[-0.329913,51.329461],[-0.329634,51.329657],[-0.329429,51.329842],[-0.329321,51.329966],[-0.329214,51.330091],[-0.329116,51.330264],[-0.329113,51.330396],[-0.329171,51.33073],[-0.329191,51.330966],[-0.329303,51.331528],[-0.329363,51.331619],[-0.329554,51.331872],[-0.329579,51.332187],[-0.329594,51.332281],[-0.32969,51.33249],[-0.329719,51.332671],[-0.329719,51.332766],[-0.329714,51.332866],[-0.329643,51.333496],[-0.329629,51.333853],[-0.32955,51.334156],[-0.329484,51.334355],[-0.329546,51.334465],[-0.329432,51.33485],[-0.329411,51.335118],[-0.329359,51.33531],[-0.329208,51.335634],[-0.329197,51.335933],[-0.329212,51.336308],[-0.329192,51.336708],[-0.329042,51.337573],[-0.3289,51.338176],[-0.328869,51.338679],[-0.328882,51.33903],[-0.328865,51.339413],[-0.328871,51.339584],[-0.328876,51.339749],[-0.328959,51.34011],[-0.328979,51.340233],[-0.328909,51.340779],[-0.328781,51.341078],[-0.328542,51.34175],[-0.328525,51.341777],[-0.328346,51.342048],[-0.328201,51.34232],[-0.32801,51.342955],[-0.327944,51.343348],[-0.327907,51.343744],[-0.327796,51.343904],[-0.327481,51.344007],[-0.328177,51.344042],[-0.328484,51.344546],[-0.328667,51.344915],[-0.328898,51.345297],[-0.329206,51.345889],[-0.329346,51.346144],[-0.329971,51.34728],[-0.330327,51.347902],[-0.330534,51.348421],[-0.330367,51.34858],[-0.330216,51.348762],[-0.330103,51.348986],[-0.329937,51.349237],[-0.329752,51.349546],[-0.329563,51.349918],[-0.329473,51.350072],[-0.329311,51.350334],[-0.329036,51.350715],[-0.328765,51.35113],[-0.328353,51.351722],[-0.328046,51.352136],[-0.327947,51.352186],[-0.327978,51.352213],[-0.327947,51.352227],[-0.32782,51.352291],[-0.327695,51.352354],[-0.327588,51.352413],[-0.327523,51.352448],[-0.327458,51.352481],[-0.327399,51.352518],[-0.327334,51.352557],[-0.327286,51.352587],[-0.327139,51.352681],[-0.327083,51.352715],[-0.327024,51.35275],[-0.326935,51.352814],[-0.326865,51.352863],[-0.326818,51.352897],[-0.326788,51.35292],[-0.326764,51.352936],[-0.326734,51.352956],[-0.326683,51.352988],[-0.326661,51.353003],[-0.32663,51.353022],[-0.326532,51.353064],[-0.326464,51.353091],[-0.326384,51.353125],[-0.326244,51.353185],[-0.326106,51.353244],[-0.326007,51.353286],[-0.325945,51.353314],[-0.325859,51.353348],[-0.325745,51.353393],[-0.325628,51.353439],[-0.325534,51.353476],[-0.32542,51.353522],[-0.325323,51.353567],[-0.325216,51.353612],[-0.325144,51.353644],[-0.325061,51.353681],[-0.325002,51.353708],[-0.324977,51.353719],[-0.324922,51.353753],[-0.324873,51.353783],[-0.324693,51.353788],[-0.324454,51.353892],[-0.324159,51.354109],[-0.323753,51.354413],[-0.323535,51.354671],[-0.323185,51.355177],[-0.322862,51.355524],[-0.322576,51.35584],[-0.32226,51.356204],[-0.321953,51.356619],[-0.321529,51.35721],[-0.321218,51.357682],[-0.320948,51.358097],[-0.320745,51.358393],[-0.320259,51.3591],[-0.320079,51.359429],[-0.320178,51.35955],[-0.320165,51.359596],[-0.319957,51.359632],[-0.319792,51.35993],[-0.319547,51.360484],[-0.319409,51.360919],[-0.319187,51.361623],[-0.31906,51.362313],[-0.318285,51.363506],[-0.318305,51.363685],[-0.31841,51.364684],[-0.318437,51.365339],[-0.318447,51.36541],[-0.318522,51.365865],[-0.318523,51.366187],[-0.31842,51.366982],[-0.318294,51.367899],[-0.318119,51.368917],[-0.318017,51.369581],[-0.317941,51.369748],[-0.317923,51.369788],[-0.317921,51.369799],[-0.317915,51.369846],[-0.317906,51.36991],[-0.318029,51.370297],[-0.31795,51.370635],[-0.317918,51.370728],[-0.317748,51.371237],[-0.317505,51.371971],[-0.317485,51.372019],[-0.317398,51.372205],[-0.317284,51.372439],[-0.317109,51.372709],[-0.316949,51.372918],[-0.316694,51.373168],[-0.316426,51.373389],[-0.316224,51.373562],[-0.315992,51.373755],[-0.315668,51.373968],[-0.315223,51.374234],[-0.314783,51.37443],[-0.314341,51.374639],[-0.313886,51.374669],[-0.313377,51.374685],[-0.312961,51.374722],[-0.312675,51.374753],[-0.31251,51.37477],[-0.312155,51.37482],[-0.311542,51.374927],[-0.31109,51.374999],[-0.310484,51.375143],[-0.309643,51.375312],[-0.309097,51.375383],[-0.308695,51.37545],[-0.308567,51.375672],[-0.308457,51.375861],[-0.308342,51.37606],[-0.307994,51.376665],[-0.307965,51.377063],[-0.307842,51.37754],[-0.307892,51.378365],[-0.307389,51.378385],[-0.307521,51.37901],[-0.308302,51.380033],[-0.308326,51.380084],[-0.308518,51.380502],[-0.309277,51.380449],[-0.309319,51.381106],[-0.309246,51.381141],[-0.309282,51.381314],[-0.309294,51.381357],[-0.309317,51.381494],[-0.3093,51.381638],[-0.309302,51.381708],[-0.309331,51.381864],[-0.309498,51.381844],[-0.309558,51.382447],[-0.309655,51.382518],[-0.309752,51.382645],[-0.309843,51.382838],[-0.309887,51.382847],[-0.309911,51.382882],[-0.310347,51.383652],[-0.310288,51.383806],[-0.310307,51.383955],[-0.310413,51.384211],[-0.310443,51.384253],[-0.310541,51.384365],[-0.310655,51.384516],[-0.310566,51.384605],[-0.31058,51.384657],[-0.310631,51.384765],[-0.310665,51.384817],[-0.31073,51.384891],[-0.31095,51.385039],[-0.311127,51.385144],[-0.311788,51.385786],[-0.310869,51.386188],[-0.311409,51.386733],[-0.311459,51.386793],[-0.3115,51.386847],[-0.311364,51.386911],[-0.311694,51.387126],[-0.311823,51.387208],[-0.311769,51.387236],[-0.311735,51.387254],[-0.311846,51.387378],[-0.31174,51.387432],[-0.312872,51.388491],[-0.313159,51.388801],[-0.313189,51.388833],[-0.313348,51.388765],[-0.315981,51.387633],[-0.316518,51.388266],[-0.316599,51.388456],[-0.316617,51.388586],[-0.316816,51.388574],[-0.316812,51.388612],[-0.31681,51.388626],[-0.316806,51.388657],[-0.3168,51.388686],[-0.316792,51.388716],[-0.316778,51.388745],[-0.31676,51.388773],[-0.316717,51.388818],[-0.316663,51.38886],[-0.316606,51.388899],[-0.316545,51.388936],[-0.31649,51.38897],[-0.316425,51.389004],[-0.316358,51.389036],[-0.315848,51.389258],[-0.315458,51.38948],[-0.314981,51.389746],[-0.314134,51.390218],[-0.314274,51.390362],[-0.314682,51.390751],[-0.31482,51.390917],[-0.314927,51.391054],[-0.315147,51.391336],[-0.315243,51.39146],[-0.315732,51.391976],[-0.316343,51.39256],[-0.316717,51.392889],[-0.316755,51.392931],[-0.316998,51.393106],[-0.317113,51.393199],[-0.317295,51.393355],[-0.31772,51.393668],[-0.318289,51.393317],[-0.318539,51.393176],[-0.318795,51.393041],[-0.31907,51.392912],[-0.319393,51.392777],[-0.319855,51.392594],[-0.320068,51.392544],[-0.320467,51.392476],[-0.320749,51.392415],[-0.320939,51.392367],[-0.321232,51.392283],[-0.321613,51.392209],[-0.322088,51.392117],[-0.322325,51.392063],[-0.323716,51.391696],[-0.324612,51.391503],[-0.324868,51.391473],[-0.325617,51.391436],[-0.325693,51.391432],[-0.325883,51.391441],[-0.32599,51.391446],[-0.326724,51.391551],[-0.327085,51.391621],[-0.327525,51.39172],[-0.327609,51.391746],[-0.327687,51.391772],[-0.32784,51.391838],[-0.327981,51.391915],[-0.32823,51.392035],[-0.328392,51.392122],[-0.328694,51.39231],[-0.329213,51.392743],[-0.329997,51.393346],[-0.330152,51.393483],[-0.33028,51.39362],[-0.330808,51.394092],[-0.330876,51.394161],[-0.331127,51.39446],[-0.331741,51.395323],[-0.332121,51.395772],[-0.332285,51.395918],[-0.332485,51.396055],[-0.33304,51.396463],[-0.334029,51.397189],[-0.335009,51.397872],[-0.335714,51.398369],[-0.335829,51.398457],[-0.335987,51.398605],[-0.336537,51.399033],[-0.336953,51.399371],[-0.337094,51.39949],[-0.337227,51.399619],[-0.337724,51.400092],[-0.337928,51.400314],[-0.338135,51.400581],[-0.338357,51.400844],[-0.338367,51.400856],[-0.338502,51.401042],[-0.338633,51.401258],[-0.338973,51.401736],[-0.339203,51.401936],[-0.33961,51.402326],[-0.339803,51.402491],[-0.340052,51.402681],[-0.340245,51.40281],[-0.34053,51.403017],[-0.340658,51.403095],[-0.340878,51.403207],[-0.341017,51.403264],[-0.341232,51.403349],[-0.341427,51.403411],[-0.341929,51.403528],[-0.342153,51.403569],[-0.342365,51.403604],[-0.342631,51.403647],[-0.342919,51.403698],[-0.343063,51.403732],[-0.343167,51.40376],[-0.343308,51.403808],[-0.343525,51.403891],[-0.343809,51.403981],[-0.344131,51.404135],[-0.344439,51.404298],[-0.344647,51.404395],[-0.345606,51.405026],[-0.346248,51.405448],[-0.34639,51.405524],[-0.346651,51.405659],[-0.346962,51.405809],[-0.347102,51.405882],[-0.347176,51.405911],[-0.347557,51.406026],[-0.347863,51.406131],[-0.348021,51.406183],[-0.348023,51.406183],[-0.348253,51.406259],[-0.348838,51.406463],[-0.34922,51.406621],[-0.349595,51.406829],[-0.349697,51.406882],[-0.349912,51.40698],[-0.349964,51.40701],[-0.350054,51.407071],[-0.350481,51.407458],[-0.350619,51.407558],[-0.350702,51.407608],[-0.351138,51.407787],[-0.351318,51.407874],[-0.351639,51.408041],[-0.351981,51.408212],[-0.352641,51.408568],[-0.352981,51.408723],[-0.35381,51.409142],[-0.354144,51.409291],[-0.354436,51.409454],[-0.35513,51.409807],[-0.355165,51.409834],[-0.355208,51.409892],[-0.355255,51.410095],[-0.355261,51.410181],[-0.355256,51.410269],[-0.355231,51.410371],[-0.35524,51.410565],[-0.355269,51.41064],[-0.355306,51.410689],[-0.355378,51.410752],[-0.355645,51.41085],[-0.356559,51.411117],[-0.357116,51.411294],[-0.357339,51.411377],[-0.357667,51.411479],[-0.35782,51.411517],[-0.358327,51.411607],[-0.358393,51.411628],[-0.358494,51.411679],[-0.358802,51.411795],[-0.359065,51.411881],[-0.359161,51.411903],[-0.359673,51.412002],[-0.359795,51.412021],[-0.360011,51.412039],[-0.360375,51.412041],[-0.360711,51.412051],[-0.36126,51.412041],[-0.361659,51.412012],[-0.362441,51.411972],[-0.363124,51.411906],[-0.364419,51.411665],[-0.364761,51.411592],[-0.365137,51.4115],[-0.365814,51.411312],[-0.366046,51.411259],[-0.366195,51.411221],[-0.366502,51.411128],[-0.366645,51.411076],[-0.366766,51.411028],[-0.367332,51.410764],[-0.367607,51.41066],[-0.367848,51.410559],[-0.368327,51.410393],[-0.369048,51.410175],[-0.369135,51.410146],[-0.369329,51.41008],[-0.370266,51.409719],[-0.372639,51.408767],[-0.372864,51.408689],[-0.373172,51.4086],[-0.373541,51.40855],[-0.373881,51.408494],[-0.374218,51.408438],[-0.374903,51.408358],[-0.37558,51.408311],[-0.376148,51.408286],[-0.37639,51.408256],[-0.37645,51.408246],[-0.377086,51.408065],[-0.377423,51.408008],[-0.377724,51.407939],[-0.377892,51.407912],[-0.378119,51.407889],[-0.379449,51.407834],[-0.379617,51.407842],[-0.380229,51.407897],[-0.381206,51.408012],[-0.38138,51.408044],[-0.381658,51.408119],[-0.382408,51.408285],[-0.383022,51.40844],[-0.383371,51.408538],[-0.383446,51.409483],[-0.383832,51.409537],[-0.383798,51.410119],[-0.38433,51.410167],[-0.385101,51.410236],[-0.386261,51.410379],[-0.386502,51.410403],[-0.386657,51.410412],[-0.38685,51.410402],[-0.387075,51.410373],[-0.387358,51.410349],[-0.387876,51.410323],[-0.389198,51.41032],[-0.389317,51.410703],[-0.389671,51.410693],[-0.389793,51.411405],[-0.389929,51.412218],[-0.39006,51.412804],[-0.390168,51.413464],[-0.390314,51.414338],[-0.389738,51.414358],[-0.389027,51.414365],[-0.388544,51.414374],[-0.387587,51.414351],[-0.386144,51.414281],[-0.38618,51.414314],[-0.38623,51.414367],[-0.386252,51.414422],[-0.386301,51.414546],[-0.386353,51.414641],[-0.386615,51.415022],[-0.386601,51.415057],[-0.386456,51.4153],[-0.386441,51.415372],[-0.38646,51.415523],[-0.386508,51.41575],[-0.386514,51.415898],[-0.386571,51.416491],[-0.386532,51.416533],[-0.386594,51.416805],[-0.386741,51.417451],[-0.386775,51.417564],[-0.386783,51.417654],[-0.386896,51.417909],[-0.386898,51.417909],[-0.38701,51.41824],[-0.387246,51.41879],[-0.387412,51.419024],[-0.387416,51.419029],[-0.387715,51.419328],[-0.387047,51.419751],[-0.386693,51.420053],[-0.386663,51.420081],[-0.389716,51.42156],[-0.390368,51.421869],[-0.390896,51.422119],[-0.391087,51.422206],[-0.391281,51.422291],[-0.391339,51.422315],[-0.391363,51.422326],[-0.391385,51.422335],[-0.391583,51.422415],[-0.391785,51.422493],[-0.391989,51.422566],[-0.392195,51.422638],[-0.392404,51.422707],[-0.392601,51.422768],[-0.392615,51.422773],[-0.392828,51.422836],[-0.393043,51.422897],[-0.393262,51.422955],[-0.393296,51.422964],[-0.39354,51.423026],[-0.393785,51.423084],[-0.394033,51.423139],[-0.394282,51.42319],[-0.394533,51.423238],[-0.394786,51.423283],[-0.394883,51.423299],[-0.395016,51.423319],[-0.395135,51.423337],[-0.395389,51.423372],[-0.395643,51.423403],[-0.395899,51.423431],[-0.396155,51.423455],[-0.396413,51.423477],[-0.396672,51.423496],[-0.396763,51.423502],[-0.359907,51.494485],[-0.24042,51.534485]]]}},{"id":"8","type":"Feature","properties":{},"geometry":{"type":"Polygon","coordinates":[[[-0.24042,51.534485],[-0.234012,51.548881],[-0.112369,51.573584],[-0.087295,51.554724],[-0.071736,51.470085],[-0.119289,51.43616],[-0.206781,51.447382],[-0.24042,51.534485]]]}},{"id":"9","type":"Feature","properties":{},"geometry":{"type":"Polygon","coordinates":[[[-0.206781,51.447382],[-0.119289,51.43616],[-0.120373,51.286996],[-0.121234,51.286959],[-0.12432,51.28676],[-0.124378,51.286865],[-0.124486,51.286998],[-0.124537,51.287051],[-0.12464,51.287145],[-0.124777,51.287251],[-0.125475,51.287876],[-0.125789,51.288206],[-0.125947,51.288312],[-0.126083,51.288386],[-0.126136,51.288607],[-0.126183,51.28905],[-0.126239,51.28942],[-0.126275,51.289492],[-0.126305,51.28953],[-0.127085,51.290285],[-0.127284,51.290468],[-0.127982,51.291081],[-0.128138,51.291189],[-0.128255,51.291257],[-0.128638,51.29156],[-0.129517,51.292223],[-0.130121,51.292605],[-0.130156,51.292631],[-0.130216,51.292685],[-0.130558,51.293119],[-0.130658,51.293271],[-0.130858,51.293741],[-0.131194,51.29423],[-0.131357,51.294448],[-0.13148,51.294689],[-0.131486,51.294713],[-0.131492,51.294766],[-0.13149,51.294821],[-0.131476,51.294871],[-0.131448,51.294927],[-0.131403,51.294987],[-0.131355,51.295036],[-0.131257,51.295109],[-0.131105,51.2953],[-0.131077,51.295346],[-0.13111,51.295445],[-0.131136,51.295475],[-0.131289,51.295608],[-0.131417,51.295698],[-0.13196,51.295984],[-0.132151,51.296133],[-0.132334,51.296327],[-0.132799,51.29677],[-0.132911,51.296882],[-0.132978,51.296935],[-0.133064,51.296993],[-0.133175,51.297058],[-0.13332,51.297183],[-0.133918,51.297801],[-0.134436,51.298318],[-0.134435,51.298347],[-0.134458,51.29838],[-0.134481,51.298391],[-0.134513,51.298398],[-0.134549,51.298397],[-0.135587,51.298324],[-0.135781,51.298377],[-0.135949,51.298289],[-0.136008,51.298259],[-0.136205,51.298218],[-0.136299,51.298218],[-0.136355,51.29827],[-0.136539,51.299094],[-0.136636,51.299515],[-0.13667,51.299794],[-0.136672,51.299795],[-0.136822,51.300017],[-0.13734,51.300783],[-0.137403,51.300797],[-0.137469,51.300798],[-0.137558,51.300783],[-0.137853,51.300669],[-0.137927,51.300645],[-0.138049,51.300615],[-0.138552,51.300448],[-0.138716,51.300398],[-0.138815,51.300362],[-0.138994,51.300282],[-0.13973,51.299985],[-0.140011,51.299873],[-0.140307,51.299763],[-0.140488,51.299687],[-0.140587,51.299644],[-0.140687,51.299577],[-0.140725,51.299568],[-0.140801,51.299558],[-0.140882,51.299554],[-0.140989,51.299562],[-0.14124,51.299635],[-0.141395,51.29967],[-0.141724,51.299764],[-0.142156,51.299866],[-0.142393,51.299914],[-0.142486,51.299932],[-0.142795,51.299978],[-0.14286,51.299982],[-0.143586,51.301262],[-0.14445,51.300543],[-0.144879,51.300715],[-0.145652,51.29983],[-0.145676,51.299836],[-0.146584,51.300055],[-0.148091,51.300603],[-0.148478,51.300706],[-0.149523,51.300703],[-0.149841,51.300206],[-0.15002,51.300288],[-0.150082,51.30031],[-0.150271,51.300391],[-0.15105,51.300724],[-0.151075,51.300735],[-0.151368,51.30086],[-0.152524,51.301374],[-0.152632,51.301433],[-0.15269,51.301457],[-0.153387,51.30168],[-0.155344,51.301277],[-0.155406,51.301381],[-0.15671,51.303591],[-0.156989,51.303642],[-0.157035,51.303711],[-0.157761,51.30443],[-0.157671,51.304533],[-0.157729,51.304595],[-0.15505,51.305793],[-0.154535,51.306451],[-0.155166,51.306427],[-0.15579,51.306442],[-0.156442,51.306455],[-0.156598,51.306495],[-0.156765,51.306563],[-0.15691,51.306663],[-0.157088,51.306693],[-0.157189,51.306711],[-0.156504,51.307292],[-0.156423,51.307362],[-0.156192,51.30765],[-0.155598,51.308472],[-0.155075,51.309276],[-0.154371,51.310254],[-0.154341,51.31032],[-0.155377,51.310409],[-0.155639,51.310367],[-0.155827,51.310421],[-0.156254,51.310423],[-0.156492,51.310467],[-0.156643,51.310524],[-0.157041,51.310727],[-0.157364,51.310845],[-0.157664,51.310932],[-0.158091,51.310993],[-0.158357,51.310988],[-0.158358,51.311023],[-0.158292,51.311168],[-0.158241,51.311295],[-0.157848,51.312121],[-0.157633,51.312671],[-0.157298,51.313228],[-0.157196,51.313392],[-0.157442,51.31377],[-0.15752,51.313891],[-0.157607,51.314007],[-0.157669,51.314109],[-0.157771,51.314322],[-0.157905,51.314516],[-0.158331,51.314968],[-0.158385,51.315054],[-0.158567,51.3152],[-0.158991,51.315612],[-0.159193,51.315786],[-0.15934,51.315958],[-0.159511,51.316411],[-0.159588,51.31671],[-0.159607,51.317107],[-0.159943,51.317057],[-0.160276,51.316949],[-0.160507,51.316875],[-0.160611,51.316968],[-0.160945,51.317269],[-0.161114,51.317462],[-0.161203,51.317525],[-0.161223,51.317607],[-0.1612,51.317683],[-0.161117,51.317735],[-0.161208,51.317978],[-0.161257,51.317969],[-0.161406,51.318308],[-0.161388,51.318311],[-0.161472,51.318524],[-0.161795,51.319346],[-0.161799,51.319354],[-0.161889,51.319583],[-0.161905,51.319628],[-0.158715,51.320682],[-0.158524,51.320742],[-0.156466,51.321389],[-0.15651,51.32144],[-0.156524,51.321485],[-0.156543,51.321509],[-0.157982,51.323206],[-0.158635,51.323976],[-0.158932,51.323873],[-0.159025,51.32398],[-0.1606,51.323242],[-0.162195,51.324485],[-0.162882,51.325018],[-0.163451,51.325467],[-0.164152,51.326014],[-0.164187,51.326041],[-0.163567,51.326213],[-0.163747,51.326558],[-0.164268,51.327542],[-0.164343,51.327717],[-0.164359,51.327988],[-0.164362,51.328126],[-0.164197,51.328159],[-0.163982,51.328188],[-0.163974,51.328507],[-0.163971,51.328583],[-0.163535,51.328743],[-0.163103,51.328811],[-0.162334,51.328886],[-0.162291,51.328889],[-0.163077,51.330264],[-0.165434,51.329965],[-0.168386,51.329591],[-0.169582,51.32951],[-0.169873,51.329489],[-0.170066,51.329474],[-0.169991,51.329943],[-0.169895,51.330246],[-0.169961,51.330232],[-0.170163,51.330186],[-0.171472,51.330113],[-0.171861,51.33006],[-0.172478,51.330031],[-0.172645,51.330018],[-0.172783,51.330013],[-0.172855,51.330013],[-0.172864,51.330014],[-0.172947,51.330149],[-0.17306,51.330385],[-0.173198,51.33066],[-0.173482,51.331244],[-0.17372,51.331772],[-0.173883,51.332287],[-0.174139,51.333212],[-0.174666,51.333168],[-0.174776,51.333484],[-0.174842,51.333643],[-0.174869,51.333707],[-0.17502,51.33381],[-0.175595,51.334123],[-0.175911,51.334315],[-0.176094,51.33442],[-0.176265,51.334514],[-0.178504,51.33574],[-0.178843,51.335913],[-0.17937,51.336183],[-0.179716,51.336412],[-0.180821,51.337138],[-0.181616,51.337636],[-0.181765,51.337714],[-0.181996,51.337852],[-0.182306,51.338016],[-0.182368,51.338046],[-0.18353,51.338614],[-0.183984,51.338858],[-0.184089,51.338914],[-0.184608,51.339193],[-0.184612,51.339195],[-0.184893,51.339354],[-0.185511,51.339678],[-0.185631,51.339741],[-0.18591,51.339887],[-0.187229,51.340592],[-0.187448,51.340677],[-0.187436,51.340693],[-0.187358,51.340782],[-0.187459,51.340812],[-0.187874,51.340936],[-0.188338,51.341082],[-0.188348,51.341085],[-0.188729,51.341213],[-0.189474,51.341479],[-0.190171,51.341729],[-0.190897,51.341992],[-0.19128,51.342116],[-0.192285,51.342379],[-0.193229,51.342626],[-0.193326,51.342647],[-0.194378,51.342923],[-0.194958,51.343066],[-0.196048,51.34333],[-0.196095,51.343269],[-0.196267,51.343039],[-0.19669,51.343158],[-0.196565,51.343402],[-0.196541,51.343446],[-0.197108,51.343561],[-0.197319,51.343595],[-0.197331,51.343584],[-0.197445,51.343469],[-0.197465,51.343466],[-0.197558,51.343451],[-0.197653,51.343485],[-0.197699,51.343428],[-0.197835,51.343266],[-0.198031,51.343032],[-0.19836,51.342649],[-0.198434,51.342483],[-0.198445,51.342456],[-0.19847,51.342421],[-0.198558,51.342299],[-0.198752,51.342152],[-0.199121,51.341888],[-0.19924,51.341887],[-0.199326,51.341886],[-0.199558,51.341884],[-0.200067,51.34122],[-0.200197,51.341063],[-0.200624,51.340549],[-0.201199,51.339884],[-0.201359,51.339924],[-0.201359,51.339923],[-0.201362,51.339916],[-0.201366,51.339909],[-0.20137,51.339903],[-0.201374,51.339898],[-0.20138,51.339891],[-0.201385,51.339885],[-0.201391,51.33988],[-0.201398,51.339875],[-0.201404,51.339869],[-0.201411,51.339864],[-0.201419,51.33986],[-0.201427,51.339855],[-0.201436,51.339851],[-0.201444,51.339846],[-0.201454,51.339843],[-0.201462,51.33984],[-0.201473,51.339837],[-0.201481,51.339834],[-0.20149,51.339832],[-0.2015,51.339829],[-0.20151,51.339828],[-0.20152,51.339826],[-0.20153,51.339824],[-0.201539,51.339824],[-0.201551,51.339823],[-0.201561,51.339823],[-0.201571,51.339823],[-0.201582,51.339824],[-0.201594,51.339825],[-0.201605,51.339827],[-0.201615,51.339828],[-0.201627,51.33983],[-0.201636,51.339833],[-0.201646,51.339836],[-0.201658,51.339839],[-0.201662,51.339841],[-0.201672,51.339845],[-0.201682,51.339848],[-0.20169,51.339852],[-0.2017,51.339857],[-0.201709,51.339861],[-0.201878,51.340188],[-0.202046,51.340143],[-0.202055,51.34014],[-0.202058,51.340139],[-0.202083,51.340132],[-0.202298,51.340089],[-0.202585,51.339983],[-0.202931,51.339836],[-0.203479,51.339639],[-0.204247,51.339305],[-0.205588,51.338741],[-0.208289,51.337614],[-0.208387,51.337573],[-0.208562,51.3375],[-0.208778,51.337408],[-0.209144,51.337255],[-0.209207,51.337227],[-0.209224,51.337219],[-0.209324,51.337178],[-0.209639,51.337048],[-0.209888,51.33694],[-0.20991,51.33693],[-0.210346,51.33675],[-0.210418,51.336719],[-0.210498,51.336687],[-0.210593,51.336647],[-0.210666,51.336615],[-0.210751,51.33658],[-0.210844,51.33654],[-0.210976,51.336483],[-0.211114,51.336425],[-0.211236,51.336372],[-0.211253,51.336365],[-0.211271,51.336358],[-0.211332,51.336333],[-0.211413,51.336297],[-0.211463,51.336277],[-0.211577,51.336226],[-0.211767,51.336142],[-0.211762,51.336137],[-0.211813,51.336114],[-0.211984,51.336037],[-0.212144,51.335966],[-0.212459,51.335822],[-0.212551,51.335781],[-0.21263,51.335746],[-0.212807,51.335665],[-0.213054,51.335554],[-0.21303,51.335503],[-0.212961,51.335369],[-0.212904,51.335252],[-0.21284,51.335127],[-0.212766,51.33498],[-0.212662,51.334774],[-0.212572,51.334595],[-0.212498,51.334444],[-0.212456,51.334364],[-0.212387,51.334224],[-0.212294,51.334038],[-0.212206,51.333861],[-0.21215,51.333745],[-0.212051,51.333547],[-0.212022,51.333491],[-0.21198,51.333399],[-0.211978,51.33339],[-0.211975,51.333386],[-0.211974,51.333382],[-0.211972,51.333372],[-0.211969,51.333361],[-0.211967,51.333355],[-0.211969,51.333326],[-0.21197,51.333321],[-0.211972,51.333312],[-0.211974,51.333303],[-0.211975,51.333297],[-0.211977,51.333291],[-0.211981,51.333285],[-0.211983,51.333279],[-0.211986,51.333272],[-0.21199,51.333265],[-0.211996,51.333258],[-0.212,51.33325],[-0.212003,51.333244],[-0.212008,51.333236],[-0.212053,51.333173],[-0.21214,51.333051],[-0.212252,51.332894],[-0.212291,51.332841],[-0.212355,51.332754],[-0.212406,51.332681],[-0.212501,51.332551],[-0.212571,51.332452],[-0.212614,51.332395],[-0.21412,51.330381],[-0.214178,51.330313],[-0.21423,51.330253],[-0.214277,51.330243],[-0.214363,51.330221],[-0.214557,51.330176],[-0.214567,51.330173],[-0.214582,51.330169],[-0.214595,51.330166],[-0.214624,51.330159],[-0.214652,51.330152],[-0.21473,51.33013],[-0.215046,51.330052],[-0.2153,51.32999],[-0.215543,51.329931],[-0.216021,51.329815],[-0.216085,51.329799],[-0.216232,51.329804],[-0.216391,51.329811],[-0.21644,51.329812],[-0.216614,51.329815],[-0.216668,51.329817],[-0.216741,51.329818],[-0.216816,51.329817],[-0.21694,51.329814],[-0.217032,51.329814],[-0.217096,51.329814],[-0.217227,51.329816],[-0.217305,51.329816],[-0.217403,51.329816],[-0.217514,51.329816],[-0.21766,51.329815],[-0.217794,51.329816],[-0.217893,51.329816],[-0.217947,51.329816],[-0.218091,51.329815],[-0.218155,51.329815],[-0.218254,51.329815],[-0.218372,51.329815],[-0.218533,51.329815],[-0.218577,51.329814],[-0.218676,51.329815],[-0.218717,51.329815],[-0.218786,51.329814],[-0.218909,51.329812],[-0.218993,51.329812],[-0.21914,51.329811],[-0.219188,51.329812],[-0.219353,51.329811],[-0.219386,51.329812],[-0.219554,51.329811],[-0.219601,51.329811],[-0.219771,51.329811],[-0.220009,51.329811],[-0.220052,51.329811],[-0.220218,51.32981],[-0.220398,51.329809],[-0.220577,51.329808],[-0.220646,51.329805],[-0.220839,51.329799],[-0.220842,51.329802],[-0.22088,51.329836],[-0.220909,51.329863],[-0.220938,51.329863],[-0.220943,51.329863],[-0.221074,51.329993],[-0.221492,51.330404],[-0.222144,51.331015],[-0.223095,51.331747],[-0.22413,51.332456],[-0.224798,51.332883],[-0.225704,51.333462],[-0.226977,51.334326],[-0.226894,51.334393],[-0.227345,51.334654],[-0.228272,51.335236],[-0.228701,51.335526],[-0.229205,51.335888],[-0.229785,51.336485],[-0.229823,51.336523],[-0.228452,51.33707],[-0.228314,51.337128],[-0.228249,51.337154],[-0.22846,51.337244],[-0.227859,51.337489],[-0.226961,51.337813],[-0.226827,51.337888],[-0.226653,51.33808],[-0.226157,51.338537],[-0.225655,51.338946],[-0.224427,51.339846],[-0.224091,51.340041],[-0.223677,51.339984],[-0.223261,51.339881],[-0.222277,51.340461],[-0.222489,51.34069],[-0.222701,51.340829],[-0.221786,51.341345],[-0.221065,51.341684],[-0.220382,51.342014],[-0.219791,51.342331],[-0.219181,51.342627],[-0.218367,51.342978],[-0.217265,51.343387],[-0.217402,51.343651],[-0.217456,51.343782],[-0.217717,51.344417],[-0.217684,51.344451],[-0.21777,51.344853],[-0.21799,51.345593],[-0.217778,51.345631],[-0.218035,51.345983],[-0.218144,51.346109],[-0.218158,51.346127],[-0.21836,51.346449],[-0.218593,51.34693],[-0.21872,51.347247],[-0.218747,51.347294],[-0.21884,51.347422],[-0.21893,51.347648],[-0.219291,51.34838],[-0.219435,51.348633],[-0.219734,51.349093],[-0.219862,51.349421],[-0.219889,51.349473],[-0.220113,51.349921],[-0.220186,51.35008],[-0.220227,51.350187],[-0.220241,51.350235],[-0.220241,51.350315],[-0.22019,51.350387],[-0.220258,51.350693],[-0.220343,51.350986],[-0.220421,51.35142],[-0.221287,51.351339],[-0.221262,51.351171],[-0.222092,51.351325],[-0.222055,51.351396],[-0.222002,51.351532],[-0.221965,51.351747],[-0.221937,51.351903],[-0.221944,51.352116],[-0.221965,51.352353],[-0.221971,51.352676],[-0.222049,51.352722],[-0.222044,51.352776],[-0.221968,51.352824],[-0.221956,51.352901],[-0.221951,51.353068],[-0.221956,51.353246],[-0.221975,51.353531],[-0.222007,51.353776],[-0.222089,51.354097],[-0.222136,51.35435],[-0.222183,51.354506],[-0.222248,51.354647],[-0.222415,51.355071],[-0.222419,51.35508],[-0.222477,51.355258],[-0.222585,51.35574],[-0.222678,51.356211],[-0.222723,51.356435],[-0.222782,51.356659],[-0.222782,51.356762],[-0.222727,51.35701],[-0.222737,51.357086],[-0.222765,51.357098],[-0.22285,51.357117],[-0.222864,51.357133],[-0.222887,51.357194],[-0.222956,51.357382],[-0.223132,51.357749],[-0.223179,51.357832],[-0.223202,51.357893],[-0.223222,51.357981],[-0.223275,51.35813],[-0.22346,51.358429],[-0.223622,51.358652],[-0.223827,51.358961],[-0.224058,51.359274],[-0.224238,51.359444],[-0.224313,51.359454],[-0.224405,51.35956],[-0.224497,51.359671],[-0.224695,51.359954],[-0.224924,51.360249],[-0.225425,51.360816],[-0.226145,51.361657],[-0.226283,51.361773],[-0.226345,51.361842],[-0.226407,51.361944],[-0.226438,51.362019],[-0.226675,51.362318],[-0.226873,51.362594],[-0.226942,51.362624],[-0.226945,51.362626],[-0.228517,51.363328],[-0.229905,51.364017],[-0.229983,51.364059],[-0.230457,51.364358],[-0.231584,51.365088],[-0.231744,51.365172],[-0.23189,51.365258],[-0.232037,51.36536],[-0.232808,51.365815],[-0.233191,51.36601],[-0.23382,51.365324],[-0.23395,51.365385],[-0.234164,51.365485],[-0.235226,51.365958],[-0.235889,51.366357],[-0.23678,51.366797],[-0.237052,51.3669],[-0.23741,51.366938],[-0.237825,51.367007],[-0.238567,51.367072],[-0.238918,51.366834],[-0.239475,51.3669],[-0.240527,51.367002],[-0.240891,51.367037],[-0.241078,51.366477],[-0.24115,51.366262],[-0.241232,51.366273],[-0.24296,51.36651],[-0.244591,51.366718],[-0.244756,51.366744],[-0.244742,51.366785],[-0.244841,51.366802],[-0.245062,51.366837],[-0.245383,51.366889],[-0.245329,51.366995],[-0.245293,51.367065],[-0.245017,51.367743],[-0.244879,51.368155],[-0.244745,51.368691],[-0.244707,51.368979],[-0.24468,51.369061],[-0.244632,51.369249],[-0.244621,51.369316],[-0.244604,51.369435],[-0.244582,51.369705],[-0.244538,51.370471],[-0.244585,51.3709],[-0.244683,51.371372],[-0.244688,51.371497],[-0.24468,51.37163],[-0.244709,51.372317],[-0.244709,51.372878],[-0.244699,51.373016],[-0.244672,51.373163],[-0.2446,51.37318],[-0.244601,51.37379],[-0.244637,51.374424],[-0.244718,51.374446],[-0.24474,51.374513],[-0.244767,51.374818],[-0.244765,51.374957],[-0.24477,51.375002],[-0.2448,51.375113],[-0.24483,51.375193],[-0.244842,51.375275],[-0.244916,51.375615],[-0.244945,51.375846],[-0.245059,51.376319],[-0.245113,51.376658],[-0.245174,51.377114],[-0.245184,51.377191],[-0.245178,51.377442],[-0.245207,51.37835],[-0.245161,51.37906],[-0.245121,51.379425],[-0.245077,51.379723],[-0.245041,51.37996],[-0.24504,51.379969],[-0.24503,51.380034],[-0.245028,51.380059],[-0.245134,51.380061],[-0.245171,51.380064],[-0.245292,51.380081],[-0.245401,51.380099],[-0.245453,51.380106],[-0.245461,51.380082],[-0.245464,51.38004],[-0.245462,51.380017],[-0.24546,51.379986],[-0.245468,51.379941],[-0.245516,51.379947],[-0.245527,51.379951],[-0.245553,51.379959],[-0.245573,51.379964],[-0.245591,51.37997],[-0.24561,51.379976],[-0.245853,51.380088],[-0.245978,51.380145],[-0.246057,51.380182],[-0.246065,51.380182],[-0.246156,51.380223],[-0.246228,51.380192],[-0.246239,51.380193],[-0.246324,51.380194],[-0.246348,51.380194],[-0.246366,51.380192],[-0.246386,51.380189],[-0.246404,51.380187],[-0.246479,51.380179],[-0.246517,51.380176],[-0.246562,51.380172],[-0.246608,51.38017],[-0.246654,51.380168],[-0.24677,51.380156],[-0.246822,51.380151],[-0.246839,51.380144],[-0.246857,51.380138],[-0.246873,51.380132],[-0.246967,51.380098],[-0.246976,51.380094],[-0.247013,51.38008],[-0.247029,51.380073],[-0.247053,51.380063],[-0.247105,51.380043],[-0.24718,51.380013],[-0.247212,51.380032],[-0.247281,51.380074],[-0.24736,51.380124],[-0.247474,51.380123],[-0.247548,51.380171],[-0.247583,51.380175],[-0.247666,51.380154],[-0.247728,51.380136],[-0.247778,51.380117],[-0.247801,51.380115],[-0.24785,51.380109],[-0.247946,51.380104],[-0.248057,51.380095],[-0.248131,51.380089],[-0.248374,51.38007],[-0.248376,51.38007],[-0.248459,51.380064],[-0.248469,51.380063],[-0.248481,51.380063],[-0.248491,51.380061],[-0.248493,51.380061],[-0.248497,51.38006],[-0.248512,51.380058],[-0.248558,51.38005],[-0.24858,51.380046],[-0.248591,51.380044],[-0.248602,51.380042],[-0.248608,51.380041],[-0.248615,51.380039],[-0.248628,51.380036],[-0.24864,51.380033],[-0.248655,51.380029],[-0.248708,51.380014],[-0.206781,51.447382]]]}},{"id":"10","type":"Feature","properties":{},"geometry":{"type":"Polygon","coordinates":[[[-0.402027,51.613191],[-0.401685,51.613174],[-0.401441,51.613166],[-0.40135,51.613172],[-0.401181,51.6132],[-0.400787,51.613312],[-0.400729,51.613336],[-0.400672,51.613351],[-0.400595,51.61336],[-0.400552,51.61336],[-0.400461,51.613351],[-0.399977,51.613341],[-0.399676,51.613398],[-0.399487,51.613404],[-0.398486,51.613661],[-0.397908,51.613867],[-0.397306,51.614104],[-0.396996,51.614201],[-0.396495,51.614325],[-0.395765,51.614474],[-0.394818,51.614743],[-0.394225,51.614884],[-0.393352,51.615026],[-0.392701,51.615179],[-0.391622,51.615272],[-0.390812,51.615332],[-0.389895,51.615374],[-0.389556,51.615405],[-0.389225,51.615435],[-0.388984,51.615527],[-0.388458,51.615522],[-0.387865,51.615497],[-0.387316,51.615545],[-0.387132,51.615566],[-0.386909,51.615598],[-0.386686,51.615634],[-0.386398,51.615693],[-0.385894,51.615817],[-0.385251,51.615974],[-0.384599,51.616165],[-0.38396,51.616352],[-0.383525,51.616503],[-0.383231,51.61665],[-0.382111,51.617393],[-0.382048,51.617419],[-0.382013,51.617429],[-0.381772,51.617464],[-0.381525,51.617479],[-0.380974,51.617478],[-0.380469,51.617462],[-0.379992,51.617538],[-0.379106,51.617706],[-0.378533,51.617776],[-0.378285,51.617805],[-0.378157,51.617805],[-0.377587,51.617804],[-0.376989,51.617941],[-0.376568,51.618054],[-0.376043,51.618163],[-0.375862,51.618184],[-0.37541,51.6183],[-0.374921,51.618447],[-0.374098,51.618759],[-0.373257,51.618955],[-0.372862,51.61902],[-0.372759,51.619046],[-0.372492,51.619113],[-0.371636,51.61935],[-0.371305,51.619475],[-0.370462,51.619807],[-0.369899,51.620072],[-0.369296,51.62031],[-0.368902,51.620419],[-0.368391,51.620586],[-0.36834,51.620602],[-0.368237,51.620636],[-0.368197,51.620649],[-0.368147,51.620655],[-0.367285,51.620758],[-0.366941,51.620788],[-0.366787,51.620826],[-0.366632,51.620869],[-0.366263,51.621012],[-0.366197,51.621042],[-0.365559,51.621331],[-0.365179,51.621541],[-0.364741,51.621835],[-0.363455,51.622534],[-0.363358,51.622625],[-0.362644,51.623501],[-0.362618,51.623533],[-0.362578,51.623564],[-0.362452,51.62351],[-0.3624,51.623549],[-0.361815,51.623726],[-0.361542,51.624023],[-0.361335,51.624273],[-0.361092,51.624464],[-0.360927,51.624617],[-0.360737,51.624741],[-0.360208,51.62505],[-0.360104,51.625105],[-0.359791,51.625235],[-0.359702,51.625259],[-0.359476,51.625305],[-0.359023,51.625368],[-0.358553,51.625412],[-0.358184,51.62543],[-0.35783,51.625436],[-0.35755,51.62546],[-0.356982,51.625582],[-0.356569,51.62562],[-0.356286,51.625675],[-0.35603,51.625758],[-0.355773,51.62582],[-0.35529,51.625959],[-0.355226,51.625973],[-0.355081,51.62599],[-0.354996,51.625991],[-0.354837,51.625979],[-0.354419,51.625991],[-0.354144,51.626015],[-0.353039,51.626252],[-0.352551,51.626306],[-0.352313,51.626346],[-0.3516,51.626479],[-0.350815,51.626579],[-0.350503,51.626583],[-0.35044,51.626594],[-0.350377,51.626607],[-0.349904,51.626752],[-0.34956,51.626839],[-0.349246,51.626906],[-0.349093,51.626955],[-0.348949,51.627007],[-0.348279,51.627295],[-0.347918,51.627443],[-0.347552,51.627592],[-0.346977,51.627799],[-0.34643,51.628003],[-0.346099,51.628093],[-0.345661,51.62819],[-0.34513,51.628327],[-0.344749,51.628495],[-0.344331,51.628662],[-0.344166,51.628738],[-0.341843,51.629831],[-0.34045,51.630464],[-0.339913,51.63072],[-0.339877,51.630737],[-0.339835,51.630808],[-0.339637,51.630566],[-0.339353,51.630341],[-0.339005,51.630081],[-0.338857,51.630088],[-0.338795,51.630055],[-0.338837,51.630005],[-0.338848,51.629932],[-0.338565,51.6297],[-0.338557,51.629683],[-0.338307,51.629469],[-0.337483,51.63013],[-0.337469,51.630187],[-0.337408,51.630212],[-0.337222,51.630358],[-0.336828,51.630662],[-0.336451,51.630961],[-0.336155,51.631233],[-0.335699,51.631542],[-0.335367,51.631766],[-0.334941,51.632109],[-0.334658,51.6323],[-0.334571,51.63236],[-0.334488,51.632417],[-0.334164,51.632643],[-0.333722,51.632953],[-0.333595,51.633042],[-0.333286,51.63326],[-0.333113,51.633381],[-0.333032,51.633452],[-0.333084,51.633542],[-0.333087,51.633574],[-0.333092,51.633641],[-0.333071,51.633724],[-0.332995,51.633832],[-0.332875,51.633803],[-0.332607,51.633739],[-0.33248,51.633823],[-0.331758,51.6343],[-0.330851,51.634865],[-0.330007,51.635332],[-0.329347,51.63562],[-0.328848,51.635829],[-0.328347,51.636036],[-0.327352,51.636429],[-0.327072,51.636436],[-0.326798,51.636604],[-0.32657,51.636715],[-0.32595,51.636905],[-0.325663,51.636978],[-0.324621,51.637187],[-0.323183,51.637488],[-0.322312,51.637632],[-0.321493,51.637776],[-0.320573,51.637975],[-0.319817,51.638217],[-0.319453,51.638373],[-0.31912,51.638576],[-0.318751,51.63898],[-0.318665,51.639084],[-0.31853,51.639294],[-0.31846,51.639504],[-0.31843,51.639571],[-0.318256,51.639729],[-0.318087,51.639929],[-0.317802,51.640086],[-0.317763,51.640108],[-0.317573,51.640213],[-0.317518,51.640243],[-0.317135,51.640419],[-0.316937,51.640466],[-0.316696,51.640532],[-0.315922,51.640178],[-0.314916,51.639779],[-0.314264,51.639598],[-0.313976,51.6395],[-0.313383,51.639308],[-0.313212,51.639252],[-0.312711,51.639074],[-0.312342,51.638958],[-0.311718,51.63881],[-0.311299,51.638728],[-0.311074,51.63868],[-0.310835,51.638623],[-0.309118,51.638148],[-0.308933,51.638081],[-0.308233,51.637889],[-0.307695,51.637741],[-0.306992,51.637545],[-0.306362,51.637371],[-0.305401,51.637104],[-0.305151,51.636995],[-0.304757,51.636736],[-0.304702,51.636699],[-0.30461,51.636619],[-0.304552,51.636548],[-0.304528,51.636496],[-0.304541,51.636451],[-0.304584,51.636374],[-0.304483,51.636347],[-0.304474,51.636345],[-0.304451,51.63634],[-0.30435,51.636313],[-0.304301,51.63637],[-0.30416,51.636429],[-0.303994,51.636472],[-0.303809,51.636482],[-0.30357,51.636458],[-0.303363,51.63643],[-0.303203,51.636367],[-0.303078,51.636316],[-0.303042,51.636301],[-0.302997,51.636283],[-0.302944,51.63626],[-0.302747,51.636133],[-0.302436,51.636351],[-0.301781,51.636253],[-0.301249,51.636138],[-0.301104,51.636109],[-0.300927,51.636072],[-0.300668,51.635957],[-0.300618,51.635938],[-0.300477,51.635884],[-0.300337,51.635839],[-0.300205,51.635808],[-0.300102,51.635792],[-0.299878,51.635758],[-0.29966,51.635737],[-0.299613,51.635733],[-0.299428,51.635715],[-0.298827,51.635754],[-0.298763,51.635758],[-0.298703,51.635762],[-0.2985,51.635774],[-0.298241,51.635791],[-0.297743,51.635762],[-0.297233,51.635732],[-0.296151,51.635444],[-0.294406,51.635647],[-0.294106,51.635729],[-0.293599,51.635905],[-0.293339,51.635995],[-0.29219,51.63638],[-0.292043,51.636429],[-0.291891,51.636475],[-0.291741,51.636488],[-0.291379,51.636488],[-0.290575,51.636588],[-0.289929,51.636667],[-0.289412,51.636617],[-0.289278,51.636603],[-0.289142,51.636583],[-0.288367,51.636471],[-0.288102,51.636488],[-0.287811,51.636509],[-0.287254,51.636643],[-0.286937,51.636692],[-0.286844,51.636711],[-0.286506,51.636776],[-0.286016,51.636855],[-0.285524,51.636945],[-0.285196,51.637064],[-0.285081,51.637126],[-0.28465,51.637423],[-0.284282,51.6376],[-0.283898,51.637792],[-0.282936,51.638013],[-0.281415,51.638343],[-0.280547,51.638309],[-0.28043,51.63831],[-0.280051,51.63829],[-0.279418,51.638279],[-0.279042,51.6383],[-0.278636,51.63832],[-0.278244,51.638393],[-0.277964,51.638455],[-0.277798,51.638492],[-0.277346,51.638588],[-0.27701,51.638669],[-0.276761,51.638772],[-0.276499,51.638865],[-0.275905,51.638808],[-0.275513,51.638784],[-0.275121,51.638759],[-0.274751,51.638738],[-0.274019,51.6387],[-0.273737,51.638671],[-0.273745,51.638761],[-0.273985,51.638843],[-0.274164,51.638912],[-0.274174,51.638999],[-0.274184,51.639092],[-0.2742,51.639304],[-0.273911,51.639875],[-0.273724,51.640262],[-0.273564,51.640457],[-0.273379,51.640798],[-0.273177,51.641061],[-0.273146,51.641191],[-0.273129,51.641255],[-0.273088,51.641432],[-0.27292,51.641763],[-0.272878,51.641959],[-0.27289,51.642096],[-0.271946,51.642104],[-0.271555,51.642084],[-0.271126,51.642048],[-0.270647,51.642058],[-0.270061,51.642084],[-0.269746,51.642161],[-0.269461,51.642269],[-0.269435,51.642239],[-0.268805,51.642298],[-0.26827,51.642383],[-0.268333,51.64276],[-0.268413,51.643052],[-0.268428,51.643251],[-0.268422,51.643484],[-0.268414,51.643574],[-0.268406,51.643614],[-0.268366,51.643789],[-0.26837,51.643831],[-0.266791,51.644108],[-0.266117,51.644072],[-0.234012,51.548881],[-0.24042,51.534485],[-0.359907,51.494485],[-0.402027,51.613191]]]}},{"id":"11","type":"Feature","properties":{},"geometry":{"type":"Polygon","coordinates":[[[-0.359907,51.494485],[-0.396763,51.423502],[-0.39693,51.423512],[-0.397144,51.423524],[-0.397473,51.423539],[-0.397803,51.42355],[-0.398118,51.423556],[-0.398134,51.423556],[-0.398463,51.423559],[-0.398794,51.423556],[-0.399123,51.423549],[-0.399453,51.423537],[-0.399658,51.423527],[-0.399965,51.423508],[-0.400271,51.423486],[-0.400575,51.42346],[-0.400878,51.423429],[-0.401181,51.423394],[-0.401482,51.423355],[-0.401781,51.423312],[-0.402031,51.423272],[-0.402305,51.423223],[-0.402573,51.423167],[-0.40284,51.423107],[-0.403104,51.423043],[-0.403368,51.422977],[-0.40363,51.42291],[-0.403893,51.422843],[-0.404157,51.422778],[-0.404337,51.422734],[-0.404927,51.422596],[-0.405383,51.42248],[-0.405932,51.422665],[-0.406367,51.422846],[-0.406513,51.422911],[-0.406976,51.423169],[-0.407563,51.423461],[-0.407797,51.423578],[-0.408279,51.423754],[-0.408463,51.423834],[-0.408543,51.423964],[-0.408558,51.424103],[-0.408658,51.42425],[-0.408742,51.424406],[-0.408773,51.424586],[-0.408806,51.424959],[-0.40887,51.425101],[-0.408972,51.425269],[-0.409028,51.425451],[-0.409363,51.425756],[-0.409532,51.425878],[-0.409741,51.42604],[-0.410077,51.426222],[-0.41018,51.426284],[-0.410348,51.426464],[-0.410422,51.426566],[-0.410489,51.426669],[-0.410547,51.426855],[-0.410811,51.427211],[-0.41089,51.427342],[-0.411209,51.427516],[-0.411328,51.427574],[-0.411586,51.427662],[-0.411744,51.427691],[-0.41206,51.427736],[-0.412212,51.427754],[-0.412661,51.427792],[-0.412839,51.427812],[-0.413107,51.427855],[-0.412474,51.428782],[-0.414374,51.429295],[-0.413827,51.430075],[-0.416063,51.430695],[-0.416165,51.430564],[-0.416385,51.430622],[-0.417922,51.431028],[-0.417797,51.43121],[-0.417315,51.431918],[-0.417726,51.432031],[-0.418378,51.431867],[-0.418496,51.432007],[-0.418576,51.432083],[-0.418605,51.43211],[-0.418654,51.432155],[-0.41881,51.432266],[-0.419009,51.432328],[-0.41901,51.432328],[-0.4191,51.432359],[-0.419277,51.432353],[-0.420015,51.432268],[-0.420157,51.43225],[-0.420344,51.432218],[-0.420581,51.432209],[-0.420902,51.432219],[-0.421175,51.432171],[-0.42145,51.432089],[-0.421768,51.431964],[-0.422093,51.431868],[-0.422443,51.431748],[-0.422748,51.431539],[-0.422962,51.431423],[-0.42352,51.431184],[-0.423601,51.431161],[-0.423596,51.431045],[-0.42352,51.430877],[-0.424214,51.430978],[-0.424359,51.430963],[-0.424944,51.430924],[-0.425663,51.430808],[-0.425883,51.430779],[-0.426369,51.430788],[-0.426749,51.430839],[-0.427098,51.430827],[-0.427396,51.430829],[-0.427507,51.430819],[-0.427556,51.4307],[-0.427674,51.430344],[-0.427837,51.429534],[-0.427855,51.429405],[-0.427853,51.429252],[-0.429446,51.429395],[-0.429556,51.428798],[-0.42977,51.428796],[-0.429994,51.428811],[-0.430668,51.428876],[-0.431104,51.428907],[-0.431492,51.428949],[-0.431834,51.428972],[-0.432211,51.428979],[-0.432433,51.428997],[-0.432661,51.429018],[-0.43292,51.429049],[-0.433457,51.429125],[-0.433736,51.429168],[-0.434813,51.429391],[-0.436172,51.429687],[-0.43818,51.430173],[-0.439086,51.430404],[-0.440023,51.430623],[-0.440064,51.430939],[-0.440063,51.431172],[-0.440063,51.43151],[-0.440047,51.431866],[-0.440053,51.432033],[-0.440065,51.432197],[-0.440126,51.432509],[-0.440149,51.43281],[-0.440018,51.43352],[-0.439928,51.434144],[-0.439773,51.43462],[-0.441274,51.43471],[-0.442455,51.434748],[-0.443457,51.434808],[-0.444408,51.434857],[-0.445197,51.43491],[-0.445989,51.43493],[-0.446989,51.434976],[-0.447738,51.435003],[-0.44755,51.435575],[-0.447479,51.435936],[-0.447333,51.436388],[-0.447183,51.437059],[-0.447044,51.437487],[-0.446969,51.437815],[-0.446688,51.438631],[-0.44647,51.439505],[-0.44631,51.439997],[-0.448258,51.439576],[-0.449619,51.439272],[-0.450977,51.438989],[-0.452129,51.438774],[-0.453681,51.438495],[-0.453813,51.438482],[-0.454134,51.438431],[-0.454245,51.438414],[-0.454352,51.438397],[-0.456074,51.438148],[-0.456488,51.438107],[-0.456496,51.438225],[-0.456465,51.438331],[-0.456408,51.438436],[-0.456382,51.438655],[-0.456304,51.438909],[-0.456223,51.439165],[-0.456036,51.439651],[-0.456027,51.43981],[-0.455942,51.439987],[-0.455818,51.440156],[-0.455804,51.44031],[-0.455875,51.440393],[-0.455877,51.440442],[-0.455856,51.440652],[-0.455801,51.44087],[-0.455754,51.441122],[-0.455713,51.441251],[-0.455669,51.441383],[-0.455421,51.441953],[-0.455412,51.44212],[-0.455478,51.442216],[-0.455595,51.442279],[-0.455877,51.442367],[-0.456311,51.442528],[-0.457465,51.442999],[-0.457457,51.443139],[-0.457338,51.444226],[-0.457322,51.444441],[-0.457319,51.444663],[-0.457335,51.445315],[-0.457398,51.445652],[-0.457427,51.446],[-0.457505,51.446706],[-0.457533,51.446887],[-0.457543,51.446955],[-0.457625,51.447176],[-0.457636,51.4473],[-0.457643,51.447562],[-0.45764,51.447702],[-0.457622,51.447859],[-0.457553,51.448305],[-0.457482,51.448893],[-0.457482,51.449091],[-0.457577,51.449181],[-0.457708,51.449213],[-0.457921,51.449222],[-0.458872,51.449148],[-0.460119,51.449079],[-0.460821,51.449041],[-0.461352,51.449001],[-0.461502,51.448993],[-0.461432,51.450317],[-0.461379,51.451503],[-0.46134,51.452391],[-0.461224,51.45238],[-0.459859,51.45224],[-0.459577,51.452649],[-0.459559,51.452675],[-0.459315,51.452715],[-0.459087,51.453411],[-0.459018,51.453876],[-0.45897,51.454656],[-0.458902,51.455361],[-0.4589,51.455836],[-0.458876,51.456039],[-0.458747,51.456204],[-0.458661,51.456315],[-0.459042,51.456482],[-0.459117,51.456524],[-0.459204,51.456568],[-0.459291,51.456611],[-0.459381,51.456654],[-0.459473,51.456695],[-0.459594,51.456745],[-0.459723,51.456795],[-0.459855,51.456843],[-0.459987,51.456889],[-0.460104,51.456926],[-0.460222,51.456964],[-0.460344,51.457],[-0.460465,51.457035],[-0.460589,51.457067],[-0.460713,51.457099],[-0.460837,51.457127],[-0.460916,51.457144],[-0.461043,51.457169],[-0.461063,51.457173],[-0.46117,51.457194],[-0.461299,51.457215],[-0.46143,51.457235],[-0.46156,51.457254],[-0.461692,51.45727],[-0.462453,51.457335],[-0.463608,51.45744],[-0.464534,51.457501],[-0.465148,51.457578],[-0.465939,51.457727],[-0.466016,51.457742],[-0.466117,51.457761],[-0.466219,51.45778],[-0.466322,51.457799],[-0.466425,51.457815],[-0.466537,51.457829],[-0.466659,51.457842],[-0.466781,51.457853],[-0.466904,51.457863],[-0.466928,51.457865],[-0.467051,51.457872],[-0.467174,51.457878],[-0.467298,51.457883],[-0.467422,51.457884],[-0.467853,51.457884],[-0.468371,51.457889],[-0.468576,51.457891],[-0.469962,51.458043],[-0.470771,51.458149],[-0.47112,51.458209],[-0.472522,51.458423],[-0.472609,51.458438],[-0.472861,51.458483],[-0.473111,51.458532],[-0.47336,51.458584],[-0.473376,51.458588],[-0.473417,51.458596],[-0.473459,51.458605],[-0.473499,51.458614],[-0.47354,51.458623],[-0.47358,51.458634],[-0.473614,51.458644],[-0.473659,51.458658],[-0.4737,51.458673],[-0.473743,51.458688],[-0.473775,51.458701],[-0.473815,51.458718],[-0.473855,51.458735],[-0.473894,51.458753],[-0.473933,51.458772],[-0.473969,51.458792],[-0.474496,51.45914],[-0.475167,51.459613],[-0.475883,51.460091],[-0.476313,51.460609],[-0.476318,51.460616],[-0.47616,51.460646],[-0.475916,51.46069],[-0.475921,51.460702],[-0.475921,51.460703],[-0.475932,51.460723],[-0.475943,51.460744],[-0.475955,51.460765],[-0.475969,51.460785],[-0.475982,51.460805],[-0.475998,51.460824],[-0.476006,51.460833],[-0.476025,51.460856],[-0.476047,51.460879],[-0.476071,51.460901],[-0.476095,51.460922],[-0.47612,51.460943],[-0.476138,51.460957],[-0.476172,51.460982],[-0.476209,51.461006],[-0.476245,51.461029],[-0.476285,51.461052],[-0.476325,51.461073],[-0.476364,51.461094],[-0.476407,51.461114],[-0.476448,51.461134],[-0.476461,51.461139],[-0.476522,51.461165],[-0.476584,51.461189],[-0.476648,51.461211],[-0.476714,51.461232],[-0.476781,51.461251],[-0.476848,51.461269],[-0.476916,51.461287],[-0.476963,51.461299],[-0.477052,51.461319],[-0.477141,51.461336],[-0.477229,51.461352],[-0.477321,51.461366],[-0.477411,51.461378],[-0.477503,51.461389],[-0.477598,51.4614],[-0.47769,51.461409],[-0.477782,51.461416],[-0.477875,51.461422],[-0.477967,51.461426],[-0.47806,51.461429],[-0.478935,51.461447],[-0.479672,51.461438],[-0.480344,51.461407],[-0.481085,51.461362],[-0.481312,51.461387],[-0.481573,51.461383],[-0.482043,51.461371],[-0.4822,51.461298],[-0.483759,51.461274],[-0.48487,51.46128],[-0.484994,51.461279],[-0.485166,51.461281],[-0.48534,51.461285],[-0.485514,51.461291],[-0.485631,51.461297],[-0.485882,51.461314],[-0.486132,51.461335],[-0.486293,51.461349],[-0.486473,51.461367],[-0.486653,51.461388],[-0.486677,51.461391],[-0.486856,51.461415],[-0.487034,51.461441],[-0.487597,51.461558],[-0.488218,51.461681],[-0.488732,51.461789],[-0.48874,51.461791],[-0.48875,51.461794],[-0.48876,51.461796],[-0.488778,51.461802],[-0.488788,51.461804],[-0.488798,51.461806],[-0.488808,51.461809],[-0.488818,51.46181],[-0.488828,51.461812],[-0.488838,51.461812],[-0.488848,51.461812],[-0.488887,51.461809],[-0.488925,51.461801],[-0.488963,51.461792],[-0.488977,51.46179],[-0.488999,51.461785],[-0.489021,51.461779],[-0.489041,51.461773],[-0.489061,51.461767],[-0.489083,51.461761],[-0.489105,51.461755],[-0.489127,51.46175],[-0.489148,51.461746],[-0.489174,51.461743],[-0.489205,51.46174],[-0.489234,51.461739],[-0.489262,51.461738],[-0.489293,51.461738],[-0.489322,51.461739],[-0.489352,51.461741],[-0.48938,51.461743],[-0.48941,51.461745],[-0.489439,51.461748],[-0.489455,51.46175],[-0.489491,51.461755],[-0.489525,51.461761],[-0.489561,51.461768],[-0.489595,51.461776],[-0.489629,51.461785],[-0.489662,51.461794],[-0.489695,51.461804],[-0.489728,51.461815],[-0.489742,51.461819],[-0.489773,51.461831],[-0.489806,51.461843],[-0.489836,51.461855],[-0.489866,51.461868],[-0.489895,51.461882],[-0.489925,51.461896],[-0.489962,51.461952],[-0.490031,51.462037],[-0.490131,51.462153],[-0.490178,51.462205],[-0.490204,51.462229],[-0.49023,51.462253],[-0.490247,51.462266],[-0.490274,51.462288],[-0.490303,51.46231],[-0.490306,51.462312],[-0.490317,51.462319],[-0.49033,51.462325],[-0.490343,51.462331],[-0.490357,51.462336],[-0.49037,51.462342],[-0.490397,51.462352],[-0.490402,51.462354],[-0.490435,51.462367],[-0.490468,51.462379],[-0.490502,51.46239],[-0.490538,51.462401],[-0.490573,51.462411],[-0.490609,51.46242],[-0.490645,51.462429],[-0.49068,51.462437],[-0.49071,51.462442],[-0.491577,51.462711],[-0.49198,51.462841],[-0.492229,51.462972],[-0.492623,51.462988],[-0.492873,51.462989],[-0.493131,51.462936],[-0.493269,51.462878],[-0.493283,51.462872],[-0.493298,51.462865],[-0.493311,51.462857],[-0.493324,51.46285],[-0.493333,51.462845],[-0.493345,51.462837],[-0.493358,51.462828],[-0.49337,51.462819],[-0.49338,51.46281],[-0.493389,51.462802],[-0.493397,51.462794],[-0.493404,51.462785],[-0.493412,51.462777],[-0.493419,51.462767],[-0.493433,51.462748],[-0.493446,51.462728],[-0.493458,51.462709],[-0.493464,51.462699],[-0.493717,51.462713],[-0.493881,51.462722],[-0.494055,51.463048],[-0.49433,51.463386],[-0.494558,51.463633],[-0.494918,51.463931],[-0.495224,51.464231],[-0.495309,51.464312],[-0.495406,51.464428],[-0.495594,51.464604],[-0.4959,51.46486],[-0.496211,51.465115],[-0.496641,51.465464],[-0.497053,51.465736],[-0.497005,51.465875],[-0.497057,51.46591],[-0.49728,51.466038],[-0.497559,51.466181],[-0.498137,51.46643],[-0.498267,51.466424],[-0.498529,51.466545],[-0.498894,51.4667],[-0.499394,51.466862],[-0.499839,51.466989],[-0.500369,51.467129],[-0.500922,51.467246],[-0.50146,51.467361],[-0.502129,51.467462],[-0.502779,51.467567],[-0.502809,51.467572],[-0.502931,51.467592],[-0.503052,51.467614],[-0.503174,51.467634],[-0.503296,51.467654],[-0.503419,51.467671],[-0.503542,51.467687],[-0.503756,51.467705],[-0.504069,51.467722],[-0.504384,51.467734],[-0.504439,51.467736],[-0.504754,51.467745],[-0.505068,51.46775],[-0.505128,51.467757],[-0.505197,51.467763],[-0.505266,51.46777],[-0.505336,51.467774],[-0.505405,51.467777],[-0.505476,51.46778],[-0.505545,51.46778],[-0.505615,51.467779],[-0.505684,51.467779],[-0.505755,51.467776],[-0.505824,51.467772],[-0.505853,51.467771],[-0.505901,51.467767],[-0.505948,51.467764],[-0.505995,51.467759],[-0.506042,51.467754],[-0.506089,51.467749],[-0.506135,51.467742],[-0.50618,51.467735],[-0.5062,51.467731],[-0.506233,51.467724],[-0.506265,51.467719],[-0.506299,51.467712],[-0.50633,51.467704],[-0.506363,51.467696],[-0.506394,51.467688],[-0.506425,51.467679],[-0.506455,51.46767],[-0.506486,51.467659],[-0.506515,51.467648],[-0.50653,51.467642],[-0.506562,51.467628],[-0.506594,51.467613],[-0.506625,51.467598],[-0.506654,51.467581],[-0.506682,51.467565],[-0.50671,51.467547],[-0.506738,51.467529],[-0.506763,51.467511],[-0.506788,51.467492],[-0.506809,51.467476],[-0.506832,51.467457],[-0.506855,51.467437],[-0.506877,51.467416],[-0.506898,51.467396],[-0.506917,51.467374],[-0.506935,51.467352],[-0.507046,51.467184],[-0.50717,51.467087],[-0.507337,51.466917],[-0.507405,51.466948],[-0.507703,51.467028],[-0.507758,51.467028],[-0.507822,51.467042],[-0.50791,51.467042],[-0.508154,51.467047],[-0.508344,51.467046],[-0.508494,51.467058],[-0.508801,51.467094],[-0.509147,51.467211],[-0.509428,51.467344],[-0.509516,51.467361],[-0.510296,51.467505],[-0.510299,51.46776],[-0.510338,51.467845],[-0.510364,51.467952],[-0.510375,51.468087],[-0.510352,51.468217],[-0.510281,51.468369],[-0.51021,51.468572],[-0.510173,51.468767],[-0.509721,51.469175],[-0.509689,51.469204],[-0.509665,51.469201],[-0.509629,51.469198],[-0.509595,51.469196],[-0.50956,51.469194],[-0.509524,51.469193],[-0.509488,51.469193],[-0.509454,51.469193],[-0.509428,51.469194],[-0.509389,51.469196],[-0.50935,51.469198],[-0.509311,51.469202],[-0.509273,51.469207],[-0.509234,51.469212],[-0.509197,51.469218],[-0.509159,51.469225],[-0.509154,51.469225],[-0.509102,51.469237],[-0.50905,51.469249],[-0.509001,51.469263],[-0.50895,51.469279],[-0.508902,51.469295],[-0.508854,51.469313],[-0.508806,51.469331],[-0.508759,51.46935],[-0.508623,51.469415],[-0.508495,51.469491],[-0.508377,51.469574],[-0.508264,51.469659],[-0.50815,51.469745],[-0.508144,51.469749],[-0.508026,51.469839],[-0.507911,51.469929],[-0.507798,51.470022],[-0.50769,51.470116],[-0.507585,51.470211],[-0.507457,51.470335],[-0.507329,51.470469],[-0.507205,51.470605],[-0.507086,51.470743],[-0.507031,51.470809],[-0.506931,51.470933],[-0.506834,51.471057],[-0.506744,51.471184],[-0.506498,51.471568],[-0.50637,51.471774],[-0.506165,51.472115],[-0.506081,51.472264],[-0.505961,51.472478],[-0.505849,51.472693],[-0.505794,51.472809],[-0.505591,51.473281],[-0.505541,51.473394],[-0.505501,51.473492],[-0.505413,51.473699],[-0.50533,51.473909],[-0.505254,51.474118],[-0.505219,51.474225],[-0.505209,51.47426],[-0.505154,51.47444],[-0.505098,51.474656],[-0.505048,51.474872],[-0.505041,51.474907],[-0.505001,51.475121],[-0.505,51.475124],[-0.504966,51.475342],[-0.504874,51.475783],[-0.504743,51.476414],[-0.504583,51.477242],[-0.504535,51.477432],[-0.504468,51.477543],[-0.504293,51.477756],[-0.504245,51.477947],[-0.504203,51.478251],[-0.504228,51.478359],[-0.504264,51.478557],[-0.504264,51.478558],[-0.504244,51.478759],[-0.504208,51.478956],[-0.504145,51.479137],[-0.504069,51.479324],[-0.503931,51.47961],[-0.503739,51.480021],[-0.503514,51.480519],[-0.503221,51.481016],[-0.503183,51.481075],[-0.503065,51.48126],[-0.503007,51.48135],[-0.502705,51.481831],[-0.502702,51.481836],[-0.5025,51.482152],[-0.50226,51.482471],[-0.501949,51.482841],[-0.501726,51.483133],[-0.501382,51.483495],[-0.501087,51.4838],[-0.500835,51.484047],[-0.500446,51.484396],[-0.499869,51.484957],[-0.4993,51.485488],[-0.499102,51.485673],[-0.499021,51.485659],[-0.49897,51.485659],[-0.498937,51.485667],[-0.498918,51.485677],[-0.498897,51.485702],[-0.498895,51.485749],[-0.498932,51.48583],[-0.498984,51.485897],[-0.49898,51.485918],[-0.498954,51.485936],[-0.498854,51.485963],[-0.49881,51.485986],[-0.498765,51.486019],[-0.498737,51.486048],[-0.498719,51.486079],[-0.498714,51.486106],[-0.498721,51.486133],[-0.498739,51.486157],[-0.498769,51.486179],[-0.49881,51.486199],[-0.498898,51.486225],[-0.499027,51.486219],[-0.499058,51.486226],[-0.499082,51.48624],[-0.499092,51.486255],[-0.499096,51.486272],[-0.499086,51.486345],[-0.499056,51.486467],[-0.499037,51.486523],[-0.49898,51.486632],[-0.498975,51.486661],[-0.49898,51.486682],[-0.499016,51.486724],[-0.49908,51.486761],[-0.499122,51.486777],[-0.499161,51.486785],[-0.499217,51.486788],[-0.499318,51.486784],[-0.499406,51.486776],[-0.499542,51.486747],[-0.499577,51.486746],[-0.499604,51.486752],[-0.499634,51.486764],[-0.499661,51.486782],[-0.499695,51.486833],[-0.499692,51.486847],[-0.499675,51.486867],[-0.499568,51.486936],[-0.499555,51.486969],[-0.499563,51.486984],[-0.499645,51.487054],[-0.499659,51.487092],[-0.499659,51.487147],[-0.499649,51.487192],[-0.499614,51.48725],[-0.499518,51.487344],[-0.49938,51.487431],[-0.499359,51.487451],[-0.499344,51.487491],[-0.499373,51.487595],[-0.499368,51.487625],[-0.499356,51.487641],[-0.499293,51.487681],[-0.499098,51.487788],[-0.499052,51.487832],[-0.499044,51.487857],[-0.49905,51.487883],[-0.499074,51.48791],[-0.499195,51.487982],[-0.499233,51.488022],[-0.499238,51.488036],[-0.499228,51.488164],[-0.499188,51.488411],[-0.499198,51.488557],[-0.499188,51.48858],[-0.499171,51.488595],[-0.499146,51.488602],[-0.499107,51.488599],[-0.499071,51.488589],[-0.498994,51.488532],[-0.498905,51.488436],[-0.498882,51.488428],[-0.498848,51.488428],[-0.498805,51.488443],[-0.498616,51.488588],[-0.498583,51.488604],[-0.498549,51.488612],[-0.498525,51.488612],[-0.498499,51.488605],[-0.49846,51.488572],[-0.498414,51.488467],[-0.498398,51.488449],[-0.498372,51.488442],[-0.498347,51.488445],[-0.498327,51.488454],[-0.4983,51.488478],[-0.498163,51.488662],[-0.49804,51.488764],[-0.498006,51.488808],[-0.497999,51.488833],[-0.497997,51.488881],[-0.498019,51.488933],[-0.498055,51.48898],[-0.498095,51.489009],[-0.498137,51.489022],[-0.498177,51.489021],[-0.498314,51.488982],[-0.498357,51.488978],[-0.498402,51.488985],[-0.498471,51.489027],[-0.498638,51.489191],[-0.498658,51.489233],[-0.498649,51.48926],[-0.498404,51.489407],[-0.498364,51.489425],[-0.498334,51.489432],[-0.498191,51.489444],[-0.498128,51.489462],[-0.498092,51.489495],[-0.498052,51.489592],[-0.498016,51.489632],[-0.497936,51.489667],[-0.497759,51.489704],[-0.497639,51.489746],[-0.497563,51.489782],[-0.49749,51.489823],[-0.497401,51.489882],[-0.497393,51.489882],[-0.497057,51.489705],[-0.496852,51.489757],[-0.496749,51.489791],[-0.49667,51.489826],[-0.4966,51.489865],[-0.496551,51.489898],[-0.496496,51.489954],[-0.496454,51.490007],[-0.496446,51.490031],[-0.496448,51.490054],[-0.49646,51.490075],[-0.496481,51.490096],[-0.496514,51.490116],[-0.4966,51.490148],[-0.496636,51.490154],[-0.49679,51.490153],[-0.496965,51.490181],[-0.496988,51.490217],[-0.496991,51.490227],[-0.496995,51.490245],[-0.496986,51.490289],[-0.496965,51.490311],[-0.496857,51.490395],[-0.496781,51.490486],[-0.496722,51.490533],[-0.496668,51.490549],[-0.496629,51.490553],[-0.496528,51.490553],[-0.496262,51.490539],[-0.496111,51.490518],[-0.496087,51.490519],[-0.496042,51.490527],[-0.496005,51.490542],[-0.495943,51.49059],[-0.495918,51.490618],[-0.495903,51.490648],[-0.495884,51.490777],[-0.495858,51.490824],[-0.49576,51.490924],[-0.495569,51.491076],[-0.495472,51.49116],[-0.495402,51.491197],[-0.495357,51.491205],[-0.495194,51.491201],[-0.495117,51.491219],[-0.495024,51.491264],[-0.494962,51.491316],[-0.494935,51.491375],[-0.494912,51.491544],[-0.494922,51.491646],[-0.494937,51.491684],[-0.494993,51.491762],[-0.495113,51.491864],[-0.495167,51.491892],[-0.495287,51.491936],[-0.49535,51.491977],[-0.495368,51.492009],[-0.495368,51.492045],[-0.495331,51.492112],[-0.495224,51.492217],[-0.495102,51.492307],[-0.494937,51.492402],[-0.494909,51.492424],[-0.494888,51.492449],[-0.494879,51.492474],[-0.494879,51.492596],[-0.494869,51.49263],[-0.49485,51.492656],[-0.494814,51.492678],[-0.494769,51.492697],[-0.494708,51.492712],[-0.494576,51.492733],[-0.493863,51.49273],[-0.493682,51.49272],[-0.493573,51.492724],[-0.493532,51.492733],[-0.493358,51.49281],[-0.493284,51.492827],[-0.493234,51.492827],[-0.49317,51.492821],[-0.492913,51.492773],[-0.492787,51.492756],[-0.492745,51.492755],[-0.492703,51.492761],[-0.492671,51.492773],[-0.492585,51.492851],[-0.492546,51.492875],[-0.492368,51.492952],[-0.49224,51.492992],[-0.492214,51.492997],[-0.491684,51.493027],[-0.491553,51.493037],[-0.491503,51.493047],[-0.491464,51.493062],[-0.491446,51.493073],[-0.4911,51.493487],[-0.490953,51.493621],[-0.49087,51.493684],[-0.490804,51.493725],[-0.490737,51.493753],[-0.490521,51.493804],[-0.490482,51.493825],[-0.490456,51.493852],[-0.490442,51.493878],[-0.490438,51.493909],[-0.490442,51.493968],[-0.490449,51.494007],[-0.490492,51.494103],[-0.490485,51.494137],[-0.490447,51.494166],[-0.490327,51.494207],[-0.490301,51.494225],[-0.490274,51.494255],[-0.490259,51.494274],[-0.49017,51.494466],[-0.490136,51.494578],[-0.490051,51.494734],[-0.490044,51.494746],[-0.489995,51.494837],[-0.489943,51.494903],[-0.489938,51.49491],[-0.489838,51.494967],[-0.489635,51.495068],[-0.489604,51.495089],[-0.489575,51.495121],[-0.489552,51.495168],[-0.489542,51.495212],[-0.489544,51.495245],[-0.489552,51.495271],[-0.489567,51.49529],[-0.489681,51.495378],[-0.489698,51.495401],[-0.489701,51.49543],[-0.489663,51.495474],[-0.489623,51.495505],[-0.489526,51.495555],[-0.489459,51.49558],[-0.489231,51.495648],[-0.489183,51.495669],[-0.489158,51.495687],[-0.489081,51.49579],[-0.489014,51.495839],[-0.488915,51.495875],[-0.488842,51.495897],[-0.488841,51.495897],[-0.488765,51.49592],[-0.488721,51.495942],[-0.488693,51.495968],[-0.488684,51.495984],[-0.4887,51.49602],[-0.488787,51.496238],[-0.48882,51.49641],[-0.488847,51.496531],[-0.48882,51.496576],[-0.48874,51.49677],[-0.48875,51.496806],[-0.48877,51.496877],[-0.488813,51.496958],[-0.488875,51.497032],[-0.488955,51.497106],[-0.488993,51.497167],[-0.489023,51.49728],[-0.489094,51.497388],[-0.489133,51.497423],[-0.489174,51.497446],[-0.489213,51.49746],[-0.489359,51.497482],[-0.489404,51.4975],[-0.489472,51.49755],[-0.489488,51.497574],[-0.48949,51.4976],[-0.48948,51.497618],[-0.489455,51.497632],[-0.489341,51.497661],[-0.489306,51.497681],[-0.48929,51.497739],[-0.489297,51.497911],[-0.489284,51.497953],[-0.48926,51.497999],[-0.489224,51.498044],[-0.489181,51.498079],[-0.489053,51.49814],[-0.489015,51.498164],[-0.488985,51.498196],[-0.488937,51.498268],[-0.488892,51.498354],[-0.488865,51.498445],[-0.488852,51.498515],[-0.488856,51.498541],[-0.488868,51.498565],[-0.488889,51.498584],[-0.488922,51.498599],[-0.489,51.498614],[-0.489163,51.498616],[-0.489371,51.498601],[-0.489551,51.49861],[-0.489592,51.49862],[-0.489666,51.498656],[-0.489702,51.498698],[-0.489775,51.498845],[-0.489784,51.498885],[-0.489783,51.498918],[-0.489764,51.498965],[-0.489709,51.499053],[-0.489583,51.499213],[-0.489299,51.499507],[-0.489159,51.499651],[-0.488956,51.499782],[-0.488881,51.499789],[-0.488808,51.499828],[-0.488801,51.499904],[-0.488784,51.499969],[-0.488788,51.499991],[-0.488839,51.500096],[-0.488838,51.500115],[-0.488826,51.500142],[-0.4888,51.500175],[-0.488765,51.500205],[-0.4887,51.500201],[-0.488698,51.5002],[-0.488405,51.500352],[-0.488321,51.500417],[-0.488302,51.500426],[-0.48827,51.500433],[-0.48824,51.500429],[-0.488216,51.500418],[-0.488152,51.500355],[-0.488098,51.500324],[-0.488034,51.500297],[-0.488001,51.50029],[-0.48793,51.500292],[-0.487807,51.500318],[-0.48777,51.500322],[-0.487594,51.50032],[-0.487542,51.500339],[-0.487504,51.500369],[-0.487459,51.500397],[-0.487406,51.500436],[-0.487357,51.500467],[-0.487332,51.500506],[-0.487329,51.500544],[-0.48733,51.500584],[-0.487427,51.50082],[-0.487406,51.50091],[-0.487376,51.500945],[-0.487342,51.500967],[-0.487313,51.500979],[-0.487256,51.50099],[-0.487164,51.501],[-0.487073,51.501001],[-0.486997,51.500993],[-0.486921,51.500979],[-0.486838,51.500956],[-0.486767,51.500932],[-0.486601,51.50086],[-0.486518,51.500834],[-0.486455,51.500821],[-0.486394,51.50082],[-0.486333,51.500828],[-0.486261,51.500854],[-0.486212,51.500884],[-0.486187,51.500909],[-0.486172,51.500935],[-0.48616,51.501026],[-0.486166,51.501048],[-0.486227,51.501138],[-0.486243,51.5012],[-0.486222,51.501315],[-0.486221,51.501362],[-0.486258,51.501603],[-0.48627,51.501742],[-0.486268,51.501796],[-0.48626,51.501824],[-0.486253,51.501836],[-0.486245,51.501847],[-0.48624,51.501851],[-0.48623,51.501859],[-0.486223,51.501864],[-0.486204,51.501871],[-0.486079,51.501917],[-0.486068,51.501921],[-0.486061,51.501926],[-0.48604,51.501939],[-0.486033,51.501946],[-0.486008,51.501969],[-0.486003,51.501976],[-0.485988,51.501995],[-0.485963,51.502026],[-0.48596,51.502031],[-0.485928,51.502085],[-0.485926,51.502089],[-0.485887,51.502179],[-0.485879,51.502198],[-0.485872,51.502207],[-0.485862,51.502221],[-0.485857,51.502225],[-0.48582,51.502255],[-0.485811,51.502262],[-0.485801,51.502268],[-0.485766,51.502288],[-0.485722,51.502314],[-0.485709,51.502324],[-0.485692,51.502335],[-0.485678,51.502348],[-0.485669,51.502357],[-0.485627,51.502393],[-0.485565,51.502445],[-0.485461,51.502507],[-0.485369,51.502544],[-0.485193,51.502591],[-0.485168,51.502606],[-0.48515,51.502627],[-0.485141,51.502651],[-0.485141,51.502703],[-0.485141,51.502874],[-0.485134,51.502908],[-0.485114,51.50294],[-0.485083,51.502971],[-0.485022,51.503016],[-0.484869,51.503111],[-0.484824,51.503155],[-0.484822,51.50317],[-0.484837,51.503213],[-0.484926,51.503302],[-0.484942,51.503331],[-0.484944,51.503357],[-0.484934,51.503379],[-0.484913,51.503402],[-0.484691,51.503557],[-0.484679,51.503578],[-0.484672,51.503609],[-0.484679,51.503637],[-0.484717,51.503689],[-0.484744,51.503708],[-0.484774,51.503721],[-0.484928,51.503759],[-0.485051,51.503804],[-0.485105,51.503832],[-0.485138,51.503859],[-0.485162,51.503889],[-0.485179,51.503926],[-0.485189,51.503974],[-0.48519,51.504026],[-0.48518,51.504073],[-0.48516,51.504114],[-0.485103,51.504168],[-0.484897,51.504297],[-0.484863,51.504345],[-0.484857,51.50438],[-0.484863,51.504411],[-0.484878,51.50444],[-0.4849,51.504466],[-0.48493,51.504487],[-0.48524,51.504612],[-0.485251,51.504626],[-0.485257,51.504652],[-0.485254,51.504679],[-0.485065,51.505074],[-0.485029,51.505106],[-0.484998,51.505121],[-0.484831,51.505179],[-0.484803,51.505198],[-0.484786,51.505221],[-0.484778,51.505253],[-0.48478,51.505286],[-0.484824,51.505417],[-0.484825,51.505446],[-0.484808,51.505483],[-0.484769,51.505535],[-0.484716,51.505586],[-0.484668,51.50562],[-0.484619,51.505644],[-0.484574,51.505659],[-0.484497,51.505669],[-0.484431,51.505662],[-0.48428,51.505615],[-0.484201,51.505602],[-0.484053,51.505594],[-0.484008,51.505598],[-0.483969,51.50561],[-0.483941,51.505624],[-0.483922,51.505642],[-0.483908,51.505667],[-0.483899,51.505784],[-0.483858,51.505997],[-0.483734,51.506277],[-0.483698,51.506433],[-0.48368,51.506458],[-0.483646,51.506492],[-0.483611,51.506513],[-0.483557,51.506535],[-0.48342,51.506577],[-0.483263,51.506604],[-0.483211,51.506627],[-0.483194,51.506646],[-0.483179,51.506704],[-0.483195,51.506802],[-0.48318,51.507025],[-0.483183,51.507126],[-0.483207,51.5072],[-0.483232,51.507237],[-0.483274,51.507282],[-0.483327,51.507328],[-0.483391,51.507369],[-0.483457,51.507403],[-0.483567,51.507442],[-0.483749,51.507465],[-0.483796,51.507476],[-0.483858,51.507497],[-0.483916,51.507523],[-0.483954,51.507549],[-0.483979,51.507577],[-0.483996,51.50761],[-0.484003,51.507647],[-0.484004,51.507652],[-0.484,51.507723],[-0.483989,51.507786],[-0.483974,51.507816],[-0.483948,51.507838],[-0.483893,51.507859],[-0.483621,51.507886],[-0.48361,51.507887],[-0.483528,51.507919],[-0.48351,51.507936],[-0.483495,51.507961],[-0.483488,51.508005],[-0.483501,51.508048],[-0.483532,51.508098],[-0.483561,51.508128],[-0.483585,51.50814],[-0.483631,51.508154],[-0.483809,51.508174],[-0.483855,51.508183],[-0.483903,51.508199],[-0.48403,51.508255],[-0.484161,51.508339],[-0.484225,51.508403],[-0.484239,51.508436],[-0.48423,51.508549],[-0.484262,51.508642],[-0.484305,51.508701],[-0.484336,51.508725],[-0.484371,51.508741],[-0.48451,51.50878],[-0.484581,51.508812],[-0.484664,51.508857],[-0.484716,51.508896],[-0.484759,51.508946],[-0.484806,51.509019],[-0.484906,51.509139],[-0.484972,51.509304],[-0.485162,51.509384],[-0.485229,51.509416],[-0.485281,51.509448],[-0.485515,51.50961],[-0.485832,51.509891],[-0.485521,51.509898],[-0.485556,51.510026],[-0.48557,51.510087],[-0.485725,51.510194],[-0.485745,51.510204],[-0.486076,51.510117],[-0.486298,51.510157],[-0.486403,51.510507],[-0.486817,51.510477],[-0.487354,51.510862],[-0.487547,51.510825],[-0.487954,51.510997],[-0.488046,51.511024],[-0.48838,51.511199],[-0.488609,51.511321],[-0.488685,51.511341],[-0.488755,51.511358],[-0.488921,51.511399],[-0.488969,51.511403],[-0.489086,51.511403],[-0.489172,51.5114],[-0.489364,51.511397],[-0.489446,51.511394],[-0.489551,51.511426],[-0.489613,51.511444],[-0.489658,51.511458],[-0.489702,51.511486],[-0.489733,51.51151],[-0.489762,51.511529],[-0.489795,51.51157],[-0.489848,51.511681],[-0.489878,51.5118],[-0.489975,51.511947],[-0.490001,51.512027],[-0.490018,51.51211],[-0.490001,51.512131],[-0.489971,51.51217],[-0.489935,51.512206],[-0.489838,51.512304],[-0.489798,51.512336],[-0.489688,51.512466],[-0.489681,51.512532],[-0.489764,51.512829],[-0.48986,51.513142],[-0.489937,51.513331],[-0.489933,51.513347],[-0.489759,51.513646],[-0.489723,51.513765],[-0.489708,51.513811],[-0.489692,51.513866],[-0.489678,51.513907],[-0.489685,51.513945],[-0.489689,51.513971],[-0.489704,51.514057],[-0.489734,51.514103],[-0.489803,51.514205],[-0.490027,51.51444],[-0.490402,51.514768],[-0.490537,51.514869],[-0.490708,51.515006],[-0.490881,51.515069],[-0.491063,51.515144],[-0.491103,51.515175],[-0.491145,51.515208],[-0.49116,51.515219],[-0.491217,51.51529],[-0.491537,51.515743],[-0.491765,51.515836],[-0.491901,51.515902],[-0.491984,51.51596],[-0.492048,51.51603],[-0.492058,51.516092],[-0.492062,51.516114],[-0.492047,51.51625],[-0.492027,51.51634],[-0.492071,51.516461],[-0.492131,51.516558],[-0.492184,51.516634],[-0.492231,51.516727],[-0.492265,51.516772],[-0.492297,51.516854],[-0.492326,51.516974],[-0.492336,51.517025],[-0.492356,51.517117],[-0.492354,51.51718],[-0.492358,51.517243],[-0.492318,51.517582],[-0.492215,51.517819],[-0.492144,51.518014],[-0.491952,51.518449],[-0.491683,51.518873],[-0.491642,51.518949],[-0.491612,51.518991],[-0.491564,51.51905],[-0.491503,51.519124],[-0.491228,51.519335],[-0.491202,51.519355],[-0.49098,51.519485],[-0.4906,51.519713],[-0.490488,51.519816],[-0.4904,51.519957],[-0.490358,51.520041],[-0.490387,51.520168],[-0.490372,51.520457],[-0.490377,51.52052],[-0.490386,51.520565],[-0.490407,51.520615],[-0.49045,51.520678],[-0.490501,51.52073],[-0.490556,51.520773],[-0.490618,51.520812],[-0.490686,51.520848],[-0.49074,51.520872],[-0.490922,51.520919],[-0.490967,51.520934],[-0.491014,51.520961],[-0.491073,51.52101],[-0.491125,51.521073],[-0.491162,51.521136],[-0.491186,51.521203],[-0.491194,51.521278],[-0.491187,51.521353],[-0.491168,51.521433],[-0.491141,51.521506],[-0.491092,51.521588],[-0.491033,51.521688],[-0.490668,51.522186],[-0.490603,51.522303],[-0.490578,51.522363],[-0.490543,51.522481],[-0.490522,51.522616],[-0.490605,51.523221],[-0.490607,51.523315],[-0.490524,51.523598],[-0.490517,51.523712],[-0.490512,51.523846],[-0.49051,51.52387],[-0.490498,51.52397],[-0.490447,51.524093],[-0.490346,51.524215],[-0.490291,51.524479],[-0.490277,51.524583],[-0.490275,51.524655],[-0.490283,51.524745],[-0.490307,51.524848],[-0.490344,51.52495],[-0.490397,51.525048],[-0.490576,51.525304],[-0.490693,51.525493],[-0.490784,51.52565],[-0.490835,51.525774],[-0.490872,51.525957],[-0.490871,51.526035],[-0.490868,51.52623],[-0.49084,51.526442],[-0.490816,51.526515],[-0.490732,51.526703],[-0.490659,51.526807],[-0.490619,51.526846],[-0.490586,51.526869],[-0.4905,51.526908],[-0.490274,51.526998],[-0.490009,51.527134],[-0.489834,51.527226],[-0.48972,51.527336],[-0.489574,51.5275],[-0.4895,51.527618],[-0.489395,51.527862],[-0.489183,51.528235],[-0.489036,51.5286],[-0.48897,51.5288],[-0.488991,51.529069],[-0.489003,51.529141],[-0.489018,51.529189],[-0.489083,51.529303],[-0.489352,51.52957],[-0.489576,51.529861],[-0.489611,51.530129],[-0.489685,51.530339],[-0.489759,51.530562],[-0.489725,51.530717],[-0.489795,51.530887],[-0.489822,51.530998],[-0.489791,51.531165],[-0.489844,51.53129],[-0.490117,51.531592],[-0.490147,51.53165],[-0.49019,51.531792],[-0.490195,51.531848],[-0.490188,51.531891],[-0.490134,51.532014],[-0.490134,51.532041],[-0.490149,51.53207],[-0.49018,51.532097],[-0.490223,51.532117],[-0.490379,51.532166],[-0.490426,51.532187],[-0.490457,51.532209],[-0.490475,51.532232],[-0.490484,51.532288],[-0.490445,51.532408],[-0.490447,51.53244],[-0.490463,51.532466],[-0.490494,51.532486],[-0.490539,51.532496],[-0.490586,51.532498],[-0.49075,51.532475],[-0.49079,51.532475],[-0.490815,51.532481],[-0.490837,51.532494],[-0.490858,51.532513],[-0.490867,51.532547],[-0.490839,51.532662],[-0.490844,51.532685],[-0.49088,51.532734],[-0.490995,51.532824],[-0.491056,51.532907],[-0.491172,51.533149],[-0.49121,51.533271],[-0.491225,51.533376],[-0.491225,51.533443],[-0.491217,51.533485],[-0.491174,51.533567],[-0.491111,51.533648],[-0.491046,51.533729],[-0.49094,51.533836],[-0.490774,51.533961],[-0.490693,51.534013],[-0.490545,51.534086],[-0.490516,51.534108],[-0.490502,51.534124],[-0.490503,51.534156],[-0.490518,51.534177],[-0.49055,51.534203],[-0.490576,51.534217],[-0.490656,51.53424],[-0.491054,51.534269],[-0.491128,51.534283],[-0.491186,51.534301],[-0.491228,51.534323],[-0.491284,51.534364],[-0.491356,51.534434],[-0.491389,51.534475],[-0.491415,51.534516],[-0.491459,51.534617],[-0.491517,51.534794],[-0.491543,51.53484],[-0.491617,51.534916],[-0.491753,51.535008],[-0.49247,51.535391],[-0.492909,51.535604],[-0.493155,51.53571],[-0.493267,51.535771],[-0.49335,51.535835],[-0.493522,51.536027],[-0.493733,51.536195],[-0.493815,51.536272],[-0.493958,51.536439],[-0.494002,51.536505],[-0.494056,51.536608],[-0.494131,51.536846],[-0.494316,51.53713],[-0.494444,51.537357],[-0.494499,51.537437],[-0.494654,51.5376],[-0.49471,51.537651],[-0.495003,51.537859],[-0.495059,51.53791],[-0.495206,51.538075],[-0.495266,51.538132],[-0.495409,51.538232],[-0.495441,51.538259],[-0.495465,51.538289],[-0.495488,51.538333],[-0.49551,51.538428],[-0.495508,51.538544],[-0.495489,51.538612],[-0.495473,51.538632],[-0.49528,51.538776],[-0.495217,51.538814],[-0.495165,51.538856],[-0.495084,51.538948],[-0.495047,51.538975],[-0.495018,51.538989],[-0.494893,51.539052],[-0.494856,51.539076],[-0.494789,51.539128],[-0.494676,51.539257],[-0.49437,51.53973],[-0.493899,51.540285],[-0.49381,51.540406],[-0.493738,51.540524],[-0.493689,51.540633],[-0.49365,51.540795],[-0.493649,51.540818],[-0.493646,51.540885],[-0.493642,51.540951],[-0.493631,51.540975],[-0.493606,51.541004],[-0.493527,51.541064],[-0.493432,51.541107],[-0.493179,51.54118],[-0.493057,51.541209],[-0.492749,51.541264],[-0.492467,51.541295],[-0.492322,51.541326],[-0.492191,51.541366],[-0.492071,51.541413],[-0.491908,51.541503],[-0.491828,51.541572],[-0.491806,51.541603],[-0.491794,51.541637],[-0.491792,51.541657],[-0.491804,51.541721],[-0.491934,51.542025],[-0.491981,51.542116],[-0.4921,51.542286],[-0.492119,51.542342],[-0.492125,51.542397],[-0.492119,51.542447],[-0.492052,51.542671],[-0.491911,51.543022],[-0.491864,51.543102],[-0.491721,51.543271],[-0.491622,51.543438],[-0.491579,51.543547],[-0.491553,51.543656],[-0.491545,51.543708],[-0.491539,51.5439],[-0.491527,51.543949],[-0.491506,51.544003],[-0.491333,51.544325],[-0.491301,51.544369],[-0.491216,51.54445],[-0.491153,51.544494],[-0.491051,51.544557],[-0.490875,51.54482],[-0.490813,51.544958],[-0.490801,51.545002],[-0.490803,51.54504],[-0.490815,51.545073],[-0.490837,51.545103],[-0.490875,51.545135],[-0.490921,51.545164],[-0.490977,51.545188],[-0.491081,51.545219],[-0.491124,51.545224],[-0.4913,51.545225],[-0.491389,51.545239],[-0.491461,51.545257],[-0.491516,51.545277],[-0.491559,51.545301],[-0.491585,51.545327],[-0.491596,51.545363],[-0.491595,51.545388],[-0.491551,51.545528],[-0.491567,51.545697],[-0.491542,51.545768],[-0.491469,51.545874],[-0.491452,51.545913],[-0.491433,51.546041],[-0.491413,51.546076],[-0.491376,51.546122],[-0.49133,51.546165],[-0.49128,51.546196],[-0.491225,51.546218],[-0.491195,51.546225],[-0.490558,51.546133],[-0.490411,51.54612],[-0.490268,51.546115],[-0.490124,51.546117],[-0.489998,51.546124],[-0.489912,51.546136],[-0.48973,51.546176],[-0.48964,51.546205],[-0.489498,51.546265],[-0.489394,51.54633],[-0.489332,51.546382],[-0.489284,51.546436],[-0.489261,51.546483],[-0.489257,51.546532],[-0.489267,51.546582],[-0.489295,51.546642],[-0.489328,51.546694],[-0.489428,51.546796],[-0.489471,51.54686],[-0.489508,51.546955],[-0.489543,51.547115],[-0.489535,51.547179],[-0.489511,51.547211],[-0.489477,51.547233],[-0.489442,51.547245],[-0.489323,51.547265],[-0.489155,51.547284],[-0.488868,51.547297],[-0.488564,51.547292],[-0.488473,51.547299],[-0.488401,51.547317],[-0.488309,51.547349],[-0.488236,51.547384],[-0.48817,51.547429],[-0.488084,51.54752],[-0.487896,51.547805],[-0.487749,51.548078],[-0.487692,51.548209],[-0.487673,51.548266],[-0.487645,51.548411],[-0.487579,51.548804],[-0.4875,51.549016],[-0.487408,51.549183],[-0.487309,51.54933],[-0.487159,51.549519],[-0.48706,51.549661],[-0.486743,51.54993],[-0.486618,51.550033],[-0.486371,51.550207],[-0.486208,51.550301],[-0.485978,51.550407],[-0.48589,51.550457],[-0.485689,51.550596],[-0.485531,51.550675],[-0.485408,51.550719],[-0.485367,51.550734],[-0.48531,51.550753],[-0.485109,51.550819],[-0.484897,51.55087],[-0.484793,51.550918],[-0.48474,51.550959],[-0.484499,51.551207],[-0.484387,51.551367],[-0.484357,51.551398],[-0.484295,51.551435],[-0.484249,51.551453],[-0.484148,51.55148],[-0.484005,51.551509],[-0.483858,51.551528],[-0.483818,51.55153],[-0.483676,51.551537],[-0.483443,51.551518],[-0.483323,51.551502],[-0.483076,51.551449],[-0.483016,51.551444],[-0.482952,51.551446],[-0.482874,51.551458],[-0.482798,51.551477],[-0.482686,51.55152],[-0.482143,51.552028],[-0.481734,51.552378],[-0.481417,51.552683],[-0.479761,51.554033],[-0.479759,51.554033],[-0.478903,51.554834],[-0.478514,51.554661],[-0.478059,51.554934],[-0.477946,51.55485],[-0.477882,51.554834],[-0.477805,51.554836],[-0.477769,51.554847],[-0.47774,51.554865],[-0.477605,51.555041],[-0.477536,51.555155],[-0.477502,51.555185],[-0.477367,51.555254],[-0.477351,51.55527],[-0.47734,51.555299],[-0.477344,51.555391],[-0.477335,51.555433],[-0.477263,51.555566],[-0.477242,51.555639],[-0.477234,51.55569],[-0.477234,51.555778],[-0.477276,51.555948],[-0.477279,51.556114],[-0.47721,51.55652],[-0.477157,51.556631],[-0.476946,51.556934],[-0.476857,51.557042],[-0.476816,51.557117],[-0.476815,51.557224],[-0.476887,51.557501],[-0.476894,51.557582],[-0.476893,51.557665],[-0.476884,51.557709],[-0.47687,51.55774],[-0.476837,51.557786],[-0.476777,51.557852],[-0.476649,51.557969],[-0.476629,51.557997],[-0.476617,51.558029],[-0.476616,51.558068],[-0.476624,51.558108],[-0.47667,51.558211],[-0.476891,51.55851],[-0.476952,51.558592],[-0.476967,51.558612],[-0.476998,51.558698],[-0.477004,51.558749],[-0.476999,51.558779],[-0.476971,51.558824],[-0.476914,51.558856],[-0.476791,51.558896],[-0.476746,51.558921],[-0.476708,51.558957],[-0.476675,51.559004],[-0.47665,51.559067],[-0.476638,51.55913],[-0.476642,51.559187],[-0.476654,51.55924],[-0.476701,51.55934],[-0.476805,51.559465],[-0.476836,51.559492],[-0.476911,51.559559],[-0.477008,51.559623],[-0.477088,51.559683],[-0.477358,51.5599],[-0.47752,51.560272],[-0.47754,51.56028],[-0.477865,51.560356],[-0.478118,51.560408],[-0.478324,51.560445],[-0.478449,51.560458],[-0.478509,51.560461],[-0.47886,51.560443],[-0.478993,51.560439],[-0.479187,51.560452],[-0.479318,51.560472],[-0.479516,51.560509],[-0.479785,51.560579],[-0.480316,51.560774],[-0.480402,51.560803],[-0.480442,51.560812],[-0.48051,51.560821],[-0.480541,51.560818],[-0.480611,51.560802],[-0.48084,51.560694],[-0.480866,51.560684],[-0.480914,51.560676],[-0.480966,51.560677],[-0.481016,51.560687],[-0.481062,51.560704],[-0.481113,51.560734],[-0.481149,51.560761],[-0.481164,51.560786],[-0.481194,51.560876],[-0.481217,51.560966],[-0.481218,51.560993],[-0.481208,51.56102],[-0.48119,51.561046],[-0.481165,51.561064],[-0.481064,51.561112],[-0.481,51.561176],[-0.480967,51.561248],[-0.480995,51.561353],[-0.480987,51.561395],[-0.480952,51.561431],[-0.480833,51.561509],[-0.480795,51.561552],[-0.480757,51.56161],[-0.480737,51.561657],[-0.480735,51.561721],[-0.480773,51.561779],[-0.481107,51.562036],[-0.481164,51.562087],[-0.481289,51.562235],[-0.481348,51.562282],[-0.481426,51.562331],[-0.481502,51.562372],[-0.481559,51.562395],[-0.481585,51.562406],[-0.482815,51.56282],[-0.482776,51.563033],[-0.482731,51.563183],[-0.482589,51.563538],[-0.482578,51.563567],[-0.482538,51.563626],[-0.482506,51.563654],[-0.482377,51.563738],[-0.482342,51.563774],[-0.482284,51.563851],[-0.482266,51.563913],[-0.482278,51.563961],[-0.482317,51.564038],[-0.482364,51.564105],[-0.482422,51.564169],[-0.482516,51.564262],[-0.48266,51.564389],[-0.48294,51.564605],[-0.48307,51.564738],[-0.483129,51.564813],[-0.483178,51.564899],[-0.48322,51.565002],[-0.483241,51.565098],[-0.483243,51.565138],[-0.483038,51.565129],[-0.482998,51.565295],[-0.482828,51.565503],[-0.4826,51.565724],[-0.482874,51.565979],[-0.482977,51.566066],[-0.48321,51.566236],[-0.483469,51.566397],[-0.483536,51.56643],[-0.48359,51.566451],[-0.483633,51.566461],[-0.483683,51.566467],[-0.483878,51.566467],[-0.483941,51.566472],[-0.484134,51.566532],[-0.484163,51.566544],[-0.484335,51.566608],[-0.484557,51.566672],[-0.484652,51.566716],[-0.484691,51.566745],[-0.484733,51.566786],[-0.484772,51.56684],[-0.484784,51.566869],[-0.484653,51.567299],[-0.48456,51.567564],[-0.484491,51.568147],[-0.48447,51.568295],[-0.484464,51.568366],[-0.484458,51.56842],[-0.48446,51.568493],[-0.484473,51.568616],[-0.48456,51.568721],[-0.484582,51.568769],[-0.484585,51.568821],[-0.484579,51.568851],[-0.484523,51.56899],[-0.484512,51.569052],[-0.484509,51.569216],[-0.48449,51.569295],[-0.484481,51.569331],[-0.48437,51.569551],[-0.48426,51.569876],[-0.484139,51.570171],[-0.484117,51.570242],[-0.484108,51.570309],[-0.484102,51.570578],[-0.484043,51.570877],[-0.484037,51.571026],[-0.484034,51.571194],[-0.484044,51.571226],[-0.484059,51.571274],[-0.484102,51.571359],[-0.484153,51.571435],[-0.484213,51.5715],[-0.484252,51.571535],[-0.484608,51.571811],[-0.484832,51.572008],[-0.484969,51.57215],[-0.485036,51.572229],[-0.485082,51.572297],[-0.485126,51.572377],[-0.485152,51.572443],[-0.485178,51.572505],[-0.485198,51.572592],[-0.485228,51.57273],[-0.485328,51.572944],[-0.485357,51.573008],[-0.485462,51.573624],[-0.485493,51.573712],[-0.48555,51.57381],[-0.485555,51.573839],[-0.485544,51.573867],[-0.485529,51.573883],[-0.485455,51.573922],[-0.484913,51.574102],[-0.484822,51.57414],[-0.484734,51.574185],[-0.484635,51.574242],[-0.484563,51.574294],[-0.484374,51.574492],[-0.484194,51.574665],[-0.484056,51.574836],[-0.484008,51.574934],[-0.484002,51.574966],[-0.484015,51.575054],[-0.484047,51.575125],[-0.484145,51.575263],[-0.484204,51.575312],[-0.48427,51.575343],[-0.484308,51.575352],[-0.484397,51.575359],[-0.484796,51.575324],[-0.484933,51.575324],[-0.485015,51.575331],[-0.48519,51.575361],[-0.485334,51.575402],[-0.485464,51.575457],[-0.485551,51.575509],[-0.485676,51.575615],[-0.485731,51.57565],[-0.485805,51.57569],[-0.485974,51.575761],[-0.486053,51.575785],[-0.486191,51.575835],[-0.486193,51.575835],[-0.486449,51.575852],[-0.486649,51.575883],[-0.486978,51.575961],[-0.487094,51.575994],[-0.487376,51.576088],[-0.48762,51.576184],[-0.487739,51.576239],[-0.487917,51.576332],[-0.488081,51.576456],[-0.488128,51.576501],[-0.488158,51.576545],[-0.488173,51.576581],[-0.488176,51.576607],[-0.488125,51.576747],[-0.488119,51.576789],[-0.488119,51.576885],[-0.488142,51.576939],[-0.488202,51.576992],[-0.48827,51.577026],[-0.488364,51.577065],[-0.488436,51.577087],[-0.488681,51.577129],[-0.488745,51.577148],[-0.488804,51.577172],[-0.488882,51.577215],[-0.488956,51.577269],[-0.489034,51.577363],[-0.489232,51.577759],[-0.489434,51.578055],[-0.489487,51.578153],[-0.4895,51.578213],[-0.489502,51.57828],[-0.489478,51.578381],[-0.489431,51.578458],[-0.48922,51.578682],[-0.489184,51.578757],[-0.489166,51.578874],[-0.489155,51.578899],[-0.489117,51.57896],[-0.489066,51.579022],[-0.488975,51.57911],[-0.488815,51.579225],[-0.488739,51.579291],[-0.488666,51.579367],[-0.488624,51.579426],[-0.488586,51.579519],[-0.488574,51.579617],[-0.488599,51.579747],[-0.488654,51.579915],[-0.488722,51.580208],[-0.488935,51.580703],[-0.489046,51.580881],[-0.489225,51.581094],[-0.489318,51.581248],[-0.489452,51.581515],[-0.489624,51.58177],[-0.489737,51.581899],[-0.489798,51.581956],[-0.489912,51.582045],[-0.490043,51.582139],[-0.490055,51.582147],[-0.490529,51.582465],[-0.490855,51.582701],[-0.491058,51.582822],[-0.491159,51.582873],[-0.49119,51.58289],[-0.491397,51.582987],[-0.491638,51.583094],[-0.491745,51.583137],[-0.492586,51.583457],[-0.492928,51.583594],[-0.493218,51.583719],[-0.493484,51.583858],[-0.49385,51.58405],[-0.494246,51.584243],[-0.494369,51.584312],[-0.494469,51.584383],[-0.494562,51.584457],[-0.494638,51.584525],[-0.494723,51.584613],[-0.494846,51.584775],[-0.495035,51.585091],[-0.495098,51.585237],[-0.49512,51.58532],[-0.495134,51.585422],[-0.495135,51.585437],[-0.495138,51.58552],[-0.495132,51.5856],[-0.495092,51.585827],[-0.494977,51.586178],[-0.494949,51.58639],[-0.494954,51.586497],[-0.494963,51.586544],[-0.495043,51.586683],[-0.495286,51.586989],[-0.495357,51.5871],[-0.495374,51.587138],[-0.495481,51.587498],[-0.495603,51.587815],[-0.495634,51.587883],[-0.495762,51.588114],[-0.49585,51.588227],[-0.495925,51.588298],[-0.496021,51.588371],[-0.496106,51.588426],[-0.496236,51.588489],[-0.496431,51.588545],[-0.496485,51.588565],[-0.496527,51.58859],[-0.49656,51.588619],[-0.496585,51.588648],[-0.49666,51.588779],[-0.496703,51.588826],[-0.496976,51.589072],[-0.497113,51.589206],[-0.49723,51.589337],[-0.497334,51.589484],[-0.497608,51.589695],[-0.49765,51.589898],[-0.497643,51.590106],[-0.497634,51.590238],[-0.497681,51.590406],[-0.497855,51.590627],[-0.497873,51.59078],[-0.497933,51.590959],[-0.498046,51.591005],[-0.498212,51.591007],[-0.498385,51.591001],[-0.498551,51.591004],[-0.498675,51.591046],[-0.498698,51.591111],[-0.498767,51.591145],[-0.498814,51.591179],[-0.498843,51.591216],[-0.49885,51.591234],[-0.498856,51.591253],[-0.498853,51.591312],[-0.498839,51.591374],[-0.498811,51.591434],[-0.498703,51.591597],[-0.498598,51.591775],[-0.498641,51.591899],[-0.4987,51.591921],[-0.498773,51.591947],[-0.498845,51.591948],[-0.498985,51.591932],[-0.499109,51.591949],[-0.499165,51.591947],[-0.499288,51.591962],[-0.499371,51.591981],[-0.499435,51.592007],[-0.499489,51.59204],[-0.499532,51.592088],[-0.499563,51.59214],[-0.499576,51.592181],[-0.499579,51.59222],[-0.499574,51.592265],[-0.499549,51.592339],[-0.499495,51.592462],[-0.499441,51.592558],[-0.499408,51.592601],[-0.499378,51.592627],[-0.499337,51.592653],[-0.499114,51.592771],[-0.499007,51.592838],[-0.498944,51.59289],[-0.498889,51.592944],[-0.498849,51.592992],[-0.498803,51.593074],[-0.498796,51.593109],[-0.498809,51.593252],[-0.498802,51.593286],[-0.498734,51.593435],[-0.498699,51.593645],[-0.498627,51.59388],[-0.49861,51.593958],[-0.49859,51.594147],[-0.498589,51.594442],[-0.498599,51.594495],[-0.498622,51.594551],[-0.498656,51.594603],[-0.498706,51.59466],[-0.498741,51.594694],[-0.498768,51.594714],[-0.499177,51.595006],[-0.499233,51.595054],[-0.499285,51.595107],[-0.499338,51.595173],[-0.499385,51.595242],[-0.499423,51.595313],[-0.499454,51.595395],[-0.499472,51.595473],[-0.499499,51.595701],[-0.499516,51.59594],[-0.499526,51.596382],[-0.49963,51.596646],[-0.499776,51.596956],[-0.500011,51.597444],[-0.500122,51.597672],[-0.500301,51.598002],[-0.500522,51.598409],[-0.500566,51.59852],[-0.500587,51.598591],[-0.5006,51.598662],[-0.500607,51.598755],[-0.500606,51.598847],[-0.500552,51.59926],[-0.500562,51.599419],[-0.50058,51.599545],[-0.500617,51.599687],[-0.500684,51.599837],[-0.500786,51.59998],[-0.500888,51.600099],[-0.500903,51.600132],[-0.500903,51.600176],[-0.500896,51.600205],[-0.500762,51.60038],[-0.500648,51.600591],[-0.500542,51.601001],[-0.500517,51.601058],[-0.500432,51.601184],[-0.500393,51.601221],[-0.500353,51.601249],[-0.500306,51.601269],[-0.500252,51.601284],[-0.500081,51.601317],[-0.499934,51.601342],[-0.499563,51.601391],[-0.499457,51.601397],[-0.499336,51.601397],[-0.499215,51.601388],[-0.499125,51.601376],[-0.499061,51.601363],[-0.49895,51.601327],[-0.498827,51.601259],[-0.498475,51.601025],[-0.498347,51.600974],[-0.498216,51.600942],[-0.49787,51.600885],[-0.497733,51.600873],[-0.497658,51.600877],[-0.497502,51.600924],[-0.497301,51.601022],[-0.497054,51.601127],[-0.496983,51.601163],[-0.496788,51.601296],[-0.496707,51.601377],[-0.496688,51.601409],[-0.496671,51.60147],[-0.496687,51.601523],[-0.49674,51.601602],[-0.496752,51.601638],[-0.496751,51.601675],[-0.49671,51.601766],[-0.496576,51.601975],[-0.496549,51.602139],[-0.496526,51.602203],[-0.496503,51.60223],[-0.496366,51.602351],[-0.496334,51.602396],[-0.496328,51.602427],[-0.49633,51.602474],[-0.496349,51.602527],[-0.49638,51.602577],[-0.496421,51.602621],[-0.496472,51.602658],[-0.49665,51.602761],[-0.496862,51.602866],[-0.49698,51.602952],[-0.497049,51.603017],[-0.497107,51.603086],[-0.497161,51.60317],[-0.497185,51.603219],[-0.497215,51.60332],[-0.49724,51.603481],[-0.497454,51.60412],[-0.497474,51.604256],[-0.497452,51.604418],[-0.497426,51.60451],[-0.497393,51.604586],[-0.4973,51.60473],[-0.497268,51.604813],[-0.497274,51.604867],[-0.497284,51.604901],[-0.497542,51.605265],[-0.497768,51.605783],[-0.497867,51.606056],[-0.497965,51.606282],[-0.497988,51.60642],[-0.498027,51.606764],[-0.498059,51.606899],[-0.498146,51.607105],[-0.498455,51.607632],[-0.498508,51.607735],[-0.498527,51.607789],[-0.498535,51.607868],[-0.49852,51.608051],[-0.498545,51.608182],[-0.498592,51.608295],[-0.49865,51.608367],[-0.498723,51.608422],[-0.499105,51.608624],[-0.499136,51.608646],[-0.499174,51.608682],[-0.499217,51.60874],[-0.499245,51.6088],[-0.499256,51.608862],[-0.499253,51.608925],[-0.499236,51.60898],[-0.499191,51.609044],[-0.499157,51.609073],[-0.499087,51.609114],[-0.498914,51.609197],[-0.498444,51.609364],[-0.498383,51.609401],[-0.498359,51.609424],[-0.498338,51.609475],[-0.498338,51.609508],[-0.498347,51.609549],[-0.498379,51.609624],[-0.498706,51.609897],[-0.498904,51.610033],[-0.498946,51.61007],[-0.498957,51.610084],[-0.498982,51.610115],[-0.498997,51.610146],[-0.498982,51.610261],[-0.498842,51.610567],[-0.498828,51.610638],[-0.4989,51.610892],[-0.498956,51.611037],[-0.498967,51.611104],[-0.498961,51.611144],[-0.498945,51.611195],[-0.498916,51.611249],[-0.498868,51.61131],[-0.498811,51.611366],[-0.498771,51.611399],[-0.498734,51.61142],[-0.498573,51.611497],[-0.498536,51.611527],[-0.498501,51.61157],[-0.498473,51.611634],[-0.498461,51.611701],[-0.498468,51.611754],[-0.498531,51.611893],[-0.498552,51.611956],[-0.498578,51.612091],[-0.498571,51.612148],[-0.498517,51.612267],[-0.498301,51.612642],[-0.49822,51.612764],[-0.498068,51.612966],[-0.497963,51.61313],[-0.497915,51.613235],[-0.497888,51.613373],[-0.497888,51.613441],[-0.497898,51.61352],[-0.497945,51.613699],[-0.497957,51.613779],[-0.497964,51.613962],[-0.497955,51.614051],[-0.497936,51.614147],[-0.497907,51.614245],[-0.497783,51.614537],[-0.49775,51.614594],[-0.497702,51.614645],[-0.497671,51.61467],[-0.497582,51.61472],[-0.497424,51.614781],[-0.49722,51.614819],[-0.497126,51.614848],[-0.497088,51.614876],[-0.497065,51.614914],[-0.497057,51.614979],[-0.497043,51.615097],[-0.496934,51.615317],[-0.496882,51.615424],[-0.496711,51.615863],[-0.496639,51.616002],[-0.496507,51.616223],[-0.496136,51.616763],[-0.496106,51.616818],[-0.496086,51.616867],[-0.496074,51.616925],[-0.496071,51.616963],[-0.49609,51.617177],[-0.496082,51.617255],[-0.496058,51.617319],[-0.49597,51.61753],[-0.495918,51.617692],[-0.495857,51.617815],[-0.495831,51.617849],[-0.495668,51.618015],[-0.495623,51.618076],[-0.495435,51.618564],[-0.49541,51.618685],[-0.49541,51.618791],[-0.49543,51.618915],[-0.495459,51.619013],[-0.495485,51.619067],[-0.495538,51.619143],[-0.49557,51.619179],[-0.495743,51.61933],[-0.495953,51.619573],[-0.496031,51.619649],[-0.496131,51.619731],[-0.496233,51.619804],[-0.496324,51.619858],[-0.496398,51.619892],[-0.496638,51.619972],[-0.496687,51.62],[-0.496722,51.62003],[-0.496764,51.620096],[-0.496799,51.62028],[-0.496814,51.620315],[-0.496826,51.620419],[-0.49683,51.620498],[-0.497034,51.620578],[-0.49709,51.620605],[-0.497176,51.620635],[-0.49747,51.620716],[-0.497603,51.620747],[-0.497873,51.620802],[-0.498192,51.620858],[-0.498727,51.620932],[-0.498959,51.620974],[-0.498999,51.621007],[-0.499117,51.621048],[-0.499281,51.621106],[-0.499404,51.621197],[-0.499487,51.621301],[-0.499626,51.621425],[-0.499811,51.62168],[-0.499822,51.621691],[-0.500088,51.621954],[-0.500176,51.622066],[-0.500195,51.622126],[-0.500205,51.622185],[-0.500158,51.622293],[-0.500137,51.6224],[-0.500066,51.622596],[-0.500046,51.6227],[-0.500049,51.622765],[-0.500071,51.62291],[-0.500149,51.623129],[-0.500162,51.623259],[-0.500158,51.623331],[-0.500144,51.623417],[-0.500116,51.623517],[-0.500046,51.623675],[-0.499933,51.623864],[-0.499819,51.624017],[-0.499766,51.624074],[-0.499651,51.624115],[-0.499575,51.624173],[-0.499433,51.624254],[-0.499213,51.6244],[-0.498773,51.62459],[-0.498614,51.624616],[-0.498447,51.624708],[-0.498363,51.624781],[-0.498316,51.624847],[-0.498311,51.625001],[-0.498396,51.625207],[-0.498392,51.625242],[-0.498321,51.625287],[-0.49823,51.625341],[-0.498121,51.62541],[-0.497891,51.625756],[-0.497841,51.625835],[-0.497801,51.625939],[-0.49776,51.62618],[-0.497693,51.626421],[-0.497654,51.62667],[-0.497657,51.626729],[-0.497671,51.626779],[-0.497696,51.626819],[-0.497777,51.626885],[-0.498256,51.627124],[-0.498337,51.62717],[-0.498653,51.627405],[-0.499003,51.627604],[-0.499121,51.627677],[-0.499214,51.62774],[-0.49927,51.627786],[-0.499532,51.628043],[-0.499698,51.628188],[-0.500085,51.628501],[-0.500207,51.628605],[-0.500252,51.628652],[-0.500289,51.628701],[-0.500329,51.628803],[-0.500324,51.628871],[-0.500328,51.628919],[-0.50029,51.628992],[-0.500224,51.629056],[-0.500127,51.629107],[-0.499986,51.62917],[-0.499837,51.629238],[-0.499765,51.629293],[-0.499732,51.629333],[-0.499712,51.629375],[-0.499667,51.629548],[-0.499664,51.629601],[-0.49967,51.629783],[-0.499659,51.629883],[-0.499651,51.629949],[-0.499617,51.630065],[-0.499539,51.630203],[-0.499477,51.630287],[-0.499394,51.630376],[-0.499283,51.630477],[-0.499139,51.630585],[-0.498588,51.630915],[-0.498469,51.630968],[-0.498253,51.631037],[-0.498209,51.631056],[-0.498147,51.631097],[-0.497873,51.631305],[-0.497645,51.631458],[-0.497424,51.631574],[-0.497247,51.631654],[-0.497064,51.631695],[-0.497017,51.631705],[-0.496867,51.63173],[-0.496715,51.631751],[-0.496603,51.631759],[-0.496476,51.631756],[-0.49634,51.631742],[-0.496239,51.631725],[-0.496155,51.6317],[-0.496081,51.631668],[-0.496018,51.631622],[-0.495988,51.631592],[-0.495876,51.631441],[-0.495788,51.631347],[-0.49569,51.63125],[-0.495629,51.631202],[-0.495555,51.631161],[-0.495304,51.631116],[-0.495019,51.631096],[-0.494707,51.63105],[-0.49463,51.631044],[-0.494571,51.631042],[-0.494335,51.631066],[-0.494273,51.631066],[-0.494216,51.63106],[-0.494169,51.631049],[-0.494125,51.631034],[-0.494021,51.630981],[-0.493819,51.630837],[-0.493776,51.630786],[-0.493705,51.630658],[-0.493655,51.630596],[-0.49363,51.630577],[-0.493569,51.630555],[-0.493525,51.630552],[-0.49347,51.630555],[-0.493421,51.63057],[-0.493266,51.630647],[-0.493239,51.630657],[-0.493193,51.630668],[-0.493137,51.630669],[-0.493094,51.630666],[-0.493015,51.630647],[-0.492762,51.630577],[-0.492539,51.630525],[-0.492421,51.630513],[-0.492362,51.630515],[-0.492271,51.630528],[-0.492089,51.63057],[-0.492007,51.630599],[-0.491875,51.630656],[-0.491558,51.630764],[-0.491152,51.630239],[-0.490579,51.629517],[-0.489776,51.628597],[-0.489513,51.628247],[-0.489285,51.627964],[-0.489236,51.627894],[-0.489107,51.627672],[-0.489048,51.627591],[-0.488939,51.627479],[-0.488852,51.627402],[-0.488667,51.627256],[-0.488572,51.627184],[-0.488147,51.626914],[-0.487879,51.62676],[-0.487515,51.626579],[-0.487141,51.62642],[-0.486757,51.626274],[-0.48654,51.626182],[-0.48612,51.625956],[-0.485627,51.625718],[-0.485397,51.625601],[-0.484961,51.625372],[-0.484552,51.625162],[-0.48455,51.625162],[-0.484415,51.625099],[-0.484238,51.624997],[-0.483918,51.624836],[-0.483738,51.624754],[-0.483553,51.624685],[-0.483363,51.624626],[-0.483096,51.62455],[-0.48269,51.62445],[-0.482474,51.624377],[-0.482383,51.624333],[-0.482063,51.624137],[-0.481963,51.624086],[-0.481716,51.623997],[-0.481639,51.623966],[-0.481389,51.623832],[-0.480818,51.623585],[-0.480734,51.623624],[-0.480177,51.623297],[-0.479412,51.622907],[-0.478821,51.622599],[-0.47835,51.622393],[-0.47832,51.62238],[-0.47831,51.622411],[-0.47815,51.622361],[-0.478136,51.622357],[-0.47772,51.62223],[-0.477372,51.622124],[-0.477067,51.622043],[-0.476927,51.621995],[-0.476712,51.621898],[-0.4765,51.621778],[-0.476258,51.621627],[-0.476152,51.621537],[-0.475781,51.621141],[-0.475634,51.620975],[-0.475443,51.620927],[-0.474854,51.620536],[-0.474264,51.620163],[-0.473927,51.619913],[-0.473472,51.619566],[-0.472941,51.619247],[-0.472969,51.619185],[-0.472734,51.61906],[-0.472554,51.618963],[-0.471494,51.618416],[-0.471492,51.618415],[-0.471107,51.618245],[-0.470752,51.618033],[-0.46919,51.616828],[-0.468926,51.616702],[-0.468659,51.616577],[-0.46793,51.616249],[-0.467129,51.615934],[-0.466381,51.615576],[-0.465105,51.615055],[-0.464505,51.614815],[-0.463902,51.614576],[-0.463262,51.614334],[-0.46262,51.614095],[-0.462413,51.614136],[-0.462238,51.614019],[-0.462153,51.613971],[-0.461968,51.613896],[-0.460699,51.613476],[-0.460355,51.613356],[-0.459826,51.613155],[-0.459781,51.61314],[-0.458799,51.612815],[-0.457842,51.612515],[-0.457399,51.61236],[-0.457152,51.612291],[-0.456848,51.61236],[-0.45651,51.612432],[-0.456086,51.612543],[-0.455986,51.612565],[-0.45566,51.612616],[-0.455578,51.612633],[-0.455369,51.612698],[-0.454907,51.612889],[-0.454582,51.613045],[-0.453806,51.613351],[-0.452489,51.613896],[-0.451793,51.614163],[-0.450591,51.614639],[-0.450362,51.614723],[-0.450135,51.614806],[-0.44976,51.614927],[-0.449643,51.614969],[-0.449411,51.61506],[-0.449191,51.615161],[-0.4489,51.615323],[-0.448762,51.615416],[-0.448264,51.615791],[-0.4482,51.615845],[-0.448131,51.615919],[-0.448059,51.616017],[-0.447997,51.616122],[-0.447944,51.616232],[-0.447828,51.616568],[-0.447726,51.616806],[-0.44762,51.616969],[-0.447457,51.617174],[-0.447393,51.617271],[-0.447207,51.617598],[-0.446967,51.617953],[-0.446499,51.618682],[-0.446288,51.618963],[-0.446118,51.61916],[-0.445961,51.619317],[-0.445725,51.619526],[-0.445628,51.619591],[-0.44557,51.619622],[-0.445483,51.619658],[-0.445384,51.619693],[-0.44529,51.6197],[-0.445132,51.619694],[-0.444869,51.619669],[-0.444455,51.619647],[-0.444354,51.619642],[-0.444303,51.619626],[-0.444157,51.619579],[-0.443616,51.619514],[-0.443464,51.619507],[-0.44337,51.619493],[-0.443277,51.6195],[-0.443065,51.619535],[-0.442852,51.619558],[-0.442516,51.619578],[-0.442143,51.619622],[-0.44186,51.619694],[-0.441343,51.619874],[-0.441154,51.619922],[-0.441005,51.619959],[-0.440707,51.620048],[-0.440597,51.62007],[-0.440306,51.62005],[-0.43998,51.620037],[-0.439403,51.619962],[-0.439171,51.619941],[-0.438462,51.619932],[-0.438304,51.619919],[-0.438195,51.619892],[-0.438119,51.619861],[-0.43793,51.619768],[-0.437739,51.619705],[-0.437442,51.619607],[-0.437038,51.619543],[-0.436979,51.619535],[-0.436825,51.619495],[-0.436773,51.619482],[-0.436325,51.619366],[-0.436202,51.61933],[-0.436211,51.619271],[-0.436123,51.619194],[-0.435887,51.61917],[-0.435769,51.619139],[-0.435587,51.619091],[-0.43542,51.619053],[-0.435113,51.618989],[-0.434776,51.618898],[-0.434724,51.618882],[-0.434486,51.618814],[-0.43424,51.618743],[-0.433894,51.618652],[-0.433752,51.618618],[-0.433511,51.618559],[-0.433447,51.618542],[-0.433305,51.618502],[-0.433159,51.61846],[-0.433033,51.618424],[-0.432923,51.618388],[-0.432752,51.618345],[-0.431979,51.618251],[-0.431419,51.618159],[-0.43135,51.618224],[-0.431218,51.618217],[-0.430845,51.61818],[-0.430349,51.618103],[-0.430105,51.618059],[-0.429457,51.617921],[-0.42916,51.617864],[-0.428995,51.617835],[-0.428573,51.617779],[-0.428417,51.617749],[-0.428288,51.617713],[-0.427971,51.617603],[-0.427187,51.617231],[-0.427036,51.617168],[-0.426834,51.61709],[-0.426702,51.617046],[-0.426612,51.617023],[-0.426503,51.617004],[-0.426359,51.616988],[-0.426195,51.616978],[-0.426114,51.616977],[-0.425836,51.616986],[-0.425716,51.616982],[-0.425273,51.616939],[-0.424951,51.616926],[-0.424496,51.616907],[-0.424143,51.6169],[-0.423838,51.616905],[-0.423424,51.616943],[-0.42323,51.616948],[-0.422809,51.616946],[-0.422322,51.616954],[-0.421751,51.616944],[-0.421176,51.616942],[-0.420924,51.61693],[-0.420594,51.616901],[-0.419897,51.616849],[-0.419743,51.616831],[-0.419296,51.616767],[-0.418776,51.616701],[-0.418396,51.616617],[-0.418243,51.616592],[-0.418102,51.616583],[-0.417728,51.616585],[-0.417408,51.616556],[-0.416973,51.616489],[-0.416639,51.616421],[-0.416321,51.616335],[-0.416059,51.616245],[-0.415916,51.616161],[-0.415843,51.616118],[-0.415712,51.616046],[-0.41556,51.615972],[-0.415341,51.615872],[-0.414714,51.615609],[-0.413355,51.61499],[-0.413206,51.614911],[-0.412884,51.614692],[-0.412686,51.614576],[-0.412685,51.614576],[-0.412024,51.614188],[-0.412007,51.614179],[-0.411946,51.614148],[-0.411878,51.614113],[-0.411693,51.614016],[-0.411306,51.613859],[-0.411156,51.613806],[-0.411022,51.613788],[-0.410448,51.613777],[-0.410022,51.613761],[-0.40938,51.613736],[-0.409,51.61372],[-0.408327,51.613601],[-0.408137,51.613584],[-0.407641,51.613592],[-0.407202,51.613543],[-0.405397,51.613421],[-0.405047,51.613352],[-0.404072,51.61318],[-0.404026,51.613181],[-0.40401,51.613181],[-0.403985,51.61318],[-0.403202,51.613181],[-0.402765,51.613169],[-0.402323,51.613205],[-0.402027,51.613191],[-0.359907,51.494485]]]}}]}