{"type":"FeatureCollection","features":[{"id":"0","type":"Feature","properties":{"layer":0},"geometry":{"type":"Point","coordinates":[-0.077332,51.542736]}},{"id":"1","type":"Feature","properties":{"layer":0},"geometry":{"type":"Point","coordinates":[-0.136585,51.48148]}},{"id":"2","type":"Feature","properties":{"layer":0},"geometry":{"type":"Point","coordinates":[0.004249,51.560845]}},{"id":"3","type":"Feature","properties":{"layer":0},"geometry":{"type":"Point","coordinates":[0.244892,51.532649]}},{"id":"4","type":"Feature","properties":{"layer":0},"geometry":{"type":"Point","coordinates":[-0.10454,51.558929]}},{"id":"5","type":"Feature","properties":{"layer":0},"geometry":{"type":"Point","coordinates":[-0.083849,51.450098]}},{"id":"6","type":"Feature","properties":{"layer":0},"geometry":{"type":"Point","coordinates":[0.017967,51.529219]}},{"id":"7","type":"Feature","properties":{"layer":0},"geometry":{"type":"Point","coordinates":[-0.108962,51.624474]}},{"id":"8","type":"Feature","properties":{"layer":0},"geometry":{"type":"Point","coordinates":[-0.075896,51.472966]}},{"id":"9","type":"Feature","properties":{"layer":0},"geometry":{"type":"Point","coordinates":[-0.411097,51.553518]}},{"id":"10","type":"Feature","properties":{"layer":0},"geometry":{"type":"Point","coordinates":[-0.366739,51.457595]}},{"id":"11","type":"Feature","properties":{"layer":0},"geometry":{"type":"Point","coordinates":[-0.111112,51.313271]}},{"id":"12","type":"Feature","properties":{"layer":0},"geometry":{"type":"Point","coordinates":[-0.268368,51.585134]}},{"id":"13","type":"Feature","properties":{"layer":0},"geometry":{"type":"Point","coordinates":[-0.107457,51.451238]}},{"id":"14","type":"Feature","properties":{"layer":0},"geometry":{"type":"Point","coordinates":[0.057326,51.552508]}},{"id":"15","type":"Feature","properties":{"layer":0},"geometry":{"type":"Point","coordinates":[-0.139748,51.612671]}},{"id":"16","type":"Feature","properties":{"layer":0},"geometry":{"type":"Point","coordinates":[0.007606,51.531719]}},{"id":"17","type":"Feature","properties":{"layer":0},"geometry":{"type":"Point","coordinates":[-0.229282,51.386859]}},{"id":"18","type":"Feature","properties":{"layer":0},"geometry":{"type":"Point","coordinates":[-0.164123,51.544548]}},{"id":"19","type":"Feature","properties":{"layer":0},"geometry":{"type":"Point","coordinates":[-0.160388,51.501047]}},{"id":"20","type":"Feature","properties":{"layer":0},"geometry":{"type":"Point","coordinates":[0.025561,51.315283]}},{"id":"21","type":"Feature","properties":{"layer":0},"geometry":{"type":"Point","coordinates":[-0.297035,51.453456]}},{"id":"22","type":"Feature","properties":{"layer":0},"geometry":{"type":"Point","coordinates":[0.160023,51.466566]}},{"id":"23","type":"Feature","properties":{"layer":0},"geometry":{"type":"Point","coordinates":[-0.137488,51.512998]}},{"id":"24","type":"Feature","properties":{"layer":0},"geometry":{"type":"Point","coordinates":[-0.350202,51.563636]}},{"id":"25","type":"Feature","properties":{"layer":0},"geometry":{"type":"Point","coordinates":[-0.066834,51.369466]}},{"id":"26","type":"Feature","properties":{"layer":0},"geometry":{"type":"Point","coordinates":[0.036993,51.415555]}},{"id":"27","type":"Feature","properties":{"layer":0},"geometry":{"type":"Point","coordinates":[-0.082409,51.662544]}},{"id":"28","type":"Feature","properties":{"layer":0},"geometry":{"type":"Point","coordinates":[0.061168,51.350606]}},{"id":"29","type":"Feature","properties":{"layer":0},"geometry":{"type":"Point","coordinates":[-0.085264,51.502314]}},{"id":"30","type":"Feature","properties":{"layer":0},"geometry":{"type":"Point","coordinates":[-0.299601,51.560906]}},{"id":"31","type":"Feature","properties":{"layer":0},"geometry":{"type":"Point","coordinates":[-0.087825,51.650289]}},{"id":"32","type":"Feature","properties":{"layer":0},"geometry":{"type":"Point","coordinates":[-0.089298,51.468148]}},{"id":"33","type":"Feature","properties":{"layer":0},"geometry":{"type":"Point","coordinates":[0.002358,51.479]}},{"id":"34","type":"Feature","properties":{"layer":0},"geometry":{"type":"Point","coordinates":[0.092177,51.50799]}},{"id":"35","type":"Feature","properties":{"layer":0},"geometry":{"type":"Point","coordinates":[-0.365324,51.479463]}},{"id":"36","type":"Feature","properties":{"layer":0},"geometry":{"type":"Point","coordinates":[-0.098879,51.386594]}},{"id":"37","type":"Feature","properties":{"layer":0},"geometry":{"type":"Point","coordinates":[-0.182868,51.453737]}},{"id":"38","type":"Feature","properties":{"layer":0},"geometry":{"type":"Point","coordinates":[-0.361137,51.547613]}},{"id":"39","type":"Feature","properties":{"layer":0},"geometry":{"type":"Point","coordinates":[0.132022,51.406393]}},{"id":"40","type":"Feature","properties":{"layer":0},"geometry":{"type":"Point","coordinates":[-0.202597,51.389405]}},{"id":"41","type":"Feature","properties":{"layer":0},"geometry":{"type":"Point","coordinates":[0.052742,51.56886]}},{"id":"42","type":"Feature","properties":{"layer":0},"geometry":{"type":"Point","coordinates":[-0.160063,51.465179]}},{"id":"43","type":"Feature","properties":{"layer":0},"geometry":{"type":"Point","coordinates":[0.128334,51.352619]}},{"id":"44","type":"Feature","properties":{"layer":0},"geometry":{"type":"Point","coordinates":[-0.059811,51.598614]}},{"id":"45","type":"Feature","properties":{"layer":0},"geometry":{"type":"Point","coordinates":[-0.211842,51.494396]}},{"id":"46","type":"Feature","properties":{"layer":0},"geometry":{"type":"Point","coordinates":[-0.389074,51.489353]}},{"id":"47","type":"Feature","properties":{"layer":0},"geometry":{"type":"Point","coordinates":[0.224197,51.602627]}},{"id":"48","type":"Feature","properties":{"layer":0},"geometry":{"type":"Point","coordinates":[0.290635,51.55562]}},{"id":"49","type":"Feature","properties":{"layer":0},"geometry":{"type":"Point","coordinates":[-0.315233,51.508534]}},{"id":"50","type":"Feature","properties":{"layer":0},"geometry":{"type":"Point","coordinates":[-0.166824,51.386298]}},{"id":"51","type":"Feature","properties":{"layer":0},"geometry":{"type":"Point","coordinates":[0.012106,51.62443]}},{"id":"52","type":"Feature","properties":{"layer":0},"geometry":{"type":"Point","coordinates":[-0.125693,51.368653]}},{"id":"53","type":"Feature","properties":{"layer":0},"geometry":{"type":"Point","coordinates":[-0.108393,51.518005]}},{"id":"54","type":"Feature","properties":{"layer":0},"geometry":{"type":"Point","coordinates":[0.11901,51.375802]}},{"id":"55","type":"Feature","properties":{"layer":0},"geometry":{"type":"Point","coordinates":[-0.45979,51.5456]}},{"id":"56","type":"Feature","properties":{"layer":0},"geometry":{"type":"Point","coordinates":[-0.120171,51.576147]}},{"id":"57","type":"Feature","properties":{"layer":0},"geometry":{"type":"Point","coordinates":[0.247487,51.598195]}},{"id":"58","type":"Feature","properties":{"layer":0},"geometry":{"type":"Point","coordinates":[-0.045171,51.529997]}},{"id":"59","type":"Feature","properties":{"layer":0},"geometry":{"type":"Point","coordinates":[-0.216786,51.416598]}},{"id":"60","type":"Feature","properties":{"layer":0},"geometry":{"type":"Point","coordinates":[-0.15577,51.418858]}},{"id":"61","type":"Feature","properties":{"layer":0},"geometry":{"type":"Point","coordinates":[0.221478,51.563059]}},{"id":"62","type":"Feature","properties":{"layer":0},"geometry":{"type":"Point","coordinates":[-0.076063,51.551761]}},{"id":"63","type":"Feature","properties":{"layer":0},"geometry":{"type":"Point","coordinates":[-0.109462,51.417748]}},{"id":"64","type":"Feature","properties":{"layer":0},"geometry":{"type":"Point","coordinates":[-0.066338,51.435067]}},{"id":"65","type":"Feature","properties":{"layer":0},"geometry":{"type":"Point","coordinates":[0.269351,51.580024]}},{"id":"66","type":"Feature","properties":{"layer":0},"geometry":{"type":"Point","coordinates":[0.028112,51.31449]}},{"id":"67","type":"Feature","properties":{"layer":0},"geometry":{"type":"Point","coordinates":[-0.143328,51.441246]}},{"id":"68","type":"Feature","properties":{"layer":0},"geometry":{"type":"Point","coordinates":[-0.325929,51.60205]}},{"id":"69","type":"Feature","properties":{"layer":0},"geometry":{"type":"Point","coordinates":[-0.212223,51.592375]}},{"id":"70","type":"Feature","properties":{"layer":0},"geometry":{"type":"Point","coordinates":[-0.149462,51.476021]}},{"id":"71","type":"Feature","properties":{"layer":0},"geometry":{"type":"Point","coordinates":[-0.126214,51.605739]}},{"id":"72","type":"Feature","properties":{"layer":0},"geometry":{"type":"Point","coordinates":[-0.238377,51.407532]}},{"id":"73","type":"Feature","properties":{"layer":0},"geometry":{"type":"Point","coordinates":[0.092554,51.324083]}},{"id":"74","type":"Feature","properties":{"layer":0},"geometry":{"type":"Point","coordinates":[-0.351939,51.459774]}},{"id":"75","type":"Feature","properties":{"layer":0},"geometry":{"type":"Point","coordinates":[-0.102987,51.385366]}},{"id":"76","type":"Feature","properties":{"layer":0},"geometry":{"type":"Point","coordinates":[-0.205168,51.462026]}},{"id":"77","type":"Feature","properties":{"layer":0},"geometry":{"type":"Point","coordinates":[-0.275033,51.591893]}},{"id":"78","type":"Feature","properties":{"layer":0},"geometry":{"type":"Point","coordinates":[-0.100586,51.489516]}},{"id":"79","type":"Feature","properties":{"layer":0},"geometry":{"type":"Point","coordinates":[-0.068898,51.324471]}},{"id":"80","type":"Feature","properties":{"layer":0},"geometry":{"type":"Point","coordinates":[-0.018466,51.471592]}},{"id":"81","type":"Feature","properties":{"layer":0},"geometry":{"type":"Point","coordinates":[-0.087205,51.627862]}},{"id":"82","type":"Feature","properties":{"layer":0},"geometry":{"type":"Point","coordinates":[-0.020956,51.400971]}},{"id":"83","type":"Feature","properties":{"layer":0},"geometry":{"type":"Point","coordinates":[-0.02679,51.485489]}},{"id":"84","type":"Feature","properties":{"layer":0},"geometry":{"type":"Point","coordinates":[-0.139357,51.444849]}},{"id":"85","type":"Feature","properties":{"layer":0},"geometry":{"type":"Point","coordinates":[-0.354943,51.597653]}},{"id":"86","type":"Feature","properties":{"layer":0},"geometry":{"type":"Point","coordinates":[-0.308095,51.367413]}},{"id":"87","type":"Feature","properties":{"layer":0},"geometry":{"type":"Point","coordinates":[0.158495,51.478133]}},{"id":"88","type":"Feature","properties":{"layer":0},"geometry":{"type":"Point","coordinates":[-0.03323,51.446652]}},{"id":"89","type":"Feature","properties":{"layer":0},"geometry":{"type":"Point","coordinates":[-0.220444,51.396426]}},{"id":"90","type":"Feature","properties":{"layer":0},"geometry":{"type":"Point","coordinates":[-0.30904,51.441017]}},{"id":"91","type":"Feature","properties":{"layer":0},"geometry":{"type":"Point","coordinates":[-0.066687,51.522142]}},{"id":"92","type":"Feature","properties":{"layer":0},"geometry":{"type":"Point","coordinates":[-0.02561,51.497362]}},{"id":"93","type":"Feature","properties":{"layer":0},"geometry":{"type":"Point","coordinates":[-0.038762,51.48484]}},{"id":"94","type":"Feature","properties":{"layer":0},"geometry":{"type":"Point","coordinates":[-0.174572,51.506068]}},{"id":"95","type":"Feature","properties":{"layer":0},"geometry":{"type":"Point","coordinates":[-0.409654,51.511342]}},{"id":"96","type":"Feature","properties":{"layer":0},"geometry":{"type":"Point","coordinates":[-0.088509,51.371199]}},{"id":"97","type":"Feature","properties":{"layer":0},"geometry":{"type":"Point","coordinates":[-0.186884,51.406629]}},{"id":"98","type":"Feature","properties":{"layer":0},"geometry":{"type":"Point","coordinates":[0.003494,51.495306]}},{"id":"99","type":"Feature","properties":{"layer":0},"geometry":{"type":"Point","coordinates":[-0.174894,51.360214]}},{"id":"100","type":"Feature","properties":{"layer":0},"geometry":{"type":"Point","coordinates":[-0.238195,51.405598]}},{"id":"101","type":"Feature","properties":{"layer":0},"geometry":{"type":"Point","coordinates":[-0.046006,51.426812]}},{"id":"102","type":"Feature","properties":{"layer":0},"geometry":{"type":"Point","coordinates":[-0.406028,51.438266]}},{"id":"103","type":"Feature","properties":{"layer":0},"geometry":{"type":"Point","coordinates":[-0.105849,51.358759]}},{"id":"104","type":"Feature","properties":{"layer":0},"geometry":{"type":"Point","coordinates":[0.045821,51.366206]}},{"id":"105","type":"Feature","properties":{"layer":0},"geometry":{"type":"Point","coordinates":[0.01344,51.494624]}},{"id":"106","type":"Feature","properties":{"layer":0},"geometry":{"type":"Point","coordinates":[0.071513,51.330535]}},{"id":"107","type":"Feature","properties":{"layer":0},"geometry":{"type":"Point","coordinates":[-0.379462,51.556152]}},{"id":"108","type":"Feature","properties":{"layer":0},"geometry":{"type":"Point","coordinates":[-0.137064,51.539099]}},{"id":"109","type":"Feature","properties":{"layer":0},"geometry":{"type":"Point","coordinates":[0.161898,51.461763]}},{"id":"110","type":"Feature","properties":{"layer":0},"geometry":{"type":"Point","coordinates":[0.096958,51.595404]}},{"id":"111","type":"Feature","properties":{"layer":0},"geometry":{"type":"Point","coordinates":[0.108473,51.451551]}},{"id":"112","type":"Feature","properties":{"layer":0},"geometry":{"type":"Point","coordinates":[0.086326,51.554704]}},{"id":"113","type":"Feature","properties":{"layer":0},"geometry":{"type":"Point","coordinates":[-0.249043,51.387316]}},{"id":"114","type":"Feature","properties":{"layer":0},"geometry":{"type":"Point","coordinates":[-0.467614,51.569032]}},{"id":"115","type":"Feature","properties":{"layer":0},"geometry":{"type":"Point","coordinates":[-0.10851,51.542985]}},{"id":"116","type":"Feature","properties":{"layer":0},"geometry":{"type":"Point","coordinates":[-0.127891,51.453166]}},{"id":"117","type":"Feature","properties":{"layer":0},"geometry":{"type":"Point","coordinates":[-0.028597,51.563387]}},{"id":"118","type":"Feature","properties":{"layer":0},"geometry":{"type":"Point","coordinates":[-0.113725,51.493849]}},{"id":"119","type":"Feature","properties":{"layer":0},"geometry":{"type":"Point","coordinates":[-0.116414,51.650985]}},{"id":"120","type":"Feature","properties":{"layer":0},"geometry":{"type":"Point","coordinates":[-0.369949,51.482437]}},{"id":"121","type":"Feature","properties":{"layer":0},"geometry":{"type":"Point","coordinates":[0.105587,51.489947]}},{"id":"122","type":"Feature","properties":{"layer":0},"geometry":{"type":"Point","coordinates":[-0.14997,51.42458]}},{"id":"123","type":"Feature","properties":{"layer":0},"geometry":{"type":"Point","coordinates":[0.087132,51.48025]}},{"id":"124","type":"Feature","properties":{"layer":0},"geometry":{"type":"Point","coordinates":[0.045842,51.494294]}},{"id":"125","type":"Feature","properties":{"layer":0},"geometry":{"type":"Point","coordinates":[0.22203,51.578652]}},{"id":"126","type":"Feature","properties":{"layer":0},"geometry":{"type":"Point","coordinates":[-0.04838,51.472987]}},{"id":"127","type":"Feature","properties":{"layer":0},"geometry":{"type":"Point","coordinates":[-0.366419,51.569356]}},{"id":"128","type":"Feature","properties":{"layer":0},"geometry":{"type":"Point","coordinates":[-0.006542,51.408372]}},{"id":"129","type":"Feature","properties":{"layer":0},"geometry":{"type":"Point","coordinates":[-0.252963,51.560392]}},{"id":"130","type":"Feature","properties":{"layer":0},"geometry":{"type":"Point","coordinates":[-0.08724,51.370313]}},{"id":"131","type":"Feature","properties":{"layer":0},"geometry":{"type":"Point","coordinates":[0.127865,51.469854]}},{"id":"132","type":"Feature","properties":{"layer":0},"geometry":{"type":"Point","coordinates":[0.140307,51.563105]}},{"id":"133","type":"Feature","properties":{"layer":0},"geometry":{"type":"Point","coordinates":[0.027373,51.448866]}},{"id":"134","type":"Feature","properties":{"layer":0},"geometry":{"type":"Point","coordinates":[0.040511,51.47832]}},{"id":"135","type":"Feature","properties":{"layer":0},"geometry":{"type":"Point","coordinates":[-0.013957,51.500798]}},{"id":"136","type":"Feature","properties":{"layer":0},"geometry":{"type":"Point","coordinates":[0.08914,51.494397]}},{"id":"137","type":"Feature","properties":{"layer":0},"geometry":{"type":"Point","coordinates":[-0.27888,51.518082]}},{"id":"138","type":"Feature","properties":{"layer":0},"geometry":{"type":"Point","coordinates":[0.104095,51.511234]}},{"id":"139","type":"Feature","properties":{"layer":0},"geometry":{"type":"Point","coordinates":[0.03322,51.600021]}},{"id":"140","type":"Feature","properties":{"layer":0},"geometry":{"type":"Point","coordinates":[-0.04816,51.572173]}},{"id":"141","type":"Feature","properties":{"layer":0},"geometry":{"type":"Point","coordinates":[0.004398,51.531434]}},{"id":"142","type":"Feature","properties":{"layer":0},"geometry":{"type":"Point","coordinates":[0.077729,51.358136]}},{"id":"143","type":"Feature","properties":{"layer":0},"geometry":{"type":"Point","coordinates":[0.240169,51.522814]}},{"id":"144","type":"Feature","properties":{"layer":0},"geometry":{"type":"Point","coordinates":[-0.469465,51.539096]}},{"id":"145","type":"Feature","properties":{"layer":0},"geometry":{"type":"Point","coordinates":[0.044074,51.552017]}},{"id":"146","type":"Feature","properties":{"layer":0},"geometry":{"type":"Point","coordinates":[0.062622,51.343148]}},{"id":"147","type":"Feature","properties":{"layer":0},"geometry":{"type":"Point","coordinates":[-0.210595,51.401851]}},{"id":"148","type":"Feature","properties":{"layer":0},"geometry":{"type":"Point","coordinates":[-0.317758,51.578209]}},{"id":"149","type":"Feature","properties":{"layer":0},"geometry":{"type":"Point","coordinates":[-0.157883,51.487853]}},{"id":"150","type":"Feature","properties":{"layer":0},"geometry":{"type":"Point","coordinates":[0.245039,51.608925]}},{"id":"151","type":"Feature","properties":{"layer":0},"geometry":{"type":"Point","coordinates":[-0.201777,51.379671]}},{"id":"152","type":"Feature","properties":{"layer":0},"geometry":{"type":"Point","coordinates":[-0.017377,51.622974]}},{"id":"153","type":"Feature","properties":{"layer":0},"geometry":{"type":"Point","coordinates":[0.093735,51.452409]}},{"id":"154","type":"Feature","properties":{"layer":0},"geometry":{"type":"Point","coordinates":[-0.126588,51.56449]}},{"id":"155","type":"Feature","properties":{"layer":0},"geometry":{"type":"Point","coordinates":[-0.097447,51.490844]}},{"id":"156","type":"Feature","properties":{"layer":0},"geometry":{"type":"Point","coordinates":[0.104248,51.327222]}},{"id":"157","type":"Feature","properties":{"layer":0},"geometry":{"type":"Point","coordinates":[0.0635,51.499171]}},{"id":"158","type":"Feature","properties":{"layer":0},"geometry":{"type":"Point","coordinates":[0.041186,51.349884]}},{"id":"159","type":"Feature","properties":{"layer":0},"geometry":{"type":"Point","coordinates":[-0.344399,51.507343]}},{"id":"160","type":"Feature","properties":{"layer":0},"geometry":{"type":"Point","coordinates":[-0.297669,51.466182]}},{"id":"161","type":"Feature","properties":{"layer":0},"geometry":{"type":"Point","coordinates":[0.096968,51.510657]}},{"id":"162","type":"Feature","properties":{"layer":0},"geometry":{"type":"Point","coordinates":[-0.006844,51.481192]}},{"id":"163","type":"Feature","properties":{"layer":0},"geometry":{"type":"Point","coordinates":[-0.118862,51.471861]}},{"id":"164","type":"Feature","properties":{"layer":0},"geometry":{"type":"Point","coordinates":[0.081901,51.500753]}},{"id":"165","type":"Feature","properties":{"layer":0},"geometry":{"type":"Point","coordinates":[-0.039121,51.443252]}},{"id":"166","type":"Feature","properties":{"layer":0},"geometry":{"type":"Point","coordinates":[0.026115,51.385185]}},{"id":"167","type":"Feature","properties":{"layer":0},"geometry":{"type":"Point","coordinates":[-0.108575,51.457915]}},{"id":"168","type":"Feature","properties":{"layer":0},"geometry":{"type":"Point","coordinates":[-0.127065,51.399355]}},{"id":"169","type":"Feature","properties":{"layer":0},"geometry":{"type":"Point","coordinates":[-0.253458,51.430241]}},{"id":"170","type":"Feature","properties":{"layer":0},"geometry":{"type":"Point","coordinates":[0.003522,51.540648]}},{"id":"171","type":"Feature","properties":{"layer":0},"geometry":{"type":"Point","coordinates":[0.037555,51.36899]}},{"id":"172","type":"Feature","properties":{"layer":0},"geometry":{"type":"Point","coordinates":[-0.089243,51.457261]}},{"id":"173","type":"Feature","properties":{"layer":0},"geometry":{"type":"Point","coordinates":[-0.251064,51.551993]}},{"id":"174","type":"Feature","properties":{"layer":0},"geometry":{"type":"Point","coordinates":[-0.072257,51.398583]}},{"id":"175","type":"Feature","properties":{"layer":0},"geometry":{"type":"Point","coordinates":[-0.200011,51.487898]}},{"id":"176","type":"Feature","properties":{"layer":0},"geometry":{"type":"Point","coordinates":[-0.138165,51.475451]}},{"id":"177","type":"Feature","properties":{"layer":0},"geometry":{"type":"Point","coordinates":[-0.453113,51.539649]}},{"id":"178","type":"Feature","properties":{"layer":0},"geometry":{"type":"Point","coordinates":[-0.008978,51.485747]}},{"id":"179","type":"Feature","properties":{"layer":0},"geometry":{"type":"Point","coordinates":[-0.108633,51.519667]}},{"id":"180","type":"Feature","properties":{"layer":0},"geometry":{"type":"Point","coordinates":[-0.294498,51.426433]}},{"id":"181","type":"Feature","properties":{"layer":0},"geometry":{"type":"Point","coordinates":[0.088678,51.389233]}},{"id":"182","type":"Feature","properties":{"layer":0},"geometry":{"type":"Point","coordinates":[-0.077378,51.320336]}},{"id":"183","type":"Feature","properties":{"layer":0},"geometry":{"type":"Point","coordinates":[-0.155808,51.312037]}},{"id":"184","type":"Feature","properties":{"layer":0},"geometry":{"type":"Point","coordinates":[0.036716,51.569586]}},{"id":"185","type":"Feature","properties":{"layer":0},"geometry":{"type":"Point","coordinates":[-0.150257,51.388934]}},{"id":"186","type":"Feature","properties":{"layer":0},"geometry":{"type":"Point","coordinates":[-0.034526,51.629752]}},{"id":"187","type":"Feature","properties":{"layer":0},"geometry":{"type":"Point","coordinates":[-0.102371,51.48568]}},{"id":"188","type":"Feature","properties":{"layer":0},"geometry":{"type":"Point","coordinates":[0.065003,51.406409]}},{"id":"189","type":"Feature","properties":{"layer":0},"geometry":{"type":"Point","coordinates":[0.046516,51.454635]}},{"id":"190","type":"Feature","properties":{"layer":0},"geometry":{"type":"Point","coordinates":[-0.023359,51.405894]}},{"id":"191","type":"Feature","properties":{"layer":0},"geometry":{"type":"Point","coordinates":[-0.003291,51.392162]}},{"id":"192","type":"Feature","properties":{"layer":0},"geometry":{"type":"Point","coordinates":[-0.292133,51.47461]}},{"id":"193","type":"Feature","properties":{"layer":0},"geometry":{"type":"Point","coordinates":[-0.117232,51.460513]}},{"id":"194","type":"Feature","properties":{"layer":0},"geometry":{"type":"Point","coordinates":[0.012824,51.569024]}},{"id":"195","type":"Feature","properties":{"layer":0},"geometry":{"type":"Point","coordinates":[-0.15009,51.631992]}},{"id":"196","type":"Feature","properties":{"layer":0},"geometry":{"type":"Point","coordinates":[-0.142889,51.566341]}},{"id":"197","type":"Feature","properties":{"layer":0},"geometry":{"type":"Point","coordinates":[-0.438824,51.599583]}},{"id":"198","type":"Feature","properties":{"layer":0},"geometry":{"type":"Point","coordinates":[0.032849,51.556912]}},{"id":"199","type":"Feature","properties":{"layer":0},"geometry":{"type":"Point","coordinates":[-0.300476,51.349356]}},{"id":"200","type":"Feature","properties":{"layer":0},"geometry":{"type":"Point","coordinates":[0.058561,51.34199]}},{"id":"201","type":"Feature","properties":{"layer":0},"geometry":{"type":"Point","coordinates":[-0.232441,51.487763]}},{"id":"202","type":"Feature","properties":{"layer":0},"geometry":{"type":"Point","coordinates":[0.075819,51.38396]}},{"id":"203","type":"Feature","properties":{"layer":0},"geometry":{"type":"Point","coordinates":[-0.074497,51.511326]}},{"id":"204","type":"Feature","properties":{"layer":0},"geometry":{"type":"Point","coordinates":[0.015987,51.341654]}},{"id":"205","type":"Feature","properties":{"layer":0},"geometry":{"type":"Point","coordinates":[-0.013793,51.488669]}},{"id":"206","type":"Feature","properties":{"layer":0},"geometry":{"type":"Point","coordinates":[-0.243615,51.598647]}},{"id":"207","type":"Feature","properties":{"layer":0},"geometry":{"type":"Point","coordinates":[-0.13626,51.460399]}},{"id":"208","type":"Feature","properties":{"layer":0},"geometry":{"type":"Point","coordinates":[0.171385,51.606727]}},{"id":"209","type":"Feature","properties":{"layer":0},"geometry":{"type":"Point","coordinates":[-0.293316,51.590874]}},{"id":"210","type":"Feature","properties":{"layer":0},"geometry":{"type":"Point","coordinates":[0.091404,51.491298]}},{"id":"211","type":"Feature","properties":{"layer":0},"geometry":{"type":"Point","coordinates":[-0.140235,51.509922]}},{"id":"212","type":"Feature","properties":{"layer":0},"geometry":{"type":"Point","coordinates":[-0.085658,51.36099]}},{"id":"213","type":"Feature","properties":{"layer":0},"geometry":{"type":"Point","coordinates":[-0.352743,51.439986]}},{"id":"214","type":"Feature","properties":{"layer":0},"geometry":{"type":"Point","coordinates":[-0.080731,51.510858]}},{"id":"215","type":"Feature","properties":{"layer":0},"geometry":{"type":"Point","coordinates":[-0.177878,51.533359]}},{"id":"216","type":"Feature","properties":{"layer":0},"geometry":{"type":"Point","coordinates":[0.025462,51.541432]}},{"id":"217","type":"Feature","properties":{"layer":0},"geometry":{"type":"Point","coordinates":[0.086432,51.362907]}},{"id":"218","type":"Feature","properties":{"layer":0},"geometry":{"type":"Point","coordinates":[-0.304904,51.489492]}},{"id":"219","type":"Feature","properties":{"layer":0},"geometry":{"type":"Point","coordinates":[-0.315564,51.473641]}},{"id":"220","type":"Feature","properties":{"layer":0},"geometry":{"type":"Point","coordinates":[0.202534,51.612187]}},{"id":"221","type":"Feature","properties":{"layer":0},"geometry":{"type":"Point","coordinates":[0.059609,51.521846]}},{"id":"222","type":"Feature","properties":{"layer":0},"geometry":{"type":"Point","coordinates":[-0.122039,51.612941]}},{"id":"223","type":"Feature","properties":{"layer":0},"geometry":{"type":"Point","coordinates":[0.173518,51.465005]}},{"id":"224","type":"Feature","properties":{"layer":0},"geometry":{"type":"Point","coordinates":[-0.065036,51.378273]}},{"id":"225","type":"Feature","properties":{"layer":0},"geometry":{"type":"Point","coordinates":[-0.016514,51.531066]}},{"id":"226","type":"Feature","properties":{"layer":0},"geometry":{"type":"Point","coordinates":[-0.307213,51.518453]}},{"id":"227","type":"Feature","properties":{"layer":0},"geometry":{"type":"Point","coordinates":[-0.154383,51.495205]}},{"id":"228","type":"Feature","properties":{"layer":0},"geometry":{"type":"Point","coordinates":[-0.043588,51.462546]}},{"id":"229","type":"Feature","properties":{"layer":0},"geometry":{"type":"Point","coordinates":[-0.165179,51.434831]}},{"id":"230","type":"Feature","properties":{"layer":0},"geometry":{"type":"Point","coordinates":[-0.017041,51.480112]}},{"id":"231","type":"Feature","properties":{"layer":0},"geometry":{"type":"Point","coordinates":[-0.04277,51.540314]}},{"id":"232","type":"Feature","properties":{"layer":0},"geometry":{"type":"Point","coordinates":[0.021479,51.601342]}},{"id":"233","type":"Feature","properties":{"layer":0},"geometry":{"type":"Point","coordinates":[0.168951,51.511296]}},{"id":"234","type":"Feature","properties":{"layer":0},"geometry":{"type":"Point","coordinates":[-0.08908,51.472133]}},{"id":"235","type":"Feature","properties":{"layer":0},"geometry":{"type":"Point","coordinates":[-0.189617,51.39237]}},{"id":"236","type":"Feature","properties":{"layer":0},"geometry":{"type":"Point","coordinates":[0.014952,51.579367]}},{"id":"237","type":"Feature","properties":{"layer":0},"geometry":{"type":"Point","coordinates":[-0.04243,51.528626]}},{"id":"238","type":"Feature","properties":{"layer":0},"geometry":{"type":"Point","coordinates":[0.21683,51.589517]}},{"id":"239","type":"Feature","properties":{"layer":0},"geometry":{"type":"Point","coordinates":[0.081838,51.499749]}},{"id":"240","type":"Feature","properties":{"layer":0},"geometry":{"type":"Point","coordinates":[0.09053,51.414887]}},{"id":"241","type":"Feature","properties":{"layer":0},"geometry":{"type":"Point","coordinates":[0.04369,51.507429]}},{"id":"242","type":"Feature","properties":{"layer":0},"geometry":{"type":"Point","coordinates":[0.113763,51.449632]}},{"id":"243","type":"Feature","properties":{"layer":0},"geometry":{"type":"Point","coordinates":[-0.046335,51.438875]}},{"id":"244","type":"Feature","properties":{"layer":0},"geometry":{"type":"Point","coordinates":[0.000325,51.421237]}},{"id":"245","type":"Feature","properties":{"layer":0},"geometry":{"type":"Point","coordinates":[-0.468191,51.549023]}},{"id":"246","type":"Feature","properties":{"layer":0},"geometry":{"type":"Point","coordinates":[0.010339,51.344004]}},{"id":"247","type":"Feature","properties":{"layer":0},"geometry":{"type":"Point","coordinates":[-0.09744,51.572346]}},{"id":"248","type":"Feature","properties":{"layer":0},"geometry":{"type":"Point","coordinates":[-0.189935,51.357768]}},{"id":"249","type":"Feature","properties":{"layer":0},"geometry":{"type":"Point","coordinates":[-0.239678,51.428731]}},{"id":"250","type":"Feature","properties":{"layer":0},"geometry":{"type":"Point","coordinates":[-0.339923,51.442846]}},{"id":"251","type":"Feature","properties":{"layer":0},"geometry":{"type":"Point","coordinates":[-0.082782,51.670366]}},{"id":"252","type":"Feature","properties":{"layer":0},"geometry":{"type":"Point","coordinates":[-0.07243,51.389025]}},{"id":"253","type":"Feature","properties":{"layer":0},"geometry":{"type":"Point","coordinates":[-0.245487,51.573196]}},{"id":"254","type":"Feature","properties":{"layer":0},"geometry":{"type":"Point","coordinates":[0.042582,51.549273]}},{"id":"255","type":"Feature","properties":{"layer":0},"geometry":{"type":"Point","coordinates":[-0.138421,51.407242]}},{"id":"256","type":"Feature","properties":{"layer":0},"geometry":{"type":"Point","coordinates":[-0.21189,51.646333]}},{"id":"257","type":"Feature","properties":{"layer":0},"geometry":{"type":"Point","coordinates":[-0.135199,51.642872]}},{"id":"258","type":"Feature","properties":{"layer":0},"geometry":{"type":"Point","coordinates":[-0.162329,51.464686]}},{"id":"259","type":"Feature","properties":{"layer":0},"geometry":{"type":"Point","coordinates":[-0.286306,51.611873]}},{"id":"260","type":"Feature","properties":{"layer":0},"geometry":{"type":"Point","coordinates":[-0.127077,51.535377]}},{"id":"261","type":"Feature","properties":{"layer":0},"geometry":{"type":"Point","coordinates":[-0.080352,51.659305]}},{"id":"262","type":"Feature","properties":{"layer":0},"geometry":{"type":"Point","coordinates":[-0.016221,51.468459]}},{"id":"263","type":"Feature","properties":{"layer":0},"geometry":{"type":"Point","coordinates":[0.046562,51.52153]}},{"id":"264","type":"Feature","properties":{"layer":0},"geometry":{"type":"Point","coordinates":[-0.041088,51.632068]}},{"id":"265","type":"Feature","properties":{"layer":0},"geometry":{"type":"Point","coordinates":[-0.213172,51.488295]}},{"id":"266","type":"Feature","properties":{"layer":0},"geometry":{"type":"Point","coordinates":[0.068527,51.374537]}},{"id":"267","type":"Feature","properties":{"layer":0},"geometry":{"type":"Point","coordinates":[-0.268227,51.53337]}},{"id":"268","type":"Feature","properties":{"layer":0},"geometry":{"type":"Point","coordinates":[0.203487,51.587343]}},{"id":"269","type":"Feature","properties":{"layer":0},"geometry":{"type":"Point","coordinates":[-0.384517,51.518437]}},{"id":"270","type":"Feature","properties":{"layer":0},"geometry":{"type":"Point","coordinates":[-0.094121,51.466289]}},{"id":"271","type":"Feature","properties":{"layer":0},"geometry":{"type":"Point","coordinates":[-0.361886,51.462546]}},{"id":"272","type":"Feature","properties":{"layer":0},"geometry":{"type":"Point","coordinates":[-0.375991,51.454864]}},{"id":"273","type":"Feature","properties":{"layer":0},"geometry":{"type":"Point","coordinates":[0.037569,51.374587]}},{"id":"274","type":"Feature","properties":{"layer":0},"geometry":{"type":"Point","coordinates":[-0.065257,51.575952]}},{"id":"275","type":"Feature","properties":{"layer":0},"geometry":{"type":"Point","coordinates":[-0.165662,51.631276]}},{"id":"276","type":"Feature","properties":{"layer":0},"geometry":{"type":"Point","coordinates":[0.204575,51.587518]}},{"id":"277","type":"Feature","properties":{"layer":0},"geometry":{"type":"Point","coordinates":[-0.263399,51.562253]}},{"id":"278","type":"Feature","properties":{"layer":0},"geometry":{"type":"Point","coordinates":[-0.0382,51.522405]}},{"id":"279","type":"Feature","properties":{"layer":0},"geometry":{"type":"Point","coordinates":[-0.036968,51.449121]}},{"id":"280","type":"Feature","properties":{"layer":0},"geometry":{"type":"Point","coordinates":[-0.132497,51.491455]}},{"id":"281","type":"Feature","properties":{"layer":0},"geometry":{"type":"Point","coordinates":[-0.194007,51.382735]}},{"id":"282","type":"Feature","properties":{"layer":0},"geometry":{"type":"Point","coordinates":[0.236878,51.58395]}},{"id":"283","type":"Feature","properties":{"layer":0},"geometry":{"type":"Point","coordinates":[-0.452696,51.559415]}},{"id":"284","type":"Feature","properties":{"layer":0},"geometry":{"type":"Point","coordinates":[-0.031537,51.470337]}},{"id":"285","type":"Feature","properties":{"layer":0},"geometry":{"type":"Point","coordinates":[-0.11054,51.372504]}},{"id":"286","type":"Feature","properties":{"layer":0},"geometry":{"type":"Point","coordinates":[0.1231,51.57858]}},{"id":"287","type":"Feature","properties":{"layer":0},"geometry":{"type":"Point","coordinates":[0.102217,51.574486]}},{"id":"288","type":"Feature","properties":{"layer":0},"geometry":{"type":"Point","coordinates":[0.034613,51.604301]}},{"id":"289","type":"Feature","properties":{"layer":0},"geometry":{"type":"Point","coordinates":[0.042419,51.547092]}},{"id":"290","type":"Feature","properties":{"layer":0},"geometry":{"type":"Point","coordinates":[0.200914,51.616341]}},{"id":"291","type":"Feature","properties":{"layer":0},"geometry":{"type":"Point","coordinates":[0.086325,51.555034]}},{"id":"292","type":"Feature","properties":{"layer":0},"geometry":{"type":"Point","coordinates":[0.145874,51.576373]}},{"id":"293","type":"Feature","properties":{"layer":0},"geometry":{"type":"Point","coordinates":[-0.031393,51.436042]}},{"id":"294","type":"Feature","properties":{"layer":0},"geometry":{"type":"Point","coordinates":[-0.221184,51.610807]}},{"id":"295","type":"Feature","properties":{"layer":0},"geometry":{"type":"Point","coordinates":[-0.026442,51.643494]}},{"id":"296","type":"Feature","properties":{"layer":0},"geometry":{"type":"Point","coordinates":[-0.09567,51.518686]}},{"id":"297","type":"Feature","properties":{"layer":0},"geometry":{"type":"Point","coordinates":[0.229129,51.517382]}},{"id":"298","type":"Feature","properties":{"layer":0},"geometry":{"type":"Point","coordinates":[0.020451,51.372502]}},{"id":"299","type":"Feature","properties":{"layer":0},"geometry":{"type":"Point","coordinates":[-0.271722,51.535603]}},{"id":"300","type":"Feature","properties":{"layer":0},"geometry":{"type":"Point","coordinates":[-0.120317,51.595091]}},{"id":"301","type":"Feature","properties":{"layer":0},"geometry":{"type":"Point","coordinates":[-0.227958,51.437194]}},{"id":"302","type":"Feature","properties":{"layer":0},"geometry":{"type":"Point","coordinates":[-0.043124,51.369536]}},{"id":"303","type":"Feature","properties":{"layer":0},"geometry":{"type":"Point","coordinates":[-0.257494,51.529656]}},{"id":"304","type":"Feature","properties":{"layer":0},"geometry":{"type":"Point","coordinates":[-0.177237,51.490464]}},{"id":"305","type":"Feature","properties":{"layer":0},"geometry":{"type":"Point","coordinates":[-0.362642,51.585216]}},{"id":"306","type":"Feature","properties":{"layer":0},"geometry":{"type":"Point","coordinates":[0.075439,51.493006]}},{"id":"307","type":"Feature","properties":{"layer":0},"geometry":{"type":"Point","coordinates":[-0.01219,51.462803]}},{"id":"308","type":"Feature","properties":{"layer":0},"geometry":{"type":"Point","coordinates":[-0.291094,51.513874]}},{"id":"309","type":"Feature","properties":{"layer":0},"geometry":{"type":"Point","coordinates":[-0.013997,51.518892]}},{"id":"310","type":"Feature","properties":{"layer":0},"geometry":{"type":"Point","coordinates":[-0.30554,51.542832]}},{"id":"311","type":"Feature","properties":{"layer":0},"geometry":{"type":"Point","coordinates":[0.049327,51.350677]}},{"id":"312","type":"Feature","properties":{"layer":0},"geometry":{"type":"Point","coordinates":[-0.08245,51.440313]}},{"id":"313","type":"Feature","properties":{"layer":0},"geometry":{"type":"Point","coordinates":[-0.127196,51.536016]}},{"id":"314","type":"Feature","properties":{"layer":0},"geometry":{"type":"Point","coordinates":[-0.4365,51.582594]}},{"id":"315","type":"Feature","properties":{"layer":0},"geometry":{"type":"Point","coordinates":[-0.114875,51.590387]}},{"id":"316","type":"Feature","properties":{"layer":0},"geometry":{"type":"Point","coordinates":[-0.440277,51.517608]}},{"id":"317","type":"Feature","properties":{"layer":0},"geometry":{"type":"Point","coordinates":[-0.054374,51.458989]}},{"id":"318","type":"Feature","properties":{"layer":0},"geometry":{"type":"Point","coordinates":[-0.079546,51.542969]}},{"id":"319","type":"Feature","properties":{"layer":0},"geometry":{"type":"Point","coordinates":[-0.243306,51.579932]}},{"id":"320","type":"Feature","properties":{"layer":0},"geometry":{"type":"Point","coordinates":[-0.202995,51.415849]}},{"id":"321","type":"Feature","properties":{"layer":0},"geometry":{"type":"Point","coordinates":[0.160617,51.567744]}},{"id":"322","type":"Feature","properties":{"layer":0},"geometry":{"type":"Point","coordinates":[0.293995,51.545116]}},{"id":"323","type":"Feature","properties":{"layer":0},"geometry":{"type":"Point","coordinates":[-0.328312,51.545667]}},{"id":"324","type":"Feature","properties":{"layer":0},"geometry":{"type":"Point","coordinates":[-0.072056,51.380111]}},{"id":"325","type":"Feature","properties":{"layer":0},"geometry":{"type":"Point","coordinates":[-0.009859,51.403904]}},{"id":"326","type":"Feature","properties":{"layer":0},"geometry":{"type":"Point","coordinates":[-0.053824,51.422073]}},{"id":"327","type":"Feature","properties":{"layer":0},"geometry":{"type":"Point","coordinates":[-0.1327,51.548138]}},{"id":"328","type":"Feature","properties":{"layer":0},"geometry":{"type":"Point","coordinates":[-0.143412,51.344363]}},{"id":"329","type":"Feature","properties":{"layer":0},"geometry":{"type":"Point","coordinates":[0.020098,51.323568]}},{"id":"330","type":"Feature","properties":{"layer":0},"geometry":{"type":"Point","coordinates":[-0.165171,51.522517]}},{"id":"331","type":"Feature","properties":{"layer":0},"geometry":{"type":"Point","coordinates":[-0.186528,51.645312]}},{"id":"332","type":"Feature","properties":{"layer":0},"geometry":{"type":"Point","coordinates":[-0.269071,51.621379]}},{"id":"333","type":"Feature","properties":{"layer":0},"geometry":{"type":"Point","coordinates":[-0.13755,51.342024]}},{"id":"334","type":"Feature","properties":{"layer":0},"geometry":{"type":"Point","coordinates":[0.080501,51.550203]}},{"id":"335","type":"Feature","properties":{"layer":0},"geometry":{"type":"Point","coordinates":[-0.049484,51.612243]}},{"id":"336","type":"Feature","properties":{"layer":0},"geometry":{"type":"Point","coordinates":[0.100368,51.350828]}},{"id":"337","type":"Feature","properties":{"layer":0},"geometry":{"type":"Point","coordinates":[0.083697,51.410111]}},{"id":"338","type":"Feature","properties":{"layer":0},"geometry":{"type":"Point","coordinates":[-0.135485,51.44971]}},{"id":"339","type":"Feature","properties":{"layer":0},"geometry":{"type":"Point","coordinates":[-0.061242,51.468376]}},{"id":"340","type":"Feature","properties":{"layer":0},"geometry":{"type":"Point","coordinates":[-0.371606,51.445645]}},{"id":"341","type":"Feature","properties":{"layer":0},"geometry":{"type":"Point","coordinates":[0.078927,51.518678]}},{"id":"342","type":"Feature","properties":{"layer":0},"geometry":{"type":"Point","coordinates":[-0.087085,51.344377]}},{"id":"343","type":"Feature","properties":{"layer":0},"geometry":{"type":"Point","coordinates":[-0.392503,51.530357]}},{"id":"344","type":"Feature","properties":{"layer":0},"geometry":{"type":"Point","coordinates":[-0.340382,51.54114]}},{"id":"345","type":"Feature","properties":{"layer":0},"geometry":{"type":"Point","coordinates":[-0.208552,51.498675]}},{"id":"346","type":"Feature","properties":{"layer":0},"geometry":{"type":"Point","coordinates":[-0.296577,51.543379]}},{"id":"347","type":"Feature","properties":{"layer":0},"geometry":{"type":"Point","coordinates":[0.17719,51.580196]}},{"id":"348","type":"Feature","properties":{"layer":0},"geometry":{"type":"Point","coordinates":[-0.080714,51.453992]}},{"id":"349","type":"Feature","properties":{"layer":0},"geometry":{"type":"Point","coordinates":[-0.059457,51.543665]}},{"id":"350","type":"Feature","properties":{"layer":0},"geometry":{"type":"Point","coordinates":[-0.103211,51.463712]}},{"id":"351","type":"Feature","properties":{"layer":0},"geometry":{"type":"Point","coordinates":[-0.125146,51.519972]}},{"id":"352","type":"Feature","properties":{"layer":0},"geometry":{"type":"Point","coordinates":[-0.19731,51.542876]}},{"id":"353","type":"Feature","properties":{"layer":0},"geometry":{"type":"Point","coordinates":[0.074738,51.38568]}},{"id":"354","type":"Feature","properties":{"layer":0},"geometry":{"type":"Point","coordinates":[-0.071078,51.4002]}},{"id":"355","type":"Feature","properties":{"layer":0},"geometry":{"type":"Point","coordinates":[-0.11299,51.604081]}},{"id":"356","type":"Feature","properties":{"layer":0},"geometry":{"type":"Point","coordinates":[0.207734,51.494331]}},{"id":"357","type":"Feature","properties":{"layer":0},"geometry":{"type":"Point","coordinates":[-0.185208,51.529165]}},{"id":"358","type":"Feature","properties":{"layer":0},"geometry":{"type":"Point","coordinates":[-0.242062,51.382799]}},{"id":"359","type":"Feature","properties":{"layer":0},"geometry":{"type":"Point","coordinates":[0.107272,51.433546]}},{"id":"360","type":"Feature","properties":{"layer":0},"geometry":{"type":"Point","coordinates":[0.249954,51.545825]}},{"id":"361","type":"Feature","properties":{"layer":0},"geometry":{"type":"Point","coordinates":[-0.35888,51.54598]}},{"id":"362","type":"Feature","properties":{"layer":0},"geometry":{"type":"Point","coordinates":[-0.133381,51.548557]}},{"id":"363","type":"Feature","properties":{"layer":0},"geometry":{"type":"Point","coordinates":[-0.383124,51.568591]}},{"id":"364","type":"Feature","properties":{"layer":0},"geometry":{"type":"Point","coordinates":[0.063844,51.559421]}},{"id":"365","type":"Feature","properties":{"layer":0},"geometry":{"type":"Point","coordinates":[-0.077486,51.493316]}},{"id":"366","type":"Feature","properties":{"layer":0},"geometry":{"type":"Point","coordinates":[-0.089155,51.525214]}},{"id":"367","type":"Feature","properties":{"layer":0},"geometry":{"type":"Point","coordinates":[-0.22478,51.61478]}},{"id":"368","type":"Feature","properties":{"layer":0},"geometry":{"type":"Point","coordinates":[-0.093252,51.361553]}},{"id":"369","type":"Feature","properties":{"layer":0},"geometry":{"type":"Point","coordinates":[-0.145782,51.476805]}},{"id":"370","type":"Feature","properties":{"layer":0},"geometry":{"type":"Point","coordinates":[0.003871,51.532701]}},{"id":"371","type":"Feature","properties":{"layer":0},"geometry":{"type":"Point","coordinates":[0.223057,51.550886]}},{"id":"372","type":"Feature","properties":{"layer":0},"geometry":{"type":"Point","coordinates":[0.021695,51.314257]}},{"id":"373","type":"Feature","properties":{"layer":0},"geometry":{"type":"Point","coordinates":[-0.231314,51.469116]}},{"id":"374","type":"Feature","properties":{"layer":0},"geometry":{"type":"Point","coordinates":[0.250995,51.54399]}},{"id":"375","type":"Feature","properties":{"layer":0},"geometry":{"type":"Point","coordinates":[-0.06812,51.448286]}},{"id":"376","type":"Feature","properties":{"layer":0},"geometry":{"type":"Point","coordinates":[-0.111643,51.342178]}},{"id":"377","type":"Feature","properties":{"layer":0},"geometry":{"type":"Point","coordinates":[-0.243479,51.414069]}},{"id":"378","type":"Feature","properties":{"layer":0},"geometry":{"type":"Point","coordinates":[-0.029103,51.470889]}},{"id":"379","type":"Feature","properties":{"layer":0},"geometry":{"type":"Point","coordinates":[-0.384107,51.479113]}},{"id":"380","type":"Feature","properties":{"layer":0},"geometry":{"type":"Point","coordinates":[-0.249937,51.424]}},{"id":"381","type":"Feature","properties":{"layer":0},"geometry":{"type":"Point","coordinates":[-0.350264,51.463766]}},{"id":"382","type":"Feature","properties":{"layer":0},"geometry":{"type":"Point","coordinates":[-0.339019,51.583817]}},{"id":"383","type":"Feature","properties":{"layer":0},"geometry":{"type":"Point","coordinates":[-0.260768,51.528961]}},{"id":"384","type":"Feature","properties":{"layer":0},"geometry":{"type":"Point","coordinates":[-0.220905,51.451062]}},{"id":"385","type":"Feature","properties":{"layer":0},"geometry":{"type":"Point","coordinates":[0.089634,51.427875]}},{"id":"386","type":"Feature","properties":{"layer":0},"geometry":{"type":"Point","coordinates":[-0.07107,51.658754]}},{"id":"387","type":"Feature","properties":{"layer":0},"geometry":{"type":"Point","coordinates":[0.044769,51.377513]}},{"id":"388","type":"Feature","properties":{"layer":0},"geometry":{"type":"Point","coordinates":[-0.077092,51.38649]}},{"id":"389","type":"Feature","properties":{"layer":0},"geometry":{"type":"Point","coordinates":[-0.113056,51.417609]}},{"id":"390","type":"Feature","properties":{"layer":0},"geometry":{"type":"Point","coordinates":[-0.124272,51.571836]}},{"id":"391","type":"Feature","properties":{"layer":0},"geometry":{"type":"Point","coordinates":[-0.169534,51.442117]}},{"id":"392","type":"Feature","properties":{"layer":0},"geometry":{"type":"Point","coordinates":[0.143683,51.395684]}},{"id":"393","type":"Feature","properties":{"layer":0},"geometry":{"type":"Point","coordinates":[-0.267988,51.613109]}},{"id":"394","type":"Feature","properties":{"layer":0},"geometry":{"type":"Point","coordinates":[-0.199876,51.459161]}},{"id":"395","type":"Feature","properties":{"layer":0},"geometry":{"type":"Point","coordinates":[0.109222,51.491399]}},{"id":"396","type":"Feature","properties":{"layer":0},"geometry":{"type":"Point","coordinates":[0.089259,51.359214]}},{"id":"397","type":"Feature","properties":{"layer":0},"geometry":{"type":"Point","coordinates":[-0.050653,51.52052]}},{"id":"398","type":"Feature","properties":{"layer":0},"geometry":{"type":"Point","coordinates":[-0.288333,51.483786]}},{"id":"399","type":"Feature","properties":{"layer":0},"geometry":{"type":"Point","coordinates":[-0.198103,51.442401]}},{"id":"400","type":"Feature","properties":{"layer":0},"geometry":{"type":"Point","coordinates":[0.055036,51.58412]}},{"id":"401","type":"Feature","properties":{"layer":0},"geometry":{"type":"Point","coordinates":[0.181686,51.595556]}},{"id":"402","type":"Feature","properties":{"layer":0},"geometry":{"type":"Point","coordinates":[0.04145,51.334241]}},{"id":"403","type":"Feature","properties":{"layer":0},"geometry":{"type":"Point","coordinates":[0.048662,51.391619]}},{"id":"404","type":"Feature","properties":{"layer":0},"geometry":{"type":"Point","coordinates":[-0.375208,51.467868]}},{"id":"405","type":"Feature","properties":{"layer":0},"geometry":{"type":"Point","coordinates":[-0.01185,51.446341]}},{"id":"406","type":"Feature","properties":{"layer":0},"geometry":{"type":"Point","coordinates":[-0.233811,51.556771]}},{"id":"407","type":"Feature","properties":{"layer":0},"geometry":{"type":"Point","coordinates":[-0.132129,51.5055]}},{"id":"408","type":"Feature","properties":{"layer":0},"geometry":{"type":"Point","coordinates":[-0.139018,51.394064]}},{"id":"409","type":"Feature","properties":{"layer":0},"geometry":{"type":"Point","coordinates":[-0.159992,51.545795]}},{"id":"410","type":"Feature","properties":{"layer":0},"geometry":{"type":"Point","coordinates":[0.127796,51.365144]}},{"id":"411","type":"Feature","properties":{"layer":0},"geometry":{"type":"Point","coordinates":[-0.144373,51.600775]}},{"id":"412","type":"Feature","properties":{"layer":0},"geometry":{"type":"Point","coordinates":[-0.213654,51.380608]}},{"id":"413","type":"Feature","properties":{"layer":0},"geometry":{"type":"Point","coordinates":[0.048842,51.51577]}},{"id":"414","type":"Feature","properties":{"layer":0},"geometry":{"type":"Point","coordinates":[-0.212687,51.356451]}},{"id":"415","type":"Feature","properties":{"layer":0},"geometry":{"type":"Point","coordinates":[-0.163675,51.46737]}},{"id":"416","type":"Feature","properties":{"layer":0},"geometry":{"type":"Point","coordinates":[-0.20344,51.606829]}},{"id":"417","type":"Feature","properties":{"layer":0},"geometry":{"type":"Point","coordinates":[-0.350547,51.436861]}},{"id":"418","type":"Feature","properties":{"layer":0},"geometry":{"type":"Point","coordinates":[-0.054273,51.477995]}},{"id":"419","type":"Feature","properties":{"layer":0},"geometry":{"type":"Point","coordinates":[-0.272999,51.377576]}},{"id":"420","type":"Feature","properties":{"layer":0},"geometry":{"type":"Point","coordinates":[-0.022651,51.415686]}},{"id":"421","type":"Feature","properties":{"layer":0},"geometry":{"type":"Point","coordinates":[-0.233779,51.589742]}},{"id":"422","type":"Feature","properties":{"layer":0},"geometry":{"type":"Point","coordinates":[-0.109516,51.36989]}},{"id":"423","type":"Feature","properties":{"layer":0},"geometry":{"type":"Point","coordinates":[0.121808,51.494585]}},{"id":"424","type":"Feature","properties":{"layer":0},"geometry":{"type":"Point","coordinates":[-0.029397,51.48231]}},{"id":"425","type":"Feature","properties":{"layer":0},"geometry":{"type":"Point","coordinates":[0.093851,51.375049]}},{"id":"426","type":"Feature","properties":{"layer":0},"geometry":{"type":"Point","coordinates":[0.101615,51.480176]}},{"id":"427","type":"Feature","properties":{"layer":0},"geometry":{"type":"Point","coordinates":[-0.173429,51.527502]}},{"id":"428","type":"Feature","properties":{"layer":0},"geometry":{"type":"Point","coordinates":[-0.463906,51.482165]}},{"id":"429","type":"Feature","properties":{"layer":0},"geometry":{"type":"Point","coordinates":[-0.424704,51.558992]}},{"id":"430","type":"Feature","properties":{"layer":0},"geometry":{"type":"Point","coordinates":[-0.037426,51.551437]}},{"id":"431","type":"Feature","properties":{"layer":0},"geometry":{"type":"Point","coordinates":[-0.427879,51.559468]}},{"id":"432","type":"Feature","properties":{"layer":0},"geometry":{"type":"Point","coordinates":[-0.133252,51.598288]}},{"id":"433","type":"Feature","properties":{"layer":0},"geometry":{"type":"Point","coordinates":[-0.187805,51.509723]}},{"id":"434","type":"Feature","properties":{"layer":0},"geometry":{"type":"Point","coordinates":[0.017817,51.480269]}},{"id":"435","type":"Feature","properties":{"layer":0},"geometry":{"type":"Point","coordinates":[-0.398956,51.468184]}},{"id":"436","type":"Feature","properties":{"layer":0},"geometry":{"type":"Point","coordinates":[-0.156949,51.561495]}},{"id":"437","type":"Feature","properties":{"layer":0},"geometry":{"type":"Point","coordinates":[-0.116801,51.586281]}},{"id":"438","type":"Feature","properties":{"layer":0},"geometry":{"type":"Point","coordinates":[-0.006471,51.469804]}},{"id":"439","type":"Feature","properties":{"layer":0},"geometry":{"type":"Point","coordinates":[-0.040213,51.493659]}},{"id":"440","type":"Feature","properties":{"layer":0},"geometry":{"type":"Point","coordinates":[-0.333401,51.536947]}},{"id":"441","type":"Feature","properties":{"layer":0},"geometry":{"type":"Point","coordinates":[-0.242957,51.588512]}},{"id":"442","type":"Feature","properties":{"layer":0},"geometry":{"type":"Point","coordinates":[0.067044,51.576263]}},{"id":"443","type":"Feature","properties":{"layer":0},"geometry":{"type":"Point","coordinates":[-0.402493,51.435112]}},{"id":"444","type":"Feature","properties":{"layer":0},"geometry":{"type":"Point","coordinates":[-0.096151,51.608219]}},{"id":"445","type":"Feature","properties":{"layer":0},"geometry":{"type":"Point","coordinates":[-0.09147,51.629642]}},{"id":"446","type":"Feature","properties":{"layer":0},"geometry":{"type":"Point","coordinates":[-0.440247,51.535165]}},{"id":"447","type":"Feature","properties":{"layer":0},"geometry":{"type":"Point","coordinates":[-0.074836,51.618263]}},{"id":"448","type":"Feature","properties":{"layer":0},"geometry":{"type":"Point","coordinates":[-0.149719,51.52249]}},{"id":"449","type":"Feature","properties":{"layer":0},"geometry":{"type":"Point","coordinates":[0.075491,51.362606]}},{"id":"450","type":"Feature","properties":{"layer":0},"geometry":{"type":"Point","coordinates":[-0.048312,51.434614]}},{"id":"451","type":"Feature","properties":{"layer":0},"geometry":{"type":"Point","coordinates":[0.124572,51.525427]}},{"id":"452","type":"Feature","properties":{"layer":0},"geometry":{"type":"Point","coordinates":[-0.055104,51.513137]}},{"id":"453","type":"Feature","properties":{"layer":0},"geometry":{"type":"Point","coordinates":[-0.144356,51.516753]}},{"id":"454","type":"Feature","properties":{"layer":0},"geometry":{"type":"Point","coordinates":[-0.029914,51.522628]}},{"id":"455","type":"Feature","properties":{"layer":0},"geometry":{"type":"Point","coordinates":[-0.102796,51.623782]}},{"id":"456","type":"Feature","properties":{"layer":0},"geometry":{"type":"Point","coordinates":[-0.431218,51.577929]}},{"id":"457","type":"Feature","properties":{"layer":0},"geometry":{"type":"Point","coordinates":[0.056653,51.375279]}},{"id":"458","type":"Feature","properties":{"layer":0},"geometry":{"type":"Point","coordinates":[-0.027634,51.613558]}},{"id":"459","type":"Feature","properties":{"layer":0},"geometry":{"type":"Point","coordinates":[0.000137,51.518826]}},{"id":"460","type":"Feature","properties":{"layer":0},"geometry":{"type":"Point","coordinates":[-0.273487,51.38197]}},{"id":"461","type":"Feature","properties":{"layer":0},"geometry":{"type":"Point","coordinates":[-0.436168,51.522214]}},{"id":"462","type":"Feature","properties":{"layer":0},"geometry":{"type":"Point","coordinates":[-0.141469,51.400638]}},{"id":"463","type":"Feature","properties":{"layer":0},"geometry":{"type":"Point","coordinates":[-0.421659,51.562671]}},{"id":"464","type":"Feature","properties":{"layer":0},"geometry":{"type":"Point","coordinates":[0.001011,51.46515]}},{"id":"465","type":"Feature","properties":{"layer":0},"geometry":{"type":"Point","coordinates":[-0.016195,51.408033]}},{"id":"466","type":"Feature","properties":{"layer":0},"geometry":{"type":"Point","coordinates":[-0.269633,51.609719]}},{"id":"467","type":"Feature","properties":{"layer":0},"geometry":{"type":"Point","coordinates":[-0.09668,51.311332]}},{"id":"468","type":"Feature","properties":{"layer":0},"geometry":{"type":"Point","coordinates":[-0.360527,51.455188]}},{"id":"469","type":"Feature","properties":{"layer":0},"geometry":{"type":"Point","coordinates":[0.147627,51.481228]}},{"id":"470","type":"Feature","properties":{"layer":0},"geometry":{"type":"Point","coordinates":[-0.072414,51.475726]}},{"id":"471","type":"Feature","properties":{"layer":0},"geometry":{"type":"Point","coordinates":[-0.143424,51.454385]}},{"id":"472","type":"Feature","properties":{"layer":0},"geometry":{"type":"Point","coordinates":[0.099037,51.475569]}},{"id":"473","type":"Feature","properties":{"layer":0},"geometry":{"type":"Point","coordinates":[-0.080605,51.49097]}},{"id":"474","type":"Feature","properties":{"layer":0},"geometry":{"type":"Point","coordinates":[-0.088616,51.518175]}},{"id":"475","type":"Feature","properties":{"layer":0},"geometry":{"type":"Point","coordinates":[-0.350836,51.611076]}},{"id":"476","type":"Feature","properties":{"layer":0},"geometry":{"type":"Point","coordinates":[-0.102951,51.479044]}},{"id":"477","type":"Feature","properties":{"layer":0},"geometry":{"type":"Point","coordinates":[-0.130266,51.578718]}},{"id":"478","type":"Feature","properties":{"layer":0},"geometry":{"type":"Point","coordinates":[0.044618,51.573888]}},{"id":"479","type":"Feature","properties":{"layer":0},"geometry":{"type":"Point","coordinates":[-0.082932,51.386137]}},{"id":"480","type":"Feature","properties":{"layer":0},"geometry":{"type":"Point","coordinates":[0.025308,51.468472]}},{"id":"481","type":"Feature","properties":{"layer":0},"geometry":{"type":"Point","coordinates":[0.086206,51.320391]}},{"id":"482","type":"Feature","properties":{"layer":0},"geometry":{"type":"Point","coordinates":[-0.208439,51.594483]}},{"id":"483","type":"Feature","properties":{"layer":0},"geometry":{"type":"Point","coordinates":[-0.132463,51.524837]}},{"id":"484","type":"Feature","properties":{"layer":0},"geometry":{"type":"Point","coordinates":[0.0896,51.445169]}},{"id":"485","type":"Feature","properties":{"layer":0},"geometry":{"type":"Point","coordinates":[0.080476,51.346493]}},{"id":"486","type":"Feature","properties":{"layer":0},"geometry":{"type":"Point","coordinates":[-0.10057,51.351427]}},{"id":"487","type":"Feature","properties":{"layer":0},"geometry":{"type":"Point","coordinates":[0.028904,51.450289]}},{"id":"488","type":"Feature","properties":{"layer":0},"geometry":{"type":"Point","coordinates":[0.247198,51.533821]}},{"id":"489","type":"Feature","properties":{"layer":0},"geometry":{"type":"Point","coordinates":[-0.195515,51.611282]}},{"id":"490","type":"Feature","properties":{"layer":0},"geometry":{"type":"Point","coordinates":[-0.097367,51.615227]}},{"id":"491","type":"Feature","properties":{"layer":0},"geometry":{"type":"Point","coordinates":[0.065754,51.569359]}},{"id":"492","type":"Feature","properties":{"layer":0},"geometry":{"type":"Point","coordinates":[0.180538,51.592021]}},{"id":"493","type":"Feature","properties":{"layer":0},"geometry":{"type":"Point","coordinates":[-0.160156,51.48784]}},{"id":"494","type":"Feature","properties":{"layer":0},"geometry":{"type":"Point","coordinates":[0.050587,51.395839]}},{"id":"495","type":"Feature","properties":{"layer":0},"geometry":{"type":"Point","coordinates":[-0.130599,51.435967]}},{"id":"496","type":"Feature","properties":{"layer":0},"geometry":{"type":"Point","coordinates":[-0.149604,51.480021]}},{"id":"497","type":"Feature","properties":{"layer":0},"geometry":{"type":"Point","coordinates":[-0.387072,51.470798]}},{"id":"498","type":"Feature","properties":{"layer":0},"geometry":{"type":"Point","coordinates":[-0.453842,51.557338]}},{"id":"499","type":"Feature","properties":{"layer":0},"geometry":{"type":"Point","coordinates":[0.163949,51.548053]}},{"id":"500","type":"Feature","properties":{"layer":0},"geometry":{"type":"Point","coordinates":[0.096701,51.340439]}},{"id":"501","type":"Feature","properties":{"layer":0},"geometry":{"type":"Point","coordinates":[0.087088,51.389036]}},{"id":"502","type":"Feature","properties":{"layer":0},"geometry":{"type":"Point","coordinates":[0.109581,51.495019]}},{"id":"503","type":"Feature","properties":{"layer":0},"geometry":{"type":"Point","coordinates":[-0.083729,51.383168]}},{"id":"504","type":"Feature","properties":{"layer":0},"geometry":{"type":"Point","coordinates":[-0.089129,51.484981]}},{"id":"505","type":"Feature","properties":{"layer":0},"geometry":{"type":"Point","coordinates":[-0.181166,51.632014]}},{"id":"506","type":"Feature","properties":{"layer":0},"geometry":{"type":"Point","coordinates":[-0.077269,51.61744]}},{"id":"507","type":"Feature","properties":{"layer":0},"geometry":{"type":"Point","coordinates":[-0.0998,51.523508]}},{"id":"508","type":"Feature","properties":{"layer":0},"geometry":{"type":"Point","coordinates":[0.197625,51.565069]}},{"id":"509","type":"Feature","properties":{"layer":0},"geometry":{"type":"Point","coordinates":[0.127537,51.443052]}},{"id":"510","type":"Feature","properties":{"layer":0},"geometry":{"type":"Point","coordinates":[0.021329,51.600415]}},{"id":"511","type":"Feature","properties":{"layer":0},"geometry":{"type":"Point","coordinates":[0.079093,51.341858]}},{"id":"512","type":"Feature","properties":{"layer":0},"geometry":{"type":"Point","coordinates":[-0.046093,51.458283]}},{"id":"513","type":"Feature","properties":{"layer":0},"geometry":{"type":"Point","coordinates":[-0.211229,51.527738]}},{"id":"514","type":"Feature","properties":{"layer":0},"geometry":{"type":"Point","coordinates":[-0.100998,51.61962]}},{"id":"515","type":"Feature","properties":{"layer":0},"geometry":{"type":"Point","coordinates":[0.001812,51.533569]}},{"id":"516","type":"Feature","properties":{"layer":0},"geometry":{"type":"Point","coordinates":[0.041422,51.339914]}},{"id":"517","type":"Feature","properties":{"layer":0},"geometry":{"type":"Point","coordinates":[-0.107389,51.320947]}},{"id":"518","type":"Feature","properties":{"layer":0},"geometry":{"type":"Point","coordinates":[-0.40265,51.459664]}},{"id":"519","type":"Feature","properties":{"layer":0},"geometry":{"type":"Point","coordinates":[0.00349,51.599646]}},{"id":"520","type":"Feature","properties":{"layer":0},"geometry":{"type":"Point","coordinates":[-0.346036,51.598897]}},{"id":"521","type":"Feature","properties":{"layer":0},"geometry":{"type":"Point","coordinates":[-0.030992,51.385208]}},{"id":"522","type":"Feature","properties":{"layer":0},"geometry":{"type":"Point","coordinates":[-0.33327,51.492247]}},{"id":"523","type":"Feature","properties":{"layer":0},"geometry":{"type":"Point","coordinates":[-0.122777,51.508192]}},{"id":"524","type":"Feature","properties":{"layer":0},"geometry":{"type":"Point","coordinates":[-0.048494,51.456294]}},{"id":"525","type":"Feature","properties":{"layer":0},"geometry":{"type":"Point","coordinates":[-0.049351,51.473733]}},{"id":"526","type":"Feature","properties":{"layer":0},"geometry":{"type":"Point","coordinates":[-0.016724,51.47701]}},{"id":"527","type":"Feature","properties":{"layer":0},"geometry":{"type":"Point","coordinates":[-0.270949,51.427309]}},{"id":"528","type":"Feature","properties":{"layer":0},"geometry":{"type":"Point","coordinates":[-0.252145,51.5337]}},{"id":"529","type":"Feature","properties":{"layer":0},"geometry":{"type":"Point","coordinates":[-0.369106,51.478685]}},{"id":"530","type":"Feature","properties":{"layer":0},"geometry":{"type":"Point","coordinates":[0.195463,51.564732]}},{"id":"531","type":"Feature","properties":{"layer":0},"geometry":{"type":"Point","coordinates":[0.049318,51.599469]}},{"id":"532","type":"Feature","properties":{"layer":0},"geometry":{"type":"Point","coordinates":[0.115122,51.480317]}},{"id":"533","type":"Feature","properties":{"layer":0},"geometry":{"type":"Point","coordinates":[-0.018897,51.594883]}},{"id":"534","type":"Feature","properties":{"layer":0},"geometry":{"type":"Point","coordinates":[-0.020367,51.590575]}},{"id":"535","type":"Feature","properties":{"layer":0},"geometry":{"type":"Point","coordinates":[-0.064816,51.585306]}},{"id":"536","type":"Feature","properties":{"layer":0},"geometry":{"type":"Point","coordinates":[0.027459,51.438626]}},{"id":"537","type":"Feature","properties":{"layer":0},"geometry":{"type":"Point","coordinates":[-0.255628,51.610903]}},{"id":"538","type":"Feature","properties":{"layer":0},"geometry":{"type":"Point","coordinates":[-0.428819,51.554471]}},{"id":"539","type":"Feature","properties":{"layer":0},"geometry":{"type":"Point","coordinates":[0.107614,51.347224]}},{"id":"540","type":"Feature","properties":{"layer":0},"geometry":{"type":"Point","coordinates":[0.053292,51.537383]}},{"id":"541","type":"Feature","properties":{"layer":0},"geometry":{"type":"Point","coordinates":[0.308542,51.55822]}},{"id":"542","type":"Feature","properties":{"layer":0},"geometry":{"type":"Point","coordinates":[0.051448,51.487186]}},{"id":"543","type":"Feature","properties":{"layer":0},"geometry":{"type":"Point","coordinates":[-0.250821,51.389135]}},{"id":"544","type":"Feature","properties":{"layer":0},"geometry":{"type":"Point","coordinates":[-0.074995,51.371769]}},{"id":"545","type":"Feature","properties":{"layer":0},"geometry":{"type":"Point","coordinates":[-0.293743,51.484719]}},{"id":"546","type":"Feature","properties":{"layer":0},"geometry":{"type":"Point","coordinates":[-0.273907,51.576748]}},{"id":"547","type":"Feature","properties":{"layer":0},"geometry":{"type":"Point","coordinates":[-0.083178,51.363068]}},{"id":"548","type":"Feature","properties":{"layer":0},"geometry":{"type":"Point","coordinates":[-0.049987,51.437258]}},{"id":"549","type":"Feature","properties":{"layer":0},"geometry":{"type":"Point","coordinates":[-0.387411,51.606546]}},{"id":"550","type":"Feature","properties":{"layer":0},"geometry":{"type":"Point","coordinates":[-0.438101,51.530307]}},{"id":"551","type":"Feature","properties":{"layer":0},"geometry":{"type":"Point","coordinates":[-0.363231,51.510159]}},{"id":"552","type":"Feature","properties":{"layer":0},"geometry":{"type":"Point","coordinates":[-0.306522,51.589147]}},{"id":"553","type":"Feature","properties":{"layer":0},"geometry":{"type":"Point","coordinates":[-0.184755,51.384931]}},{"id":"554","type":"Feature","properties":{"layer":0},"geometry":{"type":"Point","coordinates":[0.002199,51.518577]}},{"id":"555","type":"Feature","properties":{"layer":0},"geometry":{"type":"Point","coordinates":[-0.048565,51.460555]}},{"id":"556","type":"Feature","properties":{"layer":0},"geometry":{"type":"Point","coordinates":[0.031998,51.392686]}},{"id":"557","type":"Feature","properties":{"layer":0},"geometry":{"type":"Point","coordinates":[-0.090206,51.443097]}},{"id":"558","type":"Feature","properties":{"layer":0},"geometry":{"type":"Point","coordinates":[-0.354229,51.608867]}},{"id":"559","type":"Feature","properties":{"layer":0},"geometry":{"type":"Point","coordinates":[-0.144224,51.619542]}},{"id":"560","type":"Feature","properties":{"layer":0},"geometry":{"type":"Point","coordinates":[-0.250343,51.415982]}},{"id":"561","type":"Feature","properties":{"layer":0},"geometry":{"type":"Point","coordinates":[-0.269007,51.562907]}},{"id":"562","type":"Feature","properties":{"layer":0},"geometry":{"type":"Point","coordinates":[-0.439548,51.540463]}},{"id":"563","type":"Feature","properties":{"layer":0},"geometry":{"type":"Point","coordinates":[0.055877,51.504526]}},{"id":"564","type":"Feature","properties":{"layer":0},"geometry":{"type":"Point","coordinates":[-0.298027,51.385514]}},{"id":"565","type":"Feature","properties":{"layer":0},"geometry":{"type":"Point","coordinates":[-0.126935,51.527304]}},{"id":"566","type":"Feature","properties":{"layer":0},"geometry":{"type":"Point","coordinates":[-0.156578,51.396425]}},{"id":"567","type":"Feature","properties":{"layer":0},"geometry":{"type":"Point","coordinates":[-0.100805,51.330469]}},{"id":"568","type":"Feature","properties":{"layer":0},"geometry":{"type":"Point","coordinates":[-0.212241,51.558428]}},{"id":"569","type":"Feature","properties":{"layer":0},"geometry":{"type":"Point","coordinates":[-0.139678,51.620327]}},{"id":"570","type":"Feature","properties":{"layer":0},"geometry":{"type":"Point","coordinates":[0.167286,51.557485]}},{"id":"571","type":"Feature","properties":{"layer":0},"geometry":{"type":"Point","coordinates":[-0.316629,51.477049]}},{"id":"572","type":"Feature","properties":{"layer":0},"geometry":{"type":"Point","coordinates":[-0.284104,51.565889]}},{"id":"573","type":"Feature","properties":{"layer":0},"geometry":{"type":"Point","coordinates":[-0.16879,51.485671]}},{"id":"574","type":"Feature","properties":{"layer":0},"geometry":{"type":"Point","coordinates":[-0.245061,51.534964]}},{"id":"575","type":"Feature","properties":{"layer":0},"geometry":{"type":"Point","coordinates":[-0.186777,51.534775]}},{"id":"576","type":"Feature","properties":{"layer":0},"geometry":{"type":"Point","coordinates":[-0.006293,51.423732]}},{"id":"577","type":"Feature","properties":{"layer":0},"geometry":{"type":"Point","coordinates":[-0.243854,51.596795]}},{"id":"578","type":"Feature","properties":{"layer":0},"geometry":{"type":"Point","coordinates":[0.28396,51.556802]}},{"id":"579","type":"Feature","properties":{"layer":0},"geometry":{"type":"Point","coordinates":[0.042078,51.360013]}},{"id":"580","type":"Feature","properties":{"layer":0},"geometry":{"type":"Point","coordinates":[-0.017256,51.593008]}},{"id":"581","type":"Feature","properties":{"layer":0},"geometry":{"type":"Point","coordinates":[0.14995,51.456482]}},{"id":"582","type":"Feature","properties":{"layer":0},"geometry":{"type":"Point","coordinates":[0.128191,51.369566]}},{"id":"583","type":"Feature","properties":{"layer":0},"geometry":{"type":"Point","coordinates":[-0.231763,51.407375]}},{"id":"584","type":"Feature","properties":{"layer":0},"geometry":{"type":"Point","coordinates":[-0.073172,51.656937]}},{"id":"585","type":"Feature","properties":{"layer":0},"geometry":{"type":"Point","coordinates":[0.271646,51.581122]}},{"id":"586","type":"Feature","properties":{"layer":0},"geometry":{"type":"Point","coordinates":[-0.160552,51.414014]}},{"id":"587","type":"Feature","properties":{"layer":0},"geometry":{"type":"Point","coordinates":[-0.413299,51.580566]}},{"id":"588","type":"Feature","properties":{"layer":0},"geometry":{"type":"Point","coordinates":[-0.067428,51.666196]}},{"id":"589","type":"Feature","properties":{"layer":0},"geometry":{"type":"Point","coordinates":[0.157408,51.480973]}},{"id":"590","type":"Feature","properties":{"layer":0},"geometry":{"type":"Point","coordinates":[-0.249573,51.588331]}},{"id":"591","type":"Feature","properties":{"layer":0},"geometry":{"type":"Point","coordinates":[-0.099163,51.539983]}},{"id":"592","type":"Feature","properties":{"layer":0},"geometry":{"type":"Point","coordinates":[0.168451,51.596266]}},{"id":"593","type":"Feature","properties":{"layer":0},"geometry":{"type":"Point","coordinates":[-0.118033,51.650015]}},{"id":"594","type":"Feature","properties":{"layer":0},"geometry":{"type":"Point","coordinates":[-0.285091,51.570446]}},{"id":"595","type":"Feature","properties":{"layer":0},"geometry":{"type":"Point","coordinates":[0.081453,51.55575]}},{"id":"596","type":"Feature","properties":{"layer":0},"geometry":{"type":"Point","coordinates":[-0.037264,51.640493]}},{"id":"597","type":"Feature","properties":{"layer":0},"geometry":{"type":"Point","coordinates":[-0.115904,51.521753]}},{"id":"598","type":"Feature","properties":{"layer":0},"geometry":{"type":"Point","coordinates":[0.265804,51.582028]}},{"id":"599","type":"Feature","properties":{"layer":0},"geometry":{"type":"Point","coordinates":[-0.162371,51.503295]}},{"id":"600","type":"Feature","properties":{"layer":0},"geometry":{"type":"Point","coordinates":[-0.438256,51.540286]}},{"id":"601","type":"Feature","properties":{"layer":0},"geometry":{"type":"Point","coordinates":[-0.279799,51.566516]}},{"id":"602","type":"Feature","properties":{"layer":0},"geometry":{"type":"Point","coordinates":[-0.194506,51.458214]}},{"id":"603","type":"Feature","properties":{"layer":0},"geometry":{"type":"Point","coordinates":[-0.448862,51.525108]}},{"id":"604","type":"Feature","properties":{"layer":0},"geometry":{"type":"Point","coordinates":[-0.185071,51.573082]}},{"id":"605","type":"Feature","properties":{"layer":0},"geometry":{"type":"Point","coordinates":[-0.280482,51.38531]}},{"id":"606","type":"Feature","properties":{"layer":0},"geometry":{"type":"Point","coordinates":[-0.177423,51.395831]}},{"id":"607","type":"Feature","properties":{"layer":0},"geometry":{"type":"Point","coordinates":[-0.110023,51.472548]}},{"id":"608","type":"Feature","properties":{"layer":0},"geometry":{"type":"Point","coordinates":[-0.155134,51.327396]}},{"id":"609","type":"Feature","properties":{"layer":0},"geometry":{"type":"Point","coordinates":[-0.369911,51.467118]}},{"id":"610","type":"Feature","properties":{"layer":0},"geometry":{"type":"Point","coordinates":[-0.369006,51.491827]}},{"id":"611","type":"Feature","properties":{"layer":0},"geometry":{"type":"Point","coordinates":[-0.081368,51.536785]}},{"id":"612","type":"Feature","properties":{"layer":0},"geometry":{"type":"Point","coordinates":[-0.024278,51.609462]}},{"id":"613","type":"Feature","properties":{"layer":0},"geometry":{"type":"Point","coordinates":[-0.028222,51.473259]}},{"id":"614","type":"Feature","properties":{"layer":0},"geometry":{"type":"Point","coordinates":[-0.346012,51.558149]}},{"id":"615","type":"Feature","properties":{"layer":0},"geometry":{"type":"Point","coordinates":[-0.069333,51.591199]}},{"id":"616","type":"Feature","properties":{"layer":0},"geometry":{"type":"Point","coordinates":[-0.021686,51.414787]}},{"id":"617","type":"Feature","properties":{"layer":0},"geometry":{"type":"Point","coordinates":[-0.248813,51.458167]}},{"id":"618","type":"Feature","properties":{"layer":0},"geometry":{"type":"Point","coordinates":[0.041328,51.342727]}},{"id":"619","type":"Feature","properties":{"layer":0},"geometry":{"type":"Point","coordinates":[0.031947,51.548548]}},{"id":"620","type":"Feature","properties":{"layer":0},"geometry":{"type":"Point","coordinates":[-0.362304,51.445772]}},{"id":"621","type":"Feature","properties":{"layer":0},"geometry":{"type":"Point","coordinates":[-0.015713,51.485836]}},{"id":"622","type":"Feature","properties":{"layer":0},"geometry":{"type":"Point","coordinates":[0.178379,51.548299]}},{"id":"623","type":"Feature","properties":{"layer":0},"geometry":{"type":"Point","coordinates":[-0.067528,51.442102]}},{"id":"624","type":"Feature","properties":{"layer":0},"geometry":{"type":"Point","coordinates":[0.019658,51.336166]}},{"id":"625","type":"Feature","properties":{"layer":0},"geometry":{"type":"Point","coordinates":[0.047223,51.571635]}},{"id":"626","type":"Feature","properties":{"layer":0},"geometry":{"type":"Point","coordinates":[-0.457676,51.468486]}},{"id":"627","type":"Feature","properties":{"layer":0},"geometry":{"type":"Point","coordinates":[-0.367239,51.570038]}},{"id":"628","type":"Feature","properties":{"layer":0},"geometry":{"type":"Point","coordinates":[-0.037409,51.378478]}},{"id":"629","type":"Feature","properties":{"layer":0},"geometry":{"type":"Point","coordinates":[-0.141686,51.389727]}},{"id":"630","type":"Feature","properties":{"layer":0},"geometry":{"type":"Point","coordinates":[0.141736,51.538291]}},{"id":"631","type":"Feature","properties":{"layer":0},"geometry":{"type":"Point","coordinates":[-0.10815,51.419774]}},{"id":"632","type":"Feature","properties":{"layer":0},"geometry":{"type":"Point","coordinates":[-0.165554,51.412765]}},{"id":"633","type":"Feature","properties":{"layer":0},"geometry":{"type":"Point","coordinates":[-0.165007,51.56585]}},{"id":"634","type":"Feature","properties":{"layer":0},"geometry":{"type":"Point","coordinates":[0.296106,51.560666]}},{"id":"635","type":"Feature","properties":{"layer":0},"geometry":{"type":"Point","coordinates":[-0.027143,51.672374]}},{"id":"636","type":"Feature","properties":{"layer":0},"geometry":{"type":"Point","coordinates":[-0.212382,51.380962]}},{"id":"637","type":"Feature","properties":{"layer":0},"geometry":{"type":"Point","coordinates":[0.051622,51.567222]}},{"id":"638","type":"Feature","properties":{"layer":0},"geometry":{"type":"Point","coordinates":[-0.283305,51.545515]}},{"id":"639","type":"Feature","properties":{"layer":0},"geometry":{"type":"Point","coordinates":[-0.223956,51.54275]}},{"id":"640","type":"Feature","properties":{"layer":0},"geometry":{"type":"Point","coordinates":[-0.09323,51.377926]}},{"id":"641","type":"Feature","properties":{"layer":0},"geometry":{"type":"Point","coordinates":[0.125862,51.494777]}},{"id":"642","type":"Feature","properties":{"layer":0},"geometry":{"type":"Point","coordinates":[-0.175799,51.479747]}},{"id":"643","type":"Feature","properties":{"layer":0},"geometry":{"type":"Point","coordinates":[-0.089273,51.394041]}},{"id":"644","type":"Feature","properties":{"layer":0},"geometry":{"type":"Point","coordinates":[-0.157031,51.584185]}},{"id":"645","type":"Feature","properties":{"layer":0},"geometry":{"type":"Point","coordinates":[0.046519,51.513472]}},{"id":"646","type":"Feature","properties":{"layer":0},"geometry":{"type":"Point","coordinates":[0.203116,51.54236]}},{"id":"647","type":"Feature","properties":{"layer":0},"geometry":{"type":"Point","coordinates":[0.029894,51.410909]}},{"id":"648","type":"Feature","properties":{"layer":0},"geometry":{"type":"Point","coordinates":[0.167407,51.595473]}},{"id":"649","type":"Feature","properties":{"layer":0},"geometry":{"type":"Point","coordinates":[-0.097991,51.420185]}},{"id":"650","type":"Feature","properties":{"layer":0},"geometry":{"type":"Point","coordinates":[0.043957,51.32908]}},{"id":"651","type":"Feature","properties":{"layer":0},"geometry":{"type":"Point","coordinates":[-0.023722,51.443033]}},{"id":"652","type":"Feature","properties":{"layer":0},"geometry":{"type":"Point","coordinates":[0.153502,51.571626]}},{"id":"653","type":"Feature","properties":{"layer":0},"geometry":{"type":"Point","coordinates":[-0.163771,51.544575]}},{"id":"654","type":"Feature","properties":{"layer":0},"geometry":{"type":"Point","coordinates":[-0.042648,51.35577]}},{"id":"655","type":"Feature","properties":{"layer":0},"geometry":{"type":"Point","coordinates":[-0.465336,51.580376]}},{"id":"656","type":"Feature","properties":{"layer":0},"geometry":{"type":"Point","coordinates":[-0.142068,51.518844]}},{"id":"657","type":"Feature","properties":{"layer":0},"geometry":{"type":"Point","coordinates":[-0.282222,51.488653]}},{"id":"658","type":"Feature","properties":{"layer":0},"geometry":{"type":"Point","coordinates":[0.155987,51.542995]}},{"id":"659","type":"Feature","properties":{"layer":0},"geometry":{"type":"Point","coordinates":[-0.027132,51.481334]}},{"id":"660","type":"Feature","properties":{"layer":0},"geometry":{"type":"Point","coordinates":[0.189257,51.52267]}},{"id":"661","type":"Feature","properties":{"layer":0},"geometry":{"type":"Point","coordinates":[-0.1072,51.548065]}},{"id":"662","type":"Feature","properties":{"layer":0},"geometry":{"type":"Point","coordinates":[-0.145678,51.536347]}},{"id":"663","type":"Feature","properties":{"layer":0},"geometry":{"type":"Point","coordinates":[-0.037471,51.46763]}},{"id":"664","type":"Feature","properties":{"layer":0},"geometry":{"type":"Point","coordinates":[0.123032,51.512061]}},{"id":"665","type":"Feature","properties":{"layer":0},"geometry":{"type":"Point","coordinates":[-0.136958,51.486654]}},{"id":"666","type":"Feature","properties":{"layer":0},"geometry":{"type":"Point","coordinates":[0.061369,51.536417]}},{"id":"667","type":"Feature","properties":{"layer":0},"geometry":{"type":"Point","coordinates":[-0.035557,51.419995]}},{"id":"668","type":"Feature","properties":{"layer":0},"geometry":{"type":"Point","coordinates":[-0.255646,51.524181]}},{"id":"669","type":"Feature","properties":{"layer":0},"geometry":{"type":"Point","coordinates":[-0.288612,51.575486]}},{"id":"670","type":"Feature","properties":{"layer":0},"geometry":{"type":"Point","coordinates":[-0.196054,51.593052]}},{"id":"671","type":"Feature","properties":{"layer":0},"geometry":{"type":"Point","coordinates":[0.036362,51.605]}},{"id":"672","type":"Feature","properties":{"layer":0},"geometry":{"type":"Point","coordinates":[-0.245225,51.411016]}},{"id":"673","type":"Feature","properties":{"layer":0},"geometry":{"type":"Point","coordinates":[-0.105278,51.409078]}},{"id":"674","type":"Feature","properties":{"layer":0},"geometry":{"type":"Point","coordinates":[-0.265178,51.406422]}},{"id":"675","type":"Feature","properties":{"layer":0},"geometry":{"type":"Point","coordinates":[-0.213362,51.44087]}},{"id":"676","type":"Feature","properties":{"layer":0},"geometry":{"type":"Point","coordinates":[-0.054384,51.562722]}},{"id":"677","type":"Feature","properties":{"layer":0},"geometry":{"type":"Point","coordinates":[-0.387146,51.49925]}},{"id":"678","type":"Feature","properties":{"layer":0},"geometry":{"type":"Point","coordinates":[0.192717,51.479861]}},{"id":"679","type":"Feature","properties":{"layer":0},"geometry":{"type":"Point","coordinates":[0.053072,51.407233]}},{"id":"680","type":"Feature","properties":{"layer":0},"geometry":{"type":"Point","coordinates":[-0.221165,51.375888]}},{"id":"681","type":"Feature","properties":{"layer":0},"geometry":{"type":"Point","coordinates":[0.23865,51.570014]}},{"id":"682","type":"Feature","properties":{"layer":0},"geometry":{"type":"Point","coordinates":[-0.311336,51.613545]}},{"id":"683","type":"Feature","properties":{"layer":0},"geometry":{"type":"Point","coordinates":[-0.071996,51.506512]}},{"id":"684","type":"Feature","properties":{"layer":0},"geometry":{"type":"Point","coordinates":[-0.185992,51.535027]}},{"id":"685","type":"Feature","properties":{"layer":0},"geometry":{"type":"Point","coordinates":[-0.104914,51.672988]}},{"id":"686","type":"Feature","properties":{"layer":0},"geometry":{"type":"Point","coordinates":[0.079686,51.411664]}},{"id":"687","type":"Feature","properties":{"layer":0},"geometry":{"type":"Point","coordinates":[0.040762,51.570243]}},{"id":"688","type":"Feature","properties":{"layer":0},"geometry":{"type":"Point","coordinates":[-0.387058,51.559797]}},{"id":"689","type":"Feature","properties":{"layer":0},"geometry":{"type":"Point","coordinates":[0.013347,51.419998]}},{"id":"690","type":"Feature","properties":{"layer":0},"geometry":{"type":"Point","coordinates":[0.173824,51.586719]}},{"id":"691","type":"Feature","properties":{"layer":0},"geometry":{"type":"Point","coordinates":[-0.217162,51.579193]}},{"id":"692","type":"Feature","properties":{"layer":0},"geometry":{"type":"Point","coordinates":[0.044259,51.576359]}},{"id":"693","type":"Feature","properties":{"layer":0},"geometry":{"type":"Point","coordinates":[0.206976,51.552667]}},{"id":"694","type":"Feature","properties":{"layer":0},"geometry":{"type":"Point","coordinates":[-0.06135,51.593714]}},{"id":"695","type":"Feature","properties":{"layer":0},"geometry":{"type":"Point","coordinates":[-0.073428,51.65521]}},{"id":"696","type":"Feature","properties":{"layer":0},"geometry":{"type":"Point","coordinates":[-0.20022,51.491656]}},{"id":"697","type":"Feature","properties":{"layer":0},"geometry":{"type":"Point","coordinates":[-0.308886,51.434846]}},{"id":"698","type":"Feature","properties":{"layer":0},"geometry":{"type":"Point","coordinates":[-0.109595,51.381068]}},{"id":"699","type":"Feature","properties":{"layer":0},"geometry":{"type":"Point","coordinates":[-0.288904,51.502405]}},{"id":"700","type":"Feature","properties":{"layer":0},"geometry":{"type":"Point","coordinates":[0.109235,51.602397]}},{"id":"701","type":"Feature","properties":{"layer":0},"geometry":{"type":"Point","coordinates":[-0.217577,51.577727]}},{"id":"702","type":"Feature","properties":{"layer":0},"geometry":{"type":"Point","coordinates":[-0.295869,51.445993]}},{"id":"703","type":"Feature","properties":{"layer":0},"geometry":{"type":"Point","coordinates":[-0.233461,51.610119]}},{"id":"704","type":"Feature","properties":{"layer":0},"geometry":{"type":"Point","coordinates":[-0.020742,51.586924]}},{"id":"705","type":"Feature","properties":{"layer":0},"geometry":{"type":"Point","coordinates":[-0.180778,51.540824]}},{"id":"706","type":"Feature","properties":{"layer":0},"geometry":{"type":"Point","coordinates":[-0.412349,51.609467]}},{"id":"707","type":"Feature","properties":{"layer":0},"geometry":{"type":"Point","coordinates":[-0.181109,51.394219]}},{"id":"708","type":"Feature","properties":{"layer":0},"geometry":{"type":"Point","coordinates":[-0.057039,51.371008]}},{"id":"709","type":"Feature","properties":{"layer":0},"geometry":{"type":"Point","coordinates":[0.027848,51.597892]}},{"id":"710","type":"Feature","properties":{"layer":0},"geometry":{"type":"Point","coordinates":[-0.003483,51.433115]}},{"id":"711","type":"Feature","properties":{"layer":0},"geometry":{"type":"Point","coordinates":[-0.068074,51.433807]}},{"id":"712","type":"Feature","properties":{"layer":0},"geometry":{"type":"Point","coordinates":[0.086439,51.564287]}},{"id":"713","type":"Feature","properties":{"layer":0},"geometry":{"type":"Point","coordinates":[-0.059902,51.559284]}},{"id":"714","type":"Feature","properties":{"layer":0},"geometry":{"type":"Point","coordinates":[-0.14015,51.420002]}},{"id":"715","type":"Feature","properties":{"layer":0},"geometry":{"type":"Point","coordinates":[-0.113559,51.50587]}},{"id":"716","type":"Feature","properties":{"layer":0},"geometry":{"type":"Point","coordinates":[-0.121034,51.383662]}},{"id":"717","type":"Feature","properties":{"layer":0},"geometry":{"type":"Point","coordinates":[-0.217721,51.38499]}},{"id":"718","type":"Feature","properties":{"layer":0},"geometry":{"type":"Point","coordinates":[0.218314,51.556854]}},{"id":"719","type":"Feature","properties":{"layer":0},"geometry":{"type":"Point","coordinates":[-0.016911,51.546605]}},{"id":"720","type":"Feature","properties":{"layer":0},"geometry":{"type":"Point","coordinates":[0.06529,51.56013]}},{"id":"721","type":"Feature","properties":{"layer":0},"geometry":{"type":"Point","coordinates":[0.088266,51.371451]}},{"id":"722","type":"Feature","properties":{"layer":0},"geometry":{"type":"Point","coordinates":[-0.3717,51.541832]}},{"id":"723","type":"Feature","properties":{"layer":0},"geometry":{"type":"Point","coordinates":[-0.090356,51.580547]}},{"id":"724","type":"Feature","properties":{"layer":0},"geometry":{"type":"Point","coordinates":[0.220874,51.520221]}},{"id":"725","type":"Feature","properties":{"layer":0},"geometry":{"type":"Point","coordinates":[-0.070865,51.430148]}},{"id":"726","type":"Feature","properties":{"layer":0},"geometry":{"type":"Point","coordinates":[-0.07929,51.437101]}},{"id":"727","type":"Feature","properties":{"layer":0},"geometry":{"type":"Point","coordinates":[-0.14468,51.654324]}},{"id":"728","type":"Feature","properties":{"layer":0},"geometry":{"type":"Point","coordinates":[0.181635,51.565409]}},{"id":"729","type":"Feature","properties":{"layer":0},"geometry":{"type":"Point","coordinates":[-0.152898,51.468516]}},{"id":"730","type":"Feature","properties":{"layer":0},"geometry":{"type":"Point","coordinates":[-0.094576,51.494174]}},{"id":"731","type":"Feature","properties":{"layer":0},"geometry":{"type":"Point","coordinates":[-0.242188,51.615481]}},{"id":"732","type":"Feature","properties":{"layer":0},"geometry":{"type":"Point","coordinates":[-0.12299,51.534567]}},{"id":"733","type":"Feature","properties":{"layer":0},"geometry":{"type":"Point","coordinates":[-0.238654,51.45866]}},{"id":"734","type":"Feature","properties":{"layer":0},"geometry":{"type":"Point","coordinates":[-0.401466,51.576178]}},{"id":"735","type":"Feature","properties":{"layer":0},"geometry":{"type":"Point","coordinates":[0.079588,51.368432]}},{"id":"736","type":"Feature","properties":{"layer":0},"geometry":{"type":"Point","coordinates":[-0.041386,51.41207]}},{"id":"737","type":"Feature","properties":{"layer":0},"geometry":{"type":"Point","coordinates":[-0.076571,51.520258]}},{"id":"738","type":"Feature","properties":{"layer":0},"geometry":{"type":"Point","coordinates":[-0.138588,51.350492]}},{"id":"739","type":"Feature","properties":{"layer":0},"geometry":{"type":"Point","coordinates":[-0.241113,51.604636]}},{"id":"740","type":"Feature","properties":{"layer":0},"geometry":{"type":"Point","coordinates":[-0.478419,51.464566]}},{"id":"741","type":"Feature","properties":{"layer":0},"geometry":{"type":"Point","coordinates":[0.046331,51.54812]}},{"id":"742","type":"Feature","properties":{"layer":0},"geometry":{"type":"Point","coordinates":[-0.42024,51.532431]}},{"id":"743","type":"Feature","properties":{"layer":0},"geometry":{"type":"Point","coordinates":[0.035517,51.489643]}},{"id":"744","type":"Feature","properties":{"layer":0},"geometry":{"type":"Point","coordinates":[-0.020937,51.594028]}},{"id":"745","type":"Feature","properties":{"layer":0},"geometry":{"type":"Point","coordinates":[0.241139,51.560755]}},{"id":"746","type":"Feature","properties":{"layer":0},"geometry":{"type":"Point","coordinates":[0.165493,51.539641]}},{"id":"747","type":"Feature","properties":{"layer":0},"geometry":{"type":"Point","coordinates":[0.223311,51.543164]}},{"id":"748","type":"Feature","properties":{"layer":0},"geometry":{"type":"Point","coordinates":[-0.389647,51.487906]}},{"id":"749","type":"Feature","properties":{"layer":0},"geometry":{"type":"Point","coordinates":[-0.158653,51.352203]}},{"id":"750","type":"Feature","properties":{"layer":0},"geometry":{"type":"Point","coordinates":[-0.1375,51.508073]}},{"id":"751","type":"Feature","properties":{"layer":0},"geometry":{"type":"Point","coordinates":[-0.099165,51.546756]}},{"id":"752","type":"Feature","properties":{"layer":0},"geometry":{"type":"Point","coordinates":[-0.175036,51.427247]}},{"id":"753","type":"Feature","properties":{"layer":0},"geometry":{"type":"Point","coordinates":[0.139052,51.449137]}},{"id":"754","type":"Feature","properties":{"layer":0},"geometry":{"type":"Point","coordinates":[-0.117432,51.607657]}},{"id":"755","type":"Feature","properties":{"layer":0},"geometry":{"type":"Point","coordinates":[-0.44448,51.51467]}},{"id":"756","type":"Feature","properties":{"layer":0},"geometry":{"type":"Point","coordinates":[-0.160794,51.526184]}},{"id":"757","type":"Feature","properties":{"layer":0},"geometry":{"type":"Point","coordinates":[-0.071641,51.472201]}},{"id":"758","type":"Feature","properties":{"layer":0},"geometry":{"type":"Point","coordinates":[0.009861,51.609509]}},{"id":"759","type":"Feature","properties":{"layer":0},"geometry":{"type":"Point","coordinates":[-0.221484,51.59331]}},{"id":"760","type":"Feature","properties":{"layer":0},"geometry":{"type":"Point","coordinates":[-0.064103,51.592083]}},{"id":"761","type":"Feature","properties":{"layer":0},"geometry":{"type":"Point","coordinates":[-0.085835,51.619725]}},{"id":"762","type":"Feature","properties":{"layer":0},"geometry":{"type":"Point","coordinates":[-0.056374,51.504637]}},{"id":"763","type":"Feature","properties":{"layer":0},"geometry":{"type":"Point","coordinates":[-0.059033,51.349115]}},{"id":"764","type":"Feature","properties":{"layer":0},"geometry":{"type":"Point","coordinates":[-0.039598,51.475352]}},{"id":"765","type":"Feature","properties":{"layer":0},"geometry":{"type":"Point","coordinates":[-0.084891,51.485799]}},{"id":"766","type":"Feature","properties":{"layer":0},"geometry":{"type":"Point","coordinates":[-0.032006,51.49976]}},{"id":"767","type":"Feature","properties":{"layer":0},"geometry":{"type":"Point","coordinates":[-0.107756,51.450698]}},{"id":"768","type":"Feature","properties":{"layer":0},"geometry":{"type":"Point","coordinates":[0.153658,51.499392]}},{"id":"769","type":"Feature","properties":{"layer":0},"geometry":{"type":"Point","coordinates":[0.190476,51.551632]}},{"id":"770","type":"Feature","properties":{"layer":0},"geometry":{"type":"Point","coordinates":[0.05357,51.610634]}},{"id":"771","type":"Feature","properties":{"layer":0},"geometry":{"type":"Point","coordinates":[-0.081922,51.588837]}},{"id":"772","type":"Feature","properties":{"layer":0},"geometry":{"type":"Point","coordinates":[-0.401581,51.483585]}},{"id":"773","type":"Feature","properties":{"layer":0},"geometry":{"type":"Point","coordinates":[-0.139278,51.476962]}},{"id":"774","type":"Feature","properties":{"layer":0},"geometry":{"type":"Point","coordinates":[-0.235688,51.418599]}},{"id":"775","type":"Feature","properties":{"layer":0},"geometry":{"type":"Point","coordinates":[0.162343,51.591525]}},{"id":"776","type":"Feature","properties":{"layer":0},"geometry":{"type":"Point","coordinates":[-0.405757,51.602707]}},{"id":"777","type":"Feature","properties":{"layer":0},"geometry":{"type":"Point","coordinates":[0.055886,51.523744]}},{"id":"778","type":"Feature","properties":{"layer":0},"geometry":{"type":"Point","coordinates":[-0.155497,51.467817]}},{"id":"779","type":"Feature","properties":{"layer":0},"geometry":{"type":"Point","coordinates":[-0.094285,51.649801]}},{"id":"780","type":"Feature","properties":{"layer":0},"geometry":{"type":"Point","coordinates":[-0.136478,51.429763]}},{"id":"781","type":"Feature","properties":{"layer":0},"geometry":{"type":"Point","coordinates":[0.076392,51.381093]}},{"id":"782","type":"Feature","properties":{"layer":0},"geometry":{"type":"Point","coordinates":[-0.111735,51.377967]}},{"id":"783","type":"Feature","properties":{"layer":0},"geometry":{"type":"Point","coordinates":[-0.257273,51.627814]}},{"id":"784","type":"Feature","properties":{"layer":0},"geometry":{"type":"Point","coordinates":[-0.24289,51.421868]}},{"id":"785","type":"Feature","properties":{"layer":0},"geometry":{"type":"Point","coordinates":[0.249471,51.544936]}},{"id":"786","type":"Feature","properties":{"layer":0},"geometry":{"type":"Point","coordinates":[-0.109498,51.625887]}},{"id":"787","type":"Feature","properties":{"layer":0},"geometry":{"type":"Point","coordinates":[-0.119854,51.615406]}},{"id":"788","type":"Feature","properties":{"layer":0},"geometry":{"type":"Point","coordinates":[-0.403842,51.500104]}},{"id":"789","type":"Feature","properties":{"layer":0},"geometry":{"type":"Point","coordinates":[-0.238121,51.445256]}},{"id":"790","type":"Feature","properties":{"layer":0},"geometry":{"type":"Point","coordinates":[-0.389956,51.552011]}},{"id":"791","type":"Feature","properties":{"layer":0},"geometry":{"type":"Point","coordinates":[-0.091359,51.415745]}},{"id":"792","type":"Feature","properties":{"layer":0},"geometry":{"type":"Point","coordinates":[-0.082949,51.619498]}},{"id":"793","type":"Feature","properties":{"layer":0},"geometry":{"type":"Point","coordinates":[-0.270917,51.607331]}},{"id":"794","type":"Feature","properties":{"layer":0},"geometry":{"type":"Point","coordinates":[-0.191534,51.438259]}},{"id":"795","type":"Feature","properties":{"layer":0},"geometry":{"type":"Point","coordinates":[-0.018159,51.394298]}},{"id":"796","type":"Feature","properties":{"layer":0},"geometry":{"type":"Point","coordinates":[-0.171751,51.446148]}},{"id":"797","type":"Feature","properties":{"layer":0},"geometry":{"type":"Point","coordinates":[-0.032699,51.447072]}},{"id":"798","type":"Feature","properties":{"layer":0},"geometry":{"type":"Point","coordinates":[0.15444,51.572764]}},{"id":"799","type":"Feature","properties":{"layer":0},"geometry":{"type":"Point","coordinates":[-0.052089,51.495682]}},{"id":"800","type":"Feature","properties":{"layer":0},"geometry":{"type":"Point","coordinates":[0.061908,51.346162]}},{"id":"801","type":"Feature","properties":{"layer":0},"geometry":{"type":"Point","coordinates":[-0.000458,51.61055]}},{"id":"802","type":"Feature","properties":{"layer":0},"geometry":{"type":"Point","coordinates":[0.262277,51.557055]}},{"id":"803","type":"Feature","properties":{"layer":0},"geometry":{"type":"Point","coordinates":[-0.251808,51.543085]}},{"id":"804","type":"Feature","properties":{"layer":0},"geometry":{"type":"Point","coordinates":[-0.27048,51.556118]}},{"id":"805","type":"Feature","properties":{"layer":0},"geometry":{"type":"Point","coordinates":[-0.132447,51.469419]}},{"id":"806","type":"Feature","properties":{"layer":0},"geometry":{"type":"Point","coordinates":[-0.16365,51.354463]}},{"id":"807","type":"Feature","properties":{"layer":0},"geometry":{"type":"Point","coordinates":[-0.227405,51.609141]}},{"id":"808","type":"Feature","properties":{"layer":0},"geometry":{"type":"Point","coordinates":[-0.165472,51.507346]}},{"id":"809","type":"Feature","properties":{"layer":0},"geometry":{"type":"Point","coordinates":[-0.168044,51.443337]}},{"id":"810","type":"Feature","properties":{"layer":0},"geometry":{"type":"Point","coordinates":[-0.142929,51.533883]}},{"id":"811","type":"Feature","properties":{"layer":0},"geometry":{"type":"Point","coordinates":[0.133807,51.399928]}},{"id":"812","type":"Feature","properties":{"layer":0},"geometry":{"type":"Point","coordinates":[-0.02262,51.464467]}},{"id":"813","type":"Feature","properties":{"layer":0},"geometry":{"type":"Point","coordinates":[-0.126031,51.377933]}},{"id":"814","type":"Feature","properties":{"layer":0},"geometry":{"type":"Point","coordinates":[-0.156778,51.477519]}},{"id":"815","type":"Feature","properties":{"layer":0},"geometry":{"type":"Point","coordinates":[-0.254591,51.550776]}},{"id":"816","type":"Feature","properties":{"layer":0},"geometry":{"type":"Point","coordinates":[0.164209,51.45729]}},{"id":"817","type":"Feature","properties":{"layer":0},"geometry":{"type":"Point","coordinates":[-0.207189,51.34013]}},{"id":"818","type":"Feature","properties":{"layer":0},"geometry":{"type":"Point","coordinates":[-0.098556,51.457988]}},{"id":"819","type":"Feature","properties":{"layer":0},"geometry":{"type":"Point","coordinates":[-0.275245,51.407616]}},{"id":"820","type":"Feature","properties":{"layer":0},"geometry":{"type":"Point","coordinates":[-0.133786,51.65747]}},{"id":"821","type":"Feature","properties":{"layer":0},"geometry":{"type":"Point","coordinates":[-0.24501,51.537934]}},{"id":"822","type":"Feature","properties":{"layer":0},"geometry":{"type":"Point","coordinates":[-0.117084,51.505401]}},{"id":"823","type":"Feature","properties":{"layer":0},"geometry":{"type":"Point","coordinates":[0.206148,51.511636]}},{"id":"824","type":"Feature","properties":{"layer":0},"geometry":{"type":"Point","coordinates":[0.144389,51.456495]}},{"id":"825","type":"Feature","properties":{"layer":0},"geometry":{"type":"Point","coordinates":[0.189647,51.503086]}},{"id":"826","type":"Feature","properties":{"layer":0},"geometry":{"type":"Point","coordinates":[-0.230107,51.649506]}},{"id":"827","type":"Feature","properties":{"layer":0},"geometry":{"type":"Point","coordinates":[-0.088916,51.654821]}},{"id":"828","type":"Feature","properties":{"layer":0},"geometry":{"type":"Point","coordinates":[-0.225774,51.418694]}},{"id":"829","type":"Feature","properties":{"layer":0},"geometry":{"type":"Point","coordinates":[-0.071368,51.604638]}},{"id":"830","type":"Feature","properties":{"layer":0},"geometry":{"type":"Point","coordinates":[0.039734,51.377582]}},{"id":"831","type":"Feature","properties":{"layer":0},"geometry":{"type":"Point","coordinates":[0.076741,51.351049]}},{"id":"832","type":"Feature","properties":{"layer":0},"geometry":{"type":"Point","coordinates":[-0.307432,51.479502]}},{"id":"833","type":"Feature","properties":{"layer":0},"geometry":{"type":"Point","coordinates":[-0.198494,51.449996]}},{"id":"834","type":"Feature","properties":{"layer":0},"geometry":{"type":"Point","coordinates":[-0.048361,51.509585]}},{"id":"835","type":"Feature","properties":{"layer":0},"geometry":{"type":"Point","coordinates":[-0.396477,51.566191]}},{"id":"836","type":"Feature","properties":{"layer":0},"geometry":{"type":"Point","coordinates":[-0.034545,51.454607]}},{"id":"837","type":"Feature","properties":{"layer":0},"geometry":{"type":"Point","coordinates":[-0.182982,51.541658]}},{"id":"838","type":"Feature","properties":{"layer":0},"geometry":{"type":"Point","coordinates":[-0.306105,51.501117]}},{"id":"839","type":"Feature","properties":{"layer":0},"geometry":{"type":"Point","coordinates":[-0.188056,51.538693]}},{"id":"840","type":"Feature","properties":{"layer":0},"geometry":{"type":"Point","coordinates":[0.149466,51.562489]}},{"id":"841","type":"Feature","properties":{"layer":0},"geometry":{"type":"Point","coordinates":[-0.279129,51.411664]}},{"id":"842","type":"Feature","properties":{"layer":0},"geometry":{"type":"Point","coordinates":[0.185197,51.543751]}},{"id":"843","type":"Feature","properties":{"layer":0},"geometry":{"type":"Point","coordinates":[0.124521,51.509535]}},{"id":"844","type":"Feature","properties":{"layer":0},"geometry":{"type":"Point","coordinates":[-0.380899,51.470672]}},{"id":"845","type":"Feature","properties":{"layer":0},"geometry":{"type":"Point","coordinates":[0.094417,51.348818]}},{"id":"846","type":"Feature","properties":{"layer":0},"geometry":{"type":"Point","coordinates":[-0.057222,51.624494]}},{"id":"847","type":"Feature","properties":{"layer":0},"geometry":{"type":"Point","coordinates":[0.116217,51.365718]}},{"id":"848","type":"Feature","properties":{"layer":0},"geometry":{"type":"Point","coordinates":[0.178889,51.485847]}},{"id":"849","type":"Feature","properties":{"layer":0},"geometry":{"type":"Point","coordinates":[-0.148669,51.337095]}},{"id":"850","type":"Feature","properties":{"layer":0},"geometry":{"type":"Point","coordinates":[-0.061535,51.468756]}},{"id":"851","type":"Feature","properties":{"layer":0},"geometry":{"type":"Point","coordinates":[-0.059615,51.51013]}},{"id":"852","type":"Feature","properties":{"layer":0},"geometry":{"type":"Point","coordinates":[-0.428929,51.521991]}},{"id":"853","type":"Feature","properties":{"layer":0},"geometry":{"type":"Point","coordinates":[-0.062272,51.365734]}},{"id":"854","type":"Feature","properties":{"layer":0},"geometry":{"type":"Point","coordinates":[-0.268504,51.389995]}},{"id":"855","type":"Feature","properties":{"layer":0},"geometry":{"type":"Point","coordinates":[-0.168067,51.532246]}},{"id":"856","type":"Feature","properties":{"layer":0},"geometry":{"type":"Point","coordinates":[-0.076783,51.490382]}},{"id":"857","type":"Feature","properties":{"layer":0},"geometry":{"type":"Point","coordinates":[0.111011,51.510604]}},{"id":"858","type":"Feature","properties":{"layer":0},"geometry":{"type":"Point","coordinates":[-0.275503,51.433819]}},{"id":"859","type":"Feature","properties":{"layer":0},"geometry":{"type":"Point","coordinates":[0.127449,51.482957]}},{"id":"860","type":"Feature","properties":{"layer":0},"geometry":{"type":"Point","coordinates":[-0.053546,51.40203]}},{"id":"861","type":"Feature","properties":{"layer":0},"geometry":{"type":"Point","coordinates":[-0.156421,51.457639]}},{"id":"862","type":"Feature","properties":{"layer":0},"geometry":{"type":"Point","coordinates":[-0.075091,51.686091]}},{"id":"863","type":"Feature","properties":{"layer":0},"geometry":{"type":"Point","coordinates":[0.216179,51.596954]}},{"id":"864","type":"Feature","properties":{"layer":0},"geometry":{"type":"Point","coordinates":[-0.095082,51.462202]}},{"id":"865","type":"Feature","properties":{"layer":0},"geometry":{"type":"Point","coordinates":[-0.061221,51.490455]}},{"id":"866","type":"Feature","properties":{"layer":0},"geometry":{"type":"Point","coordinates":[-0.148183,51.348439]}},{"id":"867","type":"Feature","properties":{"layer":0},"geometry":{"type":"Point","coordinates":[-0.287543,51.370473]}},{"id":"868","type":"Feature","properties":{"layer":0},"geometry":{"type":"Point","coordinates":[-0.066064,51.467649]}},{"id":"869","type":"Feature","properties":{"layer":0},"geometry":{"type":"Point","coordinates":[0.055073,51.35393]}},{"id":"870","type":"Feature","properties":{"layer":0},"geometry":{"type":"Point","coordinates":[-0.106085,51.511296]}},{"id":"871","type":"Feature","properties":{"layer":0},"geometry":{"type":"Point","coordinates":[-0.123644,51.391031]}},{"id":"872","type":"Feature","properties":{"layer":0},"geometry":{"type":"Point","coordinates":[-0.246139,51.413155]}},{"id":"873","type":"Feature","properties":{"layer":0},"geometry":{"type":"Point","coordinates":[-0.226439,51.581577]}},{"id":"874","type":"Feature","properties":{"layer":0},"geometry":{"type":"Point","coordinates":[-0.13795,51.396295]}},{"id":"875","type":"Feature","properties":{"layer":0},"geometry":{"type":"Point","coordinates":[-0.141681,51.496718]}},{"id":"876","type":"Feature","properties":{"layer":0},"geometry":{"type":"Point","coordinates":[0.160109,51.526104]}},{"id":"877","type":"Feature","properties":{"layer":0},"geometry":{"type":"Point","coordinates":[-0.024348,51.387679]}},{"id":"878","type":"Feature","properties":{"layer":0},"geometry":{"type":"Point","coordinates":[-0.061612,51.575385]}},{"id":"879","type":"Feature","properties":{"layer":0},"geometry":{"type":"Point","coordinates":[0.273307,51.548724]}},{"id":"880","type":"Feature","properties":{"layer":0},"geometry":{"type":"Point","coordinates":[0.16935,51.463971]}},{"id":"881","type":"Feature","properties":{"layer":0},"geometry":{"type":"Point","coordinates":[0.131624,51.442813]}},{"id":"882","type":"Feature","properties":{"layer":0},"geometry":{"type":"Point","coordinates":[-0.379178,51.463591]}},{"id":"883","type":"Feature","properties":{"layer":0},"geometry":{"type":"Point","coordinates":[0.130819,51.399218]}},{"id":"884","type":"Feature","properties":{"layer":0},"geometry":{"type":"Point","coordinates":[0.185376,51.488883]}},{"id":"885","type":"Feature","properties":{"layer":0},"geometry":{"type":"Point","coordinates":[0.223092,51.547811]}},{"id":"886","type":"Feature","properties":{"layer":0},"geometry":{"type":"Point","coordinates":[-0.020036,51.449625]}},{"id":"887","type":"Feature","properties":{"layer":0},"geometry":{"type":"Point","coordinates":[-0.065439,51.434698]}},{"id":"888","type":"Feature","properties":{"layer":0},"geometry":{"type":"Point","coordinates":[0.055842,51.525707]}},{"id":"889","type":"Feature","properties":{"layer":0},"geometry":{"type":"Point","coordinates":[-0.044357,51.496609]}},{"id":"890","type":"Feature","properties":{"layer":0},"geometry":{"type":"Point","coordinates":[-0.07707,51.344096]}},{"id":"891","type":"Feature","properties":{"layer":0},"geometry":{"type":"Point","coordinates":[0.038757,51.528792]}},{"id":"892","type":"Feature","properties":{"layer":0},"geometry":{"type":"Point","coordinates":[-0.469462,51.602341]}},{"id":"893","type":"Feature","properties":{"layer":0},"geometry":{"type":"Point","coordinates":[-0.142153,51.450378]}},{"id":"894","type":"Feature","properties":{"layer":0},"geometry":{"type":"Point","coordinates":[0.036228,51.568825]}},{"id":"895","type":"Feature","properties":{"layer":0},"geometry":{"type":"Point","coordinates":[-0.235339,51.598148]}},{"id":"896","type":"Feature","properties":{"layer":0},"geometry":{"type":"Point","coordinates":[-0.181187,51.473849]}},{"id":"897","type":"Feature","properties":{"layer":0},"geometry":{"type":"Point","coordinates":[0.198919,51.615829]}},{"id":"898","type":"Feature","properties":{"layer":0},"geometry":{"type":"Point","coordinates":[-0.236539,51.402031]}},{"id":"899","type":"Feature","properties":{"layer":0},"geometry":{"type":"Point","coordinates":[0.00595,51.517806]}},{"id":"900","type":"Feature","properties":{"layer":0},"geometry":{"type":"Point","coordinates":[0.132691,51.493107]}},{"id":"901","type":"Feature","properties":{"layer":0},"geometry":{"type":"Point","coordinates":[-0.289006,51.594803]}},{"id":"902","type":"Feature","properties":{"layer":0},"geometry":{"type":"Point","coordinates":[-0.267955,51.576747]}},{"id":"903","type":"Feature","properties":{"layer":0},"geometry":{"type":"Point","coordinates":[-0.020234,51.41542]}},{"id":"904","type":"Feature","properties":{"layer":0},"geometry":{"type":"Point","coordinates":[-0.00797,51.594773]}},{"id":"905","type":"Feature","properties":{"layer":0},"geometry":{"type":"Point","coordinates":[0.012201,51.508818]}},{"id":"906","type":"Feature","properties":{"layer":0},"geometry":{"type":"Point","coordinates":[-0.160504,51.670034]}},{"id":"907","type":"Feature","properties":{"layer":0},"geometry":{"type":"Point","coordinates":[0.025329,51.354795]}},{"id":"908","type":"Feature","properties":{"layer":0},"geometry":{"type":"Point","coordinates":[-0.234557,51.458468]}},{"id":"909","type":"Feature","properties":{"layer":0},"geometry":{"type":"Point","coordinates":[-0.130821,51.300255]}},{"id":"910","type":"Feature","properties":{"layer":0},"geometry":{"type":"Point","coordinates":[-0.272778,51.592531]}},{"id":"911","type":"Feature","properties":{"layer":0},"geometry":{"type":"Point","coordinates":[-0.176919,51.441124]}},{"id":"912","type":"Feature","properties":{"layer":0},"geometry":{"type":"Point","coordinates":[-0.315902,51.473804]}},{"id":"913","type":"Feature","properties":{"layer":0},"geometry":{"type":"Point","coordinates":[-0.033098,51.381857]}},{"id":"914","type":"Feature","properties":{"layer":0},"geometry":{"type":"Point","coordinates":[-0.180832,51.492107]}},{"id":"915","type":"Feature","properties":{"layer":0},"geometry":{"type":"Point","coordinates":[-0.021949,51.611984]}},{"id":"916","type":"Feature","properties":{"layer":0},"geometry":{"type":"Point","coordinates":[-0.116801,51.492613]}},{"id":"917","type":"Feature","properties":{"layer":0},"geometry":{"type":"Point","coordinates":[0.025784,51.530743]}},{"id":"918","type":"Feature","properties":{"layer":0},"geometry":{"type":"Point","coordinates":[-0.070782,51.496303]}},{"id":"919","type":"Feature","properties":{"layer":0},"geometry":{"type":"Point","coordinates":[-0.199825,51.436916]}},{"id":"920","type":"Feature","properties":{"layer":0},"geometry":{"type":"Point","coordinates":[0.002284,51.356284]}},{"id":"921","type":"Feature","properties":{"layer":0},"geometry":{"type":"Point","coordinates":[-0.139862,51.487731]}},{"id":"922","type":"Feature","properties":{"layer":0},"geometry":{"type":"Point","coordinates":[-0.127005,51.577089]}},{"id":"923","type":"Feature","properties":{"layer":0},"geometry":{"type":"Point","coordinates":[0.006087,51.604138]}},{"id":"924","type":"Feature","properties":{"layer":0},"geometry":{"type":"Point","coordinates":[-0.008342,51.500352]}},{"id":"925","type":"Feature","properties":{"layer":0},"geometry":{"type":"Point","coordinates":[-0.039008,51.602003]}},{"id":"926","type":"Feature","properties":{"layer":0},"geometry":{"type":"Point","coordinates":[-0.296149,51.454597]}},{"id":"927","type":"Feature","properties":{"layer":0},"geometry":{"type":"Point","coordinates":[-0.395436,51.434493]}},{"id":"928","type":"Feature","properties":{"layer":0},"geometry":{"type":"Point","coordinates":[-0.105966,51.54459]}},{"id":"929","type":"Feature","properties":{"layer":0},"geometry":{"type":"Point","coordinates":[0.143748,51.447932]}},{"id":"930","type":"Feature","properties":{"layer":0},"geometry":{"type":"Point","coordinates":[-0.405372,51.551418]}},{"id":"931","type":"Feature","properties":{"layer":0},"geometry":{"type":"Point","coordinates":[-0.135548,51.385671]}},{"id":"932","type":"Feature","properties":{"layer":0},"geometry":{"type":"Point","coordinates":[-0.3534,51.476771]}},{"id":"933","type":"Feature","properties":{"layer":0},"geometry":{"type":"Point","coordinates":[-0.104699,51.375085]}},{"id":"934","type":"Feature","properties":{"layer":0},"geometry":{"type":"Point","coordinates":[0.078568,51.297226]}},{"id":"935","type":"Feature","properties":{"layer":0},"geometry":{"type":"Point","coordinates":[0.168494,51.595564]}},{"id":"936","type":"Feature","properties":{"layer":0},"geometry":{"type":"Point","coordinates":[-0.097543,51.327383]}},{"id":"937","type":"Feature","properties":{"layer":0},"geometry":{"type":"Point","coordinates":[-0.198411,51.539856]}},{"id":"938","type":"Feature","properties":{"layer":0},"geometry":{"type":"Point","coordinates":[-0.110068,51.505694]}},{"id":"939","type":"Feature","properties":{"layer":0},"geometry":{"type":"Point","coordinates":[-0.310099,51.567435]}},{"id":"940","type":"Feature","properties":{"layer":0},"geometry":{"type":"Point","coordinates":[-0.074057,51.483946]}},{"id":"941","type":"Feature","properties":{"layer":0},"geometry":{"type":"Point","coordinates":[0.130095,51.350711]}},{"id":"942","type":"Feature","properties":{"layer":0},"geometry":{"type":"Point","coordinates":[-0.482896,51.530977]}},{"id":"943","type":"Feature","properties":{"layer":0},"geometry":{"type":"Point","coordinates":[-0.323979,51.506971]}},{"id":"944","type":"Feature","properties":{"layer":0},"geometry":{"type":"Point","coordinates":[-0.359767,51.55158]}},{"id":"945","type":"Feature","properties":{"layer":0},"geometry":{"type":"Point","coordinates":[-0.190076,51.543968]}},{"id":"946","type":"Feature","properties":{"layer":0},"geometry":{"type":"Point","coordinates":[-0.024171,51.558347]}},{"id":"947","type":"Feature","properties":{"layer":0},"geometry":{"type":"Point","coordinates":[0.01152,51.319915]}},{"id":"948","type":"Feature","properties":{"layer":0},"geometry":{"type":"Point","coordinates":[-0.123276,51.516363]}},{"id":"949","type":"Feature","properties":{"layer":0},"geometry":{"type":"Point","coordinates":[-0.321521,51.478519]}},{"id":"950","type":"Feature","properties":{"layer":0},"geometry":{"type":"Point","coordinates":[-0.224758,51.627503]}},{"id":"951","type":"Feature","properties":{"layer":0},"geometry":{"type":"Point","coordinates":[-0.175076,51.381607]}},{"id":"952","type":"Feature","properties":{"layer":0},"geometry":{"type":"Point","coordinates":[-0.158003,51.613696]}},{"id":"953","type":"Feature","properties":{"layer":0},"geometry":{"type":"Point","coordinates":[-0.074451,51.47695]}},{"id":"954","type":"Feature","properties":{"layer":0},"geometry":{"type":"Point","coordinates":[0.075917,51.382561]}},{"id":"955","type":"Feature","properties":{"layer":0},"geometry":{"type":"Point","coordinates":[0.030408,51.361493]}},{"id":"956","type":"Feature","properties":{"layer":0},"geometry":{"type":"Point","coordinates":[-0.260139,51.419678]}},{"id":"957","type":"Feature","properties":{"layer":0},"geometry":{"type":"Point","coordinates":[-0.152359,51.452579]}},{"id":"958","type":"Feature","properties":{"layer":0},"geometry":{"type":"Point","coordinates":[-0.175942,51.447881]}},{"id":"959","type":"Feature","properties":{"layer":0},"geometry":{"type":"Point","coordinates":[-0.320714,51.52288]}},{"id":"960","type":"Feature","properties":{"layer":0},"geometry":{"type":"Point","coordinates":[-0.276479,51.542329]}},{"id":"961","type":"Feature","properties":{"layer":0},"geometry":{"type":"Point","coordinates":[-0.457232,51.552391]}},{"id":"962","type":"Feature","properties":{"layer":0},"geometry":{"type":"Point","coordinates":[0.232397,51.528857]}},{"id":"963","type":"Feature","properties":{"layer":0},"geometry":{"type":"Point","coordinates":[-0.188197,51.477625]}},{"id":"964","type":"Feature","properties":{"layer":0},"geometry":{"type":"Point","coordinates":[-0.096526,51.490479]}},{"id":"965","type":"Feature","properties":{"layer":0},"geometry":{"type":"Point","coordinates":[-0.177225,51.521118]}},{"id":"966","type":"Feature","properties":{"layer":0},"geometry":{"type":"Point","coordinates":[-0.158015,51.537174]}},{"id":"967","type":"Feature","properties":{"layer":0},"geometry":{"type":"Point","coordinates":[-0.075151,51.548606]}},{"id":"968","type":"Feature","properties":{"layer":0},"geometry":{"type":"Point","coordinates":[-0.242939,51.403379]}},{"id":"969","type":"Feature","properties":{"layer":0},"geometry":{"type":"Point","coordinates":[-0.134069,51.35688]}},{"id":"970","type":"Feature","properties":{"layer":0},"geometry":{"type":"Point","coordinates":[-0.041375,51.352978]}},{"id":"971","type":"Feature","properties":{"layer":0},"geometry":{"type":"Point","coordinates":[0.218904,51.522835]}},{"id":"972","type":"Feature","properties":{"layer":0},"geometry":{"type":"Point","coordinates":[-0.400542,51.470483]}},{"id":"973","type":"Feature","properties":{"layer":0},"geometry":{"type":"Point","coordinates":[-0.062788,51.499262]}},{"id":"974","type":"Feature","properties":{"layer":0},"geometry":{"type":"Point","coordinates":[-0.024969,51.465439]}},{"id":"975","type":"Feature","properties":{"layer":0},"geometry":{"type":"Point","coordinates":[0.09543,51.455086]}},{"id":"976","type":"Feature","properties":{"layer":0},"geometry":{"type":"Point","coordinates":[-0.050671,51.339582]}},{"id":"977","type":"Feature","properties":{"layer":0},"geometry":{"type":"Point","coordinates":[-0.157979,51.368783]}},{"id":"978","type":"Feature","properties":{"layer":0},"geometry":{"type":"Point","coordinates":[-0.086764,51.501877]}},{"id":"979","type":"Feature","properties":{"layer":0},"geometry":{"type":"Point","coordinates":[0.080603,51.296772]}},{"id":"980","type":"Feature","properties":{"layer":0},"geometry":{"type":"Point","coordinates":[-0.020731,51.572848]}},{"id":"981","type":"Feature","properties":{"layer":0},"geometry":{"type":"Point","coordinates":[-0.087795,51.456623]}},{"id":"982","type":"Feature","properties":{"layer":0},"geometry":{"type":"Point","coordinates":[0.016738,51.564861]}},{"id":"983","type":"Feature","properties":{"layer":0},"geometry":{"type":"Point","coordinates":[-0.044673,51.585801]}},{"id":"984","type":"Feature","properties":{"layer":0},"geometry":{"type":"Point","coordinates":[-0.488583,51.464226]}},{"id":"985","type":"Feature","properties":{"layer":0},"geometry":{"type":"Point","coordinates":[-0.144337,51.388116]}},{"id":"986","type":"Feature","properties":{"layer":0},"geometry":{"type":"Point","coordinates":[-0.243013,51.400557]}},{"id":"987","type":"Feature","properties":{"layer":0},"geometry":{"type":"Point","coordinates":[-0.235147,51.466935]}},{"id":"988","type":"Feature","properties":{"layer":0},"geometry":{"type":"Point","coordinates":[-0.285981,51.457917]}},{"id":"989","type":"Feature","properties":{"layer":0},"geometry":{"type":"Point","coordinates":[-0.085078,51.355136]}},{"id":"990","type":"Feature","properties":{"layer":0},"geometry":{"type":"Point","coordinates":[-0.272063,51.581496]}},{"id":"991","type":"Feature","properties":{"layer":0},"geometry":{"type":"Point","coordinates":[0.022723,51.318778]}},{"id":"992","type":"Feature","properties":{"layer":0},"geometry":{"type":"Point","coordinates":[0.144785,51.462186]}},{"id":"993","type":"Feature","properties":{"layer":0},"geometry":{"type":"Point","coordinates":[-0.075481,51.329965]}},{"id":"994","type":"Feature","properties":{"layer":0},"geometry":{"type":"Point","coordinates":[-0.369651,51.414936]}},{"id":"995","type":"Feature","properties":{"layer":0},"geometry":{"type":"Point","coordinates":[-0.130041,51.497621]}},{"id":"996","type":"Feature","properties":{"layer":0},"geometry":{"type":"Point","coordinates":[-0.104146,51.524423]}},{"id":"997","type":"Feature","properties":{"layer":0},"geometry":{"type":"Point","coordinates":[-0.11749,51.50134]}},{"id":"998","type":"Feature","properties":{"layer":0},"geometry":{"type":"Point","coordinates":[0.149988,51.58451]}},{"id":"999","type":"Feature","properties":{"layer":0},"geometry":{"type":"Point","coordinates":[-0.123359,51.548227]}},{"id":"1000","type":"Feature","properties":{"layer":0},"geometry":{"type":"Point","coordinates":[-0.152811,51.386407]}},{"id":"1001","type":"Feature","properties":{"layer":0},"geometry":{"type":"Point","coordinates":[0.131791,51.460079]}},{"id":"1002","type":"Feature","properties":{"layer":0},"geometry":{"type":"Point","coordinates":[-0.093318,51.625434]}},{"id":"1003","type":"Feature","properties":{"layer":0},"geometry":{"type":"Point","coordinates":[-0.051772,51.664629]}},{"id":"1004","type":"Feature","properties":{"layer":0},"geometry":{"type":"Point","coordinates":[0.082489,51.491794]}},{"id":"1005","type":"Feature","properties":{"layer":0},"geometry":{"type":"Point","coordinates":[-0.404992,51.531882]}},{"id":"1006","type":"Feature","properties":{"layer":0},"geometry":{"type":"Point","coordinates":[-0.210028,51.417135]}},{"id":"1007","type":"Feature","properties":{"layer":0},"geometry":{"type":"Point","coordinates":[-0.160534,51.50527]}},{"id":"1008","type":"Feature","properties":{"layer":0},"geometry":{"type":"Point","coordinates":[0.242904,51.540869]}},{"id":"1009","type":"Feature","properties":{"layer":0},"geometry":{"type":"Point","coordinates":[-0.133636,51.594277]}},{"id":"1010","type":"Feature","properties":{"layer":0},"geometry":{"type":"Point","coordinates":[0.157256,51.43234]}},{"id":"1011","type":"Feature","properties":{"layer":0},"geometry":{"type":"Point","coordinates":[-0.267937,51.565764]}},{"id":"1012","type":"Feature","properties":{"layer":0},"geometry":{"type":"Point","coordinates":[-0.105617,51.49263]}},{"id":"1013","type":"Feature","properties":{"layer":0},"geometry":{"type":"Point","coordinates":[0.019855,51.423391]}},{"id":"1014","type":"Feature","properties":{"layer":0},"geometry":{"type":"Point","coordinates":[-0.118124,51.496407]}},{"id":"1015","type":"Feature","properties":{"layer":0},"geometry":{"type":"Point","coordinates":[0.209634,51.595075]}},{"id":"1016","type":"Feature","properties":{"layer":0},"geometry":{"type":"Point","coordinates":[-0.153978,51.428377]}},{"id":"1017","type":"Feature","properties":{"layer":0},"geometry":{"type":"Point","coordinates":[-0.006221,51.404232]}},{"id":"1018","type":"Feature","properties":{"layer":0},"geometry":{"type":"Point","coordinates":[0.065448,51.354715]}},{"id":"1019","type":"Feature","properties":{"layer":0},"geometry":{"type":"Point","coordinates":[-0.17795,51.511298]}},{"id":"1020","type":"Feature","properties":{"layer":0},"geometry":{"type":"Point","coordinates":[-0.1704,51.334533]}},{"id":"1021","type":"Feature","properties":{"layer":0},"geometry":{"type":"Point","coordinates":[-0.387686,51.565017]}},{"id":"1022","type":"Feature","properties":{"layer":0},"geometry":{"type":"Point","coordinates":[-0.244317,51.534033]}},{"id":"1023","type":"Feature","properties":{"layer":0},"geometry":{"type":"Point","coordinates":[0.040272,51.59814]}},{"id":"1024","type":"Feature","properties":{"layer":0},"geometry":{"type":"Point","coordinates":[0.194874,51.564018]}},{"id":"1025","type":"Feature","properties":{"layer":0},"geometry":{"type":"Point","coordinates":[0.005794,51.484366]}},{"id":"1026","type":"Feature","properties":{"layer":0},"geometry":{"type":"Point","coordinates":[-0.297953,51.567651]}},{"id":"1027","type":"Feature","properties":{"layer":0},"geometry":{"type":"Point","coordinates":[-0.261939,51.467932]}},{"id":"1028","type":"Feature","properties":{"layer":0},"geometry":{"type":"Point","coordinates":[-0.46305,51.541321]}},{"id":"1029","type":"Feature","properties":{"layer":0},"geometry":{"type":"Point","coordinates":[-0.179509,51.341384]}},{"id":"1030","type":"Feature","properties":{"layer":0},"geometry":{"type":"Point","coordinates":[0.003238,51.363904]}},{"id":"1031","type":"Feature","properties":{"layer":0},"geometry":{"type":"Point","coordinates":[-0.077324,51.546907]}},{"id":"1032","type":"Feature","properties":{"layer":0},"geometry":{"type":"Point","coordinates":[-0.113234,51.451293]}},{"id":"1033","type":"Feature","properties":{"layer":0},"geometry":{"type":"Point","coordinates":[-0.182246,51.423302]}},{"id":"1034","type":"Feature","properties":{"layer":0},"geometry":{"type":"Point","coordinates":[-0.303706,51.461729]}},{"id":"1035","type":"Feature","properties":{"layer":0},"geometry":{"type":"Point","coordinates":[-0.336055,51.510174]}},{"id":"1036","type":"Feature","properties":{"layer":0},"geometry":{"type":"Point","coordinates":[0.182611,51.465347]}},{"id":"1037","type":"Feature","properties":{"layer":0},"geometry":{"type":"Point","coordinates":[-0.053763,51.463906]}},{"id":"1038","type":"Feature","properties":{"layer":0},"geometry":{"type":"Point","coordinates":[-0.130911,51.549689]}},{"id":"1039","type":"Feature","properties":{"layer":0},"geometry":{"type":"Point","coordinates":[-0.063441,51.342819]}},{"id":"1040","type":"Feature","properties":{"layer":0},"geometry":{"type":"Point","coordinates":[-0.032199,51.504357]}},{"id":"1041","type":"Feature","properties":{"layer":0},"geometry":{"type":"Point","coordinates":[0.001709,51.433071]}},{"id":"1042","type":"Feature","properties":{"layer":0},"geometry":{"type":"Point","coordinates":[-0.02876,51.481322]}},{"id":"1043","type":"Feature","properties":{"layer":0},"geometry":{"type":"Point","coordinates":[0.105235,51.510564]}},{"id":"1044","type":"Feature","properties":{"layer":0},"geometry":{"type":"Point","coordinates":[-0.327344,51.442831]}},{"id":"1045","type":"Feature","properties":{"layer":0},"geometry":{"type":"Point","coordinates":[-0.077072,51.443284]}},{"id":"1046","type":"Feature","properties":{"layer":0},"geometry":{"type":"Point","coordinates":[-0.086284,51.53335]}},{"id":"1047","type":"Feature","properties":{"layer":0},"geometry":{"type":"Point","coordinates":[-0.339649,51.485296]}},{"id":"1048","type":"Feature","properties":{"layer":0},"geometry":{"type":"Point","coordinates":[0.149395,51.455087]}},{"id":"1049","type":"Feature","properties":{"layer":0},"geometry":{"type":"Point","coordinates":[-0.399814,51.529479]}},{"id":"1050","type":"Feature","properties":{"layer":0},"geometry":{"type":"Point","coordinates":[-0.30267,51.580616]}},{"id":"1051","type":"Feature","properties":{"layer":0},"geometry":{"type":"Point","coordinates":[0.115006,51.368892]}},{"id":"1052","type":"Feature","properties":{"layer":0},"geometry":{"type":"Point","coordinates":[-0.206915,51.561803]}},{"id":"1053","type":"Feature","properties":{"layer":0},"geometry":{"type":"Point","coordinates":[-0.096465,51.369982]}},{"id":"1054","type":"Feature","properties":{"layer":0},"geometry":{"type":"Point","coordinates":[-0.114612,51.528756]}},{"id":"1055","type":"Feature","properties":{"layer":0},"geometry":{"type":"Point","coordinates":[-0.061473,51.385385]}},{"id":"1056","type":"Feature","properties":{"layer":0},"geometry":{"type":"Point","coordinates":[-0.371776,51.453561]}},{"id":"1057","type":"Feature","properties":{"layer":0},"geometry":{"type":"Point","coordinates":[-0.38021,51.548175]}},{"id":"1058","type":"Feature","properties":{"layer":0},"geometry":{"type":"Point","coordinates":[-0.125799,51.641566]}},{"id":"1059","type":"Feature","properties":{"layer":0},"geometry":{"type":"Point","coordinates":[0.2152,51.609479]}},{"id":"1060","type":"Feature","properties":{"layer":0},"geometry":{"type":"Point","coordinates":[-0.006651,51.401596]}},{"id":"1061","type":"Feature","properties":{"layer":0},"geometry":{"type":"Point","coordinates":[-0.118147,51.535239]}},{"id":"1062","type":"Feature","properties":{"layer":0},"geometry":{"type":"Point","coordinates":[-0.39142,51.461931]}},{"id":"1063","type":"Feature","properties":{"layer":0},"geometry":{"type":"Point","coordinates":[0.079504,51.377873]}},{"id":"1064","type":"Feature","properties":{"layer":0},"geometry":{"type":"Point","coordinates":[0.053457,51.569881]}},{"id":"1065","type":"Feature","properties":{"layer":0},"geometry":{"type":"Point","coordinates":[0.060869,51.604455]}},{"id":"1066","type":"Feature","properties":{"layer":0},"geometry":{"type":"Point","coordinates":[0.119169,51.510308]}},{"id":"1067","type":"Feature","properties":{"layer":0},"geometry":{"type":"Point","coordinates":[-0.094682,51.469805]}},{"id":"1068","type":"Feature","properties":{"layer":0},"geometry":{"type":"Point","coordinates":[-0.361227,51.49792]}},{"id":"1069","type":"Feature","properties":{"layer":0},"geometry":{"type":"Point","coordinates":[0.215854,51.583795]}},{"id":"1070","type":"Feature","properties":{"layer":0},"geometry":{"type":"Point","coordinates":[0.063104,51.555336]}},{"id":"1071","type":"Feature","properties":{"layer":0},"geometry":{"type":"Point","coordinates":[-0.408036,51.525092]}},{"id":"1072","type":"Feature","properties":{"layer":0},"geometry":{"type":"Point","coordinates":[-0.463205,51.576977]}},{"id":"1073","type":"Feature","properties":{"layer":0},"geometry":{"type":"Point","coordinates":[-0.005681,51.492371]}},{"id":"1074","type":"Feature","properties":{"layer":0},"geometry":{"type":"Point","coordinates":[-0.100833,51.566542]}},{"id":"1075","type":"Feature","properties":{"layer":0},"geometry":{"type":"Point","coordinates":[-0.080829,51.447412]}},{"id":"1076","type":"Feature","properties":{"layer":0},"geometry":{"type":"Point","coordinates":[-0.126762,51.583306]}},{"id":"1077","type":"Feature","properties":{"layer":0},"geometry":{"type":"Point","coordinates":[-0.184413,51.544424]}},{"id":"1078","type":"Feature","properties":{"layer":0},"geometry":{"type":"Point","coordinates":[0.023668,51.441726]}},{"id":"1079","type":"Feature","properties":{"layer":0},"geometry":{"type":"Point","coordinates":[-0.07306,51.426843]}},{"id":"1080","type":"Feature","properties":{"layer":0},"geometry":{"type":"Point","coordinates":[-0.117676,51.305637]}},{"id":"1081","type":"Feature","properties":{"layer":0},"geometry":{"type":"Point","coordinates":[-0.258805,51.396552]}},{"id":"1082","type":"Feature","properties":{"layer":0},"geometry":{"type":"Point","coordinates":[0.082781,51.393335]}},{"id":"1083","type":"Feature","properties":{"layer":0},"geometry":{"type":"Point","coordinates":[0.126125,51.457248]}},{"id":"1084","type":"Feature","properties":{"layer":0},"geometry":{"type":"Point","coordinates":[-0.154419,51.589508]}},{"id":"1085","type":"Feature","properties":{"layer":0},"geometry":{"type":"Point","coordinates":[0.160898,51.465043]}},{"id":"1086","type":"Feature","properties":{"layer":0},"geometry":{"type":"Point","coordinates":[-0.42681,51.587404]}},{"id":"1087","type":"Feature","properties":{"layer":0},"geometry":{"type":"Point","coordinates":[0.003381,51.515516]}},{"id":"1088","type":"Feature","properties":{"layer":0},"geometry":{"type":"Point","coordinates":[0.092287,51.344895]}},{"id":"1089","type":"Feature","properties":{"layer":0},"geometry":{"type":"Point","coordinates":[0.070771,51.323948]}},{"id":"1090","type":"Feature","properties":{"layer":0},"geometry":{"type":"Point","coordinates":[-0.114235,51.320455]}},{"id":"1091","type":"Feature","properties":{"layer":0},"geometry":{"type":"Point","coordinates":[-0.177934,51.59113]}},{"id":"1092","type":"Feature","properties":{"layer":0},"geometry":{"type":"Point","coordinates":[-0.084784,51.422888]}},{"id":"1093","type":"Feature","properties":{"layer":0},"geometry":{"type":"Point","coordinates":[0.016265,51.556692]}},{"id":"1094","type":"Feature","properties":{"layer":0},"geometry":{"type":"Point","coordinates":[-0.185113,51.42782]}},{"id":"1095","type":"Feature","properties":{"layer":0},"geometry":{"type":"Point","coordinates":[-0.02545,51.494698]}},{"id":"1096","type":"Feature","properties":{"layer":0},"geometry":{"type":"Point","coordinates":[-0.106145,51.383387]}},{"id":"1097","type":"Feature","properties":{"layer":0},"geometry":{"type":"Point","coordinates":[-0.286424,51.598298]}},{"id":"1098","type":"Feature","properties":{"layer":0},"geometry":{"type":"Point","coordinates":[-0.084889,51.468108]}},{"id":"1099","type":"Feature","properties":{"layer":0},"geometry":{"type":"Point","coordinates":[-0.204737,51.541617]}},{"id":"1100","type":"Feature","properties":{"layer":0},"geometry":{"type":"Point","coordinates":[-0.147488,51.492991]}},{"id":"1101","type":"Feature","properties":{"layer":0},"geometry":{"type":"Point","coordinates":[-0.24048,51.535833]}},{"id":"1102","type":"Feature","properties":{"layer":0},"geometry":{"type":"Point","coordinates":[0.090006,51.335507]}},{"id":"1103","type":"Feature","properties":{"layer":0},"geometry":{"type":"Point","coordinates":[-0.23958,51.652379]}},{"id":"1104","type":"Feature","properties":{"layer":0},"geometry":{"type":"Point","coordinates":[0.117896,51.538923]}},{"id":"1105","type":"Feature","properties":{"layer":0},"geometry":{"type":"Point","coordinates":[0.077483,51.412541]}},{"id":"1106","type":"Feature","properties":{"layer":0},"geometry":{"type":"Point","coordinates":[-0.428473,51.481353]}},{"id":"1107","type":"Feature","properties":{"layer":0},"geometry":{"type":"Point","coordinates":[-0.258902,51.539295]}},{"id":"1108","type":"Feature","properties":{"layer":0},"geometry":{"type":"Point","coordinates":[-0.169898,51.619627]}},{"id":"1109","type":"Feature","properties":{"layer":0},"geometry":{"type":"Point","coordinates":[-0.000534,51.606969]}},{"id":"1110","type":"Feature","properties":{"layer":0},"geometry":{"type":"Point","coordinates":[-0.263744,51.593388]}},{"id":"1111","type":"Feature","properties":{"layer":0},"geometry":{"type":"Point","coordinates":[-0.141658,51.483331]}},{"id":"1112","type":"Feature","properties":{"layer":0},"geometry":{"type":"Point","coordinates":[-0.092161,51.634878]}},{"id":"1113","type":"Feature","properties":{"layer":0},"geometry":{"type":"Point","coordinates":[-0.268722,51.387261]}},{"id":"1114","type":"Feature","properties":{"layer":0},"geometry":{"type":"Point","coordinates":[-0.114443,51.590633]}},{"id":"1115","type":"Feature","properties":{"layer":0},"geometry":{"type":"Point","coordinates":[-0.066901,51.45904]}},{"id":"1116","type":"Feature","properties":{"layer":0},"geometry":{"type":"Point","coordinates":[-0.15793,51.547624]}},{"id":"1117","type":"Feature","properties":{"layer":0},"geometry":{"type":"Point","coordinates":[0.057323,51.371659]}},{"id":"1118","type":"Feature","properties":{"layer":0},"geometry":{"type":"Point","coordinates":[-0.149436,51.498473]}},{"id":"1119","type":"Feature","properties":{"layer":0},"geometry":{"type":"Point","coordinates":[-0.111508,51.563176]}},{"id":"1120","type":"Feature","properties":{"layer":0},"geometry":{"type":"Point","coordinates":[-0.425802,51.603025]}},{"id":"1121","type":"Feature","properties":{"layer":0},"geometry":{"type":"Point","coordinates":[-0.016443,51.617629]}},{"id":"1122","type":"Feature","properties":{"layer":0},"geometry":{"type":"Point","coordinates":[0.10426,51.456702]}},{"id":"1123","type":"Feature","properties":{"layer":0},"geometry":{"type":"Point","coordinates":[0.101967,51.383132]}},{"id":"1124","type":"Feature","properties":{"layer":0},"geometry":{"type":"Point","coordinates":[-0.183403,51.566752]}},{"id":"1125","type":"Feature","properties":{"layer":0},"geometry":{"type":"Point","coordinates":[-0.299822,51.495249]}},{"id":"1126","type":"Feature","properties":{"layer":0},"geometry":{"type":"Point","coordinates":[-0.10531,51.347225]}},{"id":"1127","type":"Feature","properties":{"layer":0},"geometry":{"type":"Point","coordinates":[0.062731,51.390227]}},{"id":"1128","type":"Feature","properties":{"layer":0},"geometry":{"type":"Point","coordinates":[0.048551,51.584174]}},{"id":"1129","type":"Feature","properties":{"layer":0},"geometry":{"type":"Point","coordinates":[-0.091052,51.494027]}},{"id":"1130","type":"Feature","properties":{"layer":0},"geometry":{"type":"Point","coordinates":[-0.073931,51.528574]}},{"id":"1131","type":"Feature","properties":{"layer":0},"geometry":{"type":"Point","coordinates":[-0.055758,51.585852]}},{"id":"1132","type":"Feature","properties":{"layer":0},"geometry":{"type":"Point","coordinates":[-0.245586,51.555801]}},{"id":"1133","type":"Feature","properties":{"layer":0},"geometry":{"type":"Point","coordinates":[-0.223575,51.506837]}},{"id":"1134","type":"Feature","properties":{"layer":0},"geometry":{"type":"Point","coordinates":[-0.089522,51.397615]}},{"id":"1135","type":"Feature","properties":{"layer":0},"geometry":{"type":"Point","coordinates":[-0.148797,51.529975]}},{"id":"1136","type":"Feature","properties":{"layer":0},"geometry":{"type":"Point","coordinates":[-0.214288,51.513262]}},{"id":"1137","type":"Feature","properties":{"layer":0},"geometry":{"type":"Point","coordinates":[-0.065229,51.512078]}},{"id":"1138","type":"Feature","properties":{"layer":0},"geometry":{"type":"Point","coordinates":[-0.181033,51.480737]}},{"id":"1139","type":"Feature","properties":{"layer":0},"geometry":{"type":"Point","coordinates":[-0.057967,51.588817]}},{"id":"1140","type":"Feature","properties":{"layer":0},"geometry":{"type":"Point","coordinates":[-0.407798,51.506777]}},{"id":"1141","type":"Feature","properties":{"layer":0},"geometry":{"type":"Point","coordinates":[-0.086256,51.617986]}},{"id":"1142","type":"Feature","properties":{"layer":0},"geometry":{"type":"Point","coordinates":[-0.146715,51.485286]}},{"id":"1143","type":"Feature","properties":{"layer":0},"geometry":{"type":"Point","coordinates":[-0.136567,51.481953]}},{"id":"1144","type":"Feature","properties":{"layer":0},"geometry":{"type":"Point","coordinates":[-0.103362,51.540193]}},{"id":"1145","type":"Feature","properties":{"layer":0},"geometry":{"type":"Point","coordinates":[0.018808,51.563003]}},{"id":"1146","type":"Feature","properties":{"layer":0},"geometry":{"type":"Point","coordinates":[0.116549,51.338273]}},{"id":"1147","type":"Feature","properties":{"layer":0},"geometry":{"type":"Point","coordinates":[-0.120767,51.524162]}},{"id":"1148","type":"Feature","properties":{"layer":0},"geometry":{"type":"Point","coordinates":[-0.126771,51.571344]}},{"id":"1149","type":"Feature","properties":{"layer":0},"geometry":{"type":"Point","coordinates":[-0.060392,51.596242]}},{"id":"1150","type":"Feature","properties":{"layer":0},"geometry":{"type":"Point","coordinates":[-0.003807,51.489225]}},{"id":"1151","type":"Feature","properties":{"layer":0},"geometry":{"type":"Point","coordinates":[-0.14819,51.524271]}},{"id":"1152","type":"Feature","properties":{"layer":0},"geometry":{"type":"Point","coordinates":[-0.061197,51.441342]}},{"id":"1153","type":"Feature","properties":{"layer":0},"geometry":{"type":"Point","coordinates":[0.24501,51.595974]}},{"id":"1154","type":"Feature","properties":{"layer":0},"geometry":{"type":"Point","coordinates":[-0.044209,51.573439]}},{"id":"1155","type":"Feature","properties":{"layer":0},"geometry":{"type":"Point","coordinates":[-0.067922,51.565049]}},{"id":"1156","type":"Feature","properties":{"layer":0},"geometry":{"type":"Point","coordinates":[-0.157934,51.441545]}},{"id":"1157","type":"Feature","properties":{"layer":0},"geometry":{"type":"Point","coordinates":[0.249473,51.583285]}},{"id":"1158","type":"Feature","properties":{"layer":0},"geometry":{"type":"Point","coordinates":[-0.245919,51.560712]}},{"id":"1159","type":"Feature","properties":{"layer":0},"geometry":{"type":"Point","coordinates":[-0.337823,51.503425]}},{"id":"1160","type":"Feature","properties":{"layer":0},"geometry":{"type":"Point","coordinates":[-0.400527,51.524184]}},{"id":"1161","type":"Feature","properties":{"layer":0},"geometry":{"type":"Point","coordinates":[-0.356796,51.484192]}},{"id":"1162","type":"Feature","properties":{"layer":0},"geometry":{"type":"Point","coordinates":[0.04926,51.365463]}},{"id":"1163","type":"Feature","properties":{"layer":0},"geometry":{"type":"Point","coordinates":[0.155915,51.587253]}},{"id":"1164","type":"Feature","properties":{"layer":0},"geometry":{"type":"Point","coordinates":[-0.008411,51.573383]}},{"id":"1165","type":"Feature","properties":{"layer":0},"geometry":{"type":"Point","coordinates":[-0.123668,51.371675]}},{"id":"1166","type":"Feature","properties":{"layer":0},"geometry":{"type":"Point","coordinates":[-0.169605,51.478195]}},{"id":"1167","type":"Feature","properties":{"layer":0},"geometry":{"type":"Point","coordinates":[0.121017,51.583343]}},{"id":"1168","type":"Feature","properties":{"layer":0},"geometry":{"type":"Point","coordinates":[-0.126427,51.515265]}},{"id":"1169","type":"Feature","properties":{"layer":0},"geometry":{"type":"Point","coordinates":[-0.428886,51.523487]}},{"id":"1170","type":"Feature","properties":{"layer":0},"geometry":{"type":"Point","coordinates":[-0.210762,51.503109]}},{"id":"1171","type":"Feature","properties":{"layer":0},"geometry":{"type":"Point","coordinates":[-0.111448,51.37007]}},{"id":"1172","type":"Feature","properties":{"layer":0},"geometry":{"type":"Point","coordinates":[-0.112343,51.359376]}},{"id":"1173","type":"Feature","properties":{"layer":0},"geometry":{"type":"Point","coordinates":[-0.252547,51.414875]}},{"id":"1174","type":"Feature","properties":{"layer":0},"geometry":{"type":"Point","coordinates":[-0.040372,51.63032]}},{"id":"1175","type":"Feature","properties":{"layer":0},"geometry":{"type":"Point","coordinates":[-0.325211,51.460854]}},{"id":"1176","type":"Feature","properties":{"layer":0},"geometry":{"type":"Point","coordinates":[-0.186654,51.617063]}},{"id":"1177","type":"Feature","properties":{"layer":0},"geometry":{"type":"Point","coordinates":[-0.077828,51.482036]}},{"id":"1178","type":"Feature","properties":{"layer":0},"geometry":{"type":"Point","coordinates":[-0.105179,51.48445]}},{"id":"1179","type":"Feature","properties":{"layer":0},"geometry":{"type":"Point","coordinates":[-0.033441,51.460227]}},{"id":"1180","type":"Feature","properties":{"layer":0},"geometry":{"type":"Point","coordinates":[-0.192754,51.436734]}},{"id":"1181","type":"Feature","properties":{"layer":0},"geometry":{"type":"Point","coordinates":[-0.072378,51.481057]}},{"id":"1182","type":"Feature","properties":{"layer":0},"geometry":{"type":"Point","coordinates":[-0.054758,51.6471]}},{"id":"1183","type":"Feature","properties":{"layer":0},"geometry":{"type":"Point","coordinates":[-0.127375,51.501129]}},{"id":"1184","type":"Feature","properties":{"layer":0},"geometry":{"type":"Point","coordinates":[-0.139776,51.602397]}},{"id":"1185","type":"Feature","properties":{"layer":0},"geometry":{"type":"Point","coordinates":[0.169588,51.464239]}},{"id":"1186","type":"Feature","properties":{"layer":0},"geometry":{"type":"Point","coordinates":[-0.284846,51.626824]}},{"id":"1187","type":"Feature","properties":{"layer":0},"geometry":{"type":"Point","coordinates":[-0.284603,51.557651]}},{"id":"1188","type":"Feature","properties":{"layer":0},"geometry":{"type":"Point","coordinates":[-0.263583,51.561312]}},{"id":"1189","type":"Feature","properties":{"layer":0},"geometry":{"type":"Point","coordinates":[-0.392657,51.441586]}},{"id":"1190","type":"Feature","properties":{"layer":0},"geometry":{"type":"Point","coordinates":[-0.180647,51.579965]}},{"id":"1191","type":"Feature","properties":{"layer":0},"geometry":{"type":"Point","coordinates":[0.134051,51.480678]}},{"id":"1192","type":"Feature","properties":{"layer":0},"geometry":{"type":"Point","coordinates":[0.067112,51.576638]}},{"id":"1193","type":"Feature","properties":{"layer":0},"geometry":{"type":"Point","coordinates":[-0.151845,51.449061]}},{"id":"1194","type":"Feature","properties":{"layer":0},"geometry":{"type":"Point","coordinates":[0.022902,51.343448]}},{"id":"1195","type":"Feature","properties":{"layer":0},"geometry":{"type":"Point","coordinates":[-0.451633,51.504585]}},{"id":"1196","type":"Feature","properties":{"layer":0},"geometry":{"type":"Point","coordinates":[-0.023962,51.679135]}},{"id":"1197","type":"Feature","properties":{"layer":0},"geometry":{"type":"Point","coordinates":[-0.024338,51.595342]}},{"id":"1198","type":"Feature","properties":{"layer":0},"geometry":{"type":"Point","coordinates":[-0.135438,51.570666]}},{"id":"1199","type":"Feature","properties":{"layer":0},"geometry":{"type":"Point","coordinates":[-0.127988,51.541623]}},{"id":"1200","type":"Feature","properties":{"layer":0},"geometry":{"type":"Point","coordinates":[-0.064935,51.630218]}},{"id":"1201","type":"Feature","properties":{"layer":0},"geometry":{"type":"Point","coordinates":[-0.015451,51.432263]}},{"id":"1202","type":"Feature","properties":{"layer":0},"geometry":{"type":"Point","coordinates":[-0.095364,51.637729]}},{"id":"1203","type":"Feature","properties":{"layer":0},"geometry":{"type":"Point","coordinates":[0.013853,51.536206]}},{"id":"1204","type":"Feature","properties":{"layer":0},"geometry":{"type":"Point","coordinates":[0.089601,51.44023]}},{"id":"1205","type":"Feature","properties":{"layer":0},"geometry":{"type":"Point","coordinates":[0.149939,51.458696]}},{"id":"1206","type":"Feature","properties":{"layer":0},"geometry":{"type":"Point","coordinates":[0.095586,51.457777]}},{"id":"1207","type":"Feature","properties":{"layer":0},"geometry":{"type":"Point","coordinates":[-0.10115,51.381277]}},{"id":"1208","type":"Feature","properties":{"layer":0},"geometry":{"type":"Point","coordinates":[0.19467,51.552448]}},{"id":"1209","type":"Feature","properties":{"layer":0},"geometry":{"type":"Point","coordinates":[-0.114729,51.630937]}},{"id":"1210","type":"Feature","properties":{"layer":0},"geometry":{"type":"Point","coordinates":[0.264471,51.555498]}},{"id":"1211","type":"Feature","properties":{"layer":0},"geometry":{"type":"Point","coordinates":[-0.408702,51.520858]}},{"id":"1212","type":"Feature","properties":{"layer":0},"geometry":{"type":"Point","coordinates":[0.0009,51.374691]}},{"id":"1213","type":"Feature","properties":{"layer":0},"geometry":{"type":"Point","coordinates":[0.020702,51.462138]}},{"id":"1214","type":"Feature","properties":{"layer":0},"geometry":{"type":"Point","coordinates":[0.09857,51.410308]}},{"id":"1215","type":"Feature","properties":{"layer":0},"geometry":{"type":"Point","coordinates":[0.02191,51.355329]}},{"id":"1216","type":"Feature","properties":{"layer":0},"geometry":{"type":"Point","coordinates":[-0.396022,51.44117]}},{"id":"1217","type":"Feature","properties":{"layer":0},"geometry":{"type":"Point","coordinates":[0.104152,51.378105]}},{"id":"1218","type":"Feature","properties":{"layer":0},"geometry":{"type":"Point","coordinates":[0.231756,51.546508]}},{"id":"1219","type":"Feature","properties":{"layer":0},"geometry":{"type":"Point","coordinates":[-0.112634,51.377467]}},{"id":"1220","type":"Feature","properties":{"layer":0},"geometry":{"type":"Point","coordinates":[-0.111473,51.514092]}},{"id":"1221","type":"Feature","properties":{"layer":0},"geometry":{"type":"Point","coordinates":[-0.060929,51.635621]}},{"id":"1222","type":"Feature","properties":{"layer":0},"geometry":{"type":"Point","coordinates":[-0.070043,51.504691]}},{"id":"1223","type":"Feature","properties":{"layer":0},"geometry":{"type":"Point","coordinates":[0.08423,51.536427]}},{"id":"1224","type":"Feature","properties":{"layer":0},"geometry":{"type":"Point","coordinates":[0.208452,51.568966]}},{"id":"1225","type":"Feature","properties":{"layer":0},"geometry":{"type":"Point","coordinates":[-0.065597,51.457792]}},{"id":"1226","type":"Feature","properties":{"layer":0},"geometry":{"type":"Point","coordinates":[-0.214509,51.549141]}},{"id":"1227","type":"Feature","properties":{"layer":0},"geometry":{"type":"Point","coordinates":[0.147513,51.491983]}},{"id":"1228","type":"Feature","properties":{"layer":0},"geometry":{"type":"Point","coordinates":[-0.232485,51.473021]}},{"id":"1229","type":"Feature","properties":{"layer":0},"geometry":{"type":"Point","coordinates":[-0.336743,51.4954]}},{"id":"1230","type":"Feature","properties":{"layer":0},"geometry":{"type":"Point","coordinates":[-0.363985,51.606218]}},{"id":"1231","type":"Feature","properties":{"layer":0},"geometry":{"type":"Point","coordinates":[-0.437119,51.501718]}},{"id":"1232","type":"Feature","properties":{"layer":0},"geometry":{"type":"Point","coordinates":[0.077083,51.566096]}},{"id":"1233","type":"Feature","properties":{"layer":0},"geometry":{"type":"Point","coordinates":[0.191777,51.588917]}},{"id":"1234","type":"Feature","properties":{"layer":0},"geometry":{"type":"Point","coordinates":[-0.26237,51.387934]}},{"id":"1235","type":"Feature","properties":{"layer":0},"geometry":{"type":"Point","coordinates":[-0.428157,51.564641]}},{"id":"1236","type":"Feature","properties":{"layer":0},"geometry":{"type":"Point","coordinates":[-0.03486,51.393678]}},{"id":"1237","type":"Feature","properties":{"layer":0},"geometry":{"type":"Point","coordinates":[0.204711,51.575585]}},{"id":"1238","type":"Feature","properties":{"layer":0},"geometry":{"type":"Point","coordinates":[-0.150518,51.55044]}},{"id":"1239","type":"Feature","properties":{"layer":0},"geometry":{"type":"Point","coordinates":[-0.189798,51.557351]}},{"id":"1240","type":"Feature","properties":{"layer":0},"geometry":{"type":"Point","coordinates":[-0.329443,51.501382]}},{"id":"1241","type":"Feature","properties":{"layer":0},"geometry":{"type":"Point","coordinates":[0.101525,51.565651]}},{"id":"1242","type":"Feature","properties":{"layer":0},"geometry":{"type":"Point","coordinates":[-0.285282,51.589292]}},{"id":"1243","type":"Feature","properties":{"layer":0},"geometry":{"type":"Point","coordinates":[-0.383247,51.49065]}},{"id":"1244","type":"Feature","properties":{"layer":0},"geometry":{"type":"Point","coordinates":[-0.404166,51.575393]}},{"id":"1245","type":"Feature","properties":{"layer":0},"geometry":{"type":"Point","coordinates":[0.058455,51.58294]}},{"id":"1246","type":"Feature","properties":{"layer":0},"geometry":{"type":"Point","coordinates":[-0.104924,51.485659]}},{"id":"1247","type":"Feature","properties":{"layer":0},"geometry":{"type":"Point","coordinates":[-0.468677,51.49983]}},{"id":"1248","type":"Feature","properties":{"layer":0},"geometry":{"type":"Point","coordinates":[-0.094526,51.440052]}},{"id":"1249","type":"Feature","properties":{"layer":0},"geometry":{"type":"Point","coordinates":[-0.212967,51.380963]}},{"id":"1250","type":"Feature","properties":{"layer":0},"geometry":{"type":"Point","coordinates":[-0.110433,51.45292]}},{"id":"1251","type":"Feature","properties":{"layer":0},"geometry":{"type":"Point","coordinates":[-0.46881,51.512379]}},{"id":"1252","type":"Feature","properties":{"layer":0},"geometry":{"type":"Point","coordinates":[0.042123,51.334402]}},{"id":"1253","type":"Feature","properties":{"layer":0},"geometry":{"type":"Point","coordinates":[-0.388652,51.49931]}},{"id":"1254","type":"Feature","properties":{"layer":0},"geometry":{"type":"Point","coordinates":[0.14521,51.442817]}},{"id":"1255","type":"Feature","properties":{"layer":0},"geometry":{"type":"Point","coordinates":[-0.432901,51.517785]}},{"id":"1256","type":"Feature","properties":{"layer":0},"geometry":{"type":"Point","coordinates":[0.196249,51.603744]}},{"id":"1257","type":"Feature","properties":{"layer":0},"geometry":{"type":"Point","coordinates":[-0.167821,51.564636]}},{"id":"1258","type":"Feature","properties":{"layer":0},"geometry":{"type":"Point","coordinates":[-0.280015,51.545762]}},{"id":"1259","type":"Feature","properties":{"layer":0},"geometry":{"type":"Point","coordinates":[-0.335402,51.44254]}},{"id":"1260","type":"Feature","properties":{"layer":0},"geometry":{"type":"Point","coordinates":[-0.180669,51.60603]}},{"id":"1261","type":"Feature","properties":{"layer":0},"geometry":{"type":"Point","coordinates":[0.211656,51.559346]}},{"id":"1262","type":"Feature","properties":{"layer":0},"geometry":{"type":"Point","coordinates":[-0.030733,51.453724]}},{"id":"1263","type":"Feature","properties":{"layer":0},"geometry":{"type":"Point","coordinates":[-0.100529,51.431915]}},{"id":"1264","type":"Feature","properties":{"layer":0},"geometry":{"type":"Point","coordinates":[-0.223113,51.557596]}},{"id":"1265","type":"Feature","properties":{"layer":0},"geometry":{"type":"Point","coordinates":[-0.414917,51.550304]}},{"id":"1266","type":"Feature","properties":{"layer":0},"geometry":{"type":"Point","coordinates":[0.102,51.598219]}},{"id":"1267","type":"Feature","properties":{"layer":0},"geometry":{"type":"Point","coordinates":[-0.256792,51.562191]}},{"id":"1268","type":"Feature","properties":{"layer":0},"geometry":{"type":"Point","coordinates":[-0.005265,51.456042]}},{"id":"1269","type":"Feature","properties":{"layer":0},"geometry":{"type":"Point","coordinates":[-0.086082,51.379644]}},{"id":"1270","type":"Feature","properties":{"layer":0},"geometry":{"type":"Point","coordinates":[0.055205,51.584944]}},{"id":"1271","type":"Feature","properties":{"layer":0},"geometry":{"type":"Point","coordinates":[-0.032078,51.573288]}},{"id":"1272","type":"Feature","properties":{"layer":0},"geometry":{"type":"Point","coordinates":[-0.242001,51.427963]}},{"id":"1273","type":"Feature","properties":{"layer":0},"geometry":{"type":"Point","coordinates":[-0.035715,51.413064]}},{"id":"1274","type":"Feature","properties":{"layer":0},"geometry":{"type":"Point","coordinates":[-0.232537,51.377488]}},{"id":"1275","type":"Feature","properties":{"layer":0},"geometry":{"type":"Point","coordinates":[-0.373816,51.501522]}},{"id":"1276","type":"Feature","properties":{"layer":0},"geometry":{"type":"Point","coordinates":[-0.209136,51.427027]}},{"id":"1277","type":"Feature","properties":{"layer":0},"geometry":{"type":"Point","coordinates":[-0.436768,51.546184]}},{"id":"1278","type":"Feature","properties":{"layer":0},"geometry":{"type":"Point","coordinates":[0.063328,51.338417]}},{"id":"1279","type":"Feature","properties":{"layer":0},"geometry":{"type":"Point","coordinates":[0.111424,51.439638]}},{"id":"1280","type":"Feature","properties":{"layer":0},"geometry":{"type":"Point","coordinates":[-0.105719,51.610008]}},{"id":"1281","type":"Feature","properties":{"layer":0},"geometry":{"type":"Point","coordinates":[-0.248651,51.579027]}},{"id":"1282","type":"Feature","properties":{"layer":0},"geometry":{"type":"Point","coordinates":[-0.158712,51.542176]}},{"id":"1283","type":"Feature","properties":{"layer":0},"geometry":{"type":"Point","coordinates":[-0.030846,51.384886]}},{"id":"1284","type":"Feature","properties":{"layer":0},"geometry":{"type":"Point","coordinates":[-0.10295,51.518266]}},{"id":"1285","type":"Feature","properties":{"layer":0},"geometry":{"type":"Point","coordinates":[-0.456239,51.597865]}},{"id":"1286","type":"Feature","properties":{"layer":0},"geometry":{"type":"Point","coordinates":[0.078175,51.337132]}},{"id":"1287","type":"Feature","properties":{"layer":0},"geometry":{"type":"Point","coordinates":[-0.450629,51.498905]}},{"id":"1288","type":"Feature","properties":{"layer":0},"geometry":{"type":"Point","coordinates":[-0.019811,51.565885]}},{"id":"1289","type":"Feature","properties":{"layer":0},"geometry":{"type":"Point","coordinates":[0.128239,51.466452]}},{"id":"1290","type":"Feature","properties":{"layer":0},"geometry":{"type":"Point","coordinates":[-0.394417,51.497602]}},{"id":"1291","type":"Feature","properties":{"layer":0},"geometry":{"type":"Point","coordinates":[-0.240983,51.461602]}},{"id":"1292","type":"Feature","properties":{"layer":0},"geometry":{"type":"Point","coordinates":[-0.192633,51.434785]}},{"id":"1293","type":"Feature","properties":{"layer":0},"geometry":{"type":"Point","coordinates":[0.200938,51.544952]}},{"id":"1294","type":"Feature","properties":{"layer":0},"geometry":{"type":"Point","coordinates":[0.123837,51.489233]}},{"id":"1295","type":"Feature","properties":{"layer":0},"geometry":{"type":"Point","coordinates":[-0.037691,51.648451]}},{"id":"1296","type":"Feature","properties":{"layer":0},"geometry":{"type":"Point","coordinates":[-0.154483,51.571452]}},{"id":"1297","type":"Feature","properties":{"layer":0},"geometry":{"type":"Point","coordinates":[-0.125631,51.675734]}},{"id":"1298","type":"Feature","properties":{"layer":0},"geometry":{"type":"Point","coordinates":[0.08435,51.325759]}},{"id":"1299","type":"Feature","properties":{"layer":0},"geometry":{"type":"Point","coordinates":[-0.071469,51.545499]}},{"id":"1300","type":"Feature","properties":{"layer":0},"geometry":{"type":"Point","coordinates":[0.17473,51.596084]}},{"id":"1301","type":"Feature","properties":{"layer":0},"geometry":{"type":"Point","coordinates":[-0.44539,51.475943]}},{"id":"1302","type":"Feature","properties":{"layer":0},"geometry":{"type":"Point","coordinates":[-0.344094,51.483357]}},{"id":"1303","type":"Feature","properties":{"layer":0},"geometry":{"type":"Point","coordinates":[-0.056953,51.549416]}},{"id":"1304","type":"Feature","properties":{"layer":0},"geometry":{"type":"Point","coordinates":[-0.024205,51.573915]}},{"id":"1305","type":"Feature","properties":{"layer":0},"geometry":{"type":"Point","coordinates":[-0.074328,51.453212]}},{"id":"1306","type":"Feature","properties":{"layer":0},"geometry":{"type":"Point","coordinates":[-0.202084,51.541782]}},{"id":"1307","type":"Feature","properties":{"layer":0},"geometry":{"type":"Point","coordinates":[-0.037924,51.623124]}},{"id":"1308","type":"Feature","properties":{"layer":0},"geometry":{"type":"Point","coordinates":[-0.323135,51.445093]}},{"id":"1309","type":"Feature","properties":{"layer":0},"geometry":{"type":"Point","coordinates":[-0.239981,51.559782]}},{"id":"1310","type":"Feature","properties":{"layer":0},"geometry":{"type":"Point","coordinates":[0.184148,51.582694]}},{"id":"1311","type":"Feature","properties":{"layer":0},"geometry":{"type":"Point","coordinates":[-0.089537,51.389585]}},{"id":"1312","type":"Feature","properties":{"layer":0},"geometry":{"type":"Point","coordinates":[-0.046057,51.527774]}},{"id":"1313","type":"Feature","properties":{"layer":0},"geometry":{"type":"Point","coordinates":[0.04787,51.30628]}},{"id":"1314","type":"Feature","properties":{"layer":0},"geometry":{"type":"Point","coordinates":[-0.21464,51.543737]}},{"id":"1315","type":"Feature","properties":{"layer":0},"geometry":{"type":"Point","coordinates":[-0.120843,51.589638]}},{"id":"1316","type":"Feature","properties":{"layer":0},"geometry":{"type":"Point","coordinates":[-0.09971,51.557301]}},{"id":"1317","type":"Feature","properties":{"layer":0},"geometry":{"type":"Point","coordinates":[0.177735,51.443495]}},{"id":"1318","type":"Feature","properties":{"layer":0},"geometry":{"type":"Point","coordinates":[0.268826,51.583879]}},{"id":"1319","type":"Feature","properties":{"layer":0},"geometry":{"type":"Point","coordinates":[0.091053,51.507026]}},{"id":"1320","type":"Feature","properties":{"layer":0},"geometry":{"type":"Point","coordinates":[-0.124551,51.609897]}},{"id":"1321","type":"Feature","properties":{"layer":0},"geometry":{"type":"Point","coordinates":[-0.19737,51.473602]}},{"id":"1322","type":"Feature","properties":{"layer":0},"geometry":{"type":"Point","coordinates":[-0.425078,51.509465]}},{"id":"1323","type":"Feature","properties":{"layer":0},"geometry":{"type":"Point","coordinates":[-0.365473,51.431184]}},{"id":"1324","type":"Feature","properties":{"layer":0},"geometry":{"type":"Point","coordinates":[0.00549,51.506149]}},{"id":"1325","type":"Feature","properties":{"layer":0},"geometry":{"type":"Point","coordinates":[-0.003978,51.391445]}},{"id":"1326","type":"Feature","properties":{"layer":0},"geometry":{"type":"Point","coordinates":[-0.438639,51.564257]}},{"id":"1327","type":"Feature","properties":{"layer":0},"geometry":{"type":"Point","coordinates":[0.008762,51.478011]}},{"id":"1328","type":"Feature","properties":{"layer":0},"geometry":{"type":"Point","coordinates":[-0.220488,51.450527]}},{"id":"1329","type":"Feature","properties":{"layer":0},"geometry":{"type":"Point","coordinates":[-0.387948,51.535215]}},{"id":"1330","type":"Feature","properties":{"layer":0},"geometry":{"type":"Point","coordinates":[-0.026906,51.425387]}},{"id":"1331","type":"Feature","properties":{"layer":0},"geometry":{"type":"Point","coordinates":[-0.238152,51.401792]}},{"id":"1332","type":"Feature","properties":{"layer":0},"geometry":{"type":"Point","coordinates":[-0.169252,51.403353]}},{"id":"1333","type":"Feature","properties":{"layer":0},"geometry":{"type":"Point","coordinates":[-0.109119,51.520223]}},{"id":"1334","type":"Feature","properties":{"layer":0},"geometry":{"type":"Point","coordinates":[0.268614,51.595928]}},{"id":"1335","type":"Feature","properties":{"layer":0},"geometry":{"type":"Point","coordinates":[-0.259921,51.576139]}},{"id":"1336","type":"Feature","properties":{"layer":0},"geometry":{"type":"Point","coordinates":[-0.089568,51.590391]}},{"id":"1337","type":"Feature","properties":{"layer":0},"geometry":{"type":"Point","coordinates":[0.05318,51.370705]}},{"id":"1338","type":"Feature","properties":{"layer":0},"geometry":{"type":"Point","coordinates":[-0.01043,51.40251]}},{"id":"1339","type":"Feature","properties":{"layer":0},"geometry":{"type":"Point","coordinates":[-0.427875,51.501258]}},{"id":"1340","type":"Feature","properties":{"layer":0},"geometry":{"type":"Point","coordinates":[-0.078289,51.628865]}},{"id":"1341","type":"Feature","properties":{"layer":0},"geometry":{"type":"Point","coordinates":[-0.339359,51.523358]}},{"id":"1342","type":"Feature","properties":{"layer":0},"geometry":{"type":"Point","coordinates":[-0.401741,51.583042]}},{"id":"1343","type":"Feature","properties":{"layer":0},"geometry":{"type":"Point","coordinates":[-0.313921,51.498819]}},{"id":"1344","type":"Feature","properties":{"layer":0},"geometry":{"type":"Point","coordinates":[-0.114739,51.518152]}},{"id":"1345","type":"Feature","properties":{"layer":0},"geometry":{"type":"Point","coordinates":[0.228343,51.571961]}},{"id":"1346","type":"Feature","properties":{"layer":0},"geometry":{"type":"Point","coordinates":[0.196508,51.554101]}},{"id":"1347","type":"Feature","properties":{"layer":0},"geometry":{"type":"Point","coordinates":[-0.013545,51.421498]}},{"id":"1348","type":"Feature","properties":{"layer":0},"geometry":{"type":"Point","coordinates":[-0.127018,51.603437]}},{"id":"1349","type":"Feature","properties":{"layer":0},"geometry":{"type":"Point","coordinates":[-0.053474,51.432233]}},{"id":"1350","type":"Feature","properties":{"layer":0},"geometry":{"type":"Point","coordinates":[-0.027791,51.576596]}},{"id":"1351","type":"Feature","properties":{"layer":0},"geometry":{"type":"Point","coordinates":[-0.019423,51.50139]}},{"id":"1352","type":"Feature","properties":{"layer":0},"geometry":{"type":"Point","coordinates":[0.072952,51.35824]}},{"id":"1353","type":"Feature","properties":{"layer":0},"geometry":{"type":"Point","coordinates":[-0.23838,51.424295]}},{"id":"1354","type":"Feature","properties":{"layer":0},"geometry":{"type":"Point","coordinates":[-0.398779,51.546801]}},{"id":"1355","type":"Feature","properties":{"layer":0},"geometry":{"type":"Point","coordinates":[0.087105,51.587314]}},{"id":"1356","type":"Feature","properties":{"layer":0},"geometry":{"type":"Point","coordinates":[-0.094111,51.506706]}},{"id":"1357","type":"Feature","properties":{"layer":0},"geometry":{"type":"Point","coordinates":[0.098983,51.470366]}},{"id":"1358","type":"Feature","properties":{"layer":0},"geometry":{"type":"Point","coordinates":[-0.042242,51.430665]}},{"id":"1359","type":"Feature","properties":{"layer":0},"geometry":{"type":"Point","coordinates":[0.12103,51.473866]}},{"id":"1360","type":"Feature","properties":{"layer":0},"geometry":{"type":"Point","coordinates":[-0.43737,51.567039]}},{"id":"1361","type":"Feature","properties":{"layer":0},"geometry":{"type":"Point","coordinates":[-0.209499,51.424509]}},{"id":"1362","type":"Feature","properties":{"layer":0},"geometry":{"type":"Point","coordinates":[-0.141346,51.662046]}},{"id":"1363","type":"Feature","properties":{"layer":0},"geometry":{"type":"Point","coordinates":[-0.096043,51.472329]}},{"id":"1364","type":"Feature","properties":{"layer":0},"geometry":{"type":"Point","coordinates":[-0.183304,51.422078]}},{"id":"1365","type":"Feature","properties":{"layer":0},"geometry":{"type":"Point","coordinates":[-0.189847,51.56608]}},{"id":"1366","type":"Feature","properties":{"layer":0},"geometry":{"type":"Point","coordinates":[-0.298954,51.56096]}},{"id":"1367","type":"Feature","properties":{"layer":0},"geometry":{"type":"Point","coordinates":[-0.135496,51.582462]}},{"id":"1368","type":"Feature","properties":{"layer":0},"geometry":{"type":"Point","coordinates":[0.102188,51.425226]}},{"id":"1369","type":"Feature","properties":{"layer":0},"geometry":{"type":"Point","coordinates":[-0.070721,51.406488]}},{"id":"1370","type":"Feature","properties":{"layer":0},"geometry":{"type":"Point","coordinates":[-0.262587,51.621547]}},{"id":"1371","type":"Feature","properties":{"layer":0},"geometry":{"type":"Point","coordinates":[0.104193,51.437573]}},{"id":"1372","type":"Feature","properties":{"layer":0},"geometry":{"type":"Point","coordinates":[-0.13957,51.371402]}},{"id":"1373","type":"Feature","properties":{"layer":0},"geometry":{"type":"Point","coordinates":[-0.139783,51.558967]}},{"id":"1374","type":"Feature","properties":{"layer":0},"geometry":{"type":"Point","coordinates":[-0.059277,51.621677]}},{"id":"1375","type":"Feature","properties":{"layer":0},"geometry":{"type":"Point","coordinates":[-0.127688,51.439768]}},{"id":"1376","type":"Feature","properties":{"layer":0},"geometry":{"type":"Point","coordinates":[-0.039806,51.635662]}},{"id":"1377","type":"Feature","properties":{"layer":0},"geometry":{"type":"Point","coordinates":[0.020794,51.548224]}},{"id":"1378","type":"Feature","properties":{"layer":0},"geometry":{"type":"Point","coordinates":[-0.131148,51.435519]}},{"id":"1379","type":"Feature","properties":{"layer":0},"geometry":{"type":"Point","coordinates":[-0.100247,51.521895]}},{"id":"1380","type":"Feature","properties":{"layer":0},"geometry":{"type":"Point","coordinates":[-0.028282,51.656431]}},{"id":"1381","type":"Feature","properties":{"layer":0},"geometry":{"type":"Point","coordinates":[-0.117092,51.514487]}},{"id":"1382","type":"Feature","properties":{"layer":0},"geometry":{"type":"Point","coordinates":[-0.132223,51.350902]}},{"id":"1383","type":"Feature","properties":{"layer":0},"geometry":{"type":"Point","coordinates":[-0.093919,51.608456]}},{"id":"1384","type":"Feature","properties":{"layer":0},"geometry":{"type":"Point","coordinates":[-0.047015,51.449174]}},{"id":"1385","type":"Feature","properties":{"layer":0},"geometry":{"type":"Point","coordinates":[-0.114983,51.559085]}},{"id":"1386","type":"Feature","properties":{"layer":0},"geometry":{"type":"Point","coordinates":[0.086573,51.514916]}},{"id":"1387","type":"Feature","properties":{"layer":0},"geometry":{"type":"Point","coordinates":[0.064207,51.366126]}},{"id":"1388","type":"Feature","properties":{"layer":0},"geometry":{"type":"Point","coordinates":[-0.118495,51.663889]}},{"id":"1389","type":"Feature","properties":{"layer":0},"geometry":{"type":"Point","coordinates":[-0.321392,51.503833]}},{"id":"1390","type":"Feature","properties":{"layer":0},"geometry":{"type":"Point","coordinates":[-0.348215,51.457505]}},{"id":"1391","type":"Feature","properties":{"layer":0},"geometry":{"type":"Point","coordinates":[-0.229676,51.401579]}},{"id":"1392","type":"Feature","properties":{"layer":0},"geometry":{"type":"Point","coordinates":[-0.098362,51.367969]}},{"id":"1393","type":"Feature","properties":{"layer":0},"geometry":{"type":"Point","coordinates":[0.050764,51.562408]}},{"id":"1394","type":"Feature","properties":{"layer":0},"geometry":{"type":"Point","coordinates":[-0.259882,51.555596]}},{"id":"1395","type":"Feature","properties":{"layer":0},"geometry":{"type":"Point","coordinates":[0.140704,51.411959]}},{"id":"1396","type":"Feature","properties":{"layer":0},"geometry":{"type":"Point","coordinates":[-0.104146,51.297413]}},{"id":"1397","type":"Feature","properties":{"layer":0},"geometry":{"type":"Point","coordinates":[0.02147,51.53451]}},{"id":"1398","type":"Feature","properties":{"layer":0},"geometry":{"type":"Point","coordinates":[-0.135796,51.401245]}},{"id":"1399","type":"Feature","properties":{"layer":0},"geometry":{"type":"Point","coordinates":[-0.074811,51.566816]}},{"id":"1400","type":"Feature","properties":{"layer":0},"geometry":{"type":"Point","coordinates":[0.157331,51.460642]}},{"id":"1401","type":"Feature","properties":{"layer":0},"geometry":{"type":"Point","coordinates":[-0.169756,51.505557]}},{"id":"1402","type":"Feature","properties":{"layer":0},"geometry":{"type":"Point","coordinates":[-0.014711,51.610088]}},{"id":"1403","type":"Feature","properties":{"layer":0},"geometry":{"type":"Point","coordinates":[-0.155814,51.66942]}},{"id":"1404","type":"Feature","properties":{"layer":0},"geometry":{"type":"Point","coordinates":[0.046945,51.334747]}},{"id":"1405","type":"Feature","properties":{"layer":0},"geometry":{"type":"Point","coordinates":[0.202928,51.46674]}},{"id":"1406","type":"Feature","properties":{"layer":0},"geometry":{"type":"Point","coordinates":[-0.039108,51.490395]}},{"id":"1407","type":"Feature","properties":{"layer":0},"geometry":{"type":"Point","coordinates":[-0.1133,51.404283]}},{"id":"1408","type":"Feature","properties":{"layer":0},"geometry":{"type":"Point","coordinates":[0.051173,51.549771]}},{"id":"1409","type":"Feature","properties":{"layer":0},"geometry":{"type":"Point","coordinates":[-0.055545,51.474403]}},{"id":"1410","type":"Feature","properties":{"layer":0},"geometry":{"type":"Point","coordinates":[-0.134714,51.523724]}},{"id":"1411","type":"Feature","properties":{"layer":0},"geometry":{"type":"Point","coordinates":[-0.176532,51.519113]}},{"id":"1412","type":"Feature","properties":{"layer":0},"geometry":{"type":"Point","coordinates":[-0.260536,51.610561]}},{"id":"1413","type":"Feature","properties":{"layer":0},"geometry":{"type":"Point","coordinates":[-0.085806,51.479744]}},{"id":"1414","type":"Feature","properties":{"layer":0},"geometry":{"type":"Point","coordinates":[-0.092193,51.67676]}},{"id":"1415","type":"Feature","properties":{"layer":0},"geometry":{"type":"Point","coordinates":[0.121366,51.48783]}},{"id":"1416","type":"Feature","properties":{"layer":0},"geometry":{"type":"Point","coordinates":[-0.457082,51.546615]}},{"id":"1417","type":"Feature","properties":{"layer":0},"geometry":{"type":"Point","coordinates":[-0.081989,51.477754]}},{"id":"1418","type":"Feature","properties":{"layer":0},"geometry":{"type":"Point","coordinates":[-0.338622,51.59526]}},{"id":"1419","type":"Feature","properties":{"layer":0},"geometry":{"type":"Point","coordinates":[-0.044444,51.583624]}},{"id":"1420","type":"Feature","properties":{"layer":0},"geometry":{"type":"Point","coordinates":[-0.075326,51.390001]}},{"id":"1421","type":"Feature","properties":{"layer":0},"geometry":{"type":"Point","coordinates":[-0.03885,51.469381]}},{"id":"1422","type":"Feature","properties":{"layer":0},"geometry":{"type":"Point","coordinates":[-0.377214,51.525101]}},{"id":"1423","type":"Feature","properties":{"layer":0},"geometry":{"type":"Point","coordinates":[-0.033576,51.573187]}},{"id":"1424","type":"Feature","properties":{"layer":0},"geometry":{"type":"Point","coordinates":[-0.174601,51.458936]}},{"id":"1425","type":"Feature","properties":{"layer":0},"geometry":{"type":"Point","coordinates":[-0.470501,51.577164]}},{"id":"1426","type":"Feature","properties":{"layer":0},"geometry":{"type":"Point","coordinates":[-0.064771,51.578617]}},{"id":"1427","type":"Feature","properties":{"layer":0},"geometry":{"type":"Point","coordinates":[-0.073337,51.649536]}},{"id":"1428","type":"Feature","properties":{"layer":0},"geometry":{"type":"Point","coordinates":[0.070048,51.352664]}},{"id":"1429","type":"Feature","properties":{"layer":0},"geometry":{"type":"Point","coordinates":[0.15201,51.483804]}},{"id":"1430","type":"Feature","properties":{"layer":0},"geometry":{"type":"Point","coordinates":[-0.145131,51.357756]}},{"id":"1431","type":"Feature","properties":{"layer":0},"geometry":{"type":"Point","coordinates":[-0.395575,51.46015]}},{"id":"1432","type":"Feature","properties":{"layer":0},"geometry":{"type":"Point","coordinates":[-0.048445,51.348488]}},{"id":"1433","type":"Feature","properties":{"layer":0},"geometry":{"type":"Point","coordinates":[-0.060641,51.455402]}},{"id":"1434","type":"Feature","properties":{"layer":0},"geometry":{"type":"Point","coordinates":[-0.139145,51.59166]}},{"id":"1435","type":"Feature","properties":{"layer":0},"geometry":{"type":"Point","coordinates":[0.134824,51.44734]}},{"id":"1436","type":"Feature","properties":{"layer":0},"geometry":{"type":"Point","coordinates":[-0.350126,51.466081]}},{"id":"1437","type":"Feature","properties":{"layer":0},"geometry":{"type":"Point","coordinates":[-0.124037,51.369975]}},{"id":"1438","type":"Feature","properties":{"layer":0},"geometry":{"type":"Point","coordinates":[-0.104556,51.31187]}},{"id":"1439","type":"Feature","properties":{"layer":0},"geometry":{"type":"Point","coordinates":[-0.075524,51.417786]}},{"id":"1440","type":"Feature","properties":{"layer":0},"geometry":{"type":"Point","coordinates":[-0.045783,51.452514]}},{"id":"1441","type":"Feature","properties":{"layer":0},"geometry":{"type":"Point","coordinates":[-0.095343,51.330262]}},{"id":"1442","type":"Feature","properties":{"layer":0},"geometry":{"type":"Point","coordinates":[0.139775,51.432058]}},{"id":"1443","type":"Feature","properties":{"layer":0},"geometry":{"type":"Point","coordinates":[-0.213936,51.369392]}},{"id":"1444","type":"Feature","properties":{"layer":0},"geometry":{"type":"Point","coordinates":[-0.462889,51.614032]}},{"id":"1445","type":"Feature","properties":{"layer":0},"geometry":{"type":"Point","coordinates":[-0.137624,51.448346]}},{"id":"1446","type":"Feature","properties":{"layer":0},"geometry":{"type":"Point","coordinates":[0.188512,51.570753]}},{"id":"1447","type":"Feature","properties":{"layer":0},"geometry":{"type":"Point","coordinates":[0.05316,51.497725]}},{"id":"1448","type":"Feature","properties":{"layer":0},"geometry":{"type":"Point","coordinates":[-0.161933,51.423216]}},{"id":"1449","type":"Feature","properties":{"layer":0},"geometry":{"type":"Point","coordinates":[-0.166881,51.527988]}},{"id":"1450","type":"Feature","properties":{"layer":0},"geometry":{"type":"Point","coordinates":[-0.018164,51.569222]}},{"id":"1451","type":"Feature","properties":{"layer":0},"geometry":{"type":"Point","coordinates":[-0.276003,51.381933]}},{"id":"1452","type":"Feature","properties":{"layer":0},"geometry":{"type":"Point","coordinates":[-0.214651,51.368771]}},{"id":"1453","type":"Feature","properties":{"layer":0},"geometry":{"type":"Point","coordinates":[0.059946,51.604499]}},{"id":"1454","type":"Feature","properties":{"layer":0},"geometry":{"type":"Point","coordinates":[-0.198467,51.582673]}},{"id":"1455","type":"Feature","properties":{"layer":0},"geometry":{"type":"Point","coordinates":[0.14871,51.547159]}},{"id":"1456","type":"Feature","properties":{"layer":0},"geometry":{"type":"Point","coordinates":[-0.095494,51.560851]}},{"id":"1457","type":"Feature","properties":{"layer":0},"geometry":{"type":"Point","coordinates":[-0.350313,51.47992]}},{"id":"1458","type":"Feature","properties":{"layer":0},"geometry":{"type":"Point","coordinates":[0.010687,51.337882]}},{"id":"1459","type":"Feature","properties":{"layer":0},"geometry":{"type":"Point","coordinates":[-0.033821,51.509565]}},{"id":"1460","type":"Feature","properties":{"layer":0},"geometry":{"type":"Point","coordinates":[-0.159905,51.361847]}},{"id":"1461","type":"Feature","properties":{"layer":0},"geometry":{"type":"Point","coordinates":[-0.034521,51.381974]}},{"id":"1462","type":"Feature","properties":{"layer":0},"geometry":{"type":"Point","coordinates":[0.137657,51.385687]}},{"id":"1463","type":"Feature","properties":{"layer":0},"geometry":{"type":"Point","coordinates":[-0.044911,51.349759]}},{"id":"1464","type":"Feature","properties":{"layer":0},"geometry":{"type":"Point","coordinates":[0.137398,51.515329]}},{"id":"1465","type":"Feature","properties":{"layer":0},"geometry":{"type":"Point","coordinates":[-0.086729,51.62783]}},{"id":"1466","type":"Feature","properties":{"layer":0},"geometry":{"type":"Point","coordinates":[0.02788,51.569501]}},{"id":"1467","type":"Feature","properties":{"layer":0},"geometry":{"type":"Point","coordinates":[-0.430535,51.534422]}},{"id":"1468","type":"Feature","properties":{"layer":0},"geometry":{"type":"Point","coordinates":[0.17614,51.593159]}},{"id":"1469","type":"Feature","properties":{"layer":0},"geometry":{"type":"Point","coordinates":[-0.178809,51.409381]}},{"id":"1470","type":"Feature","properties":{"layer":0},"geometry":{"type":"Point","coordinates":[-0.415071,51.47361]}},{"id":"1471","type":"Feature","properties":{"layer":0},"geometry":{"type":"Point","coordinates":[-0.200127,51.64659]}},{"id":"1472","type":"Feature","properties":{"layer":0},"geometry":{"type":"Point","coordinates":[-0.05642,51.379937]}},{"id":"1473","type":"Feature","properties":{"layer":0},"geometry":{"type":"Point","coordinates":[0.104172,51.37775]}},{"id":"1474","type":"Feature","properties":{"layer":0},"geometry":{"type":"Point","coordinates":[-0.041395,51.507724]}},{"id":"1475","type":"Feature","properties":{"layer":0},"geometry":{"type":"Point","coordinates":[0.16354,51.468758]}},{"id":"1476","type":"Feature","properties":{"layer":0},"geometry":{"type":"Point","coordinates":[0.157388,51.396988]}},{"id":"1477","type":"Feature","properties":{"layer":0},"geometry":{"type":"Point","coordinates":[-0.193175,51.507247]}},{"id":"1478","type":"Feature","properties":{"layer":0},"geometry":{"type":"Point","coordinates":[-0.214714,51.373553]}},{"id":"1479","type":"Feature","properties":{"layer":0},"geometry":{"type":"Point","coordinates":[-0.216733,51.399292]}},{"id":"1480","type":"Feature","properties":{"layer":0},"geometry":{"type":"Point","coordinates":[-0.115529,51.480641]}},{"id":"1481","type":"Feature","properties":{"layer":0},"geometry":{"type":"Point","coordinates":[-0.25072,51.510194]}},{"id":"1482","type":"Feature","properties":{"layer":0},"geometry":{"type":"Point","coordinates":[-0.09903,51.368936]}},{"id":"1483","type":"Feature","properties":{"layer":0},"geometry":{"type":"Point","coordinates":[0.065267,51.575701]}},{"id":"1484","type":"Feature","properties":{"layer":0},"geometry":{"type":"Point","coordinates":[-0.380207,51.559039]}},{"id":"1485","type":"Feature","properties":{"layer":0},"geometry":{"type":"Point","coordinates":[-0.283763,51.40982]}},{"id":"1486","type":"Feature","properties":{"layer":0},"geometry":{"type":"Point","coordinates":[0.131451,51.56762]}},{"id":"1487","type":"Feature","properties":{"layer":0},"geometry":{"type":"Point","coordinates":[-0.265123,51.620062]}},{"id":"1488","type":"Feature","properties":{"layer":0},"geometry":{"type":"Point","coordinates":[0.164348,51.443352]}},{"id":"1489","type":"Feature","properties":{"layer":0},"geometry":{"type":"Point","coordinates":[-0.29003,51.420998]}},{"id":"1490","type":"Feature","properties":{"layer":0},"geometry":{"type":"Point","coordinates":[-0.320989,51.489293]}},{"id":"1491","type":"Feature","properties":{"layer":0},"geometry":{"type":"Point","coordinates":[-0.042505,51.529668]}},{"id":"1492","type":"Feature","properties":{"layer":0},"geometry":{"type":"Point","coordinates":[-0.30674,51.459889]}},{"id":"1493","type":"Feature","properties":{"layer":0},"geometry":{"type":"Point","coordinates":[-0.331694,51.468538]}},{"id":"1494","type":"Feature","properties":{"layer":0},"geometry":{"type":"Point","coordinates":[-0.010954,51.433234]}},{"id":"1495","type":"Feature","properties":{"layer":0},"geometry":{"type":"Point","coordinates":[-0.00846,51.487609]}},{"id":"1496","type":"Feature","properties":{"layer":0},"geometry":{"type":"Point","coordinates":[0.096896,51.468403]}},{"id":"1497","type":"Feature","properties":{"layer":0},"geometry":{"type":"Point","coordinates":[0.074346,51.597916]}},{"id":"1498","type":"Feature","properties":{"layer":0},"geometry":{"type":"Point","coordinates":[-0.049274,51.520246]}},{"id":"1499","type":"Feature","properties":{"layer":0},"geometry":{"type":"Point","coordinates":[-0.436859,51.508544]}},{"id":"1500","type":"Feature","properties":{"layer":0},"geometry":{"type":"Point","coordinates":[-0.092026,51.490406]}},{"id":"1501","type":"Feature","properties":{"layer":0},"geometry":{"type":"Point","coordinates":[-0.270841,51.483043]}},{"id":"1502","type":"Feature","properties":{"layer":0},"geometry":{"type":"Point","coordinates":[0.112118,51.479733]}},{"id":"1503","type":"Feature","properties":{"layer":0},"geometry":{"type":"Point","coordinates":[-0.074868,51.339275]}},{"id":"1504","type":"Feature","properties":{"layer":0},"geometry":{"type":"Point","coordinates":[-0.006029,51.51187]}},{"id":"1505","type":"Feature","properties":{"layer":0},"geometry":{"type":"Point","coordinates":[0.178912,51.596672]}},{"id":"1506","type":"Feature","properties":{"layer":0},"geometry":{"type":"Point","coordinates":[-0.115253,51.417052]}},{"id":"1507","type":"Feature","properties":{"layer":0},"geometry":{"type":"Point","coordinates":[-0.026725,51.470065]}},{"id":"1508","type":"Feature","properties":{"layer":0},"geometry":{"type":"Point","coordinates":[0.060985,51.398643]}},{"id":"1509","type":"Feature","properties":{"layer":0},"geometry":{"type":"Point","coordinates":[-0.076168,51.620669]}},{"id":"1510","type":"Feature","properties":{"layer":0},"geometry":{"type":"Point","coordinates":[0.149654,51.495525]}},{"id":"1511","type":"Feature","properties":{"layer":0},"geometry":{"type":"Point","coordinates":[0.073494,51.322002]}},{"id":"1512","type":"Feature","properties":{"layer":0},"geometry":{"type":"Point","coordinates":[-0.142885,51.47176]}},{"id":"1513","type":"Feature","properties":{"layer":0},"geometry":{"type":"Point","coordinates":[-0.108627,51.456206]}},{"id":"1514","type":"Feature","properties":{"layer":0},"geometry":{"type":"Point","coordinates":[-0.058228,51.54531]}},{"id":"1515","type":"Feature","properties":{"layer":0},"geometry":{"type":"Point","coordinates":[-0.217765,51.39851]}},{"id":"1516","type":"Feature","properties":{"layer":0},"geometry":{"type":"Point","coordinates":[0.111519,51.450622]}},{"id":"1517","type":"Feature","properties":{"layer":0},"geometry":{"type":"Point","coordinates":[-0.126918,51.522449]}},{"id":"1518","type":"Feature","properties":{"layer":0},"geometry":{"type":"Point","coordinates":[-0.09588,51.409578]}},{"id":"1519","type":"Feature","properties":{"layer":0},"geometry":{"type":"Point","coordinates":[-0.207782,51.551016]}},{"id":"1520","type":"Feature","properties":{"layer":0},"geometry":{"type":"Point","coordinates":[-0.353746,51.492669]}},{"id":"1521","type":"Feature","properties":{"layer":0},"geometry":{"type":"Point","coordinates":[-0.102244,51.662452]}},{"id":"1522","type":"Feature","properties":{"layer":0},"geometry":{"type":"Point","coordinates":[-0.079632,51.594761]}},{"id":"1523","type":"Feature","properties":{"layer":0},"geometry":{"type":"Point","coordinates":[0.149091,51.369821]}},{"id":"1524","type":"Feature","properties":{"layer":0},"geometry":{"type":"Point","coordinates":[-0.068697,51.476094]}},{"id":"1525","type":"Feature","properties":{"layer":0},"geometry":{"type":"Point","coordinates":[-0.280827,51.63099]}},{"id":"1526","type":"Feature","properties":{"layer":0},"geometry":{"type":"Point","coordinates":[-0.274841,51.38828]}},{"id":"1527","type":"Feature","properties":{"layer":0},"geometry":{"type":"Point","coordinates":[-0.367261,51.508151]}},{"id":"1528","type":"Feature","properties":{"layer":0},"geometry":{"type":"Point","coordinates":[0.086673,51.457742]}},{"id":"1529","type":"Feature","properties":{"layer":0},"geometry":{"type":"Point","coordinates":[-0.147622,51.489973]}},{"id":"1530","type":"Feature","properties":{"layer":0},"geometry":{"type":"Point","coordinates":[-0.235763,51.438644]}},{"id":"1531","type":"Feature","properties":{"layer":0},"geometry":{"type":"Point","coordinates":[-0.067145,51.553546]}},{"id":"1532","type":"Feature","properties":{"layer":0},"geometry":{"type":"Point","coordinates":[-0.129023,51.337675]}},{"id":"1533","type":"Feature","properties":{"layer":0},"geometry":{"type":"Point","coordinates":[-0.068995,51.597399]}},{"id":"1534","type":"Feature","properties":{"layer":0},"geometry":{"type":"Point","coordinates":[0.212459,51.545278]}},{"id":"1535","type":"Feature","properties":{"layer":0},"geometry":{"type":"Point","coordinates":[-0.029145,51.610029]}},{"id":"1536","type":"Feature","properties":{"layer":0},"geometry":{"type":"Point","coordinates":[-0.173948,51.550403]}},{"id":"1537","type":"Feature","properties":{"layer":0},"geometry":{"type":"Point","coordinates":[-0.053468,51.526087]}},{"id":"1538","type":"Feature","properties":{"layer":0},"geometry":{"type":"Point","coordinates":[-0.344881,51.447771]}},{"id":"1539","type":"Feature","properties":{"layer":0},"geometry":{"type":"Point","coordinates":[-0.339335,51.485823]}},{"id":"1540","type":"Feature","properties":{"layer":0},"geometry":{"type":"Point","coordinates":[0.037827,51.316607]}},{"id":"1541","type":"Feature","properties":{"layer":0},"geometry":{"type":"Point","coordinates":[-0.051386,51.53552]}},{"id":"1542","type":"Feature","properties":{"layer":0},"geometry":{"type":"Point","coordinates":[-0.451562,51.526113]}},{"id":"1543","type":"Feature","properties":{"layer":0},"geometry":{"type":"Point","coordinates":[0.200633,51.582516]}},{"id":"1544","type":"Feature","properties":{"layer":0},"geometry":{"type":"Point","coordinates":[-0.132503,51.621985]}},{"id":"1545","type":"Feature","properties":{"layer":0},"geometry":{"type":"Point","coordinates":[-0.281237,51.605938]}},{"id":"1546","type":"Feature","properties":{"layer":0},"geometry":{"type":"Point","coordinates":[0.019431,51.631339]}},{"id":"1547","type":"Feature","properties":{"layer":0},"geometry":{"type":"Point","coordinates":[-0.288252,51.600293]}},{"id":"1548","type":"Feature","properties":{"layer":0},"geometry":{"type":"Point","coordinates":[-0.351387,51.531928]}},{"id":"1549","type":"Feature","properties":{"layer":0},"geometry":{"type":"Point","coordinates":[-0.233983,51.465445]}},{"id":"1550","type":"Feature","properties":{"layer":0},"geometry":{"type":"Point","coordinates":[-0.202411,51.544892]}},{"id":"1551","type":"Feature","properties":{"layer":0},"geometry":{"type":"Point","coordinates":[-0.11738,51.526772]}},{"id":"1552","type":"Feature","properties":{"layer":0},"geometry":{"type":"Point","coordinates":[-0.115011,51.386604]}},{"id":"1553","type":"Feature","properties":{"layer":0},"geometry":{"type":"Point","coordinates":[0.057784,51.374317]}},{"id":"1554","type":"Feature","properties":{"layer":0},"geometry":{"type":"Point","coordinates":[0.307891,51.541222]}},{"id":"1555","type":"Feature","properties":{"layer":0},"geometry":{"type":"Point","coordinates":[-0.139296,51.602838]}},{"id":"1556","type":"Feature","properties":{"layer":0},"geometry":{"type":"Point","coordinates":[-0.086811,51.635145]}},{"id":"1557","type":"Feature","properties":{"layer":0},"geometry":{"type":"Point","coordinates":[-0.125526,51.479345]}},{"id":"1558","type":"Feature","properties":{"layer":0},"geometry":{"type":"Point","coordinates":[-0.119514,51.459805]}},{"id":"1559","type":"Feature","properties":{"layer":0},"geometry":{"type":"Point","coordinates":[0.077527,51.452492]}},{"id":"1560","type":"Feature","properties":{"layer":0},"geometry":{"type":"Point","coordinates":[-0.344007,51.468847]}},{"id":"1561","type":"Feature","properties":{"layer":0},"geometry":{"type":"Point","coordinates":[-0.085733,51.402323]}},{"id":"1562","type":"Feature","properties":{"layer":0},"geometry":{"type":"Point","coordinates":[-0.165395,51.344389]}},{"id":"1563","type":"Feature","properties":{"layer":0},"geometry":{"type":"Point","coordinates":[-0.221456,51.441769]}},{"id":"1564","type":"Feature","properties":{"layer":0},"geometry":{"type":"Point","coordinates":[-0.012332,51.52688]}},{"id":"1565","type":"Feature","properties":{"layer":0},"geometry":{"type":"Point","coordinates":[0.007881,51.559468]}},{"id":"1566","type":"Feature","properties":{"layer":0},"geometry":{"type":"Point","coordinates":[-0.118165,51.343703]}},{"id":"1567","type":"Feature","properties":{"layer":0},"geometry":{"type":"Point","coordinates":[-0.466356,51.521243]}},{"id":"1568","type":"Feature","properties":{"layer":0},"geometry":{"type":"Point","coordinates":[0.045967,51.346567]}},{"id":"1569","type":"Feature","properties":{"layer":0},"geometry":{"type":"Point","coordinates":[-0.226109,51.640414]}},{"id":"1570","type":"Feature","properties":{"layer":0},"geometry":{"type":"Point","coordinates":[-0.067117,51.348538]}},{"id":"1571","type":"Feature","properties":{"layer":0},"geometry":{"type":"Point","coordinates":[-0.414434,51.509385]}},{"id":"1572","type":"Feature","properties":{"layer":0},"geometry":{"type":"Point","coordinates":[-0.192113,51.561138]}},{"id":"1573","type":"Feature","properties":{"layer":0},"geometry":{"type":"Point","coordinates":[0.131345,51.500929]}},{"id":"1574","type":"Feature","properties":{"layer":0},"geometry":{"type":"Point","coordinates":[0.200326,51.621046]}},{"id":"1575","type":"Feature","properties":{"layer":0},"geometry":{"type":"Point","coordinates":[-0.041432,51.372864]}},{"id":"1576","type":"Feature","properties":{"layer":0},"geometry":{"type":"Point","coordinates":[-0.04109,51.419335]}},{"id":"1577","type":"Feature","properties":{"layer":0},"geometry":{"type":"Point","coordinates":[0.148533,51.44333]}},{"id":"1578","type":"Feature","properties":{"layer":0},"geometry":{"type":"Point","coordinates":[-0.035286,51.587802]}},{"id":"1579","type":"Feature","properties":{"layer":0},"geometry":{"type":"Point","coordinates":[-0.088709,51.545639]}},{"id":"1580","type":"Feature","properties":{"layer":0},"geometry":{"type":"Point","coordinates":[-0.290234,51.402216]}},{"id":"1581","type":"Feature","properties":{"layer":0},"geometry":{"type":"Point","coordinates":[-0.327617,51.437108]}},{"id":"1582","type":"Feature","properties":{"layer":0},"geometry":{"type":"Point","coordinates":[-0.336532,51.624219]}},{"id":"1583","type":"Feature","properties":{"layer":0},"geometry":{"type":"Point","coordinates":[-0.223337,51.555069]}},{"id":"1584","type":"Feature","properties":{"layer":0},"geometry":{"type":"Point","coordinates":[-0.216678,51.424754]}},{"id":"1585","type":"Feature","properties":{"layer":0},"geometry":{"type":"Point","coordinates":[-0.026075,51.601453]}},{"id":"1586","type":"Feature","properties":{"layer":0},"geometry":{"type":"Point","coordinates":[-0.180854,51.528528]}},{"id":"1587","type":"Feature","properties":{"layer":0},"geometry":{"type":"Point","coordinates":[0.021589,51.508926]}},{"id":"1588","type":"Feature","properties":{"layer":0},"geometry":{"type":"Point","coordinates":[-0.054786,51.50191]}},{"id":"1589","type":"Feature","properties":{"layer":0},"geometry":{"type":"Point","coordinates":[-0.100285,51.60891]}},{"id":"1590","type":"Feature","properties":{"layer":0},"geometry":{"type":"Point","coordinates":[-0.232884,51.582795]}},{"id":"1591","type":"Feature","properties":{"layer":0},"geometry":{"type":"Point","coordinates":[-0.178744,51.416937]}},{"id":"1592","type":"Feature","properties":{"layer":0},"geometry":{"type":"Point","coordinates":[-0.47047,51.587495]}},{"id":"1593","type":"Feature","properties":{"layer":0},"geometry":{"type":"Point","coordinates":[-0.164306,51.535257]}},{"id":"1594","type":"Feature","properties":{"layer":0},"geometry":{"type":"Point","coordinates":[0.031772,51.38175]}},{"id":"1595","type":"Feature","properties":{"layer":0},"geometry":{"type":"Point","coordinates":[0.040762,51.565798]}},{"id":"1596","type":"Feature","properties":{"layer":0},"geometry":{"type":"Point","coordinates":[0.009565,51.610955]}},{"id":"1597","type":"Feature","properties":{"layer":0},"geometry":{"type":"Point","coordinates":[0.070526,51.330654]}},{"id":"1598","type":"Feature","properties":{"layer":0},"geometry":{"type":"Point","coordinates":[0.156622,51.494193]}},{"id":"1599","type":"Feature","properties":{"layer":0},"geometry":{"type":"Point","coordinates":[0.180507,51.503398]}},{"id":"1600","type":"Feature","properties":{"layer":0},"geometry":{"type":"Point","coordinates":[-0.267846,51.57895]}},{"id":"1601","type":"Feature","properties":{"layer":0},"geometry":{"type":"Point","coordinates":[0.013095,51.402317]}},{"id":"1602","type":"Feature","properties":{"layer":0},"geometry":{"type":"Point","coordinates":[-0.1838,51.385964]}},{"id":"1603","type":"Feature","properties":{"layer":0},"geometry":{"type":"Point","coordinates":[0.055773,51.467339]}},{"id":"1604","type":"Feature","properties":{"layer":0},"geometry":{"type":"Point","coordinates":[0.083463,51.45898]}},{"id":"1605","type":"Feature","properties":{"layer":0},"geometry":{"type":"Point","coordinates":[-0.195449,51.444293]}},{"id":"1606","type":"Feature","properties":{"layer":0},"geometry":{"type":"Point","coordinates":[-0.280092,51.502326]}},{"id":"1607","type":"Feature","properties":{"layer":0},"geometry":{"type":"Point","coordinates":[-0.01624,51.44269]}},{"id":"1608","type":"Feature","properties":{"layer":0},"geometry":{"type":"Point","coordinates":[-0.279187,51.557541]}},{"id":"1609","type":"Feature","properties":{"layer":0},"geometry":{"type":"Point","coordinates":[-0.111618,51.527132]}},{"id":"1610","type":"Feature","properties":{"layer":0},"geometry":{"type":"Point","coordinates":[-0.014392,51.394591]}},{"id":"1611","type":"Feature","properties":{"layer":0},"geometry":{"type":"Point","coordinates":[-0.238404,51.620625]}},{"id":"1612","type":"Feature","properties":{"layer":0},"geometry":{"type":"Point","coordinates":[-0.154431,51.616923]}},{"id":"1613","type":"Feature","properties":{"layer":0},"geometry":{"type":"Point","coordinates":[-0.097118,51.613491]}},{"id":"1614","type":"Feature","properties":{"layer":0},"geometry":{"type":"Point","coordinates":[0.180084,51.567569]}},{"id":"1615","type":"Feature","properties":{"layer":0},"geometry":{"type":"Point","coordinates":[-0.136872,51.546222]}},{"id":"1616","type":"Feature","properties":{"layer":0},"geometry":{"type":"Point","coordinates":[-0.067717,51.659262]}},{"id":"1617","type":"Feature","properties":{"layer":0},"geometry":{"type":"Point","coordinates":[0.007076,51.443457]}},{"id":"1618","type":"Feature","properties":{"layer":0},"geometry":{"type":"Point","coordinates":[0.005816,51.456272]}},{"id":"1619","type":"Feature","properties":{"layer":0},"geometry":{"type":"Point","coordinates":[-0.458358,51.570763]}},{"id":"1620","type":"Feature","properties":{"layer":0},"geometry":{"type":"Point","coordinates":[-0.209795,51.394523]}},{"id":"1621","type":"Feature","properties":{"layer":0},"geometry":{"type":"Point","coordinates":[-0.216758,51.49162]}},{"id":"1622","type":"Feature","properties":{"layer":0},"geometry":{"type":"Point","coordinates":[-0.403667,51.607592]}},{"id":"1623","type":"Feature","properties":{"layer":0},"geometry":{"type":"Point","coordinates":[-0.146803,51.402595]}},{"id":"1624","type":"Feature","properties":{"layer":0},"geometry":{"type":"Point","coordinates":[-0.142662,51.481008]}},{"id":"1625","type":"Feature","properties":{"layer":0},"geometry":{"type":"Point","coordinates":[-0.355845,51.580377]}},{"id":"1626","type":"Feature","properties":{"layer":0},"geometry":{"type":"Point","coordinates":[-0.246899,51.422504]}},{"id":"1627","type":"Feature","properties":{"layer":0},"geometry":{"type":"Point","coordinates":[-0.210346,51.498857]}},{"id":"1628","type":"Feature","properties":{"layer":0},"geometry":{"type":"Point","coordinates":[-0.012467,51.50649]}},{"id":"1629","type":"Feature","properties":{"layer":0},"geometry":{"type":"Point","coordinates":[0.095141,51.469935]}},{"id":"1630","type":"Feature","properties":{"layer":0},"geometry":{"type":"Point","coordinates":[0.106569,51.548894]}},{"id":"1631","type":"Feature","properties":{"layer":0},"geometry":{"type":"Point","coordinates":[0.051991,51.332105]}},{"id":"1632","type":"Feature","properties":{"layer":0},"geometry":{"type":"Point","coordinates":[0.025196,51.56067]}},{"id":"1633","type":"Feature","properties":{"layer":0},"geometry":{"type":"Point","coordinates":[-0.136788,51.431319]}},{"id":"1634","type":"Feature","properties":{"layer":0},"geometry":{"type":"Point","coordinates":[0.070916,51.560874]}},{"id":"1635","type":"Feature","properties":{"layer":0},"geometry":{"type":"Point","coordinates":[0.136837,51.560485]}},{"id":"1636","type":"Feature","properties":{"layer":0},"geometry":{"type":"Point","coordinates":[-0.238737,51.530663]}},{"id":"1637","type":"Feature","properties":{"layer":0},"geometry":{"type":"Point","coordinates":[-0.383078,51.499766]}},{"id":"1638","type":"Feature","properties":{"layer":0},"geometry":{"type":"Point","coordinates":[-0.403658,51.504383]}},{"id":"1639","type":"Feature","properties":{"layer":0},"geometry":{"type":"Point","coordinates":[-0.394706,51.476811]}},{"id":"1640","type":"Feature","properties":{"layer":0},"geometry":{"type":"Point","coordinates":[-0.325016,51.629108]}},{"id":"1641","type":"Feature","properties":{"layer":0},"geometry":{"type":"Point","coordinates":[-0.330276,51.472606]}},{"id":"1642","type":"Feature","properties":{"layer":0},"geometry":{"type":"Point","coordinates":[-0.07972,51.600964]}},{"id":"1643","type":"Feature","properties":{"layer":0},"geometry":{"type":"Point","coordinates":[-0.259495,51.565652]}},{"id":"1644","type":"Feature","properties":{"layer":0},"geometry":{"type":"Point","coordinates":[0.257725,51.568516]}},{"id":"1645","type":"Feature","properties":{"layer":0},"geometry":{"type":"Point","coordinates":[-0.036937,51.472358]}},{"id":"1646","type":"Feature","properties":{"layer":0},"geometry":{"type":"Point","coordinates":[0.071561,51.372707]}},{"id":"1647","type":"Feature","properties":{"layer":0},"geometry":{"type":"Point","coordinates":[0.037685,51.53527]}},{"id":"1648","type":"Feature","properties":{"layer":0},"geometry":{"type":"Point","coordinates":[0.054595,51.59217]}},{"id":"1649","type":"Feature","properties":{"layer":0},"geometry":{"type":"Point","coordinates":[0.078071,51.571876]}},{"id":"1650","type":"Feature","properties":{"layer":0},"geometry":{"type":"Point","coordinates":[0.030116,51.533045]}},{"id":"1651","type":"Feature","properties":{"layer":0},"geometry":{"type":"Point","coordinates":[-0.01901,51.44484]}},{"id":"1652","type":"Feature","properties":{"layer":0},"geometry":{"type":"Point","coordinates":[-0.057604,51.476769]}},{"id":"1653","type":"Feature","properties":{"layer":0},"geometry":{"type":"Point","coordinates":[-0.000282,51.466817]}},{"id":"1654","type":"Feature","properties":{"layer":0},"geometry":{"type":"Point","coordinates":[-0.030936,51.349824]}},{"id":"1655","type":"Feature","properties":{"layer":0},"geometry":{"type":"Point","coordinates":[-0.451792,51.472293]}},{"id":"1656","type":"Feature","properties":{"layer":0},"geometry":{"type":"Point","coordinates":[-0.1555,51.511483]}},{"id":"1657","type":"Feature","properties":{"layer":0},"geometry":{"type":"Point","coordinates":[-0.454206,51.582001]}},{"id":"1658","type":"Feature","properties":{"layer":0},"geometry":{"type":"Point","coordinates":[-0.158683,51.341698]}},{"id":"1659","type":"Feature","properties":{"layer":0},"geometry":{"type":"Point","coordinates":[-0.063721,51.351596]}},{"id":"1660","type":"Feature","properties":{"layer":0},"geometry":{"type":"Point","coordinates":[-0.454971,51.596842]}},{"id":"1661","type":"Feature","properties":{"layer":0},"geometry":{"type":"Point","coordinates":[0.041027,51.603705]}},{"id":"1662","type":"Feature","properties":{"layer":0},"geometry":{"type":"Point","coordinates":[-0.298804,51.592279]}},{"id":"1663","type":"Feature","properties":{"layer":0},"geometry":{"type":"Point","coordinates":[-0.431492,51.435143]}},{"id":"1664","type":"Feature","properties":{"layer":0},"geometry":{"type":"Point","coordinates":[-0.466961,51.568428]}},{"id":"1665","type":"Feature","properties":{"layer":0},"geometry":{"type":"Point","coordinates":[-0.110752,51.358139]}},{"id":"1666","type":"Feature","properties":{"layer":0},"geometry":{"type":"Point","coordinates":[0.052441,51.408819]}},{"id":"1667","type":"Feature","properties":{"layer":0},"geometry":{"type":"Point","coordinates":[0.010124,51.607242]}},{"id":"1668","type":"Feature","properties":{"layer":0},"geometry":{"type":"Point","coordinates":[0.032534,51.54421]}},{"id":"1669","type":"Feature","properties":{"layer":0},"geometry":{"type":"Point","coordinates":[-0.378321,51.570705]}},{"id":"1670","type":"Feature","properties":{"layer":0},"geometry":{"type":"Point","coordinates":[-0.177832,51.524083]}},{"id":"1671","type":"Feature","properties":{"layer":0},"geometry":{"type":"Point","coordinates":[-0.114289,51.496879]}},{"id":"1672","type":"Feature","properties":{"layer":0},"geometry":{"type":"Point","coordinates":[-0.154374,51.564852]}},{"id":"1673","type":"Feature","properties":{"layer":0},"geometry":{"type":"Point","coordinates":[0.042995,51.574872]}},{"id":"1674","type":"Feature","properties":{"layer":0},"geometry":{"type":"Point","coordinates":[-0.137782,51.557111]}},{"id":"1675","type":"Feature","properties":{"layer":0},"geometry":{"type":"Point","coordinates":[-0.295393,51.607013]}},{"id":"1676","type":"Feature","properties":{"layer":0},"geometry":{"type":"Point","coordinates":[-0.147343,51.415302]}},{"id":"1677","type":"Feature","properties":{"layer":0},"geometry":{"type":"Point","coordinates":[-0.055001,51.455725]}},{"id":"1678","type":"Feature","properties":{"layer":0},"geometry":{"type":"Point","coordinates":[-0.275003,51.613298]}},{"id":"1679","type":"Feature","properties":{"layer":0},"geometry":{"type":"Point","coordinates":[-0.120019,51.421881]}},{"id":"1680","type":"Feature","properties":{"layer":0},"geometry":{"type":"Point","coordinates":[-0.12071,51.317084]}},{"id":"1681","type":"Feature","properties":{"layer":0},"geometry":{"type":"Point","coordinates":[0.054319,51.528733]}},{"id":"1682","type":"Feature","properties":{"layer":0},"geometry":{"type":"Point","coordinates":[-0.089346,51.470024]}},{"id":"1683","type":"Feature","properties":{"layer":0},"geometry":{"type":"Point","coordinates":[-0.079496,51.480034]}},{"id":"1684","type":"Feature","properties":{"layer":0},"geometry":{"type":"Point","coordinates":[-0.264033,51.396223]}},{"id":"1685","type":"Feature","properties":{"layer":0},"geometry":{"type":"Point","coordinates":[0.234926,51.514891]}},{"id":"1686","type":"Feature","properties":{"layer":0},"geometry":{"type":"Point","coordinates":[-0.219099,51.412332]}},{"id":"1687","type":"Feature","properties":{"layer":0},"geometry":{"type":"Point","coordinates":[-0.068215,51.45171]}},{"id":"1688","type":"Feature","properties":{"layer":0},"geometry":{"type":"Point","coordinates":[-0.100152,51.320477]}},{"id":"1689","type":"Feature","properties":{"layer":0},"geometry":{"type":"Point","coordinates":[0.14792,51.622532]}},{"id":"1690","type":"Feature","properties":{"layer":0},"geometry":{"type":"Point","coordinates":[-0.183538,51.482582]}},{"id":"1691","type":"Feature","properties":{"layer":0},"geometry":{"type":"Point","coordinates":[-0.428107,51.44248]}},{"id":"1692","type":"Feature","properties":{"layer":0},"geometry":{"type":"Point","coordinates":[-0.41465,51.590261]}},{"id":"1693","type":"Feature","properties":{"layer":0},"geometry":{"type":"Point","coordinates":[-0.200021,51.396127]}},{"id":"1694","type":"Feature","properties":{"layer":0},"geometry":{"type":"Point","coordinates":[-0.183127,51.537094]}},{"id":"1695","type":"Feature","properties":{"layer":0},"geometry":{"type":"Point","coordinates":[-0.156618,51.565404]}},{"id":"1696","type":"Feature","properties":{"layer":0},"geometry":{"type":"Point","coordinates":[0.166238,51.468367]}},{"id":"1697","type":"Feature","properties":{"layer":0},"geometry":{"type":"Point","coordinates":[-0.308951,51.413997]}},{"id":"1698","type":"Feature","properties":{"layer":0},"geometry":{"type":"Point","coordinates":[-0.395963,51.503477]}},{"id":"1699","type":"Feature","properties":{"layer":0},"geometry":{"type":"Point","coordinates":[-0.001712,51.429571]}},{"id":"1700","type":"Feature","properties":{"layer":0},"geometry":{"type":"Point","coordinates":[-0.298805,51.459985]}},{"id":"1701","type":"Feature","properties":{"layer":0},"geometry":{"type":"Point","coordinates":[0.058129,51.471716]}},{"id":"1702","type":"Feature","properties":{"layer":0},"geometry":{"type":"Point","coordinates":[-0.063117,51.324444]}},{"id":"1703","type":"Feature","properties":{"layer":0},"geometry":{"type":"Point","coordinates":[-0.152048,51.501853]}},{"id":"1704","type":"Feature","properties":{"layer":0},"geometry":{"type":"Point","coordinates":[0.077943,51.454034]}},{"id":"1705","type":"Feature","properties":{"layer":0},"geometry":{"type":"Point","coordinates":[-0.205191,51.382051]}},{"id":"1706","type":"Feature","properties":{"layer":0},"geometry":{"type":"Point","coordinates":[0.188953,51.527709]}},{"id":"1707","type":"Feature","properties":{"layer":0},"geometry":{"type":"Point","coordinates":[0.19882,51.499121]}},{"id":"1708","type":"Feature","properties":{"layer":0},"geometry":{"type":"Point","coordinates":[-0.178882,51.511236]}},{"id":"1709","type":"Feature","properties":{"layer":0},"geometry":{"type":"Point","coordinates":[-0.154684,51.540035]}},{"id":"1710","type":"Feature","properties":{"layer":0},"geometry":{"type":"Point","coordinates":[-0.160456,51.459562]}},{"id":"1711","type":"Feature","properties":{"layer":0},"geometry":{"type":"Point","coordinates":[-0.124181,51.566688]}},{"id":"1712","type":"Feature","properties":{"layer":0},"geometry":{"type":"Point","coordinates":[-0.039751,51.553514]}},{"id":"1713","type":"Feature","properties":{"layer":0},"geometry":{"type":"Point","coordinates":[-0.222198,51.483197]}},{"id":"1714","type":"Feature","properties":{"layer":0},"geometry":{"type":"Point","coordinates":[0.035447,51.371216]}},{"id":"1715","type":"Feature","properties":{"layer":0},"geometry":{"type":"Point","coordinates":[-0.269633,51.586804]}},{"id":"1716","type":"Feature","properties":{"layer":0},"geometry":{"type":"Point","coordinates":[-0.095445,51.485536]}},{"id":"1717","type":"Feature","properties":{"layer":0},"geometry":{"type":"Point","coordinates":[0.047332,51.602362]}},{"id":"1718","type":"Feature","properties":{"layer":0},"geometry":{"type":"Point","coordinates":[0.207597,51.520061]}},{"id":"1719","type":"Feature","properties":{"layer":0},"geometry":{"type":"Point","coordinates":[0.041211,51.328835]}},{"id":"1720","type":"Feature","properties":{"layer":0},"geometry":{"type":"Point","coordinates":[0.142376,51.423949]}},{"id":"1721","type":"Feature","properties":{"layer":0},"geometry":{"type":"Point","coordinates":[-0.175225,51.618954]}},{"id":"1722","type":"Feature","properties":{"layer":0},"geometry":{"type":"Point","coordinates":[-0.351478,51.45547]}},{"id":"1723","type":"Feature","properties":{"layer":0},"geometry":{"type":"Point","coordinates":[-0.15132,51.448572]}},{"id":"1724","type":"Feature","properties":{"layer":0},"geometry":{"type":"Point","coordinates":[-0.20104,51.393732]}},{"id":"1725","type":"Feature","properties":{"layer":0},"geometry":{"type":"Point","coordinates":[-0.30971,51.583198]}},{"id":"1726","type":"Feature","properties":{"layer":0},"geometry":{"type":"Point","coordinates":[-0.096346,51.394661]}},{"id":"1727","type":"Feature","properties":{"layer":0},"geometry":{"type":"Point","coordinates":[-0.273252,51.564568]}},{"id":"1728","type":"Feature","properties":{"layer":0},"geometry":{"type":"Point","coordinates":[-0.126692,51.385662]}},{"id":"1729","type":"Feature","properties":{"layer":0},"geometry":{"type":"Point","coordinates":[-0.014286,51.637413]}},{"id":"1730","type":"Feature","properties":{"layer":0},"geometry":{"type":"Point","coordinates":[-0.302472,51.393663]}},{"id":"1731","type":"Feature","properties":{"layer":0},"geometry":{"type":"Point","coordinates":[-0.240536,51.470699]}},{"id":"1732","type":"Feature","properties":{"layer":0},"geometry":{"type":"Point","coordinates":[0.210316,51.560266]}},{"id":"1733","type":"Feature","properties":{"layer":0},"geometry":{"type":"Point","coordinates":[-0.178595,51.658335]}},{"id":"1734","type":"Feature","properties":{"layer":0},"geometry":{"type":"Point","coordinates":[-0.061149,51.355817]}},{"id":"1735","type":"Feature","properties":{"layer":0},"geometry":{"type":"Point","coordinates":[-0.099442,51.48761]}},{"id":"1736","type":"Feature","properties":{"layer":0},"geometry":{"type":"Point","coordinates":[-0.321809,51.461862]}},{"id":"1737","type":"Feature","properties":{"layer":0},"geometry":{"type":"Point","coordinates":[-0.168959,51.658438]}},{"id":"1738","type":"Feature","properties":{"layer":0},"geometry":{"type":"Point","coordinates":[-0.330736,51.486685]}},{"id":"1739","type":"Feature","properties":{"layer":0},"geometry":{"type":"Point","coordinates":[-0.236041,51.45472]}},{"id":"1740","type":"Feature","properties":{"layer":0},"geometry":{"type":"Point","coordinates":[-0.099684,51.457617]}},{"id":"1741","type":"Feature","properties":{"layer":0},"geometry":{"type":"Point","coordinates":[-0.237846,51.626423]}},{"id":"1742","type":"Feature","properties":{"layer":0},"geometry":{"type":"Point","coordinates":[-0.101529,51.597781]}},{"id":"1743","type":"Feature","properties":{"layer":0},"geometry":{"type":"Point","coordinates":[-0.075635,51.513432]}},{"id":"1744","type":"Feature","properties":{"layer":0},"geometry":{"type":"Point","coordinates":[0.100292,51.366663]}},{"id":"1745","type":"Feature","properties":{"layer":0},"geometry":{"type":"Point","coordinates":[-0.101382,51.351281]}},{"id":"1746","type":"Feature","properties":{"layer":0},"geometry":{"type":"Point","coordinates":[-0.258294,51.622904]}},{"id":"1747","type":"Feature","properties":{"layer":0},"geometry":{"type":"Point","coordinates":[-0.101317,51.62586]}},{"id":"1748","type":"Feature","properties":{"layer":0},"geometry":{"type":"Point","coordinates":[-0.0846,51.439143]}},{"id":"1749","type":"Feature","properties":{"layer":0},"geometry":{"type":"Point","coordinates":[-0.146257,51.476938]}},{"id":"1750","type":"Feature","properties":{"layer":0},"geometry":{"type":"Point","coordinates":[0.069483,51.411565]}},{"id":"1751","type":"Feature","properties":{"layer":0},"geometry":{"type":"Point","coordinates":[-0.186916,51.366924]}},{"id":"1752","type":"Feature","properties":{"layer":0},"geometry":{"type":"Point","coordinates":[0.015749,51.409379]}},{"id":"1753","type":"Feature","properties":{"layer":0},"geometry":{"type":"Point","coordinates":[-0.114258,51.389949]}},{"id":"1754","type":"Feature","properties":{"layer":0},"geometry":{"type":"Point","coordinates":[-0.083066,51.54367]}},{"id":"1755","type":"Feature","properties":{"layer":0},"geometry":{"type":"Point","coordinates":[0.030975,51.462243]}},{"id":"1756","type":"Feature","properties":{"layer":0},"geometry":{"type":"Point","coordinates":[-0.049693,51.541314]}},{"id":"1757","type":"Feature","properties":{"layer":0},"geometry":{"type":"Point","coordinates":[-0.355049,51.473973]}},{"id":"1758","type":"Feature","properties":{"layer":0},"geometry":{"type":"Point","coordinates":[-0.360037,51.494083]}},{"id":"1759","type":"Feature","properties":{"layer":0},"geometry":{"type":"Point","coordinates":[0.090607,51.4581]}},{"id":"1760","type":"Feature","properties":{"layer":0},"geometry":{"type":"Point","coordinates":[-0.158769,51.491672]}},{"id":"1761","type":"Feature","properties":{"layer":0},"geometry":{"type":"Point","coordinates":[-0.208725,51.513783]}},{"id":"1762","type":"Feature","properties":{"layer":0},"geometry":{"type":"Point","coordinates":[-0.14324,51.34397]}},{"id":"1763","type":"Feature","properties":{"layer":0},"geometry":{"type":"Point","coordinates":[-0.283642,51.610624]}},{"id":"1764","type":"Feature","properties":{"layer":0},"geometry":{"type":"Point","coordinates":[-0.067597,51.604585]}},{"id":"1765","type":"Feature","properties":{"layer":0},"geometry":{"type":"Point","coordinates":[0.217562,51.534814]}},{"id":"1766","type":"Feature","properties":{"layer":0},"geometry":{"type":"Point","coordinates":[-0.052416,51.335217]}},{"id":"1767","type":"Feature","properties":{"layer":0},"geometry":{"type":"Point","coordinates":[0.061119,51.39687]}},{"id":"1768","type":"Feature","properties":{"layer":0},"geometry":{"type":"Point","coordinates":[-0.404234,51.510325]}},{"id":"1769","type":"Feature","properties":{"layer":0},"geometry":{"type":"Point","coordinates":[-0.164062,51.481111]}},{"id":"1770","type":"Feature","properties":{"layer":0},"geometry":{"type":"Point","coordinates":[0.164112,51.466069]}},{"id":"1771","type":"Feature","properties":{"layer":0},"geometry":{"type":"Point","coordinates":[0.171865,51.571551]}},{"id":"1772","type":"Feature","properties":{"layer":0},"geometry":{"type":"Point","coordinates":[0.120759,51.405404]}},{"id":"1773","type":"Feature","properties":{"layer":0},"geometry":{"type":"Point","coordinates":[-0.10501,51.456801]}},{"id":"1774","type":"Feature","properties":{"layer":0},"geometry":{"type":"Point","coordinates":[-0.095505,51.313331]}},{"id":"1775","type":"Feature","properties":{"layer":0},"geometry":{"type":"Point","coordinates":[-0.348756,51.471545]}},{"id":"1776","type":"Feature","properties":{"layer":0},"geometry":{"type":"Point","coordinates":[0.168072,51.490412]}},{"id":"1777","type":"Feature","properties":{"layer":0},"geometry":{"type":"Point","coordinates":[-0.246639,51.412395]}},{"id":"1778","type":"Feature","properties":{"layer":0},"geometry":{"type":"Point","coordinates":[0.041401,51.478703]}},{"id":"1779","type":"Feature","properties":{"layer":0},"geometry":{"type":"Point","coordinates":[0.018362,51.38557]}},{"id":"1780","type":"Feature","properties":{"layer":0},"geometry":{"type":"Point","coordinates":[0.172554,51.562429]}},{"id":"1781","type":"Feature","properties":{"layer":0},"geometry":{"type":"Point","coordinates":[-0.363508,51.502833]}},{"id":"1782","type":"Feature","properties":{"layer":0},"geometry":{"type":"Point","coordinates":[0.10493,51.368999]}},{"id":"1783","type":"Feature","properties":{"layer":0},"geometry":{"type":"Point","coordinates":[-0.261221,51.606205]}},{"id":"1784","type":"Feature","properties":{"layer":0},"geometry":{"type":"Point","coordinates":[-0.02932,51.483318]}},{"id":"1785","type":"Feature","properties":{"layer":0},"geometry":{"type":"Point","coordinates":[-0.146106,51.495846]}},{"id":"1786","type":"Feature","properties":{"layer":0},"geometry":{"type":"Point","coordinates":[-0.038573,51.664508]}},{"id":"1787","type":"Feature","properties":{"layer":0},"geometry":{"type":"Point","coordinates":[-0.413144,51.464621]}},{"id":"1788","type":"Feature","properties":{"layer":0},"geometry":{"type":"Point","coordinates":[-0.393877,51.522255]}},{"id":"1789","type":"Feature","properties":{"layer":0},"geometry":{"type":"Point","coordinates":[-0.089092,51.566988]}},{"id":"1790","type":"Feature","properties":{"layer":0},"geometry":{"type":"Point","coordinates":[-0.233132,51.39079]}},{"id":"1791","type":"Feature","properties":{"layer":0},"geometry":{"type":"Point","coordinates":[-0.205358,51.430991]}},{"id":"1792","type":"Feature","properties":{"layer":0},"geometry":{"type":"Point","coordinates":[-0.01078,51.569583]}},{"id":"1793","type":"Feature","properties":{"layer":0},"geometry":{"type":"Point","coordinates":[-0.409675,51.584352]}},{"id":"1794","type":"Feature","properties":{"layer":0},"geometry":{"type":"Point","coordinates":[-0.190935,51.514866]}},{"id":"1795","type":"Feature","properties":{"layer":0},"geometry":{"type":"Point","coordinates":[-0.422583,51.573452]}},{"id":"1796","type":"Feature","properties":{"layer":0},"geometry":{"type":"Point","coordinates":[-0.042166,51.637204]}},{"id":"1797","type":"Feature","properties":{"layer":0},"geometry":{"type":"Point","coordinates":[-0.27589,51.494665]}},{"id":"1798","type":"Feature","properties":{"layer":0},"geometry":{"type":"Point","coordinates":[0.061926,51.370334]}},{"id":"1799","type":"Feature","properties":{"layer":0},"geometry":{"type":"Point","coordinates":[-0.136272,51.561263]}},{"id":"1800","type":"Feature","properties":{"layer":0},"geometry":{"type":"Point","coordinates":[-0.147171,51.588803]}},{"id":"1801","type":"Feature","properties":{"layer":0},"geometry":{"type":"Point","coordinates":[-0.083111,51.55637]}},{"id":"1802","type":"Feature","properties":{"layer":0},"geometry":{"type":"Point","coordinates":[0.026648,51.534566]}},{"id":"1803","type":"Feature","properties":{"layer":0},"geometry":{"type":"Point","coordinates":[-0.210179,51.511901]}},{"id":"1804","type":"Feature","properties":{"layer":0},"geometry":{"type":"Point","coordinates":[0.026866,51.418847]}},{"id":"1805","type":"Feature","properties":{"layer":0},"geometry":{"type":"Point","coordinates":[0.052444,51.372847]}},{"id":"1806","type":"Feature","properties":{"layer":0},"geometry":{"type":"Point","coordinates":[-0.237495,51.474177]}},{"id":"1807","type":"Feature","properties":{"layer":0},"geometry":{"type":"Point","coordinates":[-0.222058,51.44139]}},{"id":"1808","type":"Feature","properties":{"layer":0},"geometry":{"type":"Point","coordinates":[-0.433232,51.569335]}},{"id":"1809","type":"Feature","properties":{"layer":0},"geometry":{"type":"Point","coordinates":[-0.021152,51.501496]}},{"id":"1810","type":"Feature","properties":{"layer":0},"geometry":{"type":"Point","coordinates":[0.286248,51.542914]}},{"id":"1811","type":"Feature","properties":{"layer":0},"geometry":{"type":"Point","coordinates":[0.021327,51.381195]}},{"id":"1812","type":"Feature","properties":{"layer":0},"geometry":{"type":"Point","coordinates":[-0.224124,51.391925]}},{"id":"1813","type":"Feature","properties":{"layer":0},"geometry":{"type":"Point","coordinates":[-0.054586,51.627972]}},{"id":"1814","type":"Feature","properties":{"layer":0},"geometry":{"type":"Point","coordinates":[-0.366217,51.442734]}},{"id":"1815","type":"Feature","properties":{"layer":0},"geometry":{"type":"Point","coordinates":[-0.13158,51.638218]}},{"id":"1816","type":"Feature","properties":{"layer":0},"geometry":{"type":"Point","coordinates":[-0.136964,51.446326]}},{"id":"1817","type":"Feature","properties":{"layer":0},"geometry":{"type":"Point","coordinates":[0.22955,51.58134]}},{"id":"1818","type":"Feature","properties":{"layer":0},"geometry":{"type":"Point","coordinates":[-0.162677,51.379486]}},{"id":"1819","type":"Feature","properties":{"layer":0},"geometry":{"type":"Point","coordinates":[0.06765,51.292041]}},{"id":"1820","type":"Feature","properties":{"layer":0},"geometry":{"type":"Point","coordinates":[0.030141,51.32601]}},{"id":"1821","type":"Feature","properties":{"layer":0},"geometry":{"type":"Point","coordinates":[-0.248845,51.586361]}},{"id":"1822","type":"Feature","properties":{"layer":0},"geometry":{"type":"Point","coordinates":[-0.2736,51.408346]}},{"id":"1823","type":"Feature","properties":{"layer":0},"geometry":{"type":"Point","coordinates":[0.157951,51.516837]}},{"id":"1824","type":"Feature","properties":{"layer":0},"geometry":{"type":"Point","coordinates":[-0.334598,51.499748]}},{"id":"1825","type":"Feature","properties":{"layer":0},"geometry":{"type":"Point","coordinates":[-0.453552,51.525593]}},{"id":"1826","type":"Feature","properties":{"layer":0},"geometry":{"type":"Point","coordinates":[-0.108782,51.671421]}},{"id":"1827","type":"Feature","properties":{"layer":0},"geometry":{"type":"Point","coordinates":[-0.124183,51.504066]}},{"id":"1828","type":"Feature","properties":{"layer":0},"geometry":{"type":"Point","coordinates":[-0.107872,51.339145]}},{"id":"1829","type":"Feature","properties":{"layer":0},"geometry":{"type":"Point","coordinates":[-0.399733,51.540586]}},{"id":"1830","type":"Feature","properties":{"layer":0},"geometry":{"type":"Point","coordinates":[0.071089,51.550529]}},{"id":"1831","type":"Feature","properties":{"layer":0},"geometry":{"type":"Point","coordinates":[-0.479472,51.610775]}},{"id":"1832","type":"Feature","properties":{"layer":0},"geometry":{"type":"Point","coordinates":[-0.029889,51.432124]}},{"id":"1833","type":"Feature","properties":{"layer":0},"geometry":{"type":"Point","coordinates":[-0.087863,51.533112]}},{"id":"1834","type":"Feature","properties":{"layer":0},"geometry":{"type":"Point","coordinates":[-0.144448,51.474391]}},{"id":"1835","type":"Feature","properties":{"layer":0},"geometry":{"type":"Point","coordinates":[0.271499,51.573576]}},{"id":"1836","type":"Feature","properties":{"layer":0},"geometry":{"type":"Point","coordinates":[-0.435734,51.587485]}},{"id":"1837","type":"Feature","properties":{"layer":0},"geometry":{"type":"Point","coordinates":[0.017902,51.479678]}},{"id":"1838","type":"Feature","properties":{"layer":0},"geometry":{"type":"Point","coordinates":[-0.048476,51.599209]}},{"id":"1839","type":"Feature","properties":{"layer":0},"geometry":{"type":"Point","coordinates":[-0.036091,51.467547]}},{"id":"1840","type":"Feature","properties":{"layer":0},"geometry":{"type":"Point","coordinates":[-0.036527,51.342823]}},{"id":"1841","type":"Feature","properties":{"layer":0},"geometry":{"type":"Point","coordinates":[-0.03072,51.545554]}},{"id":"1842","type":"Feature","properties":{"layer":0},"geometry":{"type":"Point","coordinates":[-0.243883,51.602338]}},{"id":"1843","type":"Feature","properties":{"layer":0},"geometry":{"type":"Point","coordinates":[-0.065126,51.460998]}},{"id":"1844","type":"Feature","properties":{"layer":0},"geometry":{"type":"Point","coordinates":[0.067897,51.323299]}},{"id":"1845","type":"Feature","properties":{"layer":0},"geometry":{"type":"Point","coordinates":[-0.117137,51.46472]}},{"id":"1846","type":"Feature","properties":{"layer":0},"geometry":{"type":"Point","coordinates":[-0.198385,51.539875]}},{"id":"1847","type":"Feature","properties":{"layer":0},"geometry":{"type":"Point","coordinates":[0.064376,51.596808]}},{"id":"1848","type":"Feature","properties":{"layer":0},"geometry":{"type":"Point","coordinates":[-0.402042,51.563055]}},{"id":"1849","type":"Feature","properties":{"layer":0},"geometry":{"type":"Point","coordinates":[-0.281829,51.397817]}},{"id":"1850","type":"Feature","properties":{"layer":0},"geometry":{"type":"Point","coordinates":[-0.140887,51.674397]}},{"id":"1851","type":"Feature","properties":{"layer":0},"geometry":{"type":"Point","coordinates":[-0.059948,51.460925]}},{"id":"1852","type":"Feature","properties":{"layer":0},"geometry":{"type":"Point","coordinates":[-0.251467,51.450658]}},{"id":"1853","type":"Feature","properties":{"layer":0},"geometry":{"type":"Point","coordinates":[-0.309835,51.443524]}},{"id":"1854","type":"Feature","properties":{"layer":0},"geometry":{"type":"Point","coordinates":[0.038822,51.405931]}},{"id":"1855","type":"Feature","properties":{"layer":0},"geometry":{"type":"Point","coordinates":[0.14788,51.445663]}},{"id":"1856","type":"Feature","properties":{"layer":0},"geometry":{"type":"Point","coordinates":[-0.03672,51.442484]}},{"id":"1857","type":"Feature","properties":{"layer":0},"geometry":{"type":"Point","coordinates":[-0.168363,51.484787]}},{"id":"1858","type":"Feature","properties":{"layer":0},"geometry":{"type":"Point","coordinates":[-0.145647,51.611809]}},{"id":"1859","type":"Feature","properties":{"layer":0},"geometry":{"type":"Point","coordinates":[-0.428541,51.506527]}},{"id":"1860","type":"Feature","properties":{"layer":0},"geometry":{"type":"Point","coordinates":[-0.17202,51.503919]}},{"id":"1861","type":"Feature","properties":{"layer":0},"geometry":{"type":"Point","coordinates":[-0.066206,51.516692]}},{"id":"1862","type":"Feature","properties":{"layer":0},"geometry":{"type":"Point","coordinates":[-0.11297,51.368073]}},{"id":"1863","type":"Feature","properties":{"layer":0},"geometry":{"type":"Point","coordinates":[0.049227,51.538187]}},{"id":"1864","type":"Feature","properties":{"layer":0},"geometry":{"type":"Point","coordinates":[0.184127,51.56198]}},{"id":"1865","type":"Feature","properties":{"layer":0},"geometry":{"type":"Point","coordinates":[-0.332852,51.426871]}},{"id":"1866","type":"Feature","properties":{"layer":0},"geometry":{"type":"Point","coordinates":[-0.241921,51.583869]}},{"id":"1867","type":"Feature","properties":{"layer":0},"geometry":{"type":"Point","coordinates":[-0.089363,51.434747]}},{"id":"1868","type":"Feature","properties":{"layer":0},"geometry":{"type":"Point","coordinates":[-0.13429,51.552833]}},{"id":"1869","type":"Feature","properties":{"layer":0},"geometry":{"type":"Point","coordinates":[-0.137083,51.501542]}},{"id":"1870","type":"Feature","properties":{"layer":0},"geometry":{"type":"Point","coordinates":[0.107965,51.484193]}},{"id":"1871","type":"Feature","properties":{"layer":0},"geometry":{"type":"Point","coordinates":[-0.09083,51.495486]}},{"id":"1872","type":"Feature","properties":{"layer":0},"geometry":{"type":"Point","coordinates":[-0.320453,51.528289]}},{"id":"1873","type":"Feature","properties":{"layer":0},"geometry":{"type":"Point","coordinates":[-0.438848,51.553459]}},{"id":"1874","type":"Feature","properties":{"layer":0},"geometry":{"type":"Point","coordinates":[-0.05101,51.484896]}},{"id":"1875","type":"Feature","properties":{"layer":0},"geometry":{"type":"Point","coordinates":[-0.192884,51.478203]}},{"id":"1876","type":"Feature","properties":{"layer":0},"geometry":{"type":"Point","coordinates":[0.074809,51.379273]}},{"id":"1877","type":"Feature","properties":{"layer":0},"geometry":{"type":"Point","coordinates":[0.011404,51.451932]}},{"id":"1878","type":"Feature","properties":{"layer":0},"geometry":{"type":"Point","coordinates":[-0.224916,51.600602]}},{"id":"1879","type":"Feature","properties":{"layer":0},"geometry":{"type":"Point","coordinates":[-0.05372,51.466087]}},{"id":"1880","type":"Feature","properties":{"layer":0},"geometry":{"type":"Point","coordinates":[-0.322533,51.508545]}},{"id":"1881","type":"Feature","properties":{"layer":0},"geometry":{"type":"Point","coordinates":[0.051154,51.523647]}},{"id":"1882","type":"Feature","properties":{"layer":0},"geometry":{"type":"Point","coordinates":[-0.14159,51.660395]}},{"id":"1883","type":"Feature","properties":{"layer":0},"geometry":{"type":"Point","coordinates":[0.043421,51.383902]}},{"id":"1884","type":"Feature","properties":{"layer":0},"geometry":{"type":"Point","coordinates":[0.02288,51.465516]}},{"id":"1885","type":"Feature","properties":{"layer":0},"geometry":{"type":"Point","coordinates":[-0.082132,51.615311]}},{"id":"1886","type":"Feature","properties":{"layer":0},"geometry":{"type":"Point","coordinates":[-0.082123,51.635683]}},{"id":"1887","type":"Feature","properties":{"layer":0},"geometry":{"type":"Point","coordinates":[0.147162,51.576051]}},{"id":"1888","type":"Feature","properties":{"layer":0},"geometry":{"type":"Point","coordinates":[-0.047428,51.395274]}},{"id":"1889","type":"Feature","properties":{"layer":0},"geometry":{"type":"Point","coordinates":[-0.077626,51.43426]}},{"id":"1890","type":"Feature","properties":{"layer":0},"geometry":{"type":"Point","coordinates":[-0.04666,51.659105]}},{"id":"1891","type":"Feature","properties":{"layer":0},"geometry":{"type":"Point","coordinates":[-0.032136,51.444353]}},{"id":"1892","type":"Feature","properties":{"layer":0},"geometry":{"type":"Point","coordinates":[-0.205411,51.488027]}},{"id":"1893","type":"Feature","properties":{"layer":0},"geometry":{"type":"Point","coordinates":[-0.041349,51.350457]}},{"id":"1894","type":"Feature","properties":{"layer":0},"geometry":{"type":"Point","coordinates":[0.135994,51.433462]}},{"id":"1895","type":"Feature","properties":{"layer":0},"geometry":{"type":"Point","coordinates":[-0.017772,51.527992]}},{"id":"1896","type":"Feature","properties":{"layer":0},"geometry":{"type":"Point","coordinates":[-0.362106,51.462811]}},{"id":"1897","type":"Feature","properties":{"layer":0},"geometry":{"type":"Point","coordinates":[-0.442276,51.575061]}},{"id":"1898","type":"Feature","properties":{"layer":0},"geometry":{"type":"Point","coordinates":[0.19732,51.533984]}},{"id":"1899","type":"Feature","properties":{"layer":0},"geometry":{"type":"Point","coordinates":[-0.229607,51.408433]}},{"id":"1900","type":"Feature","properties":{"layer":0},"geometry":{"type":"Point","coordinates":[0.031119,51.521864]}},{"id":"1901","type":"Feature","properties":{"layer":0},"geometry":{"type":"Point","coordinates":[0.069665,51.296862]}},{"id":"1902","type":"Feature","properties":{"layer":0},"geometry":{"type":"Point","coordinates":[-0.258137,51.581193]}},{"id":"1903","type":"Feature","properties":{"layer":0},"geometry":{"type":"Point","coordinates":[-0.075362,51.435666]}},{"id":"1904","type":"Feature","properties":{"layer":0},"geometry":{"type":"Point","coordinates":[-0.218585,51.434091]}},{"id":"1905","type":"Feature","properties":{"layer":0},"geometry":{"type":"Point","coordinates":[0.017428,51.48134]}},{"id":"1906","type":"Feature","properties":{"layer":0},"geometry":{"type":"Point","coordinates":[0.009434,51.455432]}},{"id":"1907","type":"Feature","properties":{"layer":0},"geometry":{"type":"Point","coordinates":[-0.027587,51.542966]}},{"id":"1908","type":"Feature","properties":{"layer":0},"geometry":{"type":"Point","coordinates":[0.152708,51.52593]}},{"id":"1909","type":"Feature","properties":{"layer":0},"geometry":{"type":"Point","coordinates":[-0.046924,51.47569]}},{"id":"1910","type":"Feature","properties":{"layer":0},"geometry":{"type":"Point","coordinates":[-0.156847,51.357109]}},{"id":"1911","type":"Feature","properties":{"layer":0},"geometry":{"type":"Point","coordinates":[-0.124016,51.538866]}},{"id":"1912","type":"Feature","properties":{"layer":0},"geometry":{"type":"Point","coordinates":[-0.203554,51.509163]}},{"id":"1913","type":"Feature","properties":{"layer":0},"geometry":{"type":"Point","coordinates":[-0.150971,51.590988]}},{"id":"1914","type":"Feature","properties":{"layer":0},"geometry":{"type":"Point","coordinates":[0.125368,51.588699]}},{"id":"1915","type":"Feature","properties":{"layer":0},"geometry":{"type":"Point","coordinates":[-0.082311,51.359923]}},{"id":"1916","type":"Feature","properties":{"layer":0},"geometry":{"type":"Point","coordinates":[-0.100244,51.386134]}},{"id":"1917","type":"Feature","properties":{"layer":0},"geometry":{"type":"Point","coordinates":[-0.186106,51.524599]}},{"id":"1918","type":"Feature","properties":{"layer":0},"geometry":{"type":"Point","coordinates":[-0.468685,51.586416]}},{"id":"1919","type":"Feature","properties":{"layer":0},"geometry":{"type":"Point","coordinates":[-0.012814,51.544698]}},{"id":"1920","type":"Feature","properties":{"layer":0},"geometry":{"type":"Point","coordinates":[-0.27641,51.554194]}},{"id":"1921","type":"Feature","properties":{"layer":0},"geometry":{"type":"Point","coordinates":[-0.141791,51.47665]}},{"id":"1922","type":"Feature","properties":{"layer":0},"geometry":{"type":"Point","coordinates":[-0.432011,51.568224]}},{"id":"1923","type":"Feature","properties":{"layer":0},"geometry":{"type":"Point","coordinates":[-0.052511,51.565998]}},{"id":"1924","type":"Feature","properties":{"layer":0},"geometry":{"type":"Point","coordinates":[-0.215237,51.349021]}},{"id":"1925","type":"Feature","properties":{"layer":0},"geometry":{"type":"Point","coordinates":[0.123053,51.579578]}},{"id":"1926","type":"Feature","properties":{"layer":0},"geometry":{"type":"Point","coordinates":[-0.106584,51.344651]}},{"id":"1927","type":"Feature","properties":{"layer":0},"geometry":{"type":"Point","coordinates":[-0.138278,51.494589]}},{"id":"1928","type":"Feature","properties":{"layer":0},"geometry":{"type":"Point","coordinates":[-0.006574,51.439052]}},{"id":"1929","type":"Feature","properties":{"layer":0},"geometry":{"type":"Point","coordinates":[-0.136823,51.522883]}},{"id":"1930","type":"Feature","properties":{"layer":0},"geometry":{"type":"Point","coordinates":[-0.061254,51.402646]}},{"id":"1931","type":"Feature","properties":{"layer":0},"geometry":{"type":"Point","coordinates":[-0.118229,51.59153]}},{"id":"1932","type":"Feature","properties":{"layer":0},"geometry":{"type":"Point","coordinates":[0.084475,51.332559]}},{"id":"1933","type":"Feature","properties":{"layer":0},"geometry":{"type":"Point","coordinates":[-0.090488,51.535245]}},{"id":"1934","type":"Feature","properties":{"layer":0},"geometry":{"type":"Point","coordinates":[-0.180644,51.473345]}},{"id":"1935","type":"Feature","properties":{"layer":0},"geometry":{"type":"Point","coordinates":[-0.239247,51.40179]}},{"id":"1936","type":"Feature","properties":{"layer":0},"geometry":{"type":"Point","coordinates":[-0.465371,51.496108]}},{"id":"1937","type":"Feature","properties":{"layer":0},"geometry":{"type":"Point","coordinates":[-0.360421,51.414157]}},{"id":"1938","type":"Feature","properties":{"layer":0},"geometry":{"type":"Point","coordinates":[-0.048587,51.45472]}},{"id":"1939","type":"Feature","properties":{"layer":0},"geometry":{"type":"Point","coordinates":[0.010489,51.463358]}},{"id":"1940","type":"Feature","properties":{"layer":0},"geometry":{"type":"Point","coordinates":[-0.091179,51.480465]}},{"id":"1941","type":"Feature","properties":{"layer":0},"geometry":{"type":"Point","coordinates":[-0.091074,51.457909]}},{"id":"1942","type":"Feature","properties":{"layer":0},"geometry":{"type":"Point","coordinates":[-0.324495,51.41577]}},{"id":"1943","type":"Feature","properties":{"layer":0},"geometry":{"type":"Point","coordinates":[-0.121278,51.527266]}},{"id":"1944","type":"Feature","properties":{"layer":0},"geometry":{"type":"Point","coordinates":[-0.393697,51.435118]}},{"id":"1945","type":"Feature","properties":{"layer":0},"geometry":{"type":"Point","coordinates":[-0.253985,51.561111]}},{"id":"1946","type":"Feature","properties":{"layer":0},"geometry":{"type":"Point","coordinates":[-0.022407,51.36658]}},{"id":"1947","type":"Feature","properties":{"layer":0},"geometry":{"type":"Point","coordinates":[-0.102312,51.599838]}},{"id":"1948","type":"Feature","properties":{"layer":0},"geometry":{"type":"Point","coordinates":[0.023057,51.311454]}},{"id":"1949","type":"Feature","properties":{"layer":0},"geometry":{"type":"Point","coordinates":[-0.12844,51.537153]}},{"id":"1950","type":"Feature","properties":{"layer":0},"geometry":{"type":"Point","coordinates":[-0.108205,51.568673]}},{"id":"1951","type":"Feature","properties":{"layer":0},"geometry":{"type":"Point","coordinates":[-0.09619,51.328699]}},{"id":"1952","type":"Feature","properties":{"layer":0},"geometry":{"type":"Point","coordinates":[0.098664,51.493514]}},{"id":"1953","type":"Feature","properties":{"layer":0},"geometry":{"type":"Point","coordinates":[-0.20935,51.563859]}},{"id":"1954","type":"Feature","properties":{"layer":0},"geometry":{"type":"Point","coordinates":[-0.132156,51.544736]}},{"id":"1955","type":"Feature","properties":{"layer":0},"geometry":{"type":"Point","coordinates":[-0.169343,51.555737]}},{"id":"1956","type":"Feature","properties":{"layer":0},"geometry":{"type":"Point","coordinates":[-0.015329,51.551165]}},{"id":"1957","type":"Feature","properties":{"layer":0},"geometry":{"type":"Point","coordinates":[0.132958,51.463995]}},{"id":"1958","type":"Feature","properties":{"layer":0},"geometry":{"type":"Point","coordinates":[0.012552,51.55533]}},{"id":"1959","type":"Feature","properties":{"layer":0},"geometry":{"type":"Point","coordinates":[-0.062539,51.540468]}},{"id":"1960","type":"Feature","properties":{"layer":0},"geometry":{"type":"Point","coordinates":[-0.093931,51.59621]}},{"id":"1961","type":"Feature","properties":{"layer":0},"geometry":{"type":"Point","coordinates":[0.011701,51.451505]}},{"id":"1962","type":"Feature","properties":{"layer":0},"geometry":{"type":"Point","coordinates":[0.044518,51.462134]}},{"id":"1963","type":"Feature","properties":{"layer":0},"geometry":{"type":"Point","coordinates":[-0.324668,51.424768]}},{"id":"1964","type":"Feature","properties":{"layer":0},"geometry":{"type":"Point","coordinates":[-0.179025,51.517562]}},{"id":"1965","type":"Feature","properties":{"layer":0},"geometry":{"type":"Point","coordinates":[-0.277975,51.580899]}},{"id":"1966","type":"Feature","properties":{"layer":0},"geometry":{"type":"Point","coordinates":[-0.285405,51.4721]}},{"id":"1967","type":"Feature","properties":{"layer":0},"geometry":{"type":"Point","coordinates":[-0.14258,51.546176]}},{"id":"1968","type":"Feature","properties":{"layer":0},"geometry":{"type":"Point","coordinates":[-0.275227,51.389962]}},{"id":"1969","type":"Feature","properties":{"layer":0},"geometry":{"type":"Point","coordinates":[0.115332,51.398048]}},{"id":"1970","type":"Feature","properties":{"layer":0},"geometry":{"type":"Point","coordinates":[-0.279079,51.428305]}},{"id":"1971","type":"Feature","properties":{"layer":0},"geometry":{"type":"Point","coordinates":[-0.092253,51.524835]}},{"id":"1972","type":"Feature","properties":{"layer":0},"geometry":{"type":"Point","coordinates":[-0.045417,51.486685]}},{"id":"1973","type":"Feature","properties":{"layer":0},"geometry":{"type":"Point","coordinates":[-0.255271,51.610474]}},{"id":"1974","type":"Feature","properties":{"layer":0},"geometry":{"type":"Point","coordinates":[-0.088107,51.635538]}},{"id":"1975","type":"Feature","properties":{"layer":0},"geometry":{"type":"Point","coordinates":[0.02063,51.413388]}},{"id":"1976","type":"Feature","properties":{"layer":0},"geometry":{"type":"Point","coordinates":[-0.143932,51.554448]}},{"id":"1977","type":"Feature","properties":{"layer":0},"geometry":{"type":"Point","coordinates":[-0.145879,51.602518]}},{"id":"1978","type":"Feature","properties":{"layer":0},"geometry":{"type":"Point","coordinates":[-0.425843,51.53611]}},{"id":"1979","type":"Feature","properties":{"layer":0},"geometry":{"type":"Point","coordinates":[-0.236879,51.502847]}},{"id":"1980","type":"Feature","properties":{"layer":0},"geometry":{"type":"Point","coordinates":[0.20723,51.482999]}},{"id":"1981","type":"Feature","properties":{"layer":0},"geometry":{"type":"Point","coordinates":[0.162395,51.573619]}},{"id":"1982","type":"Feature","properties":{"layer":0},"geometry":{"type":"Point","coordinates":[0.128354,51.444309]}},{"id":"1983","type":"Feature","properties":{"layer":0},"geometry":{"type":"Point","coordinates":[-0.137965,51.521807]}},{"id":"1984","type":"Feature","properties":{"layer":0},"geometry":{"type":"Point","coordinates":[-0.077737,51.510385]}},{"id":"1985","type":"Feature","properties":{"layer":0},"geometry":{"type":"Point","coordinates":[-0.100799,51.577239]}},{"id":"1986","type":"Feature","properties":{"layer":0},"geometry":{"type":"Point","coordinates":[-0.045199,51.655607]}},{"id":"1987","type":"Feature","properties":{"layer":0},"geometry":{"type":"Point","coordinates":[-0.124564,51.597823]}},{"id":"1988","type":"Feature","properties":{"layer":0},"geometry":{"type":"Point","coordinates":[-0.385165,51.58096]}},{"id":"1989","type":"Feature","properties":{"layer":0},"geometry":{"type":"Point","coordinates":[-0.051561,51.483724]}},{"id":"1990","type":"Feature","properties":{"layer":0},"geometry":{"type":"Point","coordinates":[0.106303,51.467915]}},{"id":"1991","type":"Feature","properties":{"layer":0},"geometry":{"type":"Point","coordinates":[-0.107668,51.499019]}},{"id":"1992","type":"Feature","properties":{"layer":0},"geometry":{"type":"Point","coordinates":[0.054665,51.510258]}},{"id":"1993","type":"Feature","properties":{"layer":0},"geometry":{"type":"Point","coordinates":[-0.075987,51.504901]}},{"id":"1994","type":"Feature","properties":{"layer":0},"geometry":{"type":"Point","coordinates":[-0.098705,51.601729]}},{"id":"1995","type":"Feature","properties":{"layer":0},"geometry":{"type":"Point","coordinates":[-0.142907,51.504039]}},{"id":"1996","type":"Feature","properties":{"layer":0},"geometry":{"type":"Point","coordinates":[0.019694,51.466614]}},{"id":"1997","type":"Feature","properties":{"layer":0},"geometry":{"type":"Point","coordinates":[-0.22453,51.636893]}},{"id":"1998","type":"Feature","properties":{"layer":0},"geometry":{"type":"Point","coordinates":[-0.12081,51.599874]}},{"id":"1999","type":"Feature","properties":{"layer":0},"geometry":{"type":"Point","coordinates":[-0.402198,51.452546]}},{"id":"2000","type":"Feature","properties":{"layer":0},"geometry":{"type":"Point","coordinates":[-0.095943,51.520215]}},{"id":"2001","type":"Feature","properties":{"layer":0},"geometry":{"type":"Point","coordinates":[0.193907,51.543866]}},{"id":"2002","type":"Feature","properties":{"layer":0},"geometry":{"type":"Point","coordinates":[-0.257029,51.579125]}},{"id":"2003","type":"Feature","properties":{"layer":0},"geometry":{"type":"Point","coordinates":[0.146438,51.479721]}},{"id":"2004","type":"Feature","properties":{"layer":0},"geometry":{"type":"Point","coordinates":[-0.096717,51.309155]}},{"id":"2005","type":"Feature","properties":{"layer":0},"geometry":{"type":"Point","coordinates":[-0.121257,51.481214]}},{"id":"2006","type":"Feature","properties":{"layer":0},"geometry":{"type":"Point","coordinates":[-0.207144,51.579551]}},{"id":"2007","type":"Feature","properties":{"layer":0},"geometry":{"type":"Point","coordinates":[-0.338354,51.414828]}},{"id":"2008","type":"Feature","properties":{"layer":0},"geometry":{"type":"Point","coordinates":[-0.261578,51.474949]}},{"id":"2009","type":"Feature","properties":{"layer":0},"geometry":{"type":"Point","coordinates":[-0.092585,51.535231]}},{"id":"2010","type":"Feature","properties":{"layer":0},"geometry":{"type":"Point","coordinates":[-0.092832,51.36292]}},{"id":"2011","type":"Feature","properties":{"layer":0},"geometry":{"type":"Point","coordinates":[-0.155992,51.650057]}},{"id":"2012","type":"Feature","properties":{"layer":0},"geometry":{"type":"Point","coordinates":[-0.066972,51.557355]}},{"id":"2013","type":"Feature","properties":{"layer":0},"geometry":{"type":"Point","coordinates":[-0.355586,51.509443]}},{"id":"2014","type":"Feature","properties":{"layer":0},"geometry":{"type":"Point","coordinates":[-0.117736,51.378601]}},{"id":"2015","type":"Feature","properties":{"layer":0},"geometry":{"type":"Point","coordinates":[0.053508,51.417645]}},{"id":"2016","type":"Feature","properties":{"layer":0},"geometry":{"type":"Point","coordinates":[-0.032176,51.460164]}},{"id":"2017","type":"Feature","properties":{"layer":0},"geometry":{"type":"Point","coordinates":[-0.185246,51.535222]}},{"id":"2018","type":"Feature","properties":{"layer":0},"geometry":{"type":"Point","coordinates":[-0.127889,51.382883]}},{"id":"2019","type":"Feature","properties":{"layer":0},"geometry":{"type":"Point","coordinates":[-0.396682,51.571827]}},{"id":"2020","type":"Feature","properties":{"layer":0},"geometry":{"type":"Point","coordinates":[-0.106167,51.478914]}},{"id":"2021","type":"Feature","properties":{"layer":0},"geometry":{"type":"Point","coordinates":[-0.222085,51.553641]}},{"id":"2022","type":"Feature","properties":{"layer":0},"geometry":{"type":"Point","coordinates":[-0.389917,51.526347]}},{"id":"2023","type":"Feature","properties":{"layer":0},"geometry":{"type":"Point","coordinates":[-0.024424,51.458451]}},{"id":"2024","type":"Feature","properties":{"layer":0},"geometry":{"type":"Point","coordinates":[-0.224647,51.426734]}},{"id":"2025","type":"Feature","properties":{"layer":0},"geometry":{"type":"Point","coordinates":[-0.142239,51.457926]}},{"id":"2026","type":"Feature","properties":{"layer":0},"geometry":{"type":"Point","coordinates":[-0.029685,51.392601]}},{"id":"2027","type":"Feature","properties":{"layer":0},"geometry":{"type":"Point","coordinates":[-0.128832,51.51168]}},{"id":"2028","type":"Feature","properties":{"layer":0},"geometry":{"type":"Point","coordinates":[-0.057644,51.489129]}},{"id":"2029","type":"Feature","properties":{"layer":0},"geometry":{"type":"Point","coordinates":[-0.342871,51.448889]}},{"id":"2030","type":"Feature","properties":{"layer":0},"geometry":{"type":"Point","coordinates":[-0.032241,51.412526]}},{"id":"2031","type":"Feature","properties":{"layer":0},"geometry":{"type":"Point","coordinates":[-0.383547,51.523446]}},{"id":"2032","type":"Feature","properties":{"layer":0},"geometry":{"type":"Point","coordinates":[-0.000088,51.428579]}},{"id":"2033","type":"Feature","properties":{"layer":0},"geometry":{"type":"Point","coordinates":[0.094043,51.524684]}},{"id":"2034","type":"Feature","properties":{"layer":0},"geometry":{"type":"Point","coordinates":[-0.27905,51.605352]}},{"id":"2035","type":"Feature","properties":{"layer":0},"geometry":{"type":"Point","coordinates":[-0.054838,51.444696]}},{"id":"2036","type":"Feature","properties":{"layer":0},"geometry":{"type":"Point","coordinates":[-0.119398,51.634905]}},{"id":"2037","type":"Feature","properties":{"layer":0},"geometry":{"type":"Point","coordinates":[0.152585,51.48051]}},{"id":"2038","type":"Feature","properties":{"layer":0},"geometry":{"type":"Point","coordinates":[-0.105988,51.606909]}},{"id":"2039","type":"Feature","properties":{"layer":0},"geometry":{"type":"Point","coordinates":[-0.371838,51.502394]}},{"id":"2040","type":"Feature","properties":{"layer":0},"geometry":{"type":"Point","coordinates":[-0.234676,51.522128]}},{"id":"2041","type":"Feature","properties":{"layer":0},"geometry":{"type":"Point","coordinates":[0.076051,51.531483]}},{"id":"2042","type":"Feature","properties":{"layer":0},"geometry":{"type":"Point","coordinates":[-0.074554,51.596631]}},{"id":"2043","type":"Feature","properties":{"layer":0},"geometry":{"type":"Point","coordinates":[-0.262654,51.396906]}},{"id":"2044","type":"Feature","properties":{"layer":0},"geometry":{"type":"Point","coordinates":[-0.43542,51.576465]}},{"id":"2045","type":"Feature","properties":{"layer":0},"geometry":{"type":"Point","coordinates":[0.002786,51.408823]}},{"id":"2046","type":"Feature","properties":{"layer":0},"geometry":{"type":"Point","coordinates":[-0.026807,51.357753]}},{"id":"2047","type":"Feature","properties":{"layer":0},"geometry":{"type":"Point","coordinates":[-0.184831,51.440122]}},{"id":"2048","type":"Feature","properties":{"layer":0},"geometry":{"type":"Point","coordinates":[-0.053222,51.656788]}},{"id":"2049","type":"Feature","properties":{"layer":0},"geometry":{"type":"Point","coordinates":[-0.430731,51.549421]}},{"id":"2050","type":"Feature","properties":{"layer":0},"geometry":{"type":"Point","coordinates":[-0.0195,51.591538]}},{"id":"2051","type":"Feature","properties":{"layer":0},"geometry":{"type":"Point","coordinates":[-0.073956,51.513228]}},{"id":"2052","type":"Feature","properties":{"layer":0},"geometry":{"type":"Point","coordinates":[-0.185866,51.465005]}},{"id":"2053","type":"Feature","properties":{"layer":0},"geometry":{"type":"Point","coordinates":[-0.128747,51.570843]}},{"id":"2054","type":"Feature","properties":{"layer":0},"geometry":{"type":"Point","coordinates":[-0.374511,51.447071]}},{"id":"2055","type":"Feature","properties":{"layer":0},"geometry":{"type":"Point","coordinates":[0.038681,51.582047]}},{"id":"2056","type":"Feature","properties":{"layer":0},"geometry":{"type":"Point","coordinates":[0.23475,51.546036]}},{"id":"2057","type":"Feature","properties":{"layer":0},"geometry":{"type":"Point","coordinates":[-0.389652,51.59698]}},{"id":"2058","type":"Feature","properties":{"layer":0},"geometry":{"type":"Point","coordinates":[-0.01802,51.487771]}},{"id":"2059","type":"Feature","properties":{"layer":0},"geometry":{"type":"Point","coordinates":[-0.105793,51.664739]}},{"id":"2060","type":"Feature","properties":{"layer":0},"geometry":{"type":"Point","coordinates":[-0.345673,51.415721]}},{"id":"2061","type":"Feature","properties":{"layer":0},"geometry":{"type":"Point","coordinates":[-0.054157,51.404808]}},{"id":"2062","type":"Feature","properties":{"layer":0},"geometry":{"type":"Point","coordinates":[0.181574,51.498406]}},{"id":"2063","type":"Feature","properties":{"layer":0},"geometry":{"type":"Point","coordinates":[0.070512,51.321846]}},{"id":"2064","type":"Feature","properties":{"layer":0},"geometry":{"type":"Point","coordinates":[0.056603,51.39448]}},{"id":"2065","type":"Feature","properties":{"layer":0},"geometry":{"type":"Point","coordinates":[-0.120565,51.347956]}},{"id":"2066","type":"Feature","properties":{"layer":0},"geometry":{"type":"Point","coordinates":[0.078422,51.451429]}},{"id":"2067","type":"Feature","properties":{"layer":0},"geometry":{"type":"Point","coordinates":[0.105272,51.368694]}},{"id":"2068","type":"Feature","properties":{"layer":0},"geometry":{"type":"Point","coordinates":[0.101276,51.423351]}},{"id":"2069","type":"Feature","properties":{"layer":0},"geometry":{"type":"Point","coordinates":[-0.269406,51.448196]}},{"id":"2070","type":"Feature","properties":{"layer":0},"geometry":{"type":"Point","coordinates":[-0.229076,51.545503]}},{"id":"2071","type":"Feature","properties":{"layer":0},"geometry":{"type":"Point","coordinates":[0.19877,51.563224]}},{"id":"2072","type":"Feature","properties":{"layer":0},"geometry":{"type":"Point","coordinates":[-0.092844,51.601312]}},{"id":"2073","type":"Feature","properties":{"layer":0},"geometry":{"type":"Point","coordinates":[-0.308353,51.390683]}},{"id":"2074","type":"Feature","properties":{"layer":0},"geometry":{"type":"Point","coordinates":[-0.066171,51.560128]}},{"id":"2075","type":"Feature","properties":{"layer":0},"geometry":{"type":"Point","coordinates":[0.147855,51.510951]}},{"id":"2076","type":"Feature","properties":{"layer":0},"geometry":{"type":"Point","coordinates":[-0.241993,51.406106]}},{"id":"2077","type":"Feature","properties":{"layer":0},"geometry":{"type":"Point","coordinates":[0.19329,51.607756]}},{"id":"2078","type":"Feature","properties":{"layer":0},"geometry":{"type":"Point","coordinates":[-0.445762,51.547092]}},{"id":"2079","type":"Feature","properties":{"layer":0},"geometry":{"type":"Point","coordinates":[-0.244603,51.507578]}},{"id":"2080","type":"Feature","properties":{"layer":0},"geometry":{"type":"Point","coordinates":[-0.056323,51.503337]}},{"id":"2081","type":"Feature","properties":{"layer":0},"geometry":{"type":"Point","coordinates":[0.003871,51.33274]}},{"id":"2082","type":"Feature","properties":{"layer":0},"geometry":{"type":"Point","coordinates":[-0.014575,51.371344]}},{"id":"2083","type":"Feature","properties":{"layer":0},"geometry":{"type":"Point","coordinates":[0.168984,51.618007]}},{"id":"2084","type":"Feature","properties":{"layer":0},"geometry":{"type":"Point","coordinates":[-0.125911,51.293375]}},{"id":"2085","type":"Feature","properties":{"layer":0},"geometry":{"type":"Point","coordinates":[0.104066,51.520833]}},{"id":"2086","type":"Feature","properties":{"layer":0},"geometry":{"type":"Point","coordinates":[-0.148644,51.521817]}},{"id":"2087","type":"Feature","properties":{"layer":0},"geometry":{"type":"Point","coordinates":[-0.158581,51.434017]}},{"id":"2088","type":"Feature","properties":{"layer":0},"geometry":{"type":"Point","coordinates":[0.082398,51.444834]}},{"id":"2089","type":"Feature","properties":{"layer":0},"geometry":{"type":"Point","coordinates":[0.01415,51.377816]}},{"id":"2090","type":"Feature","properties":{"layer":0},"geometry":{"type":"Point","coordinates":[-0.190639,51.632163]}},{"id":"2091","type":"Feature","properties":{"layer":0},"geometry":{"type":"Point","coordinates":[-0.090332,51.505688]}},{"id":"2092","type":"Feature","properties":{"layer":0},"geometry":{"type":"Point","coordinates":[-0.237573,51.547123]}},{"id":"2093","type":"Feature","properties":{"layer":0},"geometry":{"type":"Point","coordinates":[-0.248063,51.41194]}},{"id":"2094","type":"Feature","properties":{"layer":0},"geometry":{"type":"Point","coordinates":[-0.239622,51.521844]}},{"id":"2095","type":"Feature","properties":{"layer":0},"geometry":{"type":"Point","coordinates":[0.038073,51.516853]}},{"id":"2096","type":"Feature","properties":{"layer":0},"geometry":{"type":"Point","coordinates":[0.177157,51.611281]}},{"id":"2097","type":"Feature","properties":{"layer":0},"geometry":{"type":"Point","coordinates":[0.013735,51.381407]}},{"id":"2098","type":"Feature","properties":{"layer":0},"geometry":{"type":"Point","coordinates":[-0.180297,51.502471]}},{"id":"2099","type":"Feature","properties":{"layer":0},"geometry":{"type":"Point","coordinates":[-0.330921,51.459563]}},{"id":"2100","type":"Feature","properties":{"layer":0},"geometry":{"type":"Point","coordinates":[-0.037214,51.472532]}},{"id":"2101","type":"Feature","properties":{"layer":0},"geometry":{"type":"Point","coordinates":[-0.084103,51.369073]}},{"id":"2102","type":"Feature","properties":{"layer":0},"geometry":{"type":"Point","coordinates":[0.078478,51.446992]}},{"id":"2103","type":"Feature","properties":{"layer":0},"geometry":{"type":"Point","coordinates":[-0.106154,51.450438]}},{"id":"2104","type":"Feature","properties":{"layer":0},"geometry":{"type":"Point","coordinates":[-0.21097,51.496002]}},{"id":"2105","type":"Feature","properties":{"layer":0},"geometry":{"type":"Point","coordinates":[0.094294,51.502155]}},{"id":"2106","type":"Feature","properties":{"layer":0},"geometry":{"type":"Point","coordinates":[-0.281722,51.535271]}},{"id":"2107","type":"Feature","properties":{"layer":0},"geometry":{"type":"Point","coordinates":[-0.291488,51.606309]}},{"id":"2108","type":"Feature","properties":{"layer":0},"geometry":{"type":"Point","coordinates":[-0.330379,51.477713]}},{"id":"2109","type":"Feature","properties":{"layer":0},"geometry":{"type":"Point","coordinates":[0.001334,51.543081]}},{"id":"2110","type":"Feature","properties":{"layer":0},"geometry":{"type":"Point","coordinates":[0.09987,51.433319]}},{"id":"2111","type":"Feature","properties":{"layer":0},"geometry":{"type":"Point","coordinates":[-0.279317,51.628334]}},{"id":"2112","type":"Feature","properties":{"layer":0},"geometry":{"type":"Point","coordinates":[-0.093119,51.493639]}},{"id":"2113","type":"Feature","properties":{"layer":0},"geometry":{"type":"Point","coordinates":[0.253564,51.530166]}},{"id":"2114","type":"Feature","properties":{"layer":0},"geometry":{"type":"Point","coordinates":[-0.218549,51.556217]}},{"id":"2115","type":"Feature","properties":{"layer":0},"geometry":{"type":"Point","coordinates":[-0.251641,51.505891]}},{"id":"2116","type":"Feature","properties":{"layer":0},"geometry":{"type":"Point","coordinates":[0.008062,51.588018]}},{"id":"2117","type":"Feature","properties":{"layer":0},"geometry":{"type":"Point","coordinates":[0.088199,51.499061]}},{"id":"2118","type":"Feature","properties":{"layer":0},"geometry":{"type":"Point","coordinates":[-0.407017,51.536043]}},{"id":"2119","type":"Feature","properties":{"layer":0},"geometry":{"type":"Point","coordinates":[0.248067,51.599456]}},{"id":"2120","type":"Feature","properties":{"layer":0},"geometry":{"type":"Point","coordinates":[-0.179468,51.389696]}},{"id":"2121","type":"Feature","properties":{"layer":0},"geometry":{"type":"Point","coordinates":[-0.02498,51.612588]}},{"id":"2122","type":"Feature","properties":{"layer":0},"geometry":{"type":"Point","coordinates":[-0.436847,51.538687]}},{"id":"2123","type":"Feature","properties":{"layer":0},"geometry":{"type":"Point","coordinates":[-0.305865,51.479928]}},{"id":"2124","type":"Feature","properties":{"layer":0},"geometry":{"type":"Point","coordinates":[0.15608,51.470705]}},{"id":"2125","type":"Feature","properties":{"layer":0},"geometry":{"type":"Point","coordinates":[-0.072084,51.472514]}},{"id":"2126","type":"Feature","properties":{"layer":0},"geometry":{"type":"Point","coordinates":[0.15104,51.473779]}},{"id":"2127","type":"Feature","properties":{"layer":0},"geometry":{"type":"Point","coordinates":[-0.133986,51.49549]}},{"id":"2128","type":"Feature","properties":{"layer":0},"geometry":{"type":"Point","coordinates":[-0.107931,51.416216]}},{"id":"2129","type":"Feature","properties":{"layer":0},"geometry":{"type":"Point","coordinates":[-0.158874,51.618836]}},{"id":"2130","type":"Feature","properties":{"layer":0},"geometry":{"type":"Point","coordinates":[-0.29056,51.399249]}},{"id":"2131","type":"Feature","properties":{"layer":0},"geometry":{"type":"Point","coordinates":[0.024503,51.434481]}},{"id":"2132","type":"Feature","properties":{"layer":0},"geometry":{"type":"Point","coordinates":[-0.448431,51.582581]}},{"id":"2133","type":"Feature","properties":{"layer":0},"geometry":{"type":"Point","coordinates":[0.0233,51.469275]}},{"id":"2134","type":"Feature","properties":{"layer":0},"geometry":{"type":"Point","coordinates":[0.164319,51.573928]}},{"id":"2135","type":"Feature","properties":{"layer":0},"geometry":{"type":"Point","coordinates":[0.187388,51.532019]}},{"id":"2136","type":"Feature","properties":{"layer":0},"geometry":{"type":"Point","coordinates":[-0.472634,51.580172]}},{"id":"2137","type":"Feature","properties":{"layer":0},"geometry":{"type":"Point","coordinates":[0.207203,51.577042]}},{"id":"2138","type":"Feature","properties":{"layer":0},"geometry":{"type":"Point","coordinates":[-0.069706,51.374646]}},{"id":"2139","type":"Feature","properties":{"layer":0},"geometry":{"type":"Point","coordinates":[-0.287379,51.378298]}},{"id":"2140","type":"Feature","properties":{"layer":0},"geometry":{"type":"Point","coordinates":[-0.073946,51.378366]}},{"id":"2141","type":"Feature","properties":{"layer":0},"geometry":{"type":"Point","coordinates":[0.011955,51.458414]}},{"id":"2142","type":"Feature","properties":{"layer":0},"geometry":{"type":"Point","coordinates":[0.016826,51.386937]}},{"id":"2143","type":"Feature","properties":{"layer":0},"geometry":{"type":"Point","coordinates":[0.079702,51.473152]}},{"id":"2144","type":"Feature","properties":{"layer":0},"geometry":{"type":"Point","coordinates":[-0.1555,51.468884]}},{"id":"2145","type":"Feature","properties":{"layer":0},"geometry":{"type":"Point","coordinates":[-0.106618,51.434218]}},{"id":"2146","type":"Feature","properties":{"layer":0},"geometry":{"type":"Point","coordinates":[-0.194726,51.351588]}},{"id":"2147","type":"Feature","properties":{"layer":0},"geometry":{"type":"Point","coordinates":[0.041052,51.546356]}},{"id":"2148","type":"Feature","properties":{"layer":0},"geometry":{"type":"Point","coordinates":[0.066888,51.534734]}},{"id":"2149","type":"Feature","properties":{"layer":0},"geometry":{"type":"Point","coordinates":[-0.092668,51.489449]}},{"id":"2150","type":"Feature","properties":{"layer":0},"geometry":{"type":"Point","coordinates":[0.225796,51.524326]}},{"id":"2151","type":"Feature","properties":{"layer":0},"geometry":{"type":"Point","coordinates":[-0.059057,51.501138]}},{"id":"2152","type":"Feature","properties":{"layer":0},"geometry":{"type":"Point","coordinates":[-0.074739,51.452842]}},{"id":"2153","type":"Feature","properties":{"layer":0},"geometry":{"type":"Point","coordinates":[-0.054963,51.534528]}},{"id":"2154","type":"Feature","properties":{"layer":0},"geometry":{"type":"Point","coordinates":[-0.133025,51.607357]}},{"id":"2155","type":"Feature","properties":{"layer":0},"geometry":{"type":"Point","coordinates":[-0.227816,51.387898]}},{"id":"2156","type":"Feature","properties":{"layer":0},"geometry":{"type":"Point","coordinates":[0.049469,51.496371]}},{"id":"2157","type":"Feature","properties":{"layer":0},"geometry":{"type":"Point","coordinates":[-0.357918,51.48432]}},{"id":"2158","type":"Feature","properties":{"layer":0},"geometry":{"type":"Point","coordinates":[-0.407693,51.576141]}},{"id":"2159","type":"Feature","properties":{"layer":0},"geometry":{"type":"Point","coordinates":[-0.109427,51.537192]}},{"id":"2160","type":"Feature","properties":{"layer":0},"geometry":{"type":"Point","coordinates":[-0.262572,51.590316]}},{"id":"2161","type":"Feature","properties":{"layer":0},"geometry":{"type":"Point","coordinates":[-0.117609,51.550078]}},{"id":"2162","type":"Feature","properties":{"layer":0},"geometry":{"type":"Point","coordinates":[-0.029292,51.475617]}},{"id":"2163","type":"Feature","properties":{"layer":0},"geometry":{"type":"Point","coordinates":[-0.211348,51.659176]}},{"id":"2164","type":"Feature","properties":{"layer":0},"geometry":{"type":"Point","coordinates":[-0.373211,51.431821]}},{"id":"2165","type":"Feature","properties":{"layer":0},"geometry":{"type":"Point","coordinates":[0.198058,51.582445]}},{"id":"2166","type":"Feature","properties":{"layer":0},"geometry":{"type":"Point","coordinates":[-0.126316,51.500561]}},{"id":"2167","type":"Feature","properties":{"layer":0},"geometry":{"type":"Point","coordinates":[-0.172984,51.464483]}},{"id":"2168","type":"Feature","properties":{"layer":0},"geometry":{"type":"Point","coordinates":[-0.014313,51.477143]}},{"id":"2169","type":"Feature","properties":{"layer":0},"geometry":{"type":"Point","coordinates":[0.053319,51.559225]}},{"id":"2170","type":"Feature","properties":{"layer":0},"geometry":{"type":"Point","coordinates":[-0.235295,51.445207]}},{"id":"2171","type":"Feature","properties":{"layer":0},"geometry":{"type":"Point","coordinates":[0.071747,51.352176]}},{"id":"2172","type":"Feature","properties":{"layer":0},"geometry":{"type":"Point","coordinates":[-0.207104,51.572566]}},{"id":"2173","type":"Feature","properties":{"layer":0},"geometry":{"type":"Point","coordinates":[-0.013922,51.512278]}},{"id":"2174","type":"Feature","properties":{"layer":0},"geometry":{"type":"Point","coordinates":[-0.36043,51.508245]}},{"id":"2175","type":"Feature","properties":{"layer":0},"geometry":{"type":"Point","coordinates":[0.114128,51.476028]}},{"id":"2176","type":"Feature","properties":{"layer":0},"geometry":{"type":"Point","coordinates":[0.02842,51.559249]}},{"id":"2177","type":"Feature","properties":{"layer":0},"geometry":{"type":"Point","coordinates":[0.039372,51.381277]}},{"id":"2178","type":"Feature","properties":{"layer":0},"geometry":{"type":"Point","coordinates":[0.066611,51.336758]}},{"id":"2179","type":"Feature","properties":{"layer":0},"geometry":{"type":"Point","coordinates":[-0.031182,51.452832]}},{"id":"2180","type":"Feature","properties":{"layer":0},"geometry":{"type":"Point","coordinates":[-0.310829,51.467309]}},{"id":"2181","type":"Feature","properties":{"layer":0},"geometry":{"type":"Point","coordinates":[0.048916,51.358511]}},{"id":"2182","type":"Feature","properties":{"layer":0},"geometry":{"type":"Point","coordinates":[-0.233959,51.598792]}},{"id":"2183","type":"Feature","properties":{"layer":0},"geometry":{"type":"Point","coordinates":[-0.013176,51.453207]}},{"id":"2184","type":"Feature","properties":{"layer":0},"geometry":{"type":"Point","coordinates":[-0.100082,51.356881]}},{"id":"2185","type":"Feature","properties":{"layer":0},"geometry":{"type":"Point","coordinates":[0.00045,51.513932]}},{"id":"2186","type":"Feature","properties":{"layer":0},"geometry":{"type":"Point","coordinates":[-0.402522,51.498681]}},{"id":"2187","type":"Feature","properties":{"layer":0},"geometry":{"type":"Point","coordinates":[-0.208221,51.416846]}},{"id":"2188","type":"Feature","properties":{"layer":0},"geometry":{"type":"Point","coordinates":[0.06703,51.384983]}},{"id":"2189","type":"Feature","properties":{"layer":0},"geometry":{"type":"Point","coordinates":[-0.095804,51.513356]}},{"id":"2190","type":"Feature","properties":{"layer":0},"geometry":{"type":"Point","coordinates":[-0.453706,51.545617]}},{"id":"2191","type":"Feature","properties":{"layer":0},"geometry":{"type":"Point","coordinates":[-0.060125,51.441231]}},{"id":"2192","type":"Feature","properties":{"layer":0},"geometry":{"type":"Point","coordinates":[-0.4716,51.525958]}},{"id":"2193","type":"Feature","properties":{"layer":0},"geometry":{"type":"Point","coordinates":[-0.052336,51.617895]}},{"id":"2194","type":"Feature","properties":{"layer":0},"geometry":{"type":"Point","coordinates":[-0.183439,51.540745]}},{"id":"2195","type":"Feature","properties":{"layer":0},"geometry":{"type":"Point","coordinates":[-0.068566,51.597332]}},{"id":"2196","type":"Feature","properties":{"layer":0},"geometry":{"type":"Point","coordinates":[0.208563,51.514062]}},{"id":"2197","type":"Feature","properties":{"layer":0},"geometry":{"type":"Point","coordinates":[-0.463698,51.50547]}},{"id":"2198","type":"Feature","properties":{"layer":0},"geometry":{"type":"Point","coordinates":[-0.175903,51.433412]}},{"id":"2199","type":"Feature","properties":{"layer":0},"geometry":{"type":"Point","coordinates":[0.059318,51.576329]}},{"id":"2200","type":"Feature","properties":{"layer":0},"geometry":{"type":"Point","coordinates":[-0.170177,51.505845]}},{"id":"2201","type":"Feature","properties":{"layer":0},"geometry":{"type":"Point","coordinates":[-0.1547,51.479493]}},{"id":"2202","type":"Feature","properties":{"layer":0},"geometry":{"type":"Point","coordinates":[-0.302496,51.378239]}},{"id":"2203","type":"Feature","properties":{"layer":0},"geometry":{"type":"Point","coordinates":[-0.208487,51.508643]}},{"id":"2204","type":"Feature","properties":{"layer":0},"geometry":{"type":"Point","coordinates":[0.134041,51.503898]}},{"id":"2205","type":"Feature","properties":{"layer":0},"geometry":{"type":"Point","coordinates":[-0.084403,51.538831]}},{"id":"2206","type":"Feature","properties":{"layer":0},"geometry":{"type":"Point","coordinates":[-0.097732,51.471747]}},{"id":"2207","type":"Feature","properties":{"layer":0},"geometry":{"type":"Point","coordinates":[0.234727,51.564084]}},{"id":"2208","type":"Feature","properties":{"layer":0},"geometry":{"type":"Point","coordinates":[-0.347318,51.425455]}},{"id":"2209","type":"Feature","properties":{"layer":0},"geometry":{"type":"Point","coordinates":[-0.202032,51.432978]}},{"id":"2210","type":"Feature","properties":{"layer":0},"geometry":{"type":"Point","coordinates":[-0.28688,51.3644]}},{"id":"2211","type":"Feature","properties":{"layer":0},"geometry":{"type":"Point","coordinates":[-0.107622,51.610021]}},{"id":"2212","type":"Feature","properties":{"layer":0},"geometry":{"type":"Point","coordinates":[0.208261,51.559314]}},{"id":"2213","type":"Feature","properties":{"layer":0},"geometry":{"type":"Point","coordinates":[0.064767,51.452747]}},{"id":"2214","type":"Feature","properties":{"layer":0},"geometry":{"type":"Point","coordinates":[-0.184057,51.429953]}},{"id":"2215","type":"Feature","properties":{"layer":0},"geometry":{"type":"Point","coordinates":[0.150579,51.572514]}},{"id":"2216","type":"Feature","properties":{"layer":0},"geometry":{"type":"Point","coordinates":[-0.039924,51.346942]}},{"id":"2217","type":"Feature","properties":{"layer":0},"geometry":{"type":"Point","coordinates":[0.035704,51.418512]}},{"id":"2218","type":"Feature","properties":{"layer":0},"geometry":{"type":"Point","coordinates":[-0.114946,51.474475]}},{"id":"2219","type":"Feature","properties":{"layer":0},"geometry":{"type":"Point","coordinates":[0.129902,51.470014]}},{"id":"2220","type":"Feature","properties":{"layer":0},"geometry":{"type":"Point","coordinates":[-0.065065,51.666705]}},{"id":"2221","type":"Feature","properties":{"layer":0},"geometry":{"type":"Point","coordinates":[-0.208664,51.457049]}},{"id":"2222","type":"Feature","properties":{"layer":0},"geometry":{"type":"Point","coordinates":[0.134259,51.370758]}},{"id":"2223","type":"Feature","properties":{"layer":0},"geometry":{"type":"Point","coordinates":[0.173126,51.567866]}},{"id":"2224","type":"Feature","properties":{"layer":0},"geometry":{"type":"Point","coordinates":[-0.107942,51.346507]}},{"id":"2225","type":"Feature","properties":{"layer":0},"geometry":{"type":"Point","coordinates":[-0.409602,51.569063]}},{"id":"2226","type":"Feature","properties":{"layer":0},"geometry":{"type":"Point","coordinates":[-0.013708,51.438072]}},{"id":"2227","type":"Feature","properties":{"layer":0},"geometry":{"type":"Point","coordinates":[-0.348558,51.415649]}},{"id":"2228","type":"Feature","properties":{"layer":0},"geometry":{"type":"Point","coordinates":[-0.279603,51.618691]}},{"id":"2229","type":"Feature","properties":{"layer":0},"geometry":{"type":"Point","coordinates":[-0.084063,51.470843]}},{"id":"2230","type":"Feature","properties":{"layer":0},"geometry":{"type":"Point","coordinates":[-0.198972,51.594579]}},{"id":"2231","type":"Feature","properties":{"layer":0},"geometry":{"type":"Point","coordinates":[-0.070648,51.507536]}},{"id":"2232","type":"Feature","properties":{"layer":0},"geometry":{"type":"Point","coordinates":[-0.009958,51.487603]}},{"id":"2233","type":"Feature","properties":{"layer":0},"geometry":{"type":"Point","coordinates":[0.164312,51.600685]}},{"id":"2234","type":"Feature","properties":{"layer":0},"geometry":{"type":"Point","coordinates":[-0.181567,51.404394]}},{"id":"2235","type":"Feature","properties":{"layer":0},"geometry":{"type":"Point","coordinates":[-0.14354,51.553524]}},{"id":"2236","type":"Feature","properties":{"layer":0},"geometry":{"type":"Point","coordinates":[-0.046656,51.502293]}},{"id":"2237","type":"Feature","properties":{"layer":0},"geometry":{"type":"Point","coordinates":[-0.13157,51.507156]}},{"id":"2238","type":"Feature","properties":{"layer":0},"geometry":{"type":"Point","coordinates":[0.120048,51.503781]}},{"id":"2239","type":"Feature","properties":{"layer":0},"geometry":{"type":"Point","coordinates":[-0.14921,51.504261]}},{"id":"2240","type":"Feature","properties":{"layer":0},"geometry":{"type":"Point","coordinates":[0.259384,51.590409]}},{"id":"2241","type":"Feature","properties":{"layer":0},"geometry":{"type":"Point","coordinates":[-0.278432,51.614868]}},{"id":"2242","type":"Feature","properties":{"layer":0},"geometry":{"type":"Point","coordinates":[-0.038899,51.341416]}},{"id":"2243","type":"Feature","properties":{"layer":0},"geometry":{"type":"Point","coordinates":[-0.275795,51.382102]}},{"id":"2244","type":"Feature","properties":{"layer":0},"geometry":{"type":"Point","coordinates":[-0.028938,51.428405]}},{"id":"2245","type":"Feature","properties":{"layer":0},"geometry":{"type":"Point","coordinates":[-0.117281,51.45917]}},{"id":"2246","type":"Feature","properties":{"layer":0},"geometry":{"type":"Point","coordinates":[0.083987,51.564646]}},{"id":"2247","type":"Feature","properties":{"layer":0},"geometry":{"type":"Point","coordinates":[-0.143581,51.511841]}},{"id":"2248","type":"Feature","properties":{"layer":0},"geometry":{"type":"Point","coordinates":[0.150194,51.458556]}},{"id":"2249","type":"Feature","properties":{"layer":0},"geometry":{"type":"Point","coordinates":[-0.064864,51.351838]}},{"id":"2250","type":"Feature","properties":{"layer":0},"geometry":{"type":"Point","coordinates":[-0.036672,51.447328]}},{"id":"2251","type":"Feature","properties":{"layer":0},"geometry":{"type":"Point","coordinates":[-0.30829,51.515619]}},{"id":"2252","type":"Feature","properties":{"layer":0},"geometry":{"type":"Point","coordinates":[-0.206107,51.351228]}},{"id":"2253","type":"Feature","properties":{"layer":0},"geometry":{"type":"Point","coordinates":[-0.292974,51.463032]}},{"id":"2254","type":"Feature","properties":{"layer":0},"geometry":{"type":"Point","coordinates":[0.200903,51.607331]}},{"id":"2255","type":"Feature","properties":{"layer":0},"geometry":{"type":"Point","coordinates":[-0.0025,51.526167]}},{"id":"2256","type":"Feature","properties":{"layer":0},"geometry":{"type":"Point","coordinates":[-0.492268,51.611628]}},{"id":"2257","type":"Feature","properties":{"layer":0},"geometry":{"type":"Point","coordinates":[-0.348134,51.498267]}},{"id":"2258","type":"Feature","properties":{"layer":0},"geometry":{"type":"Point","coordinates":[-0.125014,51.498184]}},{"id":"2259","type":"Feature","properties":{"layer":0},"geometry":{"type":"Point","coordinates":[-0.385376,51.436515]}},{"id":"2260","type":"Feature","properties":{"layer":0},"geometry":{"type":"Point","coordinates":[-0.016224,51.565533]}},{"id":"2261","type":"Feature","properties":{"layer":0},"geometry":{"type":"Point","coordinates":[-0.123255,51.467116]}},{"id":"2262","type":"Feature","properties":{"layer":0},"geometry":{"type":"Point","coordinates":[-0.027771,51.418502]}},{"id":"2263","type":"Feature","properties":{"layer":0},"geometry":{"type":"Point","coordinates":[-0.005511,51.36391]}},{"id":"2264","type":"Feature","properties":{"layer":0},"geometry":{"type":"Point","coordinates":[-0.374047,51.45524]}},{"id":"2265","type":"Feature","properties":{"layer":0},"geometry":{"type":"Point","coordinates":[0.262561,51.594888]}},{"id":"2266","type":"Feature","properties":{"layer":0},"geometry":{"type":"Point","coordinates":[0.125163,51.468646]}},{"id":"2267","type":"Feature","properties":{"layer":0},"geometry":{"type":"Point","coordinates":[-0.084964,51.658073]}},{"id":"2268","type":"Feature","properties":{"layer":0},"geometry":{"type":"Point","coordinates":[-0.095523,51.523177]}},{"id":"2269","type":"Feature","properties":{"layer":0},"geometry":{"type":"Point","coordinates":[0.050829,51.356203]}},{"id":"2270","type":"Feature","properties":{"layer":0},"geometry":{"type":"Point","coordinates":[0.013696,51.575388]}},{"id":"2271","type":"Feature","properties":{"layer":0},"geometry":{"type":"Point","coordinates":[0.021783,51.339876]}},{"id":"2272","type":"Feature","properties":{"layer":0},"geometry":{"type":"Point","coordinates":[-0.126773,51.652344]}},{"id":"2273","type":"Feature","properties":{"layer":0},"geometry":{"type":"Point","coordinates":[-0.12649,51.455063]}},{"id":"2274","type":"Feature","properties":{"layer":0},"geometry":{"type":"Point","coordinates":[0.116142,51.443046]}},{"id":"2275","type":"Feature","properties":{"layer":0},"geometry":{"type":"Point","coordinates":[-0.142883,51.600607]}},{"id":"2276","type":"Feature","properties":{"layer":0},"geometry":{"type":"Point","coordinates":[0.135279,51.447574]}},{"id":"2277","type":"Feature","properties":{"layer":0},"geometry":{"type":"Point","coordinates":[-0.445908,51.58766]}},{"id":"2278","type":"Feature","properties":{"layer":0},"geometry":{"type":"Point","coordinates":[0.069226,51.390006]}},{"id":"2279","type":"Feature","properties":{"layer":0},"geometry":{"type":"Point","coordinates":[-0.155244,51.615005]}},{"id":"2280","type":"Feature","properties":{"layer":0},"geometry":{"type":"Point","coordinates":[-0.124271,51.431394]}},{"id":"2281","type":"Feature","properties":{"layer":0},"geometry":{"type":"Point","coordinates":[-0.381042,51.470329]}},{"id":"2282","type":"Feature","properties":{"layer":0},"geometry":{"type":"Point","coordinates":[0.201265,51.583043]}},{"id":"2283","type":"Feature","properties":{"layer":0},"geometry":{"type":"Point","coordinates":[0.183053,51.46274]}},{"id":"2284","type":"Feature","properties":{"layer":0},"geometry":{"type":"Point","coordinates":[0.189186,51.588117]}},{"id":"2285","type":"Feature","properties":{"layer":0},"geometry":{"type":"Point","coordinates":[0.161955,51.581514]}},{"id":"2286","type":"Feature","properties":{"layer":0},"geometry":{"type":"Point","coordinates":[-0.247193,51.584724]}},{"id":"2287","type":"Feature","properties":{"layer":0},"geometry":{"type":"Point","coordinates":[-0.159001,51.474968]}},{"id":"2288","type":"Feature","properties":{"layer":0},"geometry":{"type":"Point","coordinates":[-0.042285,51.479678]}},{"id":"2289","type":"Feature","properties":{"layer":0},"geometry":{"type":"Point","coordinates":[-0.06377,51.62892]}},{"id":"2290","type":"Feature","properties":{"layer":0},"geometry":{"type":"Point","coordinates":[-0.405894,51.48421]}},{"id":"2291","type":"Feature","properties":{"layer":0},"geometry":{"type":"Point","coordinates":[-0.126534,51.613518]}},{"id":"2292","type":"Feature","properties":{"layer":0},"geometry":{"type":"Point","coordinates":[-0.488908,51.540714]}},{"id":"2293","type":"Feature","properties":{"layer":0},"geometry":{"type":"Point","coordinates":[-0.288788,51.412015]}},{"id":"2294","type":"Feature","properties":{"layer":0},"geometry":{"type":"Point","coordinates":[-0.458948,51.550332]}},{"id":"2295","type":"Feature","properties":{"layer":0},"geometry":{"type":"Point","coordinates":[-0.071571,51.426286]}},{"id":"2296","type":"Feature","properties":{"layer":0},"geometry":{"type":"Point","coordinates":[0.172168,51.494964]}},{"id":"2297","type":"Feature","properties":{"layer":0},"geometry":{"type":"Point","coordinates":[-0.032763,51.428122]}},{"id":"2298","type":"Feature","properties":{"layer":0},"geometry":{"type":"Point","coordinates":[0.087552,51.417124]}},{"id":"2299","type":"Feature","properties":{"layer":0},"geometry":{"type":"Point","coordinates":[0.25942,51.569481]}},{"id":"2300","type":"Feature","properties":{"layer":0},"geometry":{"type":"Point","coordinates":[0.020073,51.612345]}},{"id":"2301","type":"Feature","properties":{"layer":0},"geometry":{"type":"Point","coordinates":[0.234057,51.566637]}},{"id":"2302","type":"Feature","properties":{"layer":0},"geometry":{"type":"Point","coordinates":[-0.103015,51.600522]}},{"id":"2303","type":"Feature","properties":{"layer":0},"geometry":{"type":"Point","coordinates":[-0.095129,51.543974]}},{"id":"2304","type":"Feature","properties":{"layer":0},"geometry":{"type":"Point","coordinates":[-0.304492,51.468029]}},{"id":"2305","type":"Feature","properties":{"layer":0},"geometry":{"type":"Point","coordinates":[-0.166237,51.505116]}},{"id":"2306","type":"Feature","properties":{"layer":0},"geometry":{"type":"Point","coordinates":[-0.156897,51.499128]}},{"id":"2307","type":"Feature","properties":{"layer":0},"geometry":{"type":"Point","coordinates":[-0.106985,51.616256]}},{"id":"2308","type":"Feature","properties":{"layer":0},"geometry":{"type":"Point","coordinates":[-0.21377,51.418166]}},{"id":"2309","type":"Feature","properties":{"layer":0},"geometry":{"type":"Point","coordinates":[-0.102752,51.545362]}},{"id":"2310","type":"Feature","properties":{"layer":0},"geometry":{"type":"Point","coordinates":[0.012094,51.541445]}},{"id":"2311","type":"Feature","properties":{"layer":0},"geometry":{"type":"Point","coordinates":[-0.077353,51.346772]}},{"id":"2312","type":"Feature","properties":{"layer":0},"geometry":{"type":"Point","coordinates":[0.114918,51.53548]}},{"id":"2313","type":"Feature","properties":{"layer":0},"geometry":{"type":"Point","coordinates":[0.217207,51.510616]}},{"id":"2314","type":"Feature","properties":{"layer":0},"geometry":{"type":"Point","coordinates":[-0.129818,51.561066]}},{"id":"2315","type":"Feature","properties":{"layer":0},"geometry":{"type":"Point","coordinates":[-0.181514,51.534157]}},{"id":"2316","type":"Feature","properties":{"layer":0},"geometry":{"type":"Point","coordinates":[-0.109457,51.423185]}},{"id":"2317","type":"Feature","properties":{"layer":0},"geometry":{"type":"Point","coordinates":[-0.000454,51.59986]}},{"id":"2318","type":"Feature","properties":{"layer":0},"geometry":{"type":"Point","coordinates":[-0.006116,51.423747]}},{"id":"2319","type":"Feature","properties":{"layer":0},"geometry":{"type":"Point","coordinates":[-0.157521,51.618721]}},{"id":"2320","type":"Feature","properties":{"layer":0},"geometry":{"type":"Point","coordinates":[-0.002147,51.601065]}},{"id":"2321","type":"Feature","properties":{"layer":0},"geometry":{"type":"Point","coordinates":[-0.465008,51.505375]}},{"id":"2322","type":"Feature","properties":{"layer":0},"geometry":{"type":"Point","coordinates":[-0.235357,51.418091]}},{"id":"2323","type":"Feature","properties":{"layer":0},"geometry":{"type":"Point","coordinates":[-0.169755,51.491656]}},{"id":"2324","type":"Feature","properties":{"layer":0},"geometry":{"type":"Point","coordinates":[-0.340363,51.448345]}},{"id":"2325","type":"Feature","properties":{"layer":0},"geometry":{"type":"Point","coordinates":[-0.163143,51.504486]}},{"id":"2326","type":"Feature","properties":{"layer":0},"geometry":{"type":"Point","coordinates":[-0.08542,51.411303]}},{"id":"2327","type":"Feature","properties":{"layer":0},"geometry":{"type":"Point","coordinates":[-0.311219,51.488559]}},{"id":"2328","type":"Feature","properties":{"layer":0},"geometry":{"type":"Point","coordinates":[-0.061921,51.449384]}},{"id":"2329","type":"Feature","properties":{"layer":0},"geometry":{"type":"Point","coordinates":[0.06889,51.540504]}},{"id":"2330","type":"Feature","properties":{"layer":0},"geometry":{"type":"Point","coordinates":[-0.246012,51.513144]}},{"id":"2331","type":"Feature","properties":{"layer":0},"geometry":{"type":"Point","coordinates":[-0.049252,51.670364]}},{"id":"2332","type":"Feature","properties":{"layer":0},"geometry":{"type":"Point","coordinates":[-0.024051,51.552167]}},{"id":"2333","type":"Feature","properties":{"layer":0},"geometry":{"type":"Point","coordinates":[0.102179,51.332978]}},{"id":"2334","type":"Feature","properties":{"layer":0},"geometry":{"type":"Point","coordinates":[0.028103,51.517228]}},{"id":"2335","type":"Feature","properties":{"layer":0},"geometry":{"type":"Point","coordinates":[-0.349265,51.458332]}},{"id":"2336","type":"Feature","properties":{"layer":0},"geometry":{"type":"Point","coordinates":[-0.078353,51.510951]}},{"id":"2337","type":"Feature","properties":{"layer":0},"geometry":{"type":"Point","coordinates":[-0.186446,51.653872]}},{"id":"2338","type":"Feature","properties":{"layer":0},"geometry":{"type":"Point","coordinates":[-0.18298,51.384644]}},{"id":"2339","type":"Feature","properties":{"layer":0},"geometry":{"type":"Point","coordinates":[-0.066303,51.618055]}},{"id":"2340","type":"Feature","properties":{"layer":0},"geometry":{"type":"Point","coordinates":[-0.251493,51.621732]}},{"id":"2341","type":"Feature","properties":{"layer":0},"geometry":{"type":"Point","coordinates":[0.190158,51.542958]}},{"id":"2342","type":"Feature","properties":{"layer":0},"geometry":{"type":"Point","coordinates":[0.025317,51.411671]}},{"id":"2343","type":"Feature","properties":{"layer":0},"geometry":{"type":"Point","coordinates":[-0.32881,51.439233]}},{"id":"2344","type":"Feature","properties":{"layer":0},"geometry":{"type":"Point","coordinates":[0.002443,51.440041]}},{"id":"2345","type":"Feature","properties":{"layer":0},"geometry":{"type":"Point","coordinates":[0.201059,51.549732]}},{"id":"2346","type":"Feature","properties":{"layer":0},"geometry":{"type":"Point","coordinates":[-0.154542,51.515132]}},{"id":"2347","type":"Feature","properties":{"layer":0},"geometry":{"type":"Point","coordinates":[-0.285188,51.387111]}},{"id":"2348","type":"Feature","properties":{"layer":0},"geometry":{"type":"Point","coordinates":[-0.018607,51.661257]}},{"id":"2349","type":"Feature","properties":{"layer":0},"geometry":{"type":"Point","coordinates":[0.180457,51.485554]}},{"id":"2350","type":"Feature","properties":{"layer":0},"geometry":{"type":"Point","coordinates":[0.16672,51.553155]}},{"id":"2351","type":"Feature","properties":{"layer":0},"geometry":{"type":"Point","coordinates":[-0.006651,51.439414]}},{"id":"2352","type":"Feature","properties":{"layer":0},"geometry":{"type":"Point","coordinates":[-0.087532,51.492916]}},{"id":"2353","type":"Feature","properties":{"layer":0},"geometry":{"type":"Point","coordinates":[-0.249084,51.608783]}},{"id":"2354","type":"Feature","properties":{"layer":0},"geometry":{"type":"Point","coordinates":[-0.163034,51.487628]}},{"id":"2355","type":"Feature","properties":{"layer":0},"geometry":{"type":"Point","coordinates":[0.262974,51.552646]}},{"id":"2356","type":"Feature","properties":{"layer":0},"geometry":{"type":"Point","coordinates":[-0.414991,51.555993]}},{"id":"2357","type":"Feature","properties":{"layer":0},"geometry":{"type":"Point","coordinates":[-0.192452,51.485098]}},{"id":"2358","type":"Feature","properties":{"layer":0},"geometry":{"type":"Point","coordinates":[-0.131524,51.431708]}},{"id":"2359","type":"Feature","properties":{"layer":0},"geometry":{"type":"Point","coordinates":[-0.158263,51.57335]}},{"id":"2360","type":"Feature","properties":{"layer":0},"geometry":{"type":"Point","coordinates":[0.199719,51.616519]}},{"id":"2361","type":"Feature","properties":{"layer":0},"geometry":{"type":"Point","coordinates":[0.255308,51.607243]}},{"id":"2362","type":"Feature","properties":{"layer":0},"geometry":{"type":"Point","coordinates":[0.067861,51.414312]}},{"id":"2363","type":"Feature","properties":{"layer":0},"geometry":{"type":"Point","coordinates":[-0.230806,51.611318]}},{"id":"2364","type":"Feature","properties":{"layer":0},"geometry":{"type":"Point","coordinates":[0.154444,51.451094]}},{"id":"2365","type":"Feature","properties":{"layer":0},"geometry":{"type":"Point","coordinates":[-0.204853,51.593318]}},{"id":"2366","type":"Feature","properties":{"layer":0},"geometry":{"type":"Point","coordinates":[0.234357,51.592263]}},{"id":"2367","type":"Feature","properties":{"layer":0},"geometry":{"type":"Point","coordinates":[-0.096353,51.667267]}},{"id":"2368","type":"Feature","properties":{"layer":0},"geometry":{"type":"Point","coordinates":[-0.02911,51.459029]}},{"id":"2369","type":"Feature","properties":{"layer":0},"geometry":{"type":"Point","coordinates":[-0.416165,51.446789]}},{"id":"2370","type":"Feature","properties":{"layer":0},"geometry":{"type":"Point","coordinates":[-0.260686,51.447469]}},{"id":"2371","type":"Feature","properties":{"layer":0},"geometry":{"type":"Point","coordinates":[-0.380745,51.547381]}},{"id":"2372","type":"Feature","properties":{"layer":0},"geometry":{"type":"Point","coordinates":[0.276692,51.581864]}},{"id":"2373","type":"Feature","properties":{"layer":0},"geometry":{"type":"Point","coordinates":[-0.219347,51.610365]}},{"id":"2374","type":"Feature","properties":{"layer":0},"geometry":{"type":"Point","coordinates":[-0.002503,51.533501]}},{"id":"2375","type":"Feature","properties":{"layer":0},"geometry":{"type":"Point","coordinates":[-0.428454,51.567539]}},{"id":"2376","type":"Feature","properties":{"layer":0},"geometry":{"type":"Point","coordinates":[0.026402,51.367508]}},{"id":"2377","type":"Feature","properties":{"layer":0},"geometry":{"type":"Point","coordinates":[0.016915,51.62615]}},{"id":"2378","type":"Feature","properties":{"layer":0},"geometry":{"type":"Point","coordinates":[-0.190967,51.556108]}},{"id":"2379","type":"Feature","properties":{"layer":0},"geometry":{"type":"Point","coordinates":[-0.120494,51.555542]}},{"id":"2380","type":"Feature","properties":{"layer":0},"geometry":{"type":"Point","coordinates":[-0.396272,51.559543]}},{"id":"2381","type":"Feature","properties":{"layer":0},"geometry":{"type":"Point","coordinates":[0.042282,51.505872]}},{"id":"2382","type":"Feature","properties":{"layer":0},"geometry":{"type":"Point","coordinates":[-0.093802,51.655316]}},{"id":"2383","type":"Feature","properties":{"layer":0},"geometry":{"type":"Point","coordinates":[-0.124839,51.561892]}},{"id":"2384","type":"Feature","properties":{"layer":0},"geometry":{"type":"Point","coordinates":[-0.154611,51.538302]}},{"id":"2385","type":"Feature","properties":{"layer":0},"geometry":{"type":"Point","coordinates":[-0.127487,51.629375]}},{"id":"2386","type":"Feature","properties":{"layer":0},"geometry":{"type":"Point","coordinates":[0.109391,51.503588]}},{"id":"2387","type":"Feature","properties":{"layer":0},"geometry":{"type":"Point","coordinates":[0.094997,51.572061]}},{"id":"2388","type":"Feature","properties":{"layer":0},"geometry":{"type":"Point","coordinates":[-0.048159,51.643747]}},{"id":"2389","type":"Feature","properties":{"layer":0},"geometry":{"type":"Point","coordinates":[-0.308804,51.548476]}},{"id":"2390","type":"Feature","properties":{"layer":0},"geometry":{"type":"Point","coordinates":[-0.065889,51.433129]}},{"id":"2391","type":"Feature","properties":{"layer":0},"geometry":{"type":"Point","coordinates":[0.216246,51.513937]}},{"id":"2392","type":"Feature","properties":{"layer":0},"geometry":{"type":"Point","coordinates":[-0.195297,51.385143]}},{"id":"2393","type":"Feature","properties":{"layer":0},"geometry":{"type":"Point","coordinates":[-0.109223,51.500747]}},{"id":"2394","type":"Feature","properties":{"layer":0},"geometry":{"type":"Point","coordinates":[0.168874,51.547453]}},{"id":"2395","type":"Feature","properties":{"layer":0},"geometry":{"type":"Point","coordinates":[0.059787,51.546201]}},{"id":"2396","type":"Feature","properties":{"layer":0},"geometry":{"type":"Point","coordinates":[-0.082603,51.582603]}},{"id":"2397","type":"Feature","properties":{"layer":0},"geometry":{"type":"Point","coordinates":[-0.209434,51.57132]}},{"id":"2398","type":"Feature","properties":{"layer":0},"geometry":{"type":"Point","coordinates":[-0.187517,51.505846]}},{"id":"2399","type":"Feature","properties":{"layer":0},"geometry":{"type":"Point","coordinates":[-0.14748,51.368057]}},{"id":"2400","type":"Feature","properties":{"layer":0},"geometry":{"type":"Point","coordinates":[-0.203068,51.411937]}},{"id":"2401","type":"Feature","properties":{"layer":0},"geometry":{"type":"Point","coordinates":[0.202978,51.488456]}},{"id":"2402","type":"Feature","properties":{"layer":0},"geometry":{"type":"Point","coordinates":[-0.319895,51.472188]}},{"id":"2403","type":"Feature","properties":{"layer":0},"geometry":{"type":"Point","coordinates":[-0.283603,51.614871]}},{"id":"2404","type":"Feature","properties":{"layer":0},"geometry":{"type":"Point","coordinates":[-0.154459,51.437945]}},{"id":"2405","type":"Feature","properties":{"layer":0},"geometry":{"type":"Point","coordinates":[-0.171048,51.588946]}},{"id":"2406","type":"Feature","properties":{"layer":0},"geometry":{"type":"Point","coordinates":[-0.266609,51.412443]}},{"id":"2407","type":"Feature","properties":{"layer":0},"geometry":{"type":"Point","coordinates":[0.14287,51.452134]}},{"id":"2408","type":"Feature","properties":{"layer":0},"geometry":{"type":"Point","coordinates":[0.05111,51.386819]}},{"id":"2409","type":"Feature","properties":{"layer":0},"geometry":{"type":"Point","coordinates":[-0.415294,51.50972]}},{"id":"2410","type":"Feature","properties":{"layer":0},"geometry":{"type":"Point","coordinates":[-0.263014,51.387661]}},{"id":"2411","type":"Feature","properties":{"layer":0},"geometry":{"type":"Point","coordinates":[-0.054033,51.460541]}},{"id":"2412","type":"Feature","properties":{"layer":0},"geometry":{"type":"Point","coordinates":[-0.376631,51.536172]}},{"id":"2413","type":"Feature","properties":{"layer":0},"geometry":{"type":"Point","coordinates":[0.002501,51.517586]}},{"id":"2414","type":"Feature","properties":{"layer":0},"geometry":{"type":"Point","coordinates":[-0.041904,51.470858]}},{"id":"2415","type":"Feature","properties":{"layer":0},"geometry":{"type":"Point","coordinates":[0.12902,51.49556]}},{"id":"2416","type":"Feature","properties":{"layer":0},"geometry":{"type":"Point","coordinates":[-0.365067,51.433991]}},{"id":"2417","type":"Feature","properties":{"layer":0},"geometry":{"type":"Point","coordinates":[-0.28228,51.48354]}},{"id":"2418","type":"Feature","properties":{"layer":0},"geometry":{"type":"Point","coordinates":[-0.313153,51.493207]}},{"id":"2419","type":"Feature","properties":{"layer":0},"geometry":{"type":"Point","coordinates":[-0.22898,51.435021]}},{"id":"2420","type":"Feature","properties":{"layer":0},"geometry":{"type":"Point","coordinates":[-0.336001,51.485349]}},{"id":"2421","type":"Feature","properties":{"layer":0},"geometry":{"type":"Point","coordinates":[-0.117862,51.475131]}},{"id":"2422","type":"Feature","properties":{"layer":0},"geometry":{"type":"Point","coordinates":[0.060774,51.413403]}},{"id":"2423","type":"Feature","properties":{"layer":0},"geometry":{"type":"Point","coordinates":[-0.11054,51.52153]}},{"id":"2424","type":"Feature","properties":{"layer":0},"geometry":{"type":"Point","coordinates":[0.030884,51.52431]}},{"id":"2425","type":"Feature","properties":{"layer":0},"geometry":{"type":"Point","coordinates":[-0.142306,51.607367]}},{"id":"2426","type":"Feature","properties":{"layer":0},"geometry":{"type":"Point","coordinates":[-0.161872,51.499764]}},{"id":"2427","type":"Feature","properties":{"layer":0},"geometry":{"type":"Point","coordinates":[-0.218563,51.58756]}},{"id":"2428","type":"Feature","properties":{"layer":0},"geometry":{"type":"Point","coordinates":[-0.111872,51.567904]}},{"id":"2429","type":"Feature","properties":{"layer":0},"geometry":{"type":"Point","coordinates":[0.178706,51.45712]}},{"id":"2430","type":"Feature","properties":{"layer":0},"geometry":{"type":"Point","coordinates":[-0.087377,51.334813]}},{"id":"2431","type":"Feature","properties":{"layer":0},"geometry":{"type":"Point","coordinates":[-0.074044,51.65328]}},{"id":"2432","type":"Feature","properties":{"layer":0},"geometry":{"type":"Point","coordinates":[0.134902,51.436797]}},{"id":"2433","type":"Feature","properties":{"layer":0},"geometry":{"type":"Point","coordinates":[-0.109514,51.437198]}},{"id":"2434","type":"Feature","properties":{"layer":0},"geometry":{"type":"Point","coordinates":[-0.049235,51.567569]}},{"id":"2435","type":"Feature","properties":{"layer":0},"geometry":{"type":"Point","coordinates":[-0.424756,51.447321]}},{"id":"2436","type":"Feature","properties":{"layer":0},"geometry":{"type":"Point","coordinates":[-0.194114,51.409095]}},{"id":"2437","type":"Feature","properties":{"layer":0},"geometry":{"type":"Point","coordinates":[0.008914,51.615773]}},{"id":"2438","type":"Feature","properties":{"layer":0},"geometry":{"type":"Point","coordinates":[-0.455179,51.488279]}},{"id":"2439","type":"Feature","properties":{"layer":0},"geometry":{"type":"Point","coordinates":[0.024064,51.323829]}},{"id":"2440","type":"Feature","properties":{"layer":0},"geometry":{"type":"Point","coordinates":[-0.12637,51.567057]}},{"id":"2441","type":"Feature","properties":{"layer":0},"geometry":{"type":"Point","coordinates":[0.26119,51.570701]}},{"id":"2442","type":"Feature","properties":{"layer":0},"geometry":{"type":"Point","coordinates":[-0.171736,51.390651]}},{"id":"2443","type":"Feature","properties":{"layer":0},"geometry":{"type":"Point","coordinates":[0.120549,51.363393]}},{"id":"2444","type":"Feature","properties":{"layer":0},"geometry":{"type":"Point","coordinates":[-0.043815,51.436427]}},{"id":"2445","type":"Feature","properties":{"layer":0},"geometry":{"type":"Point","coordinates":[-0.145284,51.484336]}},{"id":"2446","type":"Feature","properties":{"layer":0},"geometry":{"type":"Point","coordinates":[-0.105767,51.619454]}},{"id":"2447","type":"Feature","properties":{"layer":0},"geometry":{"type":"Point","coordinates":[-0.085213,51.678753]}},{"id":"2448","type":"Feature","properties":{"layer":0},"geometry":{"type":"Point","coordinates":[-0.202874,51.412365]}},{"id":"2449","type":"Feature","properties":{"layer":0},"geometry":{"type":"Point","coordinates":[0.040468,51.443872]}},{"id":"2450","type":"Feature","properties":{"layer":0},"geometry":{"type":"Point","coordinates":[0.047727,51.612774]}},{"id":"2451","type":"Feature","properties":{"layer":0},"geometry":{"type":"Point","coordinates":[-0.06626,51.343299]}},{"id":"2452","type":"Feature","properties":{"layer":0},"geometry":{"type":"Point","coordinates":[0.142829,51.497904]}},{"id":"2453","type":"Feature","properties":{"layer":0},"geometry":{"type":"Point","coordinates":[-0.201154,51.409469]}},{"id":"2454","type":"Feature","properties":{"layer":0},"geometry":{"type":"Point","coordinates":[0.007616,51.355835]}},{"id":"2455","type":"Feature","properties":{"layer":0},"geometry":{"type":"Point","coordinates":[-0.035362,51.480936]}},{"id":"2456","type":"Feature","properties":{"layer":0},"geometry":{"type":"Point","coordinates":[-0.05136,51.619468]}},{"id":"2457","type":"Feature","properties":{"layer":0},"geometry":{"type":"Point","coordinates":[0.171825,51.55349]}},{"id":"2458","type":"Feature","properties":{"layer":0},"geometry":{"type":"Point","coordinates":[-0.386182,51.612232]}},{"id":"2459","type":"Feature","properties":{"layer":0},"geometry":{"type":"Point","coordinates":[-0.089258,51.333688]}},{"id":"2460","type":"Feature","properties":{"layer":0},"geometry":{"type":"Point","coordinates":[-0.179482,51.521634]}},{"id":"2461","type":"Feature","properties":{"layer":0},"geometry":{"type":"Point","coordinates":[-0.311836,51.398981]}},{"id":"2462","type":"Feature","properties":{"layer":0},"geometry":{"type":"Point","coordinates":[-0.083992,51.545699]}},{"id":"2463","type":"Feature","properties":{"layer":0},"geometry":{"type":"Point","coordinates":[0.104517,51.430854]}},{"id":"2464","type":"Feature","properties":{"layer":0},"geometry":{"type":"Point","coordinates":[-0.118608,51.4975]}},{"id":"2465","type":"Feature","properties":{"layer":0},"geometry":{"type":"Point","coordinates":[-0.158759,51.417719]}},{"id":"2466","type":"Feature","properties":{"layer":0},"geometry":{"type":"Point","coordinates":[-0.182218,51.447849]}},{"id":"2467","type":"Feature","properties":{"layer":0},"geometry":{"type":"Point","coordinates":[0.134326,51.515647]}},{"id":"2468","type":"Feature","properties":{"layer":0},"geometry":{"type":"Point","coordinates":[0.109377,51.374139]}},{"id":"2469","type":"Feature","properties":{"layer":0},"geometry":{"type":"Point","coordinates":[-0.111528,51.470676]}},{"id":"2470","type":"Feature","properties":{"layer":0},"geometry":{"type":"Point","coordinates":[0.171838,51.528586]}},{"id":"2471","type":"Feature","properties":{"layer":0},"geometry":{"type":"Point","coordinates":[0.180461,51.575092]}},{"id":"2472","type":"Feature","properties":{"layer":0},"geometry":{"type":"Point","coordinates":[0.166794,51.552206]}},{"id":"2473","type":"Feature","properties":{"layer":0},"geometry":{"type":"Point","coordinates":[-0.252516,51.590267]}},{"id":"2474","type":"Feature","properties":{"layer":0},"geometry":{"type":"Point","coordinates":[-0.421465,51.605437]}},{"id":"2475","type":"Feature","properties":{"layer":0},"geometry":{"type":"Point","coordinates":[-0.009765,51.460115]}},{"id":"2476","type":"Feature","properties":{"layer":0},"geometry":{"type":"Point","coordinates":[-0.077927,51.535456]}},{"id":"2477","type":"Feature","properties":{"layer":0},"geometry":{"type":"Point","coordinates":[-0.156311,51.576132]}},{"id":"2478","type":"Feature","properties":{"layer":0},"geometry":{"type":"Point","coordinates":[0.046996,51.598956]}},{"id":"2479","type":"Feature","properties":{"layer":0},"geometry":{"type":"Point","coordinates":[-0.221878,51.483981]}},{"id":"2480","type":"Feature","properties":{"layer":0},"geometry":{"type":"Point","coordinates":[-0.169338,51.538153]}},{"id":"2481","type":"Feature","properties":{"layer":0},"geometry":{"type":"Point","coordinates":[-0.191409,51.399255]}},{"id":"2482","type":"Feature","properties":{"layer":0},"geometry":{"type":"Point","coordinates":[-0.226711,51.363227]}},{"id":"2483","type":"Feature","properties":{"layer":0},"geometry":{"type":"Point","coordinates":[-0.236212,51.460892]}},{"id":"2484","type":"Feature","properties":{"layer":0},"geometry":{"type":"Point","coordinates":[0.084327,51.40686]}},{"id":"2485","type":"Feature","properties":{"layer":0},"geometry":{"type":"Point","coordinates":[0.044207,51.557088]}},{"id":"2486","type":"Feature","properties":{"layer":0},"geometry":{"type":"Point","coordinates":[-0.124632,51.466945]}},{"id":"2487","type":"Feature","properties":{"layer":0},"geometry":{"type":"Point","coordinates":[-0.02705,51.50185]}},{"id":"2488","type":"Feature","properties":{"layer":0},"geometry":{"type":"Point","coordinates":[0.060566,51.410954]}},{"id":"2489","type":"Feature","properties":{"layer":0},"geometry":{"type":"Point","coordinates":[-0.146319,51.474114]}},{"id":"2490","type":"Feature","properties":{"layer":0},"geometry":{"type":"Point","coordinates":[0.078001,51.354248]}},{"id":"2491","type":"Feature","properties":{"layer":0},"geometry":{"type":"Point","coordinates":[-0.303662,51.578757]}},{"id":"2492","type":"Feature","properties":{"layer":0},"geometry":{"type":"Point","coordinates":[-0.258233,51.542615]}},{"id":"2493","type":"Feature","properties":{"layer":0},"geometry":{"type":"Point","coordinates":[-0.005888,51.388327]}},{"id":"2494","type":"Feature","properties":{"layer":0},"geometry":{"type":"Point","coordinates":[-0.09614,51.481966]}},{"id":"2495","type":"Feature","properties":{"layer":0},"geometry":{"type":"Point","coordinates":[-0.000202,51.423969]}},{"id":"2496","type":"Feature","properties":{"layer":0},"geometry":{"type":"Point","coordinates":[0.058066,51.324219]}},{"id":"2497","type":"Feature","properties":{"layer":0},"geometry":{"type":"Point","coordinates":[0.119466,51.382288]}},{"id":"2498","type":"Feature","properties":{"layer":0},"geometry":{"type":"Point","coordinates":[0.160177,51.459421]}},{"id":"2499","type":"Feature","properties":{"layer":0},"geometry":{"type":"Point","coordinates":[-0.295489,51.5482]}}]}