{"type":"FeatureCollection","features":[{"id":"0","type":"Feature","properties":{"layer":0},"geometry":{"type":"Point","coordinates":[-9.190895,38.768443]}},{"id":"1","type":"Feature","properties":{"layer":0},"geometry":{"type":"Point","coordinates":[-9.138311,38.720011]}},{"id":"2","type":"Feature","properties":{"layer":0},"geometry":{"type":"Point","coordinates":[-9.163392,38.782734]}},{"id":"3","type":"Feature","properties":{"layer":0},"geometry":{"type":"Point","coordinates":[-9.179952,38.716417]}},{"id":"4","type":"Feature","properties":{"layer":0},"geometry":{"type":"Point","coordinates":[-9.165522,38.723235]}},{"id":"5","type":"Feature","properties":{"layer":0},"geometry":{"type":"Point","coordinates":[-9.114661,38.724019]}},{"id":"6","type":"Feature","properties":{"layer":0},"geometry":{"type":"Point","coordinates":[-9.149204,38.788981]}},{"id":"7","type":"Feature","properties":{"layer":0},"geometry":{"type":"Point","coordinates":[-9.139576,38.763219]}},{"id":"8","type":"Feature","properties":{"layer":0},"geometry":{"type":"Point","coordinates":[-9.147156,38.752816]}},{"id":"9","type":"Feature","properties":{"layer":0},"geometry":{"type":"Point","coordinates":[-9.190966,38.763052]}},{"id":"10","type":"Feature","properties":{"layer":0},"geometry":{"type":"Point","coordinates":[-9.175407,38.73462]}},{"id":"11","type":"Feature","properties":{"layer":0},"geometry":{"type":"Point","coordinates":[-9.097795,38.780384]}},{"id":"12","type":"Feature","properties":{"layer":0},"geometry":{"type":"Point","coordinates":[-9.17614,38.714087]}},{"id":"13","type":"Feature","properties":{"layer":0},"geometry":{"type":"Point","coordinates":[-9.126732,38.753487]}},{"id":"14","type":"Feature","properties":{"layer":0},"geometry":{"type":"Point","coordinates":[-9.168448,38.742478]}},{"id":"15","type":"Feature","properties":{"layer":0},"geometry":{"type":"Point","coordinates":[-9.104048,38.76416]}},{"id":"16","type":"Feature","properties":{"layer":0},"geometry":{"type":"Point","coordinates":[-9.181635,38.75208]}},{"id":"17","type":"Feature","properties":{"layer":0},"geometry":{"type":"Point","coordinates":[-9.18181,38.716267]}},{"id":"18","type":"Feature","properties":{"layer":0},"geometry":{"type":"Point","coordinates":[-9.12597,38.734537]}},{"id":"19","type":"Feature","properties":{"layer":0},"geometry":{"type":"Point","coordinates":[-9.15606,38.710399]}},{"id":"20","type":"Feature","properties":{"layer":0},"geometry":{"type":"Point","coordinates":[-9.107211,38.746405]}},{"id":"21","type":"Feature","properties":{"layer":0},"geometry":{"type":"Point","coordinates":[-9.205567,38.730953]}},{"id":"22","type":"Feature","properties":{"layer":0},"geometry":{"type":"Point","coordinates":[-9.219582,38.700843]}},{"id":"23","type":"Feature","properties":{"layer":0},"geometry":{"type":"Point","coordinates":[-9.185584,38.710949]}},{"id":"24","type":"Feature","properties":{"layer":0},"geometry":{"type":"Point","coordinates":[-9.115775,38.773628]}},{"id":"25","type":"Feature","properties":{"layer":0},"geometry":{"type":"Point","coordinates":[-9.166905,38.706838]}},{"id":"26","type":"Feature","properties":{"layer":0},"geometry":{"type":"Point","coordinates":[-9.12391,38.773174]}},{"id":"27","type":"Feature","properties":{"layer":0},"geometry":{"type":"Point","coordinates":[-9.097102,38.773167]}},{"id":"28","type":"Feature","properties":{"layer":0},"geometry":{"type":"Point","coordinates":[-9.212994,38.707609]}},{"id":"29","type":"Feature","properties":{"layer":0},"geometry":{"type":"Point","coordinates":[-9.126148,38.755122]}},{"id":"30","type":"Feature","properties":{"layer":0},"geometry":{"type":"Point","coordinates":[-9.111875,38.775629]}},{"id":"31","type":"Feature","properties":{"layer":0},"geometry":{"type":"Point","coordinates":[-9.180868,38.713608]}},{"id":"32","type":"Feature","properties":{"layer":0},"geometry":{"type":"Point","coordinates":[-9.124471,38.717738]}},{"id":"33","type":"Feature","properties":{"layer":0},"geometry":{"type":"Point","coordinates":[-9.130244,38.761753]}},{"id":"34","type":"Feature","properties":{"layer":0},"geometry":{"type":"Point","coordinates":[-9.145245,38.733309]}},{"id":"35","type":"Feature","properties":{"layer":0},"geometry":{"type":"Point","coordinates":[-9.126416,38.77656]}},{"id":"36","type":"Feature","properties":{"layer":0},"geometry":{"type":"Point","coordinates":[-9.157823,38.704919]}},{"id":"37","type":"Feature","properties":{"layer":0},"geometry":{"type":"Point","coordinates":[-9.159589,38.758397]}},{"id":"38","type":"Feature","properties":{"layer":0},"geometry":{"type":"Point","coordinates":[-9.147114,38.774422]}},{"id":"39","type":"Feature","properties":{"layer":0},"geometry":{"type":"Point","coordinates":[-9.12335,38.733849]}},{"id":"40","type":"Feature","properties":{"layer":0},"geometry":{"type":"Point","coordinates":[-9.143723,38.724563]}},{"id":"41","type":"Feature","properties":{"layer":0},"geometry":{"type":"Point","coordinates":[-9.160752,38.714005]}},{"id":"42","type":"Feature","properties":{"layer":0},"geometry":{"type":"Point","coordinates":[-9.221679,38.699894]}},{"id":"43","type":"Feature","properties":{"layer":0},"geometry":{"type":"Point","coordinates":[-9.133959,38.734649]}},{"id":"44","type":"Feature","properties":{"layer":0},"geometry":{"type":"Point","coordinates":[-9.099579,38.793042]}},{"id":"45","type":"Feature","properties":{"layer":0},"geometry":{"type":"Point","coordinates":[-9.129298,38.782942]}},{"id":"46","type":"Feature","properties":{"layer":0},"geometry":{"type":"Point","coordinates":[-9.176617,38.740496]}},{"id":"47","type":"Feature","properties":{"layer":0},"geometry":{"type":"Point","coordinates":[-9.166446,38.75572]}},{"id":"48","type":"Feature","properties":{"layer":0},"geometry":{"type":"Point","coordinates":[-9.120228,38.754253]}},{"id":"49","type":"Feature","properties":{"layer":0},"geometry":{"type":"Point","coordinates":[-9.167648,38.751281]}},{"id":"50","type":"Feature","properties":{"layer":0},"geometry":{"type":"Point","coordinates":[-9.209195,38.709915]}},{"id":"51","type":"Feature","properties":{"layer":0},"geometry":{"type":"Point","coordinates":[-9.145153,38.786865]}},{"id":"52","type":"Feature","properties":{"layer":0},"geometry":{"type":"Point","coordinates":[-9.095243,38.772497]}},{"id":"53","type":"Feature","properties":{"layer":0},"geometry":{"type":"Point","coordinates":[-9.165932,38.717362]}},{"id":"54","type":"Feature","properties":{"layer":0},"geometry":{"type":"Point","coordinates":[-9.16763,38.772285]}},{"id":"55","type":"Feature","properties":{"layer":0},"geometry":{"type":"Point","coordinates":[-9.121561,38.764421]}},{"id":"56","type":"Feature","properties":{"layer":0},"geometry":{"type":"Point","coordinates":[-9.095214,38.772748]}},{"id":"57","type":"Feature","properties":{"layer":0},"geometry":{"type":"Point","coordinates":[-9.147249,38.743831]}},{"id":"58","type":"Feature","properties":{"layer":0},"geometry":{"type":"Point","coordinates":[-9.175208,38.746166]}},{"id":"59","type":"Feature","properties":{"layer":0},"geometry":{"type":"Point","coordinates":[-9.096316,38.76233]}},{"id":"60","type":"Feature","properties":{"layer":0},"geometry":{"type":"Point","coordinates":[-9.11767,38.777129]}},{"id":"61","type":"Feature","properties":{"layer":0},"geometry":{"type":"Point","coordinates":[-9.17125,38.758824]}},{"id":"62","type":"Feature","properties":{"layer":0},"geometry":{"type":"Point","coordinates":[-9.167773,38.705348]}},{"id":"63","type":"Feature","properties":{"layer":0},"geometry":{"type":"Point","coordinates":[-9.167266,38.699665]}},{"id":"64","type":"Feature","properties":{"layer":0},"geometry":{"type":"Point","coordinates":[-9.108159,38.757449]}},{"id":"65","type":"Feature","properties":{"layer":0},"geometry":{"type":"Point","coordinates":[-9.220153,38.694337]}},{"id":"66","type":"Feature","properties":{"layer":0},"geometry":{"type":"Point","coordinates":[-9.137277,38.722897]}},{"id":"67","type":"Feature","properties":{"layer":0},"geometry":{"type":"Point","coordinates":[-9.131817,38.727346]}},{"id":"68","type":"Feature","properties":{"layer":0},"geometry":{"type":"Point","coordinates":[-9.127723,38.710168]}},{"id":"69","type":"Feature","properties":{"layer":0},"geometry":{"type":"Point","coordinates":[-9.213725,38.696092]}},{"id":"70","type":"Feature","properties":{"layer":0},"geometry":{"type":"Point","coordinates":[-9.131034,38.730627]}},{"id":"71","type":"Feature","properties":{"layer":0},"geometry":{"type":"Point","coordinates":[-9.103516,38.752861]}},{"id":"72","type":"Feature","properties":{"layer":0},"geometry":{"type":"Point","coordinates":[-9.169243,38.729346]}},{"id":"73","type":"Feature","properties":{"layer":0},"geometry":{"type":"Point","coordinates":[-9.117155,38.718753]}},{"id":"74","type":"Feature","properties":{"layer":0},"geometry":{"type":"Point","coordinates":[-9.112042,38.740553]}},{"id":"75","type":"Feature","properties":{"layer":0},"geometry":{"type":"Point","coordinates":[-9.127915,38.75457]}},{"id":"76","type":"Feature","properties":{"layer":0},"geometry":{"type":"Point","coordinates":[-9.111827,38.724607]}},{"id":"77","type":"Feature","properties":{"layer":0},"geometry":{"type":"Point","coordinates":[-9.131484,38.781966]}},{"id":"78","type":"Feature","properties":{"layer":0},"geometry":{"type":"Point","coordinates":[-9.185018,38.744941]}},{"id":"79","type":"Feature","properties":{"layer":0},"geometry":{"type":"Point","coordinates":[-9.099817,38.791515]}},{"id":"80","type":"Feature","properties":{"layer":0},"geometry":{"type":"Point","coordinates":[-9.143927,38.780482]}},{"id":"81","type":"Feature","properties":{"layer":0},"geometry":{"type":"Point","coordinates":[-9.219057,38.704456]}},{"id":"82","type":"Feature","properties":{"layer":0},"geometry":{"type":"Point","coordinates":[-9.145605,38.760803]}},{"id":"83","type":"Feature","properties":{"layer":0},"geometry":{"type":"Point","coordinates":[-9.19569,38.724321]}},{"id":"84","type":"Feature","properties":{"layer":0},"geometry":{"type":"Point","coordinates":[-9.178715,38.732684]}},{"id":"85","type":"Feature","properties":{"layer":0},"geometry":{"type":"Point","coordinates":[-9.168332,38.772978]}},{"id":"86","type":"Feature","properties":{"layer":0},"geometry":{"type":"Point","coordinates":[-9.18871,38.751386]}},{"id":"87","type":"Feature","properties":{"layer":0},"geometry":{"type":"Point","coordinates":[-9.13132,38.729463]}},{"id":"88","type":"Feature","properties":{"layer":0},"geometry":{"type":"Point","coordinates":[-9.165869,38.742575]}},{"id":"89","type":"Feature","properties":{"layer":0},"geometry":{"type":"Point","coordinates":[-9.219973,38.699171]}},{"id":"90","type":"Feature","properties":{"layer":0},"geometry":{"type":"Point","coordinates":[-9.204035,38.694944]}},{"id":"91","type":"Feature","properties":{"layer":0},"geometry":{"type":"Point","coordinates":[-9.142302,38.786166]}},{"id":"92","type":"Feature","properties":{"layer":0},"geometry":{"type":"Point","coordinates":[-9.162492,38.734975]}},{"id":"93","type":"Feature","properties":{"layer":0},"geometry":{"type":"Point","coordinates":[-9.169613,38.706575]}},{"id":"94","type":"Feature","properties":{"layer":0},"geometry":{"type":"Point","coordinates":[-9.177148,38.730174]}},{"id":"95","type":"Feature","properties":{"layer":0},"geometry":{"type":"Point","coordinates":[-9.167931,38.729374]}},{"id":"96","type":"Feature","properties":{"layer":0},"geometry":{"type":"Point","coordinates":[-9.187124,38.741091]}},{"id":"97","type":"Feature","properties":{"layer":0},"geometry":{"type":"Point","coordinates":[-9.14246,38.71703]}},{"id":"98","type":"Feature","properties":{"layer":0},"geometry":{"type":"Point","coordinates":[-9.118715,38.75019]}},{"id":"99","type":"Feature","properties":{"layer":0},"geometry":{"type":"Point","coordinates":[-9.139703,38.714486]}},{"id":"100","type":"Feature","properties":{"layer":0},"geometry":{"type":"Point","coordinates":[-9.163845,38.759018]}},{"id":"101","type":"Feature","properties":{"layer":0},"geometry":{"type":"Point","coordinates":[-9.135728,38.754959]}},{"id":"102","type":"Feature","properties":{"layer":0},"geometry":{"type":"Point","coordinates":[-9.147089,38.752073]}},{"id":"103","type":"Feature","properties":{"layer":0},"geometry":{"type":"Point","coordinates":[-9.098065,38.747471]}},{"id":"104","type":"Feature","properties":{"layer":0},"geometry":{"type":"Point","coordinates":[-9.095343,38.791848]}},{"id":"105","type":"Feature","properties":{"layer":0},"geometry":{"type":"Point","coordinates":[-9.198836,38.744037]}},{"id":"106","type":"Feature","properties":{"layer":0},"geometry":{"type":"Point","coordinates":[-9.097123,38.758355]}},{"id":"107","type":"Feature","properties":{"layer":0},"geometry":{"type":"Point","coordinates":[-9.205459,38.747922]}},{"id":"108","type":"Feature","properties":{"layer":0},"geometry":{"type":"Point","coordinates":[-9.17184,38.758333]}},{"id":"109","type":"Feature","properties":{"layer":0},"geometry":{"type":"Point","coordinates":[-9.171655,38.773947]}},{"id":"110","type":"Feature","properties":{"layer":0},"geometry":{"type":"Point","coordinates":[-9.099227,38.781274]}},{"id":"111","type":"Feature","properties":{"layer":0},"geometry":{"type":"Point","coordinates":[-9.126627,38.733202]}},{"id":"112","type":"Feature","properties":{"layer":0},"geometry":{"type":"Point","coordinates":[-9.20349,38.697984]}},{"id":"113","type":"Feature","properties":{"layer":0},"geometry":{"type":"Point","coordinates":[-9.161392,38.713944]}},{"id":"114","type":"Feature","properties":{"layer":0},"geometry":{"type":"Point","coordinates":[-9.155246,38.730075]}},{"id":"115","type":"Feature","properties":{"layer":0},"geometry":{"type":"Point","coordinates":[-9.155623,38.721882]}},{"id":"116","type":"Feature","properties":{"layer":0},"geometry":{"type":"Point","coordinates":[-9.162575,38.757189]}},{"id":"117","type":"Feature","properties":{"layer":0},"geometry":{"type":"Point","coordinates":[-9.202645,38.756889]}},{"id":"118","type":"Feature","properties":{"layer":0},"geometry":{"type":"Point","coordinates":[-9.10185,38.738184]}},{"id":"119","type":"Feature","properties":{"layer":0},"geometry":{"type":"Point","coordinates":[-9.180791,38.774253]}},{"id":"120","type":"Feature","properties":{"layer":0},"geometry":{"type":"Point","coordinates":[-9.142033,38.747105]}},{"id":"121","type":"Feature","properties":{"layer":0},"geometry":{"type":"Point","coordinates":[-9.117228,38.735216]}},{"id":"122","type":"Feature","properties":{"layer":0},"geometry":{"type":"Point","coordinates":[-9.191763,38.75662]}},{"id":"123","type":"Feature","properties":{"layer":0},"geometry":{"type":"Point","coordinates":[-9.15621,38.735439]}},{"id":"124","type":"Feature","properties":{"layer":0},"geometry":{"type":"Point","coordinates":[-9.115383,38.731623]}},{"id":"125","type":"Feature","properties":{"layer":0},"geometry":{"type":"Point","coordinates":[-9.150843,38.714154]}},{"id":"126","type":"Feature","properties":{"layer":0},"geometry":{"type":"Point","coordinates":[-9.123398,38.758764]}},{"id":"127","type":"Feature","properties":{"layer":0},"geometry":{"type":"Point","coordinates":[-9.206249,38.70981]}},{"id":"128","type":"Feature","properties":{"layer":0},"geometry":{"type":"Point","coordinates":[-9.153492,38.734892]}},{"id":"129","type":"Feature","properties":{"layer":0},"geometry":{"type":"Point","coordinates":[-9.152603,38.738515]}},{"id":"130","type":"Feature","properties":{"layer":0},"geometry":{"type":"Point","coordinates":[-9.163489,38.787624]}},{"id":"131","type":"Feature","properties":{"layer":0},"geometry":{"type":"Point","coordinates":[-9.11337,38.735552]}},{"id":"132","type":"Feature","properties":{"layer":0},"geometry":{"type":"Point","coordinates":[-9.158609,38.745325]}},{"id":"133","type":"Feature","properties":{"layer":0},"geometry":{"type":"Point","coordinates":[-9.166937,38.761221]}},{"id":"134","type":"Feature","properties":{"layer":0},"geometry":{"type":"Point","coordinates":[-9.185061,38.749545]}},{"id":"135","type":"Feature","properties":{"layer":0},"geometry":{"type":"Point","coordinates":[-9.122867,38.736837]}},{"id":"136","type":"Feature","properties":{"layer":0},"geometry":{"type":"Point","coordinates":[-9.14659,38.748577]}},{"id":"137","type":"Feature","properties":{"layer":0},"geometry":{"type":"Point","coordinates":[-9.110658,38.760906]}},{"id":"138","type":"Feature","properties":{"layer":0},"geometry":{"type":"Point","coordinates":[-9.114101,38.734837]}},{"id":"139","type":"Feature","properties":{"layer":0},"geometry":{"type":"Point","coordinates":[-9.199033,38.744055]}},{"id":"140","type":"Feature","properties":{"layer":0},"geometry":{"type":"Point","coordinates":[-9.127737,38.727301]}},{"id":"141","type":"Feature","properties":{"layer":0},"geometry":{"type":"Point","coordinates":[-9.205025,38.743067]}},{"id":"142","type":"Feature","properties":{"layer":0},"geometry":{"type":"Point","coordinates":[-9.179746,38.775632]}},{"id":"143","type":"Feature","properties":{"layer":0},"geometry":{"type":"Point","coordinates":[-9.14441,38.746207]}},{"id":"144","type":"Feature","properties":{"layer":0},"geometry":{"type":"Point","coordinates":[-9.095657,38.766994]}},{"id":"145","type":"Feature","properties":{"layer":0},"geometry":{"type":"Point","coordinates":[-9.17568,38.762844]}},{"id":"146","type":"Feature","properties":{"layer":0},"geometry":{"type":"Point","coordinates":[-9.133938,38.745582]}},{"id":"147","type":"Feature","properties":{"layer":0},"geometry":{"type":"Point","coordinates":[-9.162916,38.740131]}},{"id":"148","type":"Feature","properties":{"layer":0},"geometry":{"type":"Point","coordinates":[-9.206089,38.719947]}},{"id":"149","type":"Feature","properties":{"layer":0},"geometry":{"type":"Point","coordinates":[-9.191088,38.771941]}},{"id":"150","type":"Feature","properties":{"layer":0},"geometry":{"type":"Point","coordinates":[-9.217051,38.70832]}},{"id":"151","type":"Feature","properties":{"layer":0},"geometry":{"type":"Point","coordinates":[-9.116451,38.759935]}},{"id":"152","type":"Feature","properties":{"layer":0},"geometry":{"type":"Point","coordinates":[-9.117622,38.741128]}},{"id":"153","type":"Feature","properties":{"layer":0},"geometry":{"type":"Point","coordinates":[-9.210634,38.709079]}},{"id":"154","type":"Feature","properties":{"layer":0},"geometry":{"type":"Point","coordinates":[-9.205544,38.756991]}},{"id":"155","type":"Feature","properties":{"layer":0},"geometry":{"type":"Point","coordinates":[-9.185529,38.758217]}},{"id":"156","type":"Feature","properties":{"layer":0},"geometry":{"type":"Point","coordinates":[-9.202567,38.740714]}},{"id":"157","type":"Feature","properties":{"layer":0},"geometry":{"type":"Point","coordinates":[-9.192758,38.727949]}},{"id":"158","type":"Feature","properties":{"layer":0},"geometry":{"type":"Point","coordinates":[-9.12601,38.742857]}},{"id":"159","type":"Feature","properties":{"layer":0},"geometry":{"type":"Point","coordinates":[-9.148496,38.741193]}},{"id":"160","type":"Feature","properties":{"layer":0},"geometry":{"type":"Point","coordinates":[-9.179069,38.724113]}},{"id":"161","type":"Feature","properties":{"layer":0},"geometry":{"type":"Point","coordinates":[-9.217583,38.706732]}},{"id":"162","type":"Feature","properties":{"layer":0},"geometry":{"type":"Point","coordinates":[-9.155951,38.755038]}},{"id":"163","type":"Feature","properties":{"layer":0},"geometry":{"type":"Point","coordinates":[-9.182791,38.700398]}},{"id":"164","type":"Feature","properties":{"layer":0},"geometry":{"type":"Point","coordinates":[-9.200735,38.743142]}},{"id":"165","type":"Feature","properties":{"layer":0},"geometry":{"type":"Point","coordinates":[-9.14495,38.735514]}},{"id":"166","type":"Feature","properties":{"layer":0},"geometry":{"type":"Point","coordinates":[-9.197283,38.751939]}},{"id":"167","type":"Feature","properties":{"layer":0},"geometry":{"type":"Point","coordinates":[-9.17949,38.707831]}},{"id":"168","type":"Feature","properties":{"layer":0},"geometry":{"type":"Point","coordinates":[-9.164564,38.769419]}},{"id":"169","type":"Feature","properties":{"layer":0},"geometry":{"type":"Point","coordinates":[-9.193395,38.733604]}},{"id":"170","type":"Feature","properties":{"layer":0},"geometry":{"type":"Point","coordinates":[-9.150339,38.747589]}},{"id":"171","type":"Feature","properties":{"layer":0},"geometry":{"type":"Point","coordinates":[-9.145971,38.705396]}},{"id":"172","type":"Feature","properties":{"layer":0},"geometry":{"type":"Point","coordinates":[-9.17545,38.711112]}},{"id":"173","type":"Feature","properties":{"layer":0},"geometry":{"type":"Point","coordinates":[-9.122113,38.756783]}},{"id":"174","type":"Feature","properties":{"layer":0},"geometry":{"type":"Point","coordinates":[-9.202935,38.706405]}},{"id":"175","type":"Feature","properties":{"layer":0},"geometry":{"type":"Point","coordinates":[-9.198882,38.719007]}},{"id":"176","type":"Feature","properties":{"layer":0},"geometry":{"type":"Point","coordinates":[-9.107073,38.748378]}},{"id":"178","type":"Feature","properties":{"layer":0},"geometry":{"type":"Point","coordinates":[-9.109643,38.752887]}},{"id":"179","type":"Feature","properties":{"layer":0},"geometry":{"type":"Point","coordinates":[-9.157415,38.737045]}},{"id":"180","type":"Feature","properties":{"layer":0},"geometry":{"type":"Point","coordinates":[-9.134707,38.708823]}},{"id":"181","type":"Feature","properties":{"layer":0},"geometry":{"type":"Point","coordinates":[-9.119854,38.726324]}},{"id":"182","type":"Feature","properties":{"layer":0},"geometry":{"type":"Point","coordinates":[-9.106485,38.748082]}},{"id":"183","type":"Feature","properties":{"layer":0},"geometry":{"type":"Point","coordinates":[-9.169319,38.730847]}},{"id":"184","type":"Feature","properties":{"layer":0},"geometry":{"type":"Point","coordinates":[-9.099283,38.779414]}},{"id":"185","type":"Feature","properties":{"layer":0},"geometry":{"type":"Point","coordinates":[-9.169682,38.718125]}},{"id":"186","type":"Feature","properties":{"layer":0},"geometry":{"type":"Point","coordinates":[-9.191511,38.729582]}},{"id":"187","type":"Feature","properties":{"layer":0},"geometry":{"type":"Point","coordinates":[-9.148791,38.783828]}},{"id":"188","type":"Feature","properties":{"layer":0},"geometry":{"type":"Point","coordinates":[-9.104098,38.745586]}},{"id":"189","type":"Feature","properties":{"layer":0},"geometry":{"type":"Point","coordinates":[-9.182433,38.707258]}},{"id":"190","type":"Feature","properties":{"layer":0},"geometry":{"type":"Point","coordinates":[-9.204399,38.702091]}},{"id":"191","type":"Feature","properties":{"layer":0},"geometry":{"type":"Point","coordinates":[-9.126252,38.75453]}},{"id":"192","type":"Feature","properties":{"layer":0},"geometry":{"type":"Point","coordinates":[-9.177564,38.700965]}},{"id":"193","type":"Feature","properties":{"layer":0},"geometry":{"type":"Point","coordinates":[-9.196439,38.760502]}},{"id":"194","type":"Feature","properties":{"layer":0},"geometry":{"type":"Point","coordinates":[-9.097567,38.778772]}},{"id":"195","type":"Feature","properties":{"layer":0},"geometry":{"type":"Point","coordinates":[-9.165123,38.70008]}},{"id":"196","type":"Feature","properties":{"layer":0},"geometry":{"type":"Point","coordinates":[-9.153323,38.736304]}},{"id":"197","type":"Feature","properties":{"layer":0},"geometry":{"type":"Point","coordinates":[-9.129327,38.729228]}},{"id":"198","type":"Feature","properties":{"layer":0},"geometry":{"type":"Point","coordinates":[-9.158839,38.715569]}},{"id":"199","type":"Feature","properties":{"layer":0},"geometry":{"type":"Point","coordinates":[-9.205472,38.743286]}},{"id":"200","type":"Feature","properties":{"layer":0},"geometry":{"type":"Point","coordinates":[-9.155174,38.771263]}},{"id":"201","type":"Feature","properties":{"layer":0},"geometry":{"type":"Point","coordinates":[-9.128993,38.766377]}},{"id":"202","type":"Feature","properties":{"layer":0},"geometry":{"type":"Point","coordinates":[-9.186878,38.767767]}},{"id":"203","type":"Feature","properties":{"layer":0},"geometry":{"type":"Point","coordinates":[-9.201404,38.73586]}},{"id":"204","type":"Feature","properties":{"layer":0},"geometry":{"type":"Point","coordinates":[-9.134444,38.731218]}},{"id":"205","type":"Feature","properties":{"layer":0},"geometry":{"type":"Point","coordinates":[-9.135935,38.745828]}},{"id":"206","type":"Feature","properties":{"layer":0},"geometry":{"type":"Point","coordinates":[-9.186801,38.726184]}},{"id":"207","type":"Feature","properties":{"layer":0},"geometry":{"type":"Point","coordinates":[-9.155072,38.770683]}},{"id":"208","type":"Feature","properties":{"layer":0},"geometry":{"type":"Point","coordinates":[-9.097286,38.766791]}},{"id":"209","type":"Feature","properties":{"layer":0},"geometry":{"type":"Point","coordinates":[-9.110136,38.777017]}},{"id":"210","type":"Feature","properties":{"layer":0},"geometry":{"type":"Point","coordinates":[-9.151552,38.745085]}},{"id":"211","type":"Feature","properties":{"layer":0},"geometry":{"type":"Point","coordinates":[-9.161223,38.718726]}},{"id":"212","type":"Feature","properties":{"layer":0},"geometry":{"type":"Point","coordinates":[-9.119646,38.747438]}},{"id":"213","type":"Feature","properties":{"layer":0},"geometry":{"type":"Point","coordinates":[-9.203091,38.712773]}},{"id":"214","type":"Feature","properties":{"layer":0},"geometry":{"type":"Point","coordinates":[-9.194548,38.762269]}},{"id":"215","type":"Feature","properties":{"layer":0},"geometry":{"type":"Point","coordinates":[-9.124727,38.711836]}},{"id":"216","type":"Feature","properties":{"layer":0},"geometry":{"type":"Point","coordinates":[-9.203808,38.744856]}},{"id":"217","type":"Feature","properties":{"layer":0},"geometry":{"type":"Point","coordinates":[-9.142153,38.750117]}},{"id":"218","type":"Feature","properties":{"layer":0},"geometry":{"type":"Point","coordinates":[-9.165188,38.740101]}},{"id":"219","type":"Feature","properties":{"layer":0},"geometry":{"type":"Point","coordinates":[-9.140506,38.752271]}},{"id":"220","type":"Feature","properties":{"layer":0},"geometry":{"type":"Point","coordinates":[-9.190901,38.76326]}},{"id":"221","type":"Feature","properties":{"layer":0},"geometry":{"type":"Point","coordinates":[-9.178559,38.707308]}},{"id":"222","type":"Feature","properties":{"layer":0},"geometry":{"type":"Point","coordinates":[-9.105257,38.74918]}},{"id":"223","type":"Feature","properties":{"layer":0},"geometry":{"type":"Point","coordinates":[-9.134264,38.749418]}},{"id":"224","type":"Feature","properties":{"layer":0},"geometry":{"type":"Point","coordinates":[-9.146696,38.789056]}},{"id":"225","type":"Feature","properties":{"layer":0},"geometry":{"type":"Point","coordinates":[-9.137316,38.71192]}},{"id":"226","type":"Feature","properties":{"layer":0},"geometry":{"type":"Point","coordinates":[-9.154336,38.745409]}},{"id":"227","type":"Feature","properties":{"layer":0},"geometry":{"type":"Point","coordinates":[-9.172962,38.764955]}},{"id":"228","type":"Feature","properties":{"layer":0},"geometry":{"type":"Point","coordinates":[-9.117009,38.748109]}},{"id":"229","type":"Feature","properties":{"layer":0},"geometry":{"type":"Point","coordinates":[-9.127712,38.767048]}},{"id":"230","type":"Feature","properties":{"layer":0},"geometry":{"type":"Point","coordinates":[-9.181901,38.752458]}},{"id":"231","type":"Feature","properties":{"layer":0},"geometry":{"type":"Point","coordinates":[-9.194668,38.71585]}},{"id":"232","type":"Feature","properties":{"layer":0},"geometry":{"type":"Point","coordinates":[-9.164038,38.770558]}},{"id":"233","type":"Feature","properties":{"layer":0},"geometry":{"type":"Point","coordinates":[-9.168535,38.770526]}},{"id":"234","type":"Feature","properties":{"layer":0},"geometry":{"type":"Point","coordinates":[-9.197373,38.756394]}},{"id":"235","type":"Feature","properties":{"layer":0},"geometry":{"type":"Point","coordinates":[-9.100414,38.754221]}},{"id":"236","type":"Feature","properties":{"layer":0},"geometry":{"type":"Point","coordinates":[-9.133043,38.724386]}},{"id":"237","type":"Feature","properties":{"layer":0},"geometry":{"type":"Point","coordinates":[-9.118045,38.776462]}},{"id":"238","type":"Feature","properties":{"layer":0},"geometry":{"type":"Point","coordinates":[-9.208366,38.754001]}},{"id":"239","type":"Feature","properties":{"layer":0},"geometry":{"type":"Point","coordinates":[-9.097501,38.768739]}},{"id":"240","type":"Feature","properties":{"layer":0},"geometry":{"type":"Point","coordinates":[-9.143323,38.731043]}},{"id":"241","type":"Feature","properties":{"layer":0},"geometry":{"type":"Point","coordinates":[-9.169369,38.762426]}},{"id":"242","type":"Feature","properties":{"layer":0},"geometry":{"type":"Point","coordinates":[-9.140333,38.718662]}},{"id":"243","type":"Feature","properties":{"layer":0},"geometry":{"type":"Point","coordinates":[-9.155854,38.780706]}},{"id":"244","type":"Feature","properties":{"layer":0},"geometry":{"type":"Point","coordinates":[-9.198051,38.695309]}},{"id":"245","type":"Feature","properties":{"layer":0},"geometry":{"type":"Point","coordinates":[-9.169188,38.762421]}},{"id":"246","type":"Feature","properties":{"layer":0},"geometry":{"type":"Point","coordinates":[-9.137105,38.735877]}},{"id":"247","type":"Feature","properties":{"layer":0},"geometry":{"type":"Point","coordinates":[-9.14527,38.704861]}},{"id":"248","type":"Feature","properties":{"layer":0},"geometry":{"type":"Point","coordinates":[-9.126296,38.754606]}},{"id":"249","type":"Feature","properties":{"layer":0},"geometry":{"type":"Point","coordinates":[-9.165767,38.728458]}},{"id":"250","type":"Feature","properties":{"layer":0},"geometry":{"type":"Point","coordinates":[-9.141686,38.734153]}},{"id":"251","type":"Feature","properties":{"layer":0},"geometry":{"type":"Point","coordinates":[-9.155458,38.751523]}},{"id":"252","type":"Feature","properties":{"layer":0},"geometry":{"type":"Point","coordinates":[-9.125001,38.756538]}},{"id":"253","type":"Feature","properties":{"layer":0},"geometry":{"type":"Point","coordinates":[-9.154929,38.751485]}},{"id":"254","type":"Feature","properties":{"layer":0},"geometry":{"type":"Point","coordinates":[-9.145231,38.755309]}},{"id":"255","type":"Feature","properties":{"layer":0},"geometry":{"type":"Point","coordinates":[-9.207046,38.698918]}},{"id":"256","type":"Feature","properties":{"layer":0},"geometry":{"type":"Point","coordinates":[-9.123675,38.739678]}},{"id":"257","type":"Feature","properties":{"layer":0},"geometry":{"type":"Point","coordinates":[-9.172397,38.75801]}},{"id":"258","type":"Feature","properties":{"layer":0},"geometry":{"type":"Point","coordinates":[-9.171706,38.703062]}},{"id":"259","type":"Feature","properties":{"layer":0},"geometry":{"type":"Point","coordinates":[-9.137644,38.731261]}},{"id":"260","type":"Feature","properties":{"layer":0},"geometry":{"type":"Point","coordinates":[-9.097583,38.768967]}},{"id":"261","type":"Feature","properties":{"layer":0},"geometry":{"type":"Point","coordinates":[-9.181612,38.74994]}},{"id":"262","type":"Feature","properties":{"layer":0},"geometry":{"type":"Point","coordinates":[-9.150433,38.750717]}},{"id":"263","type":"Feature","properties":{"layer":0},"geometry":{"type":"Point","coordinates":[-9.151033,38.725559]}},{"id":"264","type":"Feature","properties":{"layer":0},"geometry":{"type":"Point","coordinates":[-9.20139,38.710253]}},{"id":"265","type":"Feature","properties":{"layer":0},"geometry":{"type":"Point","coordinates":[-9.126843,38.733913]}},{"id":"266","type":"Feature","properties":{"layer":0},"geometry":{"type":"Point","coordinates":[-9.19818,38.756947]}},{"id":"267","type":"Feature","properties":{"layer":0},"geometry":{"type":"Point","coordinates":[-9.202167,38.726111]}},{"id":"268","type":"Feature","properties":{"layer":0},"geometry":{"type":"Point","coordinates":[-9.116528,38.754606]}},{"id":"269","type":"Feature","properties":{"layer":0},"geometry":{"type":"Point","coordinates":[-9.155656,38.710491]}},{"id":"270","type":"Feature","properties":{"layer":0},"geometry":{"type":"Point","coordinates":[-9.219953,38.701695]}},{"id":"271","type":"Feature","properties":{"layer":0},"geometry":{"type":"Point","coordinates":[-9.14346,38.720179]}},{"id":"272","type":"Feature","properties":{"layer":0},"geometry":{"type":"Point","coordinates":[-9.160904,38.75386]}},{"id":"273","type":"Feature","properties":{"layer":0},"geometry":{"type":"Point","coordinates":[-9.13856,38.724862]}},{"id":"274","type":"Feature","properties":{"layer":0},"geometry":{"type":"Point","coordinates":[-9.158357,38.719004]}},{"id":"275","type":"Feature","properties":{"layer":0},"geometry":{"type":"Point","coordinates":[-9.177503,38.728852]}},{"id":"276","type":"Feature","properties":{"layer":0},"geometry":{"type":"Point","coordinates":[-9.099956,38.787149]}},{"id":"277","type":"Feature","properties":{"layer":0},"geometry":{"type":"Point","coordinates":[-9.152727,38.722228]}},{"id":"278","type":"Feature","properties":{"layer":0},"geometry":{"type":"Point","coordinates":[-9.125055,38.712425]}},{"id":"279","type":"Feature","properties":{"layer":0},"geometry":{"type":"Point","coordinates":[-9.186605,38.704621]}},{"id":"280","type":"Feature","properties":{"layer":0},"geometry":{"type":"Point","coordinates":[-9.178563,38.761916]}},{"id":"281","type":"Feature","properties":{"layer":0},"geometry":{"type":"Point","coordinates":[-9.127405,38.751833]}},{"id":"282","type":"Feature","properties":{"layer":0},"geometry":{"type":"Point","coordinates":[-9.127874,38.750351]}},{"id":"283","type":"Feature","properties":{"layer":0},"geometry":{"type":"Point","coordinates":[-9.178679,38.703447]}},{"id":"284","type":"Feature","properties":{"layer":0},"geometry":{"type":"Point","coordinates":[-9.117509,38.760192]}},{"id":"285","type":"Feature","properties":{"layer":0},"geometry":{"type":"Point","coordinates":[-9.167554,38.777069]}},{"id":"286","type":"Feature","properties":{"layer":0},"geometry":{"type":"Point","coordinates":[-9.215231,38.709114]}},{"id":"287","type":"Feature","properties":{"layer":0},"geometry":{"type":"Point","coordinates":[-9.13303,38.736128]}},{"id":"288","type":"Feature","properties":{"layer":0},"geometry":{"type":"Point","coordinates":[-9.160825,38.732061]}},{"id":"289","type":"Feature","properties":{"layer":0},"geometry":{"type":"Point","coordinates":[-9.195878,38.70442]}},{"id":"290","type":"Feature","properties":{"layer":0},"geometry":{"type":"Point","coordinates":[-9.167186,38.744538]}},{"id":"291","type":"Feature","properties":{"layer":0},"geometry":{"type":"Point","coordinates":[-9.202712,38.722292]}},{"id":"292","type":"Feature","properties":{"layer":0},"geometry":{"type":"Point","coordinates":[-9.217278,38.700378]}},{"id":"293","type":"Feature","properties":{"layer":0},"geometry":{"type":"Point","coordinates":[-9.202294,38.740056]}},{"id":"294","type":"Feature","properties":{"layer":0},"geometry":{"type":"Point","coordinates":[-9.170959,38.722146]}},{"id":"295","type":"Feature","properties":{"layer":0},"geometry":{"type":"Point","coordinates":[-9.179834,38.755259]}},{"id":"296","type":"Feature","properties":{"layer":0},"geometry":{"type":"Point","coordinates":[-9.109144,38.758264]}},{"id":"297","type":"Feature","properties":{"layer":0},"geometry":{"type":"Point","coordinates":[-9.158455,38.7157]}},{"id":"298","type":"Feature","properties":{"layer":0},"geometry":{"type":"Point","coordinates":[-9.095561,38.758802]}},{"id":"299","type":"Feature","properties":{"layer":0},"geometry":{"type":"Point","coordinates":[-9.151893,38.733311]}},{"id":"300","type":"Feature","properties":{"layer":0},"geometry":{"type":"Point","coordinates":[-9.130331,38.716713]}},{"id":"301","type":"Feature","properties":{"layer":0},"geometry":{"type":"Point","coordinates":[-9.181202,38.71494]}},{"id":"302","type":"Feature","properties":{"layer":0},"geometry":{"type":"Point","coordinates":[-9.145663,38.761817]}},{"id":"303","type":"Feature","properties":{"layer":0},"geometry":{"type":"Point","coordinates":[-9.147296,38.739051]}},{"id":"304","type":"Feature","properties":{"layer":0},"geometry":{"type":"Point","coordinates":[-9.111844,38.743971]}},{"id":"305","type":"Feature","properties":{"layer":0},"geometry":{"type":"Point","coordinates":[-9.181911,38.718943]}},{"id":"306","type":"Feature","properties":{"layer":0},"geometry":{"type":"Point","coordinates":[-9.150418,38.748061]}},{"id":"307","type":"Feature","properties":{"layer":0},"geometry":{"type":"Point","coordinates":[-9.155463,38.731595]}},{"id":"308","type":"Feature","properties":{"layer":0},"geometry":{"type":"Point","coordinates":[-9.171708,38.731496]}},{"id":"309","type":"Feature","properties":{"layer":0},"geometry":{"type":"Point","coordinates":[-9.142139,38.750208]}},{"id":"310","type":"Feature","properties":{"layer":0},"geometry":{"type":"Point","coordinates":[-9.147014,38.706291]}},{"id":"311","type":"Feature","properties":{"layer":0},"geometry":{"type":"Point","coordinates":[-9.12926,38.741839]}},{"id":"312","type":"Feature","properties":{"layer":0},"geometry":{"type":"Point","coordinates":[-9.184512,38.723148]}},{"id":"313","type":"Feature","properties":{"layer":0},"geometry":{"type":"Point","coordinates":[-9.138036,38.761407]}},{"id":"314","type":"Feature","properties":{"layer":0},"geometry":{"type":"Point","coordinates":[-9.143747,38.71046]}},{"id":"315","type":"Feature","properties":{"layer":0},"geometry":{"type":"Point","coordinates":[-9.118534,38.748128]}},{"id":"316","type":"Feature","properties":{"layer":0},"geometry":{"type":"Point","coordinates":[-9.122393,38.73615]}},{"id":"317","type":"Feature","properties":{"layer":0},"geometry":{"type":"Point","coordinates":[-9.204778,38.696749]}},{"id":"318","type":"Feature","properties":{"layer":0},"geometry":{"type":"Point","coordinates":[-9.20259,38.73911]}},{"id":"319","type":"Feature","properties":{"layer":0},"geometry":{"type":"Point","coordinates":[-9.166374,38.771594]}},{"id":"320","type":"Feature","properties":{"layer":0},"geometry":{"type":"Point","coordinates":[-9.136911,38.710433]}},{"id":"321","type":"Feature","properties":{"layer":0},"geometry":{"type":"Point","coordinates":[-9.205182,38.704727]}},{"id":"322","type":"Feature","properties":{"layer":0},"geometry":{"type":"Point","coordinates":[-9.193644,38.723363]}},{"id":"323","type":"Feature","properties":{"layer":0},"geometry":{"type":"Point","coordinates":[-9.146773,38.741138]}},{"id":"324","type":"Feature","properties":{"layer":0},"geometry":{"type":"Point","coordinates":[-9.161872,38.779725]}},{"id":"325","type":"Feature","properties":{"layer":0},"geometry":{"type":"Point","coordinates":[-9.215083,38.710008]}},{"id":"326","type":"Feature","properties":{"layer":0},"geometry":{"type":"Point","coordinates":[-9.164685,38.769843]}},{"id":"327","type":"Feature","properties":{"layer":0},"geometry":{"type":"Point","coordinates":[-9.227245,38.698622]}},{"id":"328","type":"Feature","properties":{"layer":0},"geometry":{"type":"Point","coordinates":[-9.130317,38.731572]}},{"id":"329","type":"Feature","properties":{"layer":0},"geometry":{"type":"Point","coordinates":[-9.167925,38.771828]}},{"id":"330","type":"Feature","properties":{"layer":0},"geometry":{"type":"Point","coordinates":[-9.120071,38.749636]}},{"id":"331","type":"Feature","properties":{"layer":0},"geometry":{"type":"Point","coordinates":[-9.155608,38.782116]}},{"id":"332","type":"Feature","properties":{"layer":0},"geometry":{"type":"Point","coordinates":[-9.153212,38.707736]}},{"id":"333","type":"Feature","properties":{"layer":0},"geometry":{"type":"Point","coordinates":[-9.160875,38.727725]}},{"id":"334","type":"Feature","properties":{"layer":0},"geometry":{"type":"Point","coordinates":[-9.102827,38.755936]}},{"id":"335","type":"Feature","properties":{"layer":0},"geometry":{"type":"Point","coordinates":[-9.169589,38.712959]}},{"id":"336","type":"Feature","properties":{"layer":0},"geometry":{"type":"Point","coordinates":[-9.160278,38.789392]}},{"id":"337","type":"Feature","properties":{"layer":0},"geometry":{"type":"Point","coordinates":[-9.122339,38.752327]}},{"id":"338","type":"Feature","properties":{"layer":0},"geometry":{"type":"Point","coordinates":[-9.103124,38.736515]}},{"id":"339","type":"Feature","properties":{"layer":0},"geometry":{"type":"Point","coordinates":[-9.172249,38.751341]}},{"id":"340","type":"Feature","properties":{"layer":0},"geometry":{"type":"Point","coordinates":[-9.205686,38.743461]}},{"id":"341","type":"Feature","properties":{"layer":0},"geometry":{"type":"Point","coordinates":[-9.188936,38.756137]}},{"id":"342","type":"Feature","properties":{"layer":0},"geometry":{"type":"Point","coordinates":[-9.106038,38.754416]}},{"id":"343","type":"Feature","properties":{"layer":0},"geometry":{"type":"Point","coordinates":[-9.188975,38.767618]}},{"id":"344","type":"Feature","properties":{"layer":0},"geometry":{"type":"Point","coordinates":[-9.143247,38.726459]}},{"id":"345","type":"Feature","properties":{"layer":0},"geometry":{"type":"Point","coordinates":[-9.131258,38.737663]}},{"id":"346","type":"Feature","properties":{"layer":0},"geometry":{"type":"Point","coordinates":[-9.166091,38.775781]}},{"id":"347","type":"Feature","properties":{"layer":0},"geometry":{"type":"Point","coordinates":[-9.133612,38.712508]}},{"id":"348","type":"Feature","properties":{"layer":0},"geometry":{"type":"Point","coordinates":[-9.118736,38.726592]}},{"id":"349","type":"Feature","properties":{"layer":0},"geometry":{"type":"Point","coordinates":[-9.142704,38.763548]}},{"id":"350","type":"Feature","properties":{"layer":0},"geometry":{"type":"Point","coordinates":[-9.191279,38.75447]}},{"id":"351","type":"Feature","properties":{"layer":0},"geometry":{"type":"Point","coordinates":[-9.113039,38.732074]}},{"id":"352","type":"Feature","properties":{"layer":0},"geometry":{"type":"Point","coordinates":[-9.197555,38.750549]}},{"id":"353","type":"Feature","properties":{"layer":0},"geometry":{"type":"Point","coordinates":[-9.132973,38.730368]}},{"id":"354","type":"Feature","properties":{"layer":0},"geometry":{"type":"Point","coordinates":[-9.117342,38.752486]}},{"id":"355","type":"Feature","properties":{"layer":0},"geometry":{"type":"Point","coordinates":[-9.133445,38.708416]}},{"id":"356","type":"Feature","properties":{"layer":0},"geometry":{"type":"Point","coordinates":[-9.098594,38.777295]}},{"id":"357","type":"Feature","properties":{"layer":0},"geometry":{"type":"Point","coordinates":[-9.135218,38.745823]}},{"id":"358","type":"Feature","properties":{"layer":0},"geometry":{"type":"Point","coordinates":[-9.172227,38.712462]}},{"id":"359","type":"Feature","properties":{"layer":0},"geometry":{"type":"Point","coordinates":[-9.151182,38.752709]}},{"id":"360","type":"Feature","properties":{"layer":0},"geometry":{"type":"Point","coordinates":[-9.102928,38.76314]}},{"id":"361","type":"Feature","properties":{"layer":0},"geometry":{"type":"Point","coordinates":[-9.097832,38.757893]}},{"id":"362","type":"Feature","properties":{"layer":0},"geometry":{"type":"Point","coordinates":[-9.165214,38.734618]}},{"id":"363","type":"Feature","properties":{"layer":0},"geometry":{"type":"Point","coordinates":[-9.131183,38.735861]}},{"id":"364","type":"Feature","properties":{"layer":0},"geometry":{"type":"Point","coordinates":[-9.16322,38.729719]}},{"id":"365","type":"Feature","properties":{"layer":0},"geometry":{"type":"Point","coordinates":[-9.136806,38.71079]}},{"id":"366","type":"Feature","properties":{"layer":0},"geometry":{"type":"Point","coordinates":[-9.16722,38.763253]}},{"id":"367","type":"Feature","properties":{"layer":0},"geometry":{"type":"Point","coordinates":[-9.105114,38.746674]}},{"id":"368","type":"Feature","properties":{"layer":0},"geometry":{"type":"Point","coordinates":[-9.148555,38.781233]}},{"id":"369","type":"Feature","properties":{"layer":0},"geometry":{"type":"Point","coordinates":[-9.180223,38.70835]}},{"id":"370","type":"Feature","properties":{"layer":0},"geometry":{"type":"Point","coordinates":[-9.143401,38.723051]}},{"id":"371","type":"Feature","properties":{"layer":0},"geometry":{"type":"Point","coordinates":[-9.114523,38.77325]}},{"id":"372","type":"Feature","properties":{"layer":0},"geometry":{"type":"Point","coordinates":[-9.14853,38.707154]}},{"id":"373","type":"Feature","properties":{"layer":0},"geometry":{"type":"Point","coordinates":[-9.160292,38.745699]}},{"id":"374","type":"Feature","properties":{"layer":0},"geometry":{"type":"Point","coordinates":[-9.165493,38.723059]}},{"id":"375","type":"Feature","properties":{"layer":0},"geometry":{"type":"Point","coordinates":[-9.197121,38.758739]}},{"id":"376","type":"Feature","properties":{"layer":0},"geometry":{"type":"Point","coordinates":[-9.139802,38.70829]}},{"id":"377","type":"Feature","properties":{"layer":0},"geometry":{"type":"Point","coordinates":[-9.19576,38.759931]}},{"id":"378","type":"Feature","properties":{"layer":0},"geometry":{"type":"Point","coordinates":[-9.110548,38.76147]}},{"id":"379","type":"Feature","properties":{"layer":0},"geometry":{"type":"Point","coordinates":[-9.113593,38.770809]}},{"id":"380","type":"Feature","properties":{"layer":0},"geometry":{"type":"Point","coordinates":[-9.134481,38.746647]}},{"id":"381","type":"Feature","properties":{"layer":0},"geometry":{"type":"Point","coordinates":[-9.140274,38.707988]}},{"id":"382","type":"Feature","properties":{"layer":0},"geometry":{"type":"Point","coordinates":[-9.186947,38.754099]}},{"id":"383","type":"Feature","properties":{"layer":0},"geometry":{"type":"Point","coordinates":[-9.155851,38.776006]}},{"id":"384","type":"Feature","properties":{"layer":0},"geometry":{"type":"Point","coordinates":[-9.138091,38.742117]}},{"id":"385","type":"Feature","properties":{"layer":0},"geometry":{"type":"Point","coordinates":[-9.102266,38.74503]}},{"id":"386","type":"Feature","properties":{"layer":0},"geometry":{"type":"Point","coordinates":[-9.163929,38.775767]}},{"id":"387","type":"Feature","properties":{"layer":0},"geometry":{"type":"Point","coordinates":[-9.158581,38.775498]}},{"id":"388","type":"Feature","properties":{"layer":0},"geometry":{"type":"Point","coordinates":[-9.143842,38.759838]}},{"id":"389","type":"Feature","properties":{"layer":0},"geometry":{"type":"Point","coordinates":[-9.097491,38.745899]}},{"id":"390","type":"Feature","properties":{"layer":0},"geometry":{"type":"Point","coordinates":[-9.136948,38.713164]}},{"id":"391","type":"Feature","properties":{"layer":0},"geometry":{"type":"Point","coordinates":[-9.09683,38.756791]}},{"id":"392","type":"Feature","properties":{"layer":0},"geometry":{"type":"Point","coordinates":[-9.165534,38.738415]}},{"id":"393","type":"Feature","properties":{"layer":0},"geometry":{"type":"Point","coordinates":[-9.134158,38.70735]}},{"id":"394","type":"Feature","properties":{"layer":0},"geometry":{"type":"Point","coordinates":[-9.156066,38.768623]}},{"id":"395","type":"Feature","properties":{"layer":0},"geometry":{"type":"Point","coordinates":[-9.147314,38.729666]}},{"id":"396","type":"Feature","properties":{"layer":0},"geometry":{"type":"Point","coordinates":[-9.124473,38.730145]}},{"id":"397","type":"Feature","properties":{"layer":0},"geometry":{"type":"Point","coordinates":[-9.202989,38.717968]}},{"id":"398","type":"Feature","properties":{"layer":0},"geometry":{"type":"Point","coordinates":[-9.117703,38.74379]}},{"id":"399","type":"Feature","properties":{"layer":0},"geometry":{"type":"Point","coordinates":[-9.125055,38.720304]}},{"id":"400","type":"Feature","properties":{"layer":0},"geometry":{"type":"Point","coordinates":[-9.202374,38.73417]}},{"id":"401","type":"Feature","properties":{"layer":0},"geometry":{"type":"Point","coordinates":[-9.11701,38.723453]}},{"id":"402","type":"Feature","properties":{"layer":0},"geometry":{"type":"Point","coordinates":[-9.136449,38.758898]}},{"id":"403","type":"Feature","properties":{"layer":0},"geometry":{"type":"Point","coordinates":[-9.102953,38.755788]}},{"id":"404","type":"Feature","properties":{"layer":0},"geometry":{"type":"Point","coordinates":[-9.127107,38.719653]}},{"id":"405","type":"Feature","properties":{"layer":0},"geometry":{"type":"Point","coordinates":[-9.13635,38.726468]}},{"id":"406","type":"Feature","properties":{"layer":0},"geometry":{"type":"Point","coordinates":[-9.100718,38.774293]}},{"id":"407","type":"Feature","properties":{"layer":0},"geometry":{"type":"Point","coordinates":[-9.11922,38.781003]}},{"id":"408","type":"Feature","properties":{"layer":0},"geometry":{"type":"Point","coordinates":[-9.095394,38.769406]}},{"id":"409","type":"Feature","properties":{"layer":0},"geometry":{"type":"Point","coordinates":[-9.118401,38.756829]}},{"id":"410","type":"Feature","properties":{"layer":0},"geometry":{"type":"Point","coordinates":[-9.163567,38.746736]}},{"id":"411","type":"Feature","properties":{"layer":0},"geometry":{"type":"Point","coordinates":[-9.149451,38.736922]}},{"id":"412","type":"Feature","properties":{"layer":0},"geometry":{"type":"Point","coordinates":[-9.199266,38.73999]}},{"id":"413","type":"Feature","properties":{"layer":0},"geometry":{"type":"Point","coordinates":[-9.142375,38.71767]}},{"id":"414","type":"Feature","properties":{"layer":0},"geometry":{"type":"Point","coordinates":[-9.196727,38.711353]}},{"id":"415","type":"Feature","properties":{"layer":0},"geometry":{"type":"Point","coordinates":[-9.181237,38.743601]}},{"id":"416","type":"Feature","properties":{"layer":0},"geometry":{"type":"Point","coordinates":[-9.165873,38.762581]}},{"id":"417","type":"Feature","properties":{"layer":0},"geometry":{"type":"Point","coordinates":[-9.170667,38.746264]}},{"id":"418","type":"Feature","properties":{"layer":0},"geometry":{"type":"Point","coordinates":[-9.168111,38.706502]}},{"id":"419","type":"Feature","properties":{"layer":0},"geometry":{"type":"Point","coordinates":[-9.144793,38.73746]}},{"id":"420","type":"Feature","properties":{"layer":0},"geometry":{"type":"Point","coordinates":[-9.154042,38.733055]}},{"id":"421","type":"Feature","properties":{"layer":0},"geometry":{"type":"Point","coordinates":[-9.12623,38.720799]}},{"id":"422","type":"Feature","properties":{"layer":0},"geometry":{"type":"Point","coordinates":[-9.177542,38.732645]}},{"id":"423","type":"Feature","properties":{"layer":0},"geometry":{"type":"Point","coordinates":[-9.180143,38.758764]}},{"id":"424","type":"Feature","properties":{"layer":0},"geometry":{"type":"Point","coordinates":[-9.113902,38.743593]}},{"id":"425","type":"Feature","properties":{"layer":0},"geometry":{"type":"Point","coordinates":[-9.142793,38.733048]}},{"id":"426","type":"Feature","properties":{"layer":0},"geometry":{"type":"Point","coordinates":[-9.134631,38.719612]}},{"id":"427","type":"Feature","properties":{"layer":0},"geometry":{"type":"Point","coordinates":[-9.181417,38.765947]}},{"id":"428","type":"Feature","properties":{"layer":0},"geometry":{"type":"Point","coordinates":[-9.216487,38.697874]}},{"id":"429","type":"Feature","properties":{"layer":0},"geometry":{"type":"Point","coordinates":[-9.151103,38.757791]}},{"id":"430","type":"Feature","properties":{"layer":0},"geometry":{"type":"Point","coordinates":[-9.171099,38.712016]}},{"id":"431","type":"Feature","properties":{"layer":0},"geometry":{"type":"Point","coordinates":[-9.203913,38.745253]}},{"id":"432","type":"Feature","properties":{"layer":0},"geometry":{"type":"Point","coordinates":[-9.141283,38.748356]}},{"id":"433","type":"Feature","properties":{"layer":0},"geometry":{"type":"Point","coordinates":[-9.13153,38.74069]}},{"id":"434","type":"Feature","properties":{"layer":0},"geometry":{"type":"Point","coordinates":[-9.18235,38.725276]}},{"id":"435","type":"Feature","properties":{"layer":0},"geometry":{"type":"Point","coordinates":[-9.106874,38.756982]}},{"id":"436","type":"Feature","properties":{"layer":0},"geometry":{"type":"Point","coordinates":[-9.130995,38.713186]}},{"id":"437","type":"Feature","properties":{"layer":0},"geometry":{"type":"Point","coordinates":[-9.108047,38.765601]}},{"id":"438","type":"Feature","properties":{"layer":0},"geometry":{"type":"Point","coordinates":[-9.118468,38.759487]}},{"id":"439","type":"Feature","properties":{"layer":0},"geometry":{"type":"Point","coordinates":[-9.108398,38.772452]}},{"id":"440","type":"Feature","properties":{"layer":0},"geometry":{"type":"Point","coordinates":[-9.150126,38.735733]}},{"id":"441","type":"Feature","properties":{"layer":0},"geometry":{"type":"Point","coordinates":[-9.118177,38.763432]}},{"id":"442","type":"Feature","properties":{"layer":0},"geometry":{"type":"Point","coordinates":[-9.169068,38.769296]}},{"id":"443","type":"Feature","properties":{"layer":0},"geometry":{"type":"Point","coordinates":[-9.13622,38.734973]}},{"id":"444","type":"Feature","properties":{"layer":0},"geometry":{"type":"Point","coordinates":[-9.214008,38.719272]}},{"id":"445","type":"Feature","properties":{"layer":0},"geometry":{"type":"Point","coordinates":[-9.171772,38.731764]}},{"id":"446","type":"Feature","properties":{"layer":0},"geometry":{"type":"Point","coordinates":[-9.150051,38.725767]}},{"id":"447","type":"Feature","properties":{"layer":0},"geometry":{"type":"Point","coordinates":[-9.112729,38.761344]}},{"id":"448","type":"Feature","properties":{"layer":0},"geometry":{"type":"Point","coordinates":[-9.151867,38.720131]}},{"id":"449","type":"Feature","properties":{"layer":0},"geometry":{"type":"Point","coordinates":[-9.142663,38.731226]}},{"id":"450","type":"Feature","properties":{"layer":0},"geometry":{"type":"Point","coordinates":[-9.166646,38.774596]}},{"id":"451","type":"Feature","properties":{"layer":0},"geometry":{"type":"Point","coordinates":[-9.165876,38.72307]}},{"id":"452","type":"Feature","properties":{"layer":0},"geometry":{"type":"Point","coordinates":[-9.198348,38.713588]}},{"id":"453","type":"Feature","properties":{"layer":0},"geometry":{"type":"Point","coordinates":[-9.165293,38.779833]}},{"id":"454","type":"Feature","properties":{"layer":0},"geometry":{"type":"Point","coordinates":[-9.128185,38.713877]}},{"id":"455","type":"Feature","properties":{"layer":0},"geometry":{"type":"Point","coordinates":[-9.179986,38.699734]}},{"id":"456","type":"Feature","properties":{"layer":0},"geometry":{"type":"Point","coordinates":[-9.118313,38.778986]}},{"id":"457","type":"Feature","properties":{"layer":0},"geometry":{"type":"Point","coordinates":[-9.099347,38.768551]}},{"id":"458","type":"Feature","properties":{"layer":0},"geometry":{"type":"Point","coordinates":[-9.141661,38.735361]}},{"id":"459","type":"Feature","properties":{"layer":0},"geometry":{"type":"Point","coordinates":[-9.163647,38.727342]}},{"id":"460","type":"Feature","properties":{"layer":0},"geometry":{"type":"Point","coordinates":[-9.099773,38.787401]}},{"id":"461","type":"Feature","properties":{"layer":0},"geometry":{"type":"Point","coordinates":[-9.19556,38.702124]}},{"id":"462","type":"Feature","properties":{"layer":0},"geometry":{"type":"Point","coordinates":[-9.142822,38.756513]}},{"id":"463","type":"Feature","properties":{"layer":0},"geometry":{"type":"Point","coordinates":[-9.096749,38.779292]}},{"id":"464","type":"Feature","properties":{"layer":0},"geometry":{"type":"Point","coordinates":[-9.21203,38.708549]}},{"id":"465","type":"Feature","properties":{"layer":0},"geometry":{"type":"Point","coordinates":[-9.182684,38.743745]}},{"id":"466","type":"Feature","properties":{"layer":0},"geometry":{"type":"Point","coordinates":[-9.104024,38.734111]}},{"id":"467","type":"Feature","properties":{"layer":0},"geometry":{"type":"Point","coordinates":[-9.18376,38.733444]}},{"id":"468","type":"Feature","properties":{"layer":0},"geometry":{"type":"Point","coordinates":[-9.124025,38.769183]}},{"id":"469","type":"Feature","properties":{"layer":0},"geometry":{"type":"Point","coordinates":[-9.170738,38.735632]}},{"id":"470","type":"Feature","properties":{"layer":0},"geometry":{"type":"Point","coordinates":[-9.207751,38.710365]}},{"id":"471","type":"Feature","properties":{"layer":0},"geometry":{"type":"Point","coordinates":[-9.189447,38.725666]}},{"id":"472","type":"Feature","properties":{"layer":0},"geometry":{"type":"Point","coordinates":[-9.181318,38.708424]}},{"id":"473","type":"Feature","properties":{"layer":0},"geometry":{"type":"Point","coordinates":[-9.128605,38.722655]}},{"id":"474","type":"Feature","properties":{"layer":0},"geometry":{"type":"Point","coordinates":[-9.158532,38.768751]}},{"id":"475","type":"Feature","properties":{"layer":0},"geometry":{"type":"Point","coordinates":[-9.20993,38.713841]}},{"id":"476","type":"Feature","properties":{"layer":0},"geometry":{"type":"Point","coordinates":[-9.15683,38.746494]}},{"id":"477","type":"Feature","properties":{"layer":0},"geometry":{"type":"Point","coordinates":[-9.168265,38.737234]}},{"id":"478","type":"Feature","properties":{"layer":0},"geometry":{"type":"Point","coordinates":[-9.174649,38.74016]}},{"id":"479","type":"Feature","properties":{"layer":0},"geometry":{"type":"Point","coordinates":[-9.21189,38.702069]}},{"id":"480","type":"Feature","properties":{"layer":0},"geometry":{"type":"Point","coordinates":[-9.154725,38.766286]}},{"id":"481","type":"Feature","properties":{"layer":0},"geometry":{"type":"Point","coordinates":[-9.191706,38.705405]}},{"id":"482","type":"Feature","properties":{"layer":0},"geometry":{"type":"Point","coordinates":[-9.149506,38.768646]}},{"id":"483","type":"Feature","properties":{"layer":0},"geometry":{"type":"Point","coordinates":[-9.190643,38.753028]}},{"id":"484","type":"Feature","properties":{"layer":0},"geometry":{"type":"Point","coordinates":[-9.10642,38.760535]}},{"id":"485","type":"Feature","properties":{"layer":0},"geometry":{"type":"Point","coordinates":[-9.188559,38.760076]}},{"id":"486","type":"Feature","properties":{"layer":0},"geometry":{"type":"Point","coordinates":[-9.098516,38.790794]}},{"id":"487","type":"Feature","properties":{"layer":0},"geometry":{"type":"Point","coordinates":[-9.171718,38.762122]}},{"id":"488","type":"Feature","properties":{"layer":0},"geometry":{"type":"Point","coordinates":[-9.215266,38.69741]}},{"id":"489","type":"Feature","properties":{"layer":0},"geometry":{"type":"Point","coordinates":[-9.185428,38.74419]}},{"id":"490","type":"Feature","properties":{"layer":0},"geometry":{"type":"Point","coordinates":[-9.116743,38.750371]}},{"id":"491","type":"Feature","properties":{"layer":0},"geometry":{"type":"Point","coordinates":[-9.166592,38.71735]}},{"id":"492","type":"Feature","properties":{"layer":0},"geometry":{"type":"Point","coordinates":[-9.133658,38.730558]}},{"id":"493","type":"Feature","properties":{"layer":0},"geometry":{"type":"Point","coordinates":[-9.113806,38.745938]}},{"id":"494","type":"Feature","properties":{"layer":0},"geometry":{"type":"Point","coordinates":[-9.180983,38.765832]}},{"id":"495","type":"Feature","properties":{"layer":0},"geometry":{"type":"Point","coordinates":[-9.148485,38.772767]}},{"id":"496","type":"Feature","properties":{"layer":0},"geometry":{"type":"Point","coordinates":[-9.165524,38.723966]}},{"id":"497","type":"Feature","properties":{"layer":0},"geometry":{"type":"Point","coordinates":[-9.176086,38.701157]}},{"id":"498","type":"Feature","properties":{"layer":0},"geometry":{"type":"Point","coordinates":[-9.201772,38.696826]}},{"id":"499","type":"Feature","properties":{"layer":0},"geometry":{"type":"Point","coordinates":[-9.155279,38.781806]}},{"id":"500","type":"Feature","properties":{"layer":0},"geometry":{"type":"Point","coordinates":[-9.148824,38.78025]}},{"id":"501","type":"Feature","properties":{"layer":0},"geometry":{"type":"Point","coordinates":[-9.131375,38.746144]}},{"id":"502","type":"Feature","properties":{"layer":0},"geometry":{"type":"Point","coordinates":[-9.155396,38.790106]}},{"id":"503","type":"Feature","properties":{"layer":0},"geometry":{"type":"Point","coordinates":[-9.133402,38.719066]}},{"id":"504","type":"Feature","properties":{"layer":0},"geometry":{"type":"Point","coordinates":[-9.17652,38.707559]}},{"id":"505","type":"Feature","properties":{"layer":0},"geometry":{"type":"Point","coordinates":[-9.155229,38.731537]}},{"id":"506","type":"Feature","properties":{"layer":0},"geometry":{"type":"Point","coordinates":[-9.122512,38.736655]}},{"id":"507","type":"Feature","properties":{"layer":0},"geometry":{"type":"Point","coordinates":[-9.211594,38.714267]}},{"id":"508","type":"Feature","properties":{"layer":0},"geometry":{"type":"Point","coordinates":[-9.199104,38.751244]}},{"id":"509","type":"Feature","properties":{"layer":0},"geometry":{"type":"Point","coordinates":[-9.145882,38.732541]}},{"id":"510","type":"Feature","properties":{"layer":0},"geometry":{"type":"Point","coordinates":[-9.17054,38.714937]}},{"id":"511","type":"Feature","properties":{"layer":0},"geometry":{"type":"Point","coordinates":[-9.182568,38.740131]}},{"id":"512","type":"Feature","properties":{"layer":0},"geometry":{"type":"Point","coordinates":[-9.114213,38.764151]}},{"id":"513","type":"Feature","properties":{"layer":0},"geometry":{"type":"Point","coordinates":[-9.13342,38.741588]}},{"id":"514","type":"Feature","properties":{"layer":0},"geometry":{"type":"Point","coordinates":[-9.219924,38.699748]}},{"id":"515","type":"Feature","properties":{"layer":0},"geometry":{"type":"Point","coordinates":[-9.140668,38.735348]}},{"id":"516","type":"Feature","properties":{"layer":0},"geometry":{"type":"Point","coordinates":[-9.114137,38.769352]}},{"id":"517","type":"Feature","properties":{"layer":0},"geometry":{"type":"Point","coordinates":[-9.147982,38.752065]}},{"id":"518","type":"Feature","properties":{"layer":0},"geometry":{"type":"Point","coordinates":[-9.172551,38.718992]}},{"id":"519","type":"Feature","properties":{"layer":0},"geometry":{"type":"Point","coordinates":[-9.166583,38.715943]}},{"id":"520","type":"Feature","properties":{"layer":0},"geometry":{"type":"Point","coordinates":[-9.125676,38.730707]}},{"id":"521","type":"Feature","properties":{"layer":0},"geometry":{"type":"Point","coordinates":[-9.14259,38.716816]}},{"id":"522","type":"Feature","properties":{"layer":0},"geometry":{"type":"Point","coordinates":[-9.113997,38.755491]}},{"id":"523","type":"Feature","properties":{"layer":0},"geometry":{"type":"Point","coordinates":[-9.119458,38.773879]}},{"id":"524","type":"Feature","properties":{"layer":0},"geometry":{"type":"Point","coordinates":[-9.152486,38.714472]}},{"id":"525","type":"Feature","properties":{"layer":0},"geometry":{"type":"Point","coordinates":[-9.132496,38.73128]}},{"id":"526","type":"Feature","properties":{"layer":0},"geometry":{"type":"Point","coordinates":[-9.17697,38.731796]}},{"id":"527","type":"Feature","properties":{"layer":0},"geometry":{"type":"Point","coordinates":[-9.119722,38.719854]}},{"id":"528","type":"Feature","properties":{"layer":0},"geometry":{"type":"Point","coordinates":[-9.118946,38.764427]}},{"id":"529","type":"Feature","properties":{"layer":0},"geometry":{"type":"Point","coordinates":[-9.181422,38.72964]}},{"id":"530","type":"Feature","properties":{"layer":0},"geometry":{"type":"Point","coordinates":[-9.118485,38.750222]}},{"id":"531","type":"Feature","properties":{"layer":0},"geometry":{"type":"Point","coordinates":[-9.181668,38.701207]}},{"id":"532","type":"Feature","properties":{"layer":0},"geometry":{"type":"Point","coordinates":[-9.104695,38.746498]}},{"id":"533","type":"Feature","properties":{"layer":0},"geometry":{"type":"Point","coordinates":[-9.186989,38.706705]}},{"id":"534","type":"Feature","properties":{"layer":0},"geometry":{"type":"Point","coordinates":[-9.143102,38.723943]}},{"id":"535","type":"Feature","properties":{"layer":0},"geometry":{"type":"Point","coordinates":[-9.136013,38.763074]}},{"id":"536","type":"Feature","properties":{"layer":0},"geometry":{"type":"Point","coordinates":[-9.104343,38.732715]}},{"id":"537","type":"Feature","properties":{"layer":0},"geometry":{"type":"Point","coordinates":[-9.191868,38.77081]}},{"id":"538","type":"Feature","properties":{"layer":0},"geometry":{"type":"Point","coordinates":[-9.208318,38.698012]}},{"id":"539","type":"Feature","properties":{"layer":0},"geometry":{"type":"Point","coordinates":[-9.146714,38.741122]}},{"id":"540","type":"Feature","properties":{"layer":0},"geometry":{"type":"Point","coordinates":[-9.166115,38.709406]}},{"id":"541","type":"Feature","properties":{"layer":0},"geometry":{"type":"Point","coordinates":[-9.146534,38.731924]}},{"id":"542","type":"Feature","properties":{"layer":0},"geometry":{"type":"Point","coordinates":[-9.140212,38.738737]}},{"id":"543","type":"Feature","properties":{"layer":0},"geometry":{"type":"Point","coordinates":[-9.156426,38.765219]}},{"id":"544","type":"Feature","properties":{"layer":0},"geometry":{"type":"Point","coordinates":[-9.171052,38.733129]}},{"id":"545","type":"Feature","properties":{"layer":0},"geometry":{"type":"Point","coordinates":[-9.1249,38.780738]}},{"id":"546","type":"Feature","properties":{"layer":0},"geometry":{"type":"Point","coordinates":[-9.11966,38.76344]}},{"id":"547","type":"Feature","properties":{"layer":0},"geometry":{"type":"Point","coordinates":[-9.135511,38.740539]}},{"id":"548","type":"Feature","properties":{"layer":0},"geometry":{"type":"Point","coordinates":[-9.151984,38.772151]}},{"id":"549","type":"Feature","properties":{"layer":0},"geometry":{"type":"Point","coordinates":[-9.153041,38.709143]}},{"id":"550","type":"Feature","properties":{"layer":0},"geometry":{"type":"Point","coordinates":[-9.185437,38.744888]}},{"id":"551","type":"Feature","properties":{"layer":0},"geometry":{"type":"Point","coordinates":[-9.193095,38.769318]}},{"id":"552","type":"Feature","properties":{"layer":0},"geometry":{"type":"Point","coordinates":[-9.100539,38.740352]}},{"id":"553","type":"Feature","properties":{"layer":0},"geometry":{"type":"Point","coordinates":[-9.209719,38.698778]}},{"id":"554","type":"Feature","properties":{"layer":0},"geometry":{"type":"Point","coordinates":[-9.16594,38.740533]}},{"id":"555","type":"Feature","properties":{"layer":0},"geometry":{"type":"Point","coordinates":[-9.121603,38.75192]}},{"id":"556","type":"Feature","properties":{"layer":0},"geometry":{"type":"Point","coordinates":[-9.162306,38.717337]}},{"id":"557","type":"Feature","properties":{"layer":0},"geometry":{"type":"Point","coordinates":[-9.10789,38.766036]}},{"id":"558","type":"Feature","properties":{"layer":0},"geometry":{"type":"Point","coordinates":[-9.139977,38.714414]}},{"id":"559","type":"Feature","properties":{"layer":0},"geometry":{"type":"Point","coordinates":[-9.190739,38.752835]}},{"id":"560","type":"Feature","properties":{"layer":0},"geometry":{"type":"Point","coordinates":[-9.217188,38.717467]}},{"id":"561","type":"Feature","properties":{"layer":0},"geometry":{"type":"Point","coordinates":[-9.104808,38.773326]}},{"id":"562","type":"Feature","properties":{"layer":0},"geometry":{"type":"Point","coordinates":[-9.095067,38.772748]}},{"id":"563","type":"Feature","properties":{"layer":0},"geometry":{"type":"Point","coordinates":[-9.13206,38.713533]}},{"id":"564","type":"Feature","properties":{"layer":0},"geometry":{"type":"Point","coordinates":[-9.18272,38.701611]}},{"id":"565","type":"Feature","properties":{"layer":0},"geometry":{"type":"Point","coordinates":[-9.095015,38.783083]}},{"id":"566","type":"Feature","properties":{"layer":0},"geometry":{"type":"Point","coordinates":[-9.147068,38.709957]}},{"id":"567","type":"Feature","properties":{"layer":0},"geometry":{"type":"Point","coordinates":[-9.18657,38.750166]}},{"id":"568","type":"Feature","properties":{"layer":0},"geometry":{"type":"Point","coordinates":[-9.223383,38.698909]}},{"id":"569","type":"Feature","properties":{"layer":0},"geometry":{"type":"Point","coordinates":[-9.161604,38.775053]}},{"id":"570","type":"Feature","properties":{"layer":0},"geometry":{"type":"Point","coordinates":[-9.17013,38.753769]}},{"id":"571","type":"Feature","properties":{"layer":0},"geometry":{"type":"Point","coordinates":[-9.159691,38.704059]}},{"id":"572","type":"Feature","properties":{"layer":0},"geometry":{"type":"Point","coordinates":[-9.09695,38.766004]}},{"id":"573","type":"Feature","properties":{"layer":0},"geometry":{"type":"Point","coordinates":[-9.147889,38.733238]}},{"id":"574","type":"Feature","properties":{"layer":0},"geometry":{"type":"Point","coordinates":[-9.130931,38.718253]}},{"id":"575","type":"Feature","properties":{"layer":0},"geometry":{"type":"Point","coordinates":[-9.163486,38.700974]}},{"id":"576","type":"Feature","properties":{"layer":0},"geometry":{"type":"Point","coordinates":[-9.091955,38.773125]}},{"id":"577","type":"Feature","properties":{"layer":0},"geometry":{"type":"Point","coordinates":[-9.159561,38.758544]}},{"id":"578","type":"Feature","properties":{"layer":0},"geometry":{"type":"Point","coordinates":[-9.149157,38.773198]}},{"id":"579","type":"Feature","properties":{"layer":0},"geometry":{"type":"Point","coordinates":[-9.129382,38.730722]}},{"id":"580","type":"Feature","properties":{"layer":0},"geometry":{"type":"Point","coordinates":[-9.102761,38.763018]}},{"id":"581","type":"Feature","properties":{"layer":0},"geometry":{"type":"Point","coordinates":[-9.172255,38.780993]}},{"id":"582","type":"Feature","properties":{"layer":0},"geometry":{"type":"Point","coordinates":[-9.154963,38.727671]}},{"id":"583","type":"Feature","properties":{"layer":0},"geometry":{"type":"Point","coordinates":[-9.109182,38.768046]}},{"id":"584","type":"Feature","properties":{"layer":0},"geometry":{"type":"Point","coordinates":[-9.171244,38.73267]}},{"id":"585","type":"Feature","properties":{"layer":0},"geometry":{"type":"Point","coordinates":[-9.121332,38.769264]}},{"id":"586","type":"Feature","properties":{"layer":0},"geometry":{"type":"Point","coordinates":[-9.181803,38.726134]}},{"id":"587","type":"Feature","properties":{"layer":0},"geometry":{"type":"Point","coordinates":[-9.104378,38.769886]}},{"id":"588","type":"Feature","properties":{"layer":0},"geometry":{"type":"Point","coordinates":[-9.098162,38.791398]}},{"id":"589","type":"Feature","properties":{"layer":0},"geometry":{"type":"Point","coordinates":[-9.205974,38.726647]}},{"id":"590","type":"Feature","properties":{"layer":0},"geometry":{"type":"Point","coordinates":[-9.156044,38.755152]}},{"id":"591","type":"Feature","properties":{"layer":0},"geometry":{"type":"Point","coordinates":[-9.13497,38.74287]}},{"id":"592","type":"Feature","properties":{"layer":0},"geometry":{"type":"Point","coordinates":[-9.167557,38.719897]}},{"id":"593","type":"Feature","properties":{"layer":0},"geometry":{"type":"Point","coordinates":[-9.106343,38.772448]}},{"id":"594","type":"Feature","properties":{"layer":0},"geometry":{"type":"Point","coordinates":[-9.130032,38.717555]}},{"id":"595","type":"Feature","properties":{"layer":0},"geometry":{"type":"Point","coordinates":[-9.142872,38.751259]}},{"id":"596","type":"Feature","properties":{"layer":0},"geometry":{"type":"Point","coordinates":[-9.109162,38.743041]}},{"id":"597","type":"Feature","properties":{"layer":0},"geometry":{"type":"Point","coordinates":[-9.208454,38.7117]}},{"id":"598","type":"Feature","properties":{"layer":0},"geometry":{"type":"Point","coordinates":[-9.187699,38.770639]}},{"id":"599","type":"Feature","properties":{"layer":0},"geometry":{"type":"Point","coordinates":[-9.151775,38.783325]}},{"id":"600","type":"Feature","properties":{"layer":0},"geometry":{"type":"Point","coordinates":[-9.095347,38.781212]}},{"id":"601","type":"Feature","properties":{"layer":0},"geometry":{"type":"Point","coordinates":[-9.114213,38.774283]}},{"id":"602","type":"Feature","properties":{"layer":0},"geometry":{"type":"Point","coordinates":[-9.174142,38.715665]}},{"id":"603","type":"Feature","properties":{"layer":0},"geometry":{"type":"Point","coordinates":[-9.127936,38.77535]}},{"id":"604","type":"Feature","properties":{"layer":0},"geometry":{"type":"Point","coordinates":[-9.221449,38.695784]}},{"id":"605","type":"Feature","properties":{"layer":0},"geometry":{"type":"Point","coordinates":[-9.115251,38.754497]}},{"id":"606","type":"Feature","properties":{"layer":0},"geometry":{"type":"Point","coordinates":[-9.099663,38.79065]}},{"id":"607","type":"Feature","properties":{"layer":0},"geometry":{"type":"Point","coordinates":[-9.165136,38.703722]}},{"id":"608","type":"Feature","properties":{"layer":0},"geometry":{"type":"Point","coordinates":[-9.20251,38.704668]}},{"id":"609","type":"Feature","properties":{"layer":0},"geometry":{"type":"Point","coordinates":[-9.152946,38.726364]}},{"id":"610","type":"Feature","properties":{"layer":0},"geometry":{"type":"Point","coordinates":[-9.207742,38.69486]}},{"id":"611","type":"Feature","properties":{"layer":0},"geometry":{"type":"Point","coordinates":[-9.140604,38.757268]}},{"id":"612","type":"Feature","properties":{"layer":0},"geometry":{"type":"Point","coordinates":[-9.100558,38.741819]}},{"id":"613","type":"Feature","properties":{"layer":0},"geometry":{"type":"Point","coordinates":[-9.093942,38.780496]}},{"id":"614","type":"Feature","properties":{"layer":0},"geometry":{"type":"Point","coordinates":[-9.171561,38.71831]}},{"id":"615","type":"Feature","properties":{"layer":0},"geometry":{"type":"Point","coordinates":[-9.12972,38.761764]}},{"id":"616","type":"Feature","properties":{"layer":0},"geometry":{"type":"Point","coordinates":[-9.188228,38.750004]}},{"id":"617","type":"Feature","properties":{"layer":0},"geometry":{"type":"Point","coordinates":[-9.09918,38.778104]}},{"id":"618","type":"Feature","properties":{"layer":0},"geometry":{"type":"Point","coordinates":[-9.169555,38.744278]}},{"id":"619","type":"Feature","properties":{"layer":0},"geometry":{"type":"Point","coordinates":[-9.124088,38.716089]}},{"id":"620","type":"Feature","properties":{"layer":0},"geometry":{"type":"Point","coordinates":[-9.202256,38.754413]}},{"id":"621","type":"Feature","properties":{"layer":0},"geometry":{"type":"Point","coordinates":[-9.102467,38.740505]}},{"id":"622","type":"Feature","properties":{"layer":0},"geometry":{"type":"Point","coordinates":[-9.19382,38.752756]}},{"id":"623","type":"Feature","properties":{"layer":0},"geometry":{"type":"Point","coordinates":[-9.157615,38.737251]}},{"id":"624","type":"Feature","properties":{"layer":0},"geometry":{"type":"Point","coordinates":[-9.189237,38.77028]}},{"id":"625","type":"Feature","properties":{"layer":0},"geometry":{"type":"Point","coordinates":[-9.199077,38.713614]}},{"id":"626","type":"Feature","properties":{"layer":0},"geometry":{"type":"Point","coordinates":[-9.145314,38.733415]}},{"id":"627","type":"Feature","properties":{"layer":0},"geometry":{"type":"Point","coordinates":[-9.157598,38.744469]}},{"id":"628","type":"Feature","properties":{"layer":0},"geometry":{"type":"Point","coordinates":[-9.168194,38.729758]}},{"id":"629","type":"Feature","properties":{"layer":0},"geometry":{"type":"Point","coordinates":[-9.169713,38.702327]}},{"id":"630","type":"Feature","properties":{"layer":0},"geometry":{"type":"Point","coordinates":[-9.153924,38.727308]}},{"id":"631","type":"Feature","properties":{"layer":0},"geometry":{"type":"Point","coordinates":[-9.129127,38.739329]}},{"id":"632","type":"Feature","properties":{"layer":0},"geometry":{"type":"Point","coordinates":[-9.178093,38.764168]}},{"id":"633","type":"Feature","properties":{"layer":0},"geometry":{"type":"Point","coordinates":[-9.163251,38.774252]}},{"id":"634","type":"Feature","properties":{"layer":0},"geometry":{"type":"Point","coordinates":[-9.097748,38.770037]}},{"id":"635","type":"Feature","properties":{"layer":0},"geometry":{"type":"Point","coordinates":[-9.168756,38.748194]}},{"id":"636","type":"Feature","properties":{"layer":0},"geometry":{"type":"Point","coordinates":[-9.179602,38.719672]}},{"id":"637","type":"Feature","properties":{"layer":0},"geometry":{"type":"Point","coordinates":[-9.168089,38.718223]}},{"id":"638","type":"Feature","properties":{"layer":0},"geometry":{"type":"Point","coordinates":[-9.135245,38.724565]}},{"id":"639","type":"Feature","properties":{"layer":0},"geometry":{"type":"Point","coordinates":[-9.178821,38.718822]}},{"id":"640","type":"Feature","properties":{"layer":0},"geometry":{"type":"Point","coordinates":[-9.122321,38.776335]}},{"id":"641","type":"Feature","properties":{"layer":0},"geometry":{"type":"Point","coordinates":[-9.180054,38.764295]}},{"id":"642","type":"Feature","properties":{"layer":0},"geometry":{"type":"Point","coordinates":[-9.112419,38.7736]}},{"id":"643","type":"Feature","properties":{"layer":0},"geometry":{"type":"Point","coordinates":[-9.172149,38.732082]}},{"id":"644","type":"Feature","properties":{"layer":0},"geometry":{"type":"Point","coordinates":[-9.117524,38.773674]}},{"id":"645","type":"Feature","properties":{"layer":0},"geometry":{"type":"Point","coordinates":[-9.118147,38.763711]}},{"id":"646","type":"Feature","properties":{"layer":0},"geometry":{"type":"Point","coordinates":[-9.164622,38.717418]}},{"id":"647","type":"Feature","properties":{"layer":0},"geometry":{"type":"Point","coordinates":[-9.133671,38.762137]}},{"id":"648","type":"Feature","properties":{"layer":0},"geometry":{"type":"Point","coordinates":[-9.148508,38.788635]}},{"id":"649","type":"Feature","properties":{"layer":0},"geometry":{"type":"Point","coordinates":[-9.115964,38.737738]}},{"id":"650","type":"Feature","properties":{"layer":0},"geometry":{"type":"Point","coordinates":[-9.200112,38.736525]}},{"id":"651","type":"Feature","properties":{"layer":0},"geometry":{"type":"Point","coordinates":[-9.112158,38.760551]}},{"id":"652","type":"Feature","properties":{"layer":0},"geometry":{"type":"Point","coordinates":[-9.157919,38.705546]}},{"id":"653","type":"Feature","properties":{"layer":0},"geometry":{"type":"Point","coordinates":[-9.162873,38.761907]}},{"id":"654","type":"Feature","properties":{"layer":0},"geometry":{"type":"Point","coordinates":[-9.126935,38.762908]}},{"id":"655","type":"Feature","properties":{"layer":0},"geometry":{"type":"Point","coordinates":[-9.145369,38.712107]}},{"id":"656","type":"Feature","properties":{"layer":0},"geometry":{"type":"Point","coordinates":[-9.188552,38.699466]}},{"id":"657","type":"Feature","properties":{"layer":0},"geometry":{"type":"Point","coordinates":[-9.142575,38.78591]}},{"id":"658","type":"Feature","properties":{"layer":0},"geometry":{"type":"Point","coordinates":[-9.191005,38.704061]}},{"id":"659","type":"Feature","properties":{"layer":0},"geometry":{"type":"Point","coordinates":[-9.124011,38.775739]}},{"id":"660","type":"Feature","properties":{"layer":0},"geometry":{"type":"Point","coordinates":[-9.178432,38.757673]}},{"id":"661","type":"Feature","properties":{"layer":0},"geometry":{"type":"Point","coordinates":[-9.203935,38.730091]}},{"id":"662","type":"Feature","properties":{"layer":0},"geometry":{"type":"Point","coordinates":[-9.151972,38.767592]}},{"id":"663","type":"Feature","properties":{"layer":0},"geometry":{"type":"Point","coordinates":[-9.111552,38.730725]}},{"id":"664","type":"Feature","properties":{"layer":0},"geometry":{"type":"Point","coordinates":[-9.134763,38.742241]}},{"id":"665","type":"Feature","properties":{"layer":0},"geometry":{"type":"Point","coordinates":[-9.097571,38.743361]}},{"id":"666","type":"Feature","properties":{"layer":0},"geometry":{"type":"Point","coordinates":[-9.092614,38.76967]}},{"id":"667","type":"Feature","properties":{"layer":0},"geometry":{"type":"Point","coordinates":[-9.100242,38.787726]}},{"id":"668","type":"Feature","properties":{"layer":0},"geometry":{"type":"Point","coordinates":[-9.14967,38.775752]}},{"id":"669","type":"Feature","properties":{"layer":0},"geometry":{"type":"Point","coordinates":[-9.206202,38.715048]}},{"id":"670","type":"Feature","properties":{"layer":0},"geometry":{"type":"Point","coordinates":[-9.134981,38.718871]}},{"id":"671","type":"Feature","properties":{"layer":0},"geometry":{"type":"Point","coordinates":[-9.174799,38.714724]}},{"id":"672","type":"Feature","properties":{"layer":0},"geometry":{"type":"Point","coordinates":[-9.178224,38.72848]}},{"id":"673","type":"Feature","properties":{"layer":0},"geometry":{"type":"Point","coordinates":[-9.161071,38.7352]}},{"id":"674","type":"Feature","properties":{"layer":0},"geometry":{"type":"Point","coordinates":[-9.201857,38.747127]}},{"id":"675","type":"Feature","properties":{"layer":0},"geometry":{"type":"Point","coordinates":[-9.16024,38.77587]}},{"id":"676","type":"Feature","properties":{"layer":0},"geometry":{"type":"Point","coordinates":[-9.1654,38.704411]}},{"id":"677","type":"Feature","properties":{"layer":0},"geometry":{"type":"Point","coordinates":[-9.130552,38.753422]}},{"id":"678","type":"Feature","properties":{"layer":0},"geometry":{"type":"Point","coordinates":[-9.161304,38.77499]}},{"id":"679","type":"Feature","properties":{"layer":0},"geometry":{"type":"Point","coordinates":[-9.149273,38.706341]}},{"id":"680","type":"Feature","properties":{"layer":0},"geometry":{"type":"Point","coordinates":[-9.105629,38.767661]}},{"id":"681","type":"Feature","properties":{"layer":0},"geometry":{"type":"Point","coordinates":[-9.198422,38.716224]}},{"id":"682","type":"Feature","properties":{"layer":0},"geometry":{"type":"Point","coordinates":[-9.144365,38.748504]}},{"id":"683","type":"Feature","properties":{"layer":0},"geometry":{"type":"Point","coordinates":[-9.192501,38.72992]}},{"id":"684","type":"Feature","properties":{"layer":0},"geometry":{"type":"Point","coordinates":[-9.149996,38.735885]}},{"id":"685","type":"Feature","properties":{"layer":0},"geometry":{"type":"Point","coordinates":[-9.122149,38.746124]}},{"id":"686","type":"Feature","properties":{"layer":0},"geometry":{"type":"Point","coordinates":[-9.109633,38.771267]}},{"id":"687","type":"Feature","properties":{"layer":0},"geometry":{"type":"Point","coordinates":[-9.174872,38.727706]}},{"id":"688","type":"Feature","properties":{"layer":0},"geometry":{"type":"Point","coordinates":[-9.153233,38.713157]}},{"id":"689","type":"Feature","properties":{"layer":0},"geometry":{"type":"Point","coordinates":[-9.220634,38.69422]}},{"id":"690","type":"Feature","properties":{"layer":0},"geometry":{"type":"Point","coordinates":[-9.192907,38.765866]}},{"id":"691","type":"Feature","properties":{"layer":0},"geometry":{"type":"Point","coordinates":[-9.14636,38.727261]}},{"id":"692","type":"Feature","properties":{"layer":0},"geometry":{"type":"Point","coordinates":[-9.183243,38.753046]}},{"id":"693","type":"Feature","properties":{"layer":0},"geometry":{"type":"Point","coordinates":[-9.183148,38.777365]}},{"id":"694","type":"Feature","properties":{"layer":0},"geometry":{"type":"Point","coordinates":[-9.166914,38.738321]}},{"id":"695","type":"Feature","properties":{"layer":0},"geometry":{"type":"Point","coordinates":[-9.135389,38.745558]}},{"id":"696","type":"Feature","properties":{"layer":0},"geometry":{"type":"Point","coordinates":[-9.122907,38.768633]}},{"id":"697","type":"Feature","properties":{"layer":0},"geometry":{"type":"Point","coordinates":[-9.196081,38.753382]}},{"id":"698","type":"Feature","properties":{"layer":0},"geometry":{"type":"Point","coordinates":[-9.115265,38.739195]}},{"id":"699","type":"Feature","properties":{"layer":0},"geometry":{"type":"Point","coordinates":[-9.197917,38.700634]}},{"id":"700","type":"Feature","properties":{"layer":0},"geometry":{"type":"Point","coordinates":[-9.154694,38.707874]}},{"id":"701","type":"Feature","properties":{"layer":0},"geometry":{"type":"Point","coordinates":[-9.11104,38.772864]}},{"id":"702","type":"Feature","properties":{"layer":0},"geometry":{"type":"Point","coordinates":[-9.127925,38.774732]}},{"id":"703","type":"Feature","properties":{"layer":0},"geometry":{"type":"Point","coordinates":[-9.192399,38.760084]}},{"id":"704","type":"Feature","properties":{"layer":0},"geometry":{"type":"Point","coordinates":[-9.188297,38.745771]}},{"id":"705","type":"Feature","properties":{"layer":0},"geometry":{"type":"Point","coordinates":[-9.112063,38.752679]}},{"id":"706","type":"Feature","properties":{"layer":0},"geometry":{"type":"Point","coordinates":[-9.113088,38.762404]}},{"id":"707","type":"Feature","properties":{"layer":0},"geometry":{"type":"Point","coordinates":[-9.170593,38.714531]}},{"id":"708","type":"Feature","properties":{"layer":0},"geometry":{"type":"Point","coordinates":[-9.145826,38.747333]}},{"id":"709","type":"Feature","properties":{"layer":0},"geometry":{"type":"Point","coordinates":[-9.169616,38.722478]}},{"id":"710","type":"Feature","properties":{"layer":0},"geometry":{"type":"Point","coordinates":[-9.184643,38.754927]}},{"id":"711","type":"Feature","properties":{"layer":0},"geometry":{"type":"Point","coordinates":[-9.13977,38.739431]}},{"id":"712","type":"Feature","properties":{"layer":0},"geometry":{"type":"Point","coordinates":[-9.122565,38.714835]}},{"id":"713","type":"Feature","properties":{"layer":0},"geometry":{"type":"Point","coordinates":[-9.168995,38.750067]}},{"id":"714","type":"Feature","properties":{"layer":0},"geometry":{"type":"Point","coordinates":[-9.125081,38.750804]}},{"id":"715","type":"Feature","properties":{"layer":0},"geometry":{"type":"Point","coordinates":[-9.095542,38.788756]}},{"id":"716","type":"Feature","properties":{"layer":0},"geometry":{"type":"Point","coordinates":[-9.142971,38.717407]}},{"id":"717","type":"Feature","properties":{"layer":0},"geometry":{"type":"Point","coordinates":[-9.163689,38.742615]}},{"id":"718","type":"Feature","properties":{"layer":0},"geometry":{"type":"Point","coordinates":[-9.184269,38.719806]}},{"id":"719","type":"Feature","properties":{"layer":0},"geometry":{"type":"Point","coordinates":[-9.178592,38.762648]}},{"id":"720","type":"Feature","properties":{"layer":0},"geometry":{"type":"Point","coordinates":[-9.116652,38.719196]}},{"id":"721","type":"Feature","properties":{"layer":0},"geometry":{"type":"Point","coordinates":[-9.180784,38.775227]}},{"id":"722","type":"Feature","properties":{"layer":0},"geometry":{"type":"Point","coordinates":[-9.14124,38.761762]}},{"id":"723","type":"Feature","properties":{"layer":0},"geometry":{"type":"Point","coordinates":[-9.211309,38.717052]}},{"id":"724","type":"Feature","properties":{"layer":0},"geometry":{"type":"Point","coordinates":[-9.212488,38.705081]}},{"id":"725","type":"Feature","properties":{"layer":0},"geometry":{"type":"Point","coordinates":[-9.205221,38.747885]}},{"id":"726","type":"Feature","properties":{"layer":0},"geometry":{"type":"Point","coordinates":[-9.137234,38.715954]}},{"id":"727","type":"Feature","properties":{"layer":0},"geometry":{"type":"Point","coordinates":[-9.151717,38.761655]}},{"id":"728","type":"Feature","properties":{"layer":0},"geometry":{"type":"Point","coordinates":[-9.158617,38.734313]}},{"id":"729","type":"Feature","properties":{"layer":0},"geometry":{"type":"Point","coordinates":[-9.099132,38.742063]}},{"id":"730","type":"Feature","properties":{"layer":0},"geometry":{"type":"Point","coordinates":[-9.1756,38.771714]}},{"id":"731","type":"Feature","properties":{"layer":0},"geometry":{"type":"Point","coordinates":[-9.181375,38.750269]}},{"id":"732","type":"Feature","properties":{"layer":0},"geometry":{"type":"Point","coordinates":[-9.156475,38.743319]}},{"id":"733","type":"Feature","properties":{"layer":0},"geometry":{"type":"Point","coordinates":[-9.114508,38.732074]}},{"id":"734","type":"Feature","properties":{"layer":0},"geometry":{"type":"Point","coordinates":[-9.141141,38.744439]}},{"id":"735","type":"Feature","properties":{"layer":0},"geometry":{"type":"Point","coordinates":[-9.172496,38.735923]}},{"id":"736","type":"Feature","properties":{"layer":0},"geometry":{"type":"Point","coordinates":[-9.170872,38.727558]}},{"id":"737","type":"Feature","properties":{"layer":0},"geometry":{"type":"Point","coordinates":[-9.129037,38.714706]}},{"id":"738","type":"Feature","properties":{"layer":0},"geometry":{"type":"Point","coordinates":[-9.175545,38.743583]}},{"id":"739","type":"Feature","properties":{"layer":0},"geometry":{"type":"Point","coordinates":[-9.164237,38.724899]}},{"id":"740","type":"Feature","properties":{"layer":0},"geometry":{"type":"Point","coordinates":[-9.204419,38.744416]}},{"id":"741","type":"Feature","properties":{"layer":0},"geometry":{"type":"Point","coordinates":[-9.125858,38.782562]}},{"id":"742","type":"Feature","properties":{"layer":0},"geometry":{"type":"Point","coordinates":[-9.115478,38.747458]}},{"id":"743","type":"Feature","properties":{"layer":0},"geometry":{"type":"Point","coordinates":[-9.206473,38.69592]}},{"id":"744","type":"Feature","properties":{"layer":0},"geometry":{"type":"Point","coordinates":[-9.115461,38.731071]}},{"id":"745","type":"Feature","properties":{"layer":0},"geometry":{"type":"Point","coordinates":[-9.163486,38.750088]}},{"id":"746","type":"Feature","properties":{"layer":0},"geometry":{"type":"Point","coordinates":[-9.125922,38.768406]}},{"id":"747","type":"Feature","properties":{"layer":0},"geometry":{"type":"Point","coordinates":[-9.117417,38.751797]}},{"id":"748","type":"Feature","properties":{"layer":0},"geometry":{"type":"Point","coordinates":[-9.184993,38.711997]}},{"id":"749","type":"Feature","properties":{"layer":0},"geometry":{"type":"Point","coordinates":[-9.187575,38.704583]}},{"id":"750","type":"Feature","properties":{"layer":0},"geometry":{"type":"Point","coordinates":[-9.104649,38.768781]}},{"id":"751","type":"Feature","properties":{"layer":0},"geometry":{"type":"Point","coordinates":[-9.151742,38.758616]}},{"id":"752","type":"Feature","properties":{"layer":0},"geometry":{"type":"Point","coordinates":[-9.116839,38.76788]}},{"id":"753","type":"Feature","properties":{"layer":0},"geometry":{"type":"Point","coordinates":[-9.154976,38.775666]}},{"id":"754","type":"Feature","properties":{"layer":0},"geometry":{"type":"Point","coordinates":[-9.188813,38.736657]}},{"id":"755","type":"Feature","properties":{"layer":0},"geometry":{"type":"Point","coordinates":[-9.185553,38.75051]}},{"id":"756","type":"Feature","properties":{"layer":0},"geometry":{"type":"Point","coordinates":[-9.126731,38.738019]}},{"id":"757","type":"Feature","properties":{"layer":0},"geometry":{"type":"Point","coordinates":[-9.175357,38.724993]}},{"id":"758","type":"Feature","properties":{"layer":0},"geometry":{"type":"Point","coordinates":[-9.137933,38.741744]}},{"id":"759","type":"Feature","properties":{"layer":0},"geometry":{"type":"Point","coordinates":[-9.176032,38.746886]}},{"id":"760","type":"Feature","properties":{"layer":0},"geometry":{"type":"Point","coordinates":[-9.147407,38.767962]}},{"id":"761","type":"Feature","properties":{"layer":0},"geometry":{"type":"Point","coordinates":[-9.118517,38.734837]}},{"id":"762","type":"Feature","properties":{"layer":0},"geometry":{"type":"Point","coordinates":[-9.15341,38.782008]}},{"id":"763","type":"Feature","properties":{"layer":0},"geometry":{"type":"Point","coordinates":[-9.106255,38.768911]}},{"id":"764","type":"Feature","properties":{"layer":0},"geometry":{"type":"Point","coordinates":[-9.127178,38.767132]}},{"id":"765","type":"Feature","properties":{"layer":0},"geometry":{"type":"Point","coordinates":[-9.107166,38.738446]}},{"id":"766","type":"Feature","properties":{"layer":0},"geometry":{"type":"Point","coordinates":[-9.168794,38.755521]}},{"id":"767","type":"Feature","properties":{"layer":0},"geometry":{"type":"Point","coordinates":[-9.099416,38.779203]}},{"id":"768","type":"Feature","properties":{"layer":0},"geometry":{"type":"Point","coordinates":[-9.119707,38.749798]}},{"id":"769","type":"Feature","properties":{"layer":0},"geometry":{"type":"Point","coordinates":[-9.104817,38.737715]}},{"id":"770","type":"Feature","properties":{"layer":0},"geometry":{"type":"Point","coordinates":[-9.209269,38.709915]}},{"id":"771","type":"Feature","properties":{"layer":0},"geometry":{"type":"Point","coordinates":[-9.11513,38.720717]}},{"id":"772","type":"Feature","properties":{"layer":0},"geometry":{"type":"Point","coordinates":[-9.124097,38.730057]}},{"id":"773","type":"Feature","properties":{"layer":0},"geometry":{"type":"Point","coordinates":[-9.138239,38.713646]}},{"id":"774","type":"Feature","properties":{"layer":0},"geometry":{"type":"Point","coordinates":[-9.133421,38.728106]}},{"id":"775","type":"Feature","properties":{"layer":0},"geometry":{"type":"Point","coordinates":[-9.19579,38.743529]}},{"id":"776","type":"Feature","properties":{"layer":0},"geometry":{"type":"Point","coordinates":[-9.125337,38.76095]}},{"id":"777","type":"Feature","properties":{"layer":0},"geometry":{"type":"Point","coordinates":[-9.196764,38.743957]}},{"id":"778","type":"Feature","properties":{"layer":0},"geometry":{"type":"Point","coordinates":[-9.169974,38.722817]}},{"id":"779","type":"Feature","properties":{"layer":0},"geometry":{"type":"Point","coordinates":[-9.105845,38.772877]}},{"id":"780","type":"Feature","properties":{"layer":0},"geometry":{"type":"Point","coordinates":[-9.155128,38.727258]}},{"id":"781","type":"Feature","properties":{"layer":0},"geometry":{"type":"Point","coordinates":[-9.128671,38.756702]}},{"id":"782","type":"Feature","properties":{"layer":0},"geometry":{"type":"Point","coordinates":[-9.137416,38.745727]}},{"id":"783","type":"Feature","properties":{"layer":0},"geometry":{"type":"Point","coordinates":[-9.166646,38.749729]}},{"id":"784","type":"Feature","properties":{"layer":0},"geometry":{"type":"Point","coordinates":[-9.174069,38.745625]}},{"id":"785","type":"Feature","properties":{"layer":0},"geometry":{"type":"Point","coordinates":[-9.123662,38.775567]}},{"id":"786","type":"Feature","properties":{"layer":0},"geometry":{"type":"Point","coordinates":[-9.144018,38.723393]}},{"id":"787","type":"Feature","properties":{"layer":0},"geometry":{"type":"Point","coordinates":[-9.188051,38.743011]}},{"id":"788","type":"Feature","properties":{"layer":0},"geometry":{"type":"Point","coordinates":[-9.131829,38.732972]}},{"id":"789","type":"Feature","properties":{"layer":0},"geometry":{"type":"Point","coordinates":[-9.223834,38.694573]}},{"id":"790","type":"Feature","properties":{"layer":0},"geometry":{"type":"Point","coordinates":[-9.149018,38.708771]}},{"id":"791","type":"Feature","properties":{"layer":0},"geometry":{"type":"Point","coordinates":[-9.220251,38.69389]}},{"id":"792","type":"Feature","properties":{"layer":0},"geometry":{"type":"Point","coordinates":[-9.151974,38.772878]}},{"id":"793","type":"Feature","properties":{"layer":0},"geometry":{"type":"Point","coordinates":[-9.153369,38.746357]}},{"id":"794","type":"Feature","properties":{"layer":0},"geometry":{"type":"Point","coordinates":[-9.113595,38.747565]}},{"id":"795","type":"Feature","properties":{"layer":0},"geometry":{"type":"Point","coordinates":[-9.115012,38.775526]}},{"id":"796","type":"Feature","properties":{"layer":0},"geometry":{"type":"Point","coordinates":[-9.157803,38.745078]}},{"id":"797","type":"Feature","properties":{"layer":0},"geometry":{"type":"Point","coordinates":[-9.150426,38.736631]}},{"id":"798","type":"Feature","properties":{"layer":0},"geometry":{"type":"Point","coordinates":[-9.191874,38.724961]}},{"id":"799","type":"Feature","properties":{"layer":0},"geometry":{"type":"Point","coordinates":[-9.114842,38.751531]}},{"id":"800","type":"Feature","properties":{"layer":0},"geometry":{"type":"Point","coordinates":[-9.168454,38.774104]}},{"id":"801","type":"Feature","properties":{"layer":0},"geometry":{"type":"Point","coordinates":[-9.157894,38.754453]}},{"id":"802","type":"Feature","properties":{"layer":0},"geometry":{"type":"Point","coordinates":[-9.160607,38.780369]}},{"id":"803","type":"Feature","properties":{"layer":0},"geometry":{"type":"Point","coordinates":[-9.185142,38.704093]}},{"id":"804","type":"Feature","properties":{"layer":0},"geometry":{"type":"Point","coordinates":[-9.191474,38.739983]}},{"id":"805","type":"Feature","properties":{"layer":0},"geometry":{"type":"Point","coordinates":[-9.1572,38.755798]}},{"id":"806","type":"Feature","properties":{"layer":0},"geometry":{"type":"Point","coordinates":[-9.128103,38.753151]}},{"id":"807","type":"Feature","properties":{"layer":0},"geometry":{"type":"Point","coordinates":[-9.179826,38.710498]}},{"id":"808","type":"Feature","properties":{"layer":0},"geometry":{"type":"Point","coordinates":[-9.17308,38.764615]}},{"id":"809","type":"Feature","properties":{"layer":0},"geometry":{"type":"Point","coordinates":[-9.168694,38.733942]}},{"id":"810","type":"Feature","properties":{"layer":0},"geometry":{"type":"Point","coordinates":[-9.149567,38.71645]}},{"id":"811","type":"Feature","properties":{"layer":0},"geometry":{"type":"Point","coordinates":[-9.200889,38.730528]}},{"id":"812","type":"Feature","properties":{"layer":0},"geometry":{"type":"Point","coordinates":[-9.16541,38.778059]}},{"id":"813","type":"Feature","properties":{"layer":0},"geometry":{"type":"Point","coordinates":[-9.11312,38.735799]}},{"id":"814","type":"Feature","properties":{"layer":0},"geometry":{"type":"Point","coordinates":[-9.144961,38.710717]}},{"id":"815","type":"Feature","properties":{"layer":0},"geometry":{"type":"Point","coordinates":[-9.153857,38.766678]}},{"id":"816","type":"Feature","properties":{"layer":0},"geometry":{"type":"Point","coordinates":[-9.165711,38.746723]}},{"id":"817","type":"Feature","properties":{"layer":0},"geometry":{"type":"Point","coordinates":[-9.114787,38.773166]}},{"id":"818","type":"Feature","properties":{"layer":0},"geometry":{"type":"Point","coordinates":[-9.093033,38.770974]}},{"id":"819","type":"Feature","properties":{"layer":0},"geometry":{"type":"Point","coordinates":[-9.156237,38.746874]}},{"id":"820","type":"Feature","properties":{"layer":0},"geometry":{"type":"Point","coordinates":[-9.111986,38.754333]}},{"id":"821","type":"Feature","properties":{"layer":0},"geometry":{"type":"Point","coordinates":[-9.178583,38.737067]}},{"id":"822","type":"Feature","properties":{"layer":0},"geometry":{"type":"Point","coordinates":[-9.188651,38.757012]}},{"id":"823","type":"Feature","properties":{"layer":0},"geometry":{"type":"Point","coordinates":[-9.172234,38.7015]}},{"id":"824","type":"Feature","properties":{"layer":0},"geometry":{"type":"Point","coordinates":[-9.170101,38.722401]}},{"id":"825","type":"Feature","properties":{"layer":0},"geometry":{"type":"Point","coordinates":[-9.147411,38.70666]}},{"id":"826","type":"Feature","properties":{"layer":0},"geometry":{"type":"Point","coordinates":[-9.115317,38.766166]}},{"id":"827","type":"Feature","properties":{"layer":0},"geometry":{"type":"Point","coordinates":[-9.170834,38.743983]}},{"id":"828","type":"Feature","properties":{"layer":0},"geometry":{"type":"Point","coordinates":[-9.174149,38.739278]}},{"id":"829","type":"Feature","properties":{"layer":0},"geometry":{"type":"Point","coordinates":[-9.130834,38.717478]}},{"id":"830","type":"Feature","properties":{"layer":0},"geometry":{"type":"Point","coordinates":[-9.183775,38.767251]}},{"id":"831","type":"Feature","properties":{"layer":0},"geometry":{"type":"Point","coordinates":[-9.13246,38.761053]}},{"id":"832","type":"Feature","properties":{"layer":0},"geometry":{"type":"Point","coordinates":[-9.156408,38.747394]}},{"id":"833","type":"Feature","properties":{"layer":0},"geometry":{"type":"Point","coordinates":[-9.165921,38.754831]}},{"id":"834","type":"Feature","properties":{"layer":0},"geometry":{"type":"Point","coordinates":[-9.126635,38.712768]}},{"id":"835","type":"Feature","properties":{"layer":0},"geometry":{"type":"Point","coordinates":[-9.125623,38.767593]}},{"id":"836","type":"Feature","properties":{"layer":0},"geometry":{"type":"Point","coordinates":[-9.133578,38.719902]}},{"id":"837","type":"Feature","properties":{"layer":0},"geometry":{"type":"Point","coordinates":[-9.139733,38.74024]}},{"id":"838","type":"Feature","properties":{"layer":0},"geometry":{"type":"Point","coordinates":[-9.207302,38.750912]}},{"id":"839","type":"Feature","properties":{"layer":0},"geometry":{"type":"Point","coordinates":[-9.152403,38.744252]}},{"id":"840","type":"Feature","properties":{"layer":0},"geometry":{"type":"Point","coordinates":[-9.11506,38.766158]}},{"id":"841","type":"Feature","properties":{"layer":0},"geometry":{"type":"Point","coordinates":[-9.150629,38.724957]}},{"id":"842","type":"Feature","properties":{"layer":0},"geometry":{"type":"Point","coordinates":[-9.197297,38.757187]}},{"id":"843","type":"Feature","properties":{"layer":0},"geometry":{"type":"Point","coordinates":[-9.130822,38.77126]}},{"id":"844","type":"Feature","properties":{"layer":0},"geometry":{"type":"Point","coordinates":[-9.168768,38.725954]}},{"id":"845","type":"Feature","properties":{"layer":0},"geometry":{"type":"Point","coordinates":[-9.15019,38.760166]}},{"id":"846","type":"Feature","properties":{"layer":0},"geometry":{"type":"Point","coordinates":[-9.190773,38.768135]}},{"id":"847","type":"Feature","properties":{"layer":0},"geometry":{"type":"Point","coordinates":[-9.208452,38.695513]}},{"id":"848","type":"Feature","properties":{"layer":0},"geometry":{"type":"Point","coordinates":[-9.176137,38.771851]}},{"id":"849","type":"Feature","properties":{"layer":0},"geometry":{"type":"Point","coordinates":[-9.149217,38.735416]}},{"id":"850","type":"Feature","properties":{"layer":0},"geometry":{"type":"Point","coordinates":[-9.185106,38.717651]}},{"id":"851","type":"Feature","properties":{"layer":0},"geometry":{"type":"Point","coordinates":[-9.157286,38.754811]}},{"id":"852","type":"Feature","properties":{"layer":0},"geometry":{"type":"Point","coordinates":[-9.181347,38.729155]}},{"id":"853","type":"Feature","properties":{"layer":0},"geometry":{"type":"Point","coordinates":[-9.177496,38.741866]}},{"id":"854","type":"Feature","properties":{"layer":0},"geometry":{"type":"Point","coordinates":[-9.136698,38.73759]}},{"id":"855","type":"Feature","properties":{"layer":0},"geometry":{"type":"Point","coordinates":[-9.129718,38.760634]}},{"id":"856","type":"Feature","properties":{"layer":0},"geometry":{"type":"Point","coordinates":[-9.185638,38.756461]}},{"id":"857","type":"Feature","properties":{"layer":0},"geometry":{"type":"Point","coordinates":[-9.162149,38.748921]}},{"id":"858","type":"Feature","properties":{"layer":0},"geometry":{"type":"Point","coordinates":[-9.182105,38.717439]}},{"id":"859","type":"Feature","properties":{"layer":0},"geometry":{"type":"Point","coordinates":[-9.146609,38.742632]}},{"id":"860","type":"Feature","properties":{"layer":0},"geometry":{"type":"Point","coordinates":[-9.166131,38.779338]}},{"id":"861","type":"Feature","properties":{"layer":0},"geometry":{"type":"Point","coordinates":[-9.151812,38.708627]}},{"id":"862","type":"Feature","properties":{"layer":0},"geometry":{"type":"Point","coordinates":[-9.124798,38.725577]}},{"id":"863","type":"Feature","properties":{"layer":0},"geometry":{"type":"Point","coordinates":[-9.179529,38.763507]}},{"id":"864","type":"Feature","properties":{"layer":0},"geometry":{"type":"Point","coordinates":[-9.106146,38.773856]}},{"id":"865","type":"Feature","properties":{"layer":0},"geometry":{"type":"Point","coordinates":[-9.170631,38.762471]}},{"id":"866","type":"Feature","properties":{"layer":0},"geometry":{"type":"Point","coordinates":[-9.153983,38.771709]}},{"id":"867","type":"Feature","properties":{"layer":0},"geometry":{"type":"Point","coordinates":[-9.137877,38.745987]}},{"id":"868","type":"Feature","properties":{"layer":0},"geometry":{"type":"Point","coordinates":[-9.173498,38.76359]}},{"id":"869","type":"Feature","properties":{"layer":0},"geometry":{"type":"Point","coordinates":[-9.197065,38.739703]}},{"id":"870","type":"Feature","properties":{"layer":0},"geometry":{"type":"Point","coordinates":[-9.187976,38.741326]}},{"id":"871","type":"Feature","properties":{"layer":0},"geometry":{"type":"Point","coordinates":[-9.147677,38.768924]}},{"id":"872","type":"Feature","properties":{"layer":0},"geometry":{"type":"Point","coordinates":[-9.125562,38.714566]}},{"id":"873","type":"Feature","properties":{"layer":0},"geometry":{"type":"Point","coordinates":[-9.092122,38.776379]}},{"id":"874","type":"Feature","properties":{"layer":0},"geometry":{"type":"Point","coordinates":[-9.146138,38.748734]}},{"id":"875","type":"Feature","properties":{"layer":0},"geometry":{"type":"Point","coordinates":[-9.130609,38.75119]}},{"id":"876","type":"Feature","properties":{"layer":0},"geometry":{"type":"Point","coordinates":[-9.133899,38.73778]}},{"id":"877","type":"Feature","properties":{"layer":0},"geometry":{"type":"Point","coordinates":[-9.171248,38.763106]}},{"id":"878","type":"Feature","properties":{"layer":0},"geometry":{"type":"Point","coordinates":[-9.206978,38.695352]}},{"id":"879","type":"Feature","properties":{"layer":0},"geometry":{"type":"Point","coordinates":[-9.174845,38.704057]}},{"id":"880","type":"Feature","properties":{"layer":0},"geometry":{"type":"Point","coordinates":[-9.110514,38.76252]}},{"id":"881","type":"Feature","properties":{"layer":0},"geometry":{"type":"Point","coordinates":[-9.172998,38.727854]}},{"id":"882","type":"Feature","properties":{"layer":0},"geometry":{"type":"Point","coordinates":[-9.115613,38.725429]}},{"id":"883","type":"Feature","properties":{"layer":0},"geometry":{"type":"Point","coordinates":[-9.165003,38.745083]}},{"id":"884","type":"Feature","properties":{"layer":0},"geometry":{"type":"Point","coordinates":[-9.158767,38.733668]}},{"id":"885","type":"Feature","properties":{"layer":0},"geometry":{"type":"Point","coordinates":[-9.194747,38.739467]}},{"id":"886","type":"Feature","properties":{"layer":0},"geometry":{"type":"Point","coordinates":[-9.18631,38.743987]}},{"id":"887","type":"Feature","properties":{"layer":0},"geometry":{"type":"Point","coordinates":[-9.212523,38.705057]}},{"id":"888","type":"Feature","properties":{"layer":0},"geometry":{"type":"Point","coordinates":[-9.185171,38.765731]}},{"id":"889","type":"Feature","properties":{"layer":0},"geometry":{"type":"Point","coordinates":[-9.137323,38.734567]}},{"id":"890","type":"Feature","properties":{"layer":0},"geometry":{"type":"Point","coordinates":[-9.134148,38.739716]}},{"id":"891","type":"Feature","properties":{"layer":0},"geometry":{"type":"Point","coordinates":[-9.129235,38.764944]}},{"id":"892","type":"Feature","properties":{"layer":0},"geometry":{"type":"Point","coordinates":[-9.117754,38.760785]}},{"id":"893","type":"Feature","properties":{"layer":0},"geometry":{"type":"Point","coordinates":[-9.175631,38.733741]}},{"id":"894","type":"Feature","properties":{"layer":0},"geometry":{"type":"Point","coordinates":[-9.191903,38.71095]}},{"id":"895","type":"Feature","properties":{"layer":0},"geometry":{"type":"Point","coordinates":[-9.197542,38.756941]}},{"id":"896","type":"Feature","properties":{"layer":0},"geometry":{"type":"Point","coordinates":[-9.162508,38.714711]}},{"id":"897","type":"Feature","properties":{"layer":0},"geometry":{"type":"Point","coordinates":[-9.132445,38.724615]}},{"id":"898","type":"Feature","properties":{"layer":0},"geometry":{"type":"Point","coordinates":[-9.196433,38.761911]}},{"id":"899","type":"Feature","properties":{"layer":0},"geometry":{"type":"Point","coordinates":[-9.185447,38.754996]}},{"id":"900","type":"Feature","properties":{"layer":0},"geometry":{"type":"Point","coordinates":[-9.186242,38.70367]}},{"id":"901","type":"Feature","properties":{"layer":0},"geometry":{"type":"Point","coordinates":[-9.149936,38.729519]}},{"id":"902","type":"Feature","properties":{"layer":0},"geometry":{"type":"Point","coordinates":[-9.161208,38.780356]}},{"id":"903","type":"Feature","properties":{"layer":0},"geometry":{"type":"Point","coordinates":[-9.172584,38.748193]}},{"id":"904","type":"Feature","properties":{"layer":0},"geometry":{"type":"Point","coordinates":[-9.137981,38.752836]}},{"id":"905","type":"Feature","properties":{"layer":0},"geometry":{"type":"Point","coordinates":[-9.096069,38.772962]}},{"id":"906","type":"Feature","properties":{"layer":0},"geometry":{"type":"Point","coordinates":[-9.103555,38.762083]}},{"id":"907","type":"Feature","properties":{"layer":0},"geometry":{"type":"Point","coordinates":[-9.165732,38.722114]}},{"id":"908","type":"Feature","properties":{"layer":0},"geometry":{"type":"Point","coordinates":[-9.152961,38.711407]}},{"id":"909","type":"Feature","properties":{"layer":0},"geometry":{"type":"Point","coordinates":[-9.188558,38.726839]}},{"id":"910","type":"Feature","properties":{"layer":0},"geometry":{"type":"Point","coordinates":[-9.142659,38.786123]}},{"id":"911","type":"Feature","properties":{"layer":0},"geometry":{"type":"Point","coordinates":[-9.103679,38.735152]}},{"id":"912","type":"Feature","properties":{"layer":0},"geometry":{"type":"Point","coordinates":[-9.106683,38.748426]}},{"id":"913","type":"Feature","properties":{"layer":0},"geometry":{"type":"Point","coordinates":[-9.18764,38.767219]}},{"id":"914","type":"Feature","properties":{"layer":0},"geometry":{"type":"Point","coordinates":[-9.096568,38.780821]}},{"id":"915","type":"Feature","properties":{"layer":0},"geometry":{"type":"Point","coordinates":[-9.098704,38.740802]}},{"id":"916","type":"Feature","properties":{"layer":0},"geometry":{"type":"Point","coordinates":[-9.149292,38.726273]}},{"id":"917","type":"Feature","properties":{"layer":0},"geometry":{"type":"Point","coordinates":[-9.178371,38.769888]}},{"id":"918","type":"Feature","properties":{"layer":0},"geometry":{"type":"Point","coordinates":[-9.097023,38.787034]}},{"id":"919","type":"Feature","properties":{"layer":0},"geometry":{"type":"Point","coordinates":[-9.125681,38.725998]}},{"id":"920","type":"Feature","properties":{"layer":0},"geometry":{"type":"Point","coordinates":[-9.133069,38.760888]}},{"id":"921","type":"Feature","properties":{"layer":0},"geometry":{"type":"Point","coordinates":[-9.199014,38.748615]}},{"id":"922","type":"Feature","properties":{"layer":0},"geometry":{"type":"Point","coordinates":[-9.178251,38.729336]}},{"id":"923","type":"Feature","properties":{"layer":0},"geometry":{"type":"Point","coordinates":[-9.140862,38.783282]}},{"id":"924","type":"Feature","properties":{"layer":0},"geometry":{"type":"Point","coordinates":[-9.177061,38.752796]}},{"id":"925","type":"Feature","properties":{"layer":0},"geometry":{"type":"Point","coordinates":[-9.223085,38.700132]}},{"id":"926","type":"Feature","properties":{"layer":0},"geometry":{"type":"Point","coordinates":[-9.119977,38.74993]}},{"id":"927","type":"Feature","properties":{"layer":0},"geometry":{"type":"Point","coordinates":[-9.160602,38.713919]}},{"id":"928","type":"Feature","properties":{"layer":0},"geometry":{"type":"Point","coordinates":[-9.153422,38.712434]}},{"id":"929","type":"Feature","properties":{"layer":0},"geometry":{"type":"Point","coordinates":[-9.125342,38.727162]}},{"id":"930","type":"Feature","properties":{"layer":0},"geometry":{"type":"Point","coordinates":[-9.180131,38.734211]}},{"id":"931","type":"Feature","properties":{"layer":0},"geometry":{"type":"Point","coordinates":[-9.117839,38.717537]}},{"id":"932","type":"Feature","properties":{"layer":0},"geometry":{"type":"Point","coordinates":[-9.120122,38.742958]}},{"id":"933","type":"Feature","properties":{"layer":0},"geometry":{"type":"Point","coordinates":[-9.188229,38.70496]}},{"id":"934","type":"Feature","properties":{"layer":0},"geometry":{"type":"Point","coordinates":[-9.195677,38.720577]}},{"id":"935","type":"Feature","properties":{"layer":0},"geometry":{"type":"Point","coordinates":[-9.164811,38.736954]}},{"id":"936","type":"Feature","properties":{"layer":0},"geometry":{"type":"Point","coordinates":[-9.10811,38.736158]}},{"id":"937","type":"Feature","properties":{"layer":0},"geometry":{"type":"Point","coordinates":[-9.216711,38.694299]}},{"id":"938","type":"Feature","properties":{"layer":0},"geometry":{"type":"Point","coordinates":[-9.102423,38.750524]}},{"id":"939","type":"Feature","properties":{"layer":0},"geometry":{"type":"Point","coordinates":[-9.181065,38.752088]}},{"id":"940","type":"Feature","properties":{"layer":0},"geometry":{"type":"Point","coordinates":[-9.172705,38.753775]}},{"id":"941","type":"Feature","properties":{"layer":0},"geometry":{"type":"Point","coordinates":[-9.184352,38.704689]}},{"id":"942","type":"Feature","properties":{"layer":0},"geometry":{"type":"Point","coordinates":[-9.167816,38.704486]}},{"id":"943","type":"Feature","properties":{"layer":0},"geometry":{"type":"Point","coordinates":[-9.192337,38.768203]}},{"id":"944","type":"Feature","properties":{"layer":0},"geometry":{"type":"Point","coordinates":[-9.141039,38.746589]}},{"id":"945","type":"Feature","properties":{"layer":0},"geometry":{"type":"Point","coordinates":[-9.179752,38.764292]}},{"id":"946","type":"Feature","properties":{"layer":0},"geometry":{"type":"Point","coordinates":[-9.126522,38.781855]}},{"id":"947","type":"Feature","properties":{"layer":0},"geometry":{"type":"Point","coordinates":[-9.139731,38.7479]}},{"id":"948","type":"Feature","properties":{"layer":0},"geometry":{"type":"Point","coordinates":[-9.196239,38.761734]}},{"id":"949","type":"Feature","properties":{"layer":0},"geometry":{"type":"Point","coordinates":[-9.170918,38.699261]}},{"id":"950","type":"Feature","properties":{"layer":0},"geometry":{"type":"Point","coordinates":[-9.136793,38.721652]}},{"id":"951","type":"Feature","properties":{"layer":0},"geometry":{"type":"Point","coordinates":[-9.100882,38.789877]}},{"id":"952","type":"Feature","properties":{"layer":0},"geometry":{"type":"Point","coordinates":[-9.196048,38.716248]}},{"id":"953","type":"Feature","properties":{"layer":0},"geometry":{"type":"Point","coordinates":[-9.162771,38.710011]}},{"id":"954","type":"Feature","properties":{"layer":0},"geometry":{"type":"Point","coordinates":[-9.151361,38.73748]}},{"id":"955","type":"Feature","properties":{"layer":0},"geometry":{"type":"Point","coordinates":[-9.119901,38.747619]}},{"id":"956","type":"Feature","properties":{"layer":0},"geometry":{"type":"Point","coordinates":[-9.210877,38.711286]}},{"id":"957","type":"Feature","properties":{"layer":0},"geometry":{"type":"Point","coordinates":[-9.174923,38.761261]}},{"id":"958","type":"Feature","properties":{"layer":0},"geometry":{"type":"Point","coordinates":[-9.173006,38.756527]}},{"id":"959","type":"Feature","properties":{"layer":0},"geometry":{"type":"Point","coordinates":[-9.144398,38.721387]}},{"id":"960","type":"Feature","properties":{"layer":0},"geometry":{"type":"Point","coordinates":[-9.100671,38.775036]}},{"id":"961","type":"Feature","properties":{"layer":0},"geometry":{"type":"Point","coordinates":[-9.094113,38.755235]}},{"id":"962","type":"Feature","properties":{"layer":0},"geometry":{"type":"Point","coordinates":[-9.213466,38.718436]}},{"id":"963","type":"Feature","properties":{"layer":0},"geometry":{"type":"Point","coordinates":[-9.126039,38.76979]}},{"id":"964","type":"Feature","properties":{"layer":0},"geometry":{"type":"Point","coordinates":[-9.191639,38.706167]}},{"id":"965","type":"Feature","properties":{"layer":0},"geometry":{"type":"Point","coordinates":[-9.099244,38.780972]}},{"id":"966","type":"Feature","properties":{"layer":0},"geometry":{"type":"Point","coordinates":[-9.190863,38.766073]}},{"id":"967","type":"Feature","properties":{"layer":0},"geometry":{"type":"Point","coordinates":[-9.122251,38.726182]}},{"id":"968","type":"Feature","properties":{"layer":0},"geometry":{"type":"Point","coordinates":[-9.117517,38.730239]}},{"id":"969","type":"Feature","properties":{"layer":0},"geometry":{"type":"Point","coordinates":[-9.139516,38.78115]}},{"id":"970","type":"Feature","properties":{"layer":0},"geometry":{"type":"Point","coordinates":[-9.139845,38.778788]}},{"id":"971","type":"Feature","properties":{"layer":0},"geometry":{"type":"Point","coordinates":[-9.095063,38.759961]}},{"id":"972","type":"Feature","properties":{"layer":0},"geometry":{"type":"Point","coordinates":[-9.164849,38.776199]}},{"id":"973","type":"Feature","properties":{"layer":0},"geometry":{"type":"Point","coordinates":[-9.147032,38.744151]}},{"id":"974","type":"Feature","properties":{"layer":0},"geometry":{"type":"Point","coordinates":[-9.125744,38.716776]}},{"id":"975","type":"Feature","properties":{"layer":0},"geometry":{"type":"Point","coordinates":[-9.123419,38.759514]}},{"id":"976","type":"Feature","properties":{"layer":0},"geometry":{"type":"Point","coordinates":[-9.134165,38.739225]}},{"id":"977","type":"Feature","properties":{"layer":0},"geometry":{"type":"Point","coordinates":[-9.168025,38.761]}},{"id":"978","type":"Feature","properties":{"layer":0},"geometry":{"type":"Point","coordinates":[-9.151848,38.745006]}},{"id":"979","type":"Feature","properties":{"layer":0},"geometry":{"type":"Point","coordinates":[-9.163175,38.749177]}},{"id":"980","type":"Feature","properties":{"layer":0},"geometry":{"type":"Point","coordinates":[-9.164067,38.700928]}},{"id":"981","type":"Feature","properties":{"layer":0},"geometry":{"type":"Point","coordinates":[-9.180238,38.703517]}},{"id":"982","type":"Feature","properties":{"layer":0},"geometry":{"type":"Point","coordinates":[-9.128844,38.744637]}},{"id":"983","type":"Feature","properties":{"layer":0},"geometry":{"type":"Point","coordinates":[-9.129956,38.754054]}},{"id":"984","type":"Feature","properties":{"layer":0},"geometry":{"type":"Point","coordinates":[-9.145597,38.713786]}},{"id":"985","type":"Feature","properties":{"layer":0},"geometry":{"type":"Point","coordinates":[-9.174291,38.743424]}},{"id":"986","type":"Feature","properties":{"layer":0},"geometry":{"type":"Point","coordinates":[-9.101234,38.749069]}},{"id":"987","type":"Feature","properties":{"layer":0},"geometry":{"type":"Point","coordinates":[-9.161447,38.759608]}},{"id":"988","type":"Feature","properties":{"layer":0},"geometry":{"type":"Point","coordinates":[-9.179514,38.703795]}},{"id":"989","type":"Feature","properties":{"layer":0},"geometry":{"type":"Point","coordinates":[-9.162338,38.711589]}},{"id":"990","type":"Feature","properties":{"layer":0},"geometry":{"type":"Point","coordinates":[-9.149061,38.744053]}},{"id":"991","type":"Feature","properties":{"layer":0},"geometry":{"type":"Point","coordinates":[-9.13634,38.732441]}},{"id":"992","type":"Feature","properties":{"layer":0},"geometry":{"type":"Point","coordinates":[-9.129791,38.729061]}},{"id":"993","type":"Feature","properties":{"layer":0},"geometry":{"type":"Point","coordinates":[-9.163461,38.74117]}},{"id":"994","type":"Feature","properties":{"layer":0},"geometry":{"type":"Point","coordinates":[-9.139772,38.761879]}},{"id":"995","type":"Feature","properties":{"layer":0},"geometry":{"type":"Point","coordinates":[-9.142803,38.73227]}},{"id":"996","type":"Feature","properties":{"layer":0},"geometry":{"type":"Point","coordinates":[-9.148767,38.754131]}},{"id":"997","type":"Feature","properties":{"layer":0},"geometry":{"type":"Point","coordinates":[-9.134108,38.733137]}},{"id":"998","type":"Feature","properties":{"layer":0},"geometry":{"type":"Point","coordinates":[-9.214573,38.714193]}},{"id":"999","type":"Feature","properties":{"layer":0},"geometry":{"type":"Point","coordinates":[-9.14071,38.726189]}},{"id":"1000","type":"Feature","properties":{"layer":0},"geometry":{"type":"Point","coordinates":[-9.180293,38.703773]}},{"id":"1001","type":"Feature","properties":{"layer":0},"geometry":{"type":"Point","coordinates":[-9.145424,38.726318]}},{"id":"1002","type":"Feature","properties":{"layer":0},"geometry":{"type":"Point","coordinates":[-9.124944,38.769631]}},{"id":"1003","type":"Feature","properties":{"layer":0},"geometry":{"type":"Point","coordinates":[-9.167292,38.784243]}},{"id":"1004","type":"Feature","properties":{"layer":0},"geometry":{"type":"Point","coordinates":[-9.170244,38.760559]}},{"id":"1005","type":"Feature","properties":{"layer":0},"geometry":{"type":"Point","coordinates":[-9.17476,38.758091]}},{"id":"1006","type":"Feature","properties":{"layer":0},"geometry":{"type":"Point","coordinates":[-9.119924,38.729008]}},{"id":"1007","type":"Feature","properties":{"layer":0},"geometry":{"type":"Point","coordinates":[-9.169912,38.721856]}},{"id":"1008","type":"Feature","properties":{"layer":0},"geometry":{"type":"Point","coordinates":[-9.132278,38.762133]}},{"id":"1009","type":"Feature","properties":{"layer":0},"geometry":{"type":"Point","coordinates":[-9.100249,38.767916]}},{"id":"1010","type":"Feature","properties":{"layer":0},"geometry":{"type":"Point","coordinates":[-9.117364,38.726606]}},{"id":"1011","type":"Feature","properties":{"layer":0},"geometry":{"type":"Point","coordinates":[-9.13567,38.713387]}},{"id":"1012","type":"Feature","properties":{"layer":0},"geometry":{"type":"Point","coordinates":[-9.127109,38.719697]}},{"id":"1013","type":"Feature","properties":{"layer":0},"geometry":{"type":"Point","coordinates":[-9.121374,38.770499]}},{"id":"1014","type":"Feature","properties":{"layer":0},"geometry":{"type":"Point","coordinates":[-9.107745,38.764436]}},{"id":"1015","type":"Feature","properties":{"layer":0},"geometry":{"type":"Point","coordinates":[-9.199958,38.696763]}},{"id":"1016","type":"Feature","properties":{"layer":0},"geometry":{"type":"Point","coordinates":[-9.216927,38.703451]}},{"id":"1017","type":"Feature","properties":{"layer":0},"geometry":{"type":"Point","coordinates":[-9.161247,38.75613]}},{"id":"1018","type":"Feature","properties":{"layer":0},"geometry":{"type":"Point","coordinates":[-9.162196,38.770977]}},{"id":"1019","type":"Feature","properties":{"layer":0},"geometry":{"type":"Point","coordinates":[-9.117285,38.773589]}},{"id":"1020","type":"Feature","properties":{"layer":0},"geometry":{"type":"Point","coordinates":[-9.204357,38.728174]}},{"id":"1021","type":"Feature","properties":{"layer":0},"geometry":{"type":"Point","coordinates":[-9.11828,38.77366]}},{"id":"1022","type":"Feature","properties":{"layer":0},"geometry":{"type":"Point","coordinates":[-9.129008,38.77279]}},{"id":"1023","type":"Feature","properties":{"layer":0},"geometry":{"type":"Point","coordinates":[-9.154821,38.774144]}},{"id":"1024","type":"Feature","properties":{"layer":0},"geometry":{"type":"Point","coordinates":[-9.150652,38.776816]}},{"id":"1025","type":"Feature","properties":{"layer":0},"geometry":{"type":"Point","coordinates":[-9.184843,38.773568]}},{"id":"1026","type":"Feature","properties":{"layer":0},"geometry":{"type":"Point","coordinates":[-9.195578,38.736275]}},{"id":"1027","type":"Feature","properties":{"layer":0},"geometry":{"type":"Point","coordinates":[-9.127112,38.770578]}},{"id":"1028","type":"Feature","properties":{"layer":0},"geometry":{"type":"Point","coordinates":[-9.134737,38.753192]}},{"id":"1029","type":"Feature","properties":{"layer":0},"geometry":{"type":"Point","coordinates":[-9.143914,38.730969]}},{"id":"1030","type":"Feature","properties":{"layer":0},"geometry":{"type":"Point","coordinates":[-9.202925,38.697977]}},{"id":"1031","type":"Feature","properties":{"layer":0},"geometry":{"type":"Point","coordinates":[-9.132241,38.707978]}},{"id":"1032","type":"Feature","properties":{"layer":0},"geometry":{"type":"Point","coordinates":[-9.137335,38.758665]}},{"id":"1033","type":"Feature","properties":{"layer":0},"geometry":{"type":"Point","coordinates":[-9.145413,38.787356]}},{"id":"1034","type":"Feature","properties":{"layer":0},"geometry":{"type":"Point","coordinates":[-9.189996,38.72188]}},{"id":"1035","type":"Feature","properties":{"layer":0},"geometry":{"type":"Point","coordinates":[-9.097105,38.776458]}},{"id":"1036","type":"Feature","properties":{"layer":0},"geometry":{"type":"Point","coordinates":[-9.188766,38.771805]}},{"id":"1037","type":"Feature","properties":{"layer":0},"geometry":{"type":"Point","coordinates":[-9.165236,38.735057]}},{"id":"1038","type":"Feature","properties":{"layer":0},"geometry":{"type":"Point","coordinates":[-9.10122,38.768755]}},{"id":"1039","type":"Feature","properties":{"layer":0},"geometry":{"type":"Point","coordinates":[-9.191914,38.756716]}},{"id":"1040","type":"Feature","properties":{"layer":0},"geometry":{"type":"Point","coordinates":[-9.174343,38.732489]}},{"id":"1041","type":"Feature","properties":{"layer":0},"geometry":{"type":"Point","coordinates":[-9.152478,38.711165]}},{"id":"1042","type":"Feature","properties":{"layer":0},"geometry":{"type":"Point","coordinates":[-9.142616,38.780683]}},{"id":"1043","type":"Feature","properties":{"layer":0},"geometry":{"type":"Point","coordinates":[-9.157063,38.754274]}},{"id":"1044","type":"Feature","properties":{"layer":0},"geometry":{"type":"Point","coordinates":[-9.187171,38.741111]}},{"id":"1045","type":"Feature","properties":{"layer":0},"geometry":{"type":"Point","coordinates":[-9.138648,38.735335]}},{"id":"1046","type":"Feature","properties":{"layer":0},"geometry":{"type":"Point","coordinates":[-9.156583,38.774088]}},{"id":"1047","type":"Feature","properties":{"layer":0},"geometry":{"type":"Point","coordinates":[-9.110589,38.771137]}},{"id":"1048","type":"Feature","properties":{"layer":0},"geometry":{"type":"Point","coordinates":[-9.120519,38.76196]}},{"id":"1049","type":"Feature","properties":{"layer":0},"geometry":{"type":"Point","coordinates":[-9.1709,38.753753]}},{"id":"1050","type":"Feature","properties":{"layer":0},"geometry":{"type":"Point","coordinates":[-9.177913,38.760111]}},{"id":"1051","type":"Feature","properties":{"layer":0},"geometry":{"type":"Point","coordinates":[-9.133905,38.739935]}},{"id":"1052","type":"Feature","properties":{"layer":0},"geometry":{"type":"Point","coordinates":[-9.183465,38.710906]}},{"id":"1053","type":"Feature","properties":{"layer":0},"geometry":{"type":"Point","coordinates":[-9.21114,38.709493]}},{"id":"1054","type":"Feature","properties":{"layer":0},"geometry":{"type":"Point","coordinates":[-9.121312,38.782181]}},{"id":"1055","type":"Feature","properties":{"layer":0},"geometry":{"type":"Point","coordinates":[-9.1653,38.771135]}},{"id":"1056","type":"Feature","properties":{"layer":0},"geometry":{"type":"Point","coordinates":[-9.172355,38.716837]}},{"id":"1057","type":"Feature","properties":{"layer":0},"geometry":{"type":"Point","coordinates":[-9.186338,38.771822]}},{"id":"1058","type":"Feature","properties":{"layer":0},"geometry":{"type":"Point","coordinates":[-9.115332,38.746731]}},{"id":"1059","type":"Feature","properties":{"layer":0},"geometry":{"type":"Point","coordinates":[-9.127805,38.774279]}},{"id":"1060","type":"Feature","properties":{"layer":0},"geometry":{"type":"Point","coordinates":[-9.115857,38.751992]}},{"id":"1061","type":"Feature","properties":{"layer":0},"geometry":{"type":"Point","coordinates":[-9.206137,38.707106]}},{"id":"1062","type":"Feature","properties":{"layer":0},"geometry":{"type":"Point","coordinates":[-9.154774,38.759763]}},{"id":"1063","type":"Feature","properties":{"layer":0},"geometry":{"type":"Point","coordinates":[-9.181617,38.697844]}},{"id":"1064","type":"Feature","properties":{"layer":0},"geometry":{"type":"Point","coordinates":[-9.193736,38.756956]}},{"id":"1065","type":"Feature","properties":{"layer":0},"geometry":{"type":"Point","coordinates":[-9.193762,38.75769]}},{"id":"1066","type":"Feature","properties":{"layer":0},"geometry":{"type":"Point","coordinates":[-9.140288,38.779193]}},{"id":"1067","type":"Feature","properties":{"layer":0},"geometry":{"type":"Point","coordinates":[-9.176036,38.70668]}},{"id":"1068","type":"Feature","properties":{"layer":0},"geometry":{"type":"Point","coordinates":[-9.199724,38.752274]}},{"id":"1069","type":"Feature","properties":{"layer":0},"geometry":{"type":"Point","coordinates":[-9.125769,38.760682]}},{"id":"1070","type":"Feature","properties":{"layer":0},"geometry":{"type":"Point","coordinates":[-9.094775,38.760464]}},{"id":"1071","type":"Feature","properties":{"layer":0},"geometry":{"type":"Point","coordinates":[-9.097859,38.766615]}},{"id":"1072","type":"Feature","properties":{"layer":0},"geometry":{"type":"Point","coordinates":[-9.103618,38.771334]}},{"id":"1073","type":"Feature","properties":{"layer":0},"geometry":{"type":"Point","coordinates":[-9.186538,38.740035]}},{"id":"1074","type":"Feature","properties":{"layer":0},"geometry":{"type":"Point","coordinates":[-9.129601,38.732499]}},{"id":"1075","type":"Feature","properties":{"layer":0},"geometry":{"type":"Point","coordinates":[-9.209358,38.717995]}},{"id":"1076","type":"Feature","properties":{"layer":0},"geometry":{"type":"Point","coordinates":[-9.115788,38.774576]}},{"id":"1077","type":"Feature","properties":{"layer":0},"geometry":{"type":"Point","coordinates":[-9.124718,38.728459]}},{"id":"1078","type":"Feature","properties":{"layer":0},"geometry":{"type":"Point","coordinates":[-9.120211,38.723768]}},{"id":"1079","type":"Feature","properties":{"layer":0},"geometry":{"type":"Point","coordinates":[-9.130043,38.737053]}},{"id":"1080","type":"Feature","properties":{"layer":0},"geometry":{"type":"Point","coordinates":[-9.09838,38.770317]}},{"id":"1081","type":"Feature","properties":{"layer":0},"geometry":{"type":"Point","coordinates":[-9.167537,38.747546]}},{"id":"1082","type":"Feature","properties":{"layer":0},"geometry":{"type":"Point","coordinates":[-9.22006,38.694294]}},{"id":"1083","type":"Feature","properties":{"layer":0},"geometry":{"type":"Point","coordinates":[-9.155278,38.789478]}},{"id":"1084","type":"Feature","properties":{"layer":0},"geometry":{"type":"Point","coordinates":[-9.106729,38.762956]}},{"id":"1085","type":"Feature","properties":{"layer":0},"geometry":{"type":"Point","coordinates":[-9.143703,38.730746]}},{"id":"1086","type":"Feature","properties":{"layer":0},"geometry":{"type":"Point","coordinates":[-9.135585,38.719247]}},{"id":"1087","type":"Feature","properties":{"layer":0},"geometry":{"type":"Point","coordinates":[-9.191756,38.70701]}},{"id":"1088","type":"Feature","properties":{"layer":0},"geometry":{"type":"Point","coordinates":[-9.194743,38.765244]}},{"id":"1089","type":"Feature","properties":{"layer":0},"geometry":{"type":"Point","coordinates":[-9.205441,38.696134]}},{"id":"1090","type":"Feature","properties":{"layer":0},"geometry":{"type":"Point","coordinates":[-9.111282,38.730512]}},{"id":"1091","type":"Feature","properties":{"layer":0},"geometry":{"type":"Point","coordinates":[-9.113196,38.765327]}},{"id":"1092","type":"Feature","properties":{"layer":0},"geometry":{"type":"Point","coordinates":[-9.174297,38.749071]}},{"id":"1093","type":"Feature","properties":{"layer":0},"geometry":{"type":"Point","coordinates":[-9.219134,38.69358]}},{"id":"1094","type":"Feature","properties":{"layer":0},"geometry":{"type":"Point","coordinates":[-9.153849,38.734264]}},{"id":"1095","type":"Feature","properties":{"layer":0},"geometry":{"type":"Point","coordinates":[-9.117463,38.755319]}},{"id":"1096","type":"Feature","properties":{"layer":0},"geometry":{"type":"Point","coordinates":[-9.136142,38.71503]}},{"id":"1097","type":"Feature","properties":{"layer":0},"geometry":{"type":"Point","coordinates":[-9.104631,38.767465]}},{"id":"1098","type":"Feature","properties":{"layer":0},"geometry":{"type":"Point","coordinates":[-9.160208,38.75924]}},{"id":"1099","type":"Feature","properties":{"layer":0},"geometry":{"type":"Point","coordinates":[-9.20665,38.700449]}},{"id":"1100","type":"Feature","properties":{"layer":0},"geometry":{"type":"Point","coordinates":[-9.18552,38.745305]}},{"id":"1101","type":"Feature","properties":{"layer":0},"geometry":{"type":"Point","coordinates":[-9.20583,38.704815]}},{"id":"1102","type":"Feature","properties":{"layer":0},"geometry":{"type":"Point","coordinates":[-9.172279,38.757462]}},{"id":"1103","type":"Feature","properties":{"layer":0},"geometry":{"type":"Point","coordinates":[-9.172345,38.70367]}},{"id":"1104","type":"Feature","properties":{"layer":0},"geometry":{"type":"Point","coordinates":[-9.192152,38.724608]}},{"id":"1105","type":"Feature","properties":{"layer":0},"geometry":{"type":"Point","coordinates":[-9.132021,38.70888]}},{"id":"1106","type":"Feature","properties":{"layer":0},"geometry":{"type":"Point","coordinates":[-9.142676,38.706708]}},{"id":"1107","type":"Feature","properties":{"layer":0},"geometry":{"type":"Point","coordinates":[-9.128929,38.768957]}},{"id":"1108","type":"Feature","properties":{"layer":0},"geometry":{"type":"Point","coordinates":[-9.181238,38.740253]}},{"id":"1109","type":"Feature","properties":{"layer":0},"geometry":{"type":"Point","coordinates":[-9.1372,38.730549]}},{"id":"1110","type":"Feature","properties":{"layer":0},"geometry":{"type":"Point","coordinates":[-9.190485,38.703827]}},{"id":"1111","type":"Feature","properties":{"layer":0},"geometry":{"type":"Point","coordinates":[-9.145805,38.738639]}},{"id":"1112","type":"Feature","properties":{"layer":0},"geometry":{"type":"Point","coordinates":[-9.09224,38.791816]}},{"id":"1113","type":"Feature","properties":{"layer":0},"geometry":{"type":"Point","coordinates":[-9.147273,38.790608]}},{"id":"1114","type":"Feature","properties":{"layer":0},"geometry":{"type":"Point","coordinates":[-9.139718,38.76873]}},{"id":"1115","type":"Feature","properties":{"layer":0},"geometry":{"type":"Point","coordinates":[-9.119479,38.719712]}},{"id":"1116","type":"Feature","properties":{"layer":0},"geometry":{"type":"Point","coordinates":[-9.193322,38.745516]}},{"id":"1117","type":"Feature","properties":{"layer":0},"geometry":{"type":"Point","coordinates":[-9.199856,38.735455]}},{"id":"1118","type":"Feature","properties":{"layer":0},"geometry":{"type":"Point","coordinates":[-9.171011,38.749939]}},{"id":"1119","type":"Feature","properties":{"layer":0},"geometry":{"type":"Point","coordinates":[-9.198445,38.756665]}},{"id":"1120","type":"Feature","properties":{"layer":0},"geometry":{"type":"Point","coordinates":[-9.163675,38.739052]}},{"id":"1121","type":"Feature","properties":{"layer":0},"geometry":{"type":"Point","coordinates":[-9.169308,38.759594]}},{"id":"1122","type":"Feature","properties":{"layer":0},"geometry":{"type":"Point","coordinates":[-9.180622,38.740047]}},{"id":"1123","type":"Feature","properties":{"layer":0},"geometry":{"type":"Point","coordinates":[-9.125294,38.713013]}},{"id":"1124","type":"Feature","properties":{"layer":0},"geometry":{"type":"Point","coordinates":[-9.096615,38.760334]}},{"id":"1125","type":"Feature","properties":{"layer":0},"geometry":{"type":"Point","coordinates":[-9.16615,38.736179]}},{"id":"1126","type":"Feature","properties":{"layer":0},"geometry":{"type":"Point","coordinates":[-9.095404,38.778939]}},{"id":"1127","type":"Feature","properties":{"layer":0},"geometry":{"type":"Point","coordinates":[-9.136564,38.748014]}},{"id":"1128","type":"Feature","properties":{"layer":0},"geometry":{"type":"Point","coordinates":[-9.198911,38.74861]}},{"id":"1129","type":"Feature","properties":{"layer":0},"geometry":{"type":"Point","coordinates":[-9.156618,38.711563]}},{"id":"1130","type":"Feature","properties":{"layer":0},"geometry":{"type":"Point","coordinates":[-9.196093,38.763064]}},{"id":"1131","type":"Feature","properties":{"layer":0},"geometry":{"type":"Point","coordinates":[-9.155747,38.731243]}},{"id":"1132","type":"Feature","properties":{"layer":0},"geometry":{"type":"Point","coordinates":[-9.096508,38.771918]}},{"id":"1133","type":"Feature","properties":{"layer":0},"geometry":{"type":"Point","coordinates":[-9.134799,38.716776]}},{"id":"1134","type":"Feature","properties":{"layer":0},"geometry":{"type":"Point","coordinates":[-9.154998,38.704834]}},{"id":"1135","type":"Feature","properties":{"layer":0},"geometry":{"type":"Point","coordinates":[-9.15099,38.751717]}},{"id":"1136","type":"Feature","properties":{"layer":0},"geometry":{"type":"Point","coordinates":[-9.126328,38.717968]}},{"id":"1137","type":"Feature","properties":{"layer":0},"geometry":{"type":"Point","coordinates":[-9.153519,38.726133]}},{"id":"1138","type":"Feature","properties":{"layer":0},"geometry":{"type":"Point","coordinates":[-9.128102,38.738844]}},{"id":"1139","type":"Feature","properties":{"layer":0},"geometry":{"type":"Point","coordinates":[-9.163317,38.748023]}},{"id":"1140","type":"Feature","properties":{"layer":0},"geometry":{"type":"Point","coordinates":[-9.218288,38.702345]}},{"id":"1141","type":"Feature","properties":{"layer":0},"geometry":{"type":"Point","coordinates":[-9.21502,38.710178]}},{"id":"1142","type":"Feature","properties":{"layer":0},"geometry":{"type":"Point","coordinates":[-9.113523,38.722638]}},{"id":"1143","type":"Feature","properties":{"layer":0},"geometry":{"type":"Point","coordinates":[-9.148277,38.739996]}},{"id":"1144","type":"Feature","properties":{"layer":0},"geometry":{"type":"Point","coordinates":[-9.188396,38.772859]}},{"id":"1145","type":"Feature","properties":{"layer":0},"geometry":{"type":"Point","coordinates":[-9.203984,38.723964]}},{"id":"1146","type":"Feature","properties":{"layer":0},"geometry":{"type":"Point","coordinates":[-9.142512,38.745326]}},{"id":"1147","type":"Feature","properties":{"layer":0},"geometry":{"type":"Point","coordinates":[-9.096261,38.754027]}},{"id":"1148","type":"Feature","properties":{"layer":0},"geometry":{"type":"Point","coordinates":[-9.186681,38.756453]}},{"id":"1149","type":"Feature","properties":{"layer":0},"geometry":{"type":"Point","coordinates":[-9.224558,38.699308]}},{"id":"1150","type":"Feature","properties":{"layer":0},"geometry":{"type":"Point","coordinates":[-9.117772,38.769005]}},{"id":"1151","type":"Feature","properties":{"layer":0},"geometry":{"type":"Point","coordinates":[-9.211266,38.71147]}},{"id":"1152","type":"Feature","properties":{"layer":0},"geometry":{"type":"Point","coordinates":[-9.152208,38.729161]}},{"id":"1153","type":"Feature","properties":{"layer":0},"geometry":{"type":"Point","coordinates":[-9.17798,38.733451]}},{"id":"1154","type":"Feature","properties":{"layer":0},"geometry":{"type":"Point","coordinates":[-9.115228,38.762077]}},{"id":"1155","type":"Feature","properties":{"layer":0},"geometry":{"type":"Point","coordinates":[-9.155223,38.783877]}},{"id":"1156","type":"Feature","properties":{"layer":0},"geometry":{"type":"Point","coordinates":[-9.096427,38.774572]}},{"id":"1157","type":"Feature","properties":{"layer":0},"geometry":{"type":"Point","coordinates":[-9.131162,38.736295]}},{"id":"1158","type":"Feature","properties":{"layer":0},"geometry":{"type":"Point","coordinates":[-9.156449,38.718806]}},{"id":"1159","type":"Feature","properties":{"layer":0},"geometry":{"type":"Point","coordinates":[-9.127819,38.708783]}},{"id":"1160","type":"Feature","properties":{"layer":0},"geometry":{"type":"Point","coordinates":[-9.124602,38.746249]}},{"id":"1161","type":"Feature","properties":{"layer":0},"geometry":{"type":"Point","coordinates":[-9.164231,38.705664]}},{"id":"1162","type":"Feature","properties":{"layer":0},"geometry":{"type":"Point","coordinates":[-9.16135,38.772745]}},{"id":"1163","type":"Feature","properties":{"layer":0},"geometry":{"type":"Point","coordinates":[-9.097687,38.767632]}},{"id":"1164","type":"Feature","properties":{"layer":0},"geometry":{"type":"Point","coordinates":[-9.181587,38.716644]}},{"id":"1165","type":"Feature","properties":{"layer":0},"geometry":{"type":"Point","coordinates":[-9.106489,38.729515]}},{"id":"1166","type":"Feature","properties":{"layer":0},"geometry":{"type":"Point","coordinates":[-9.134126,38.728189]}},{"id":"1167","type":"Feature","properties":{"layer":0},"geometry":{"type":"Point","coordinates":[-9.205226,38.714122]}},{"id":"1168","type":"Feature","properties":{"layer":0},"geometry":{"type":"Point","coordinates":[-9.113585,38.752272]}},{"id":"1169","type":"Feature","properties":{"layer":0},"geometry":{"type":"Point","coordinates":[-9.197576,38.752895]}},{"id":"1170","type":"Feature","properties":{"layer":0},"geometry":{"type":"Point","coordinates":[-9.116493,38.729109]}},{"id":"1171","type":"Feature","properties":{"layer":0},"geometry":{"type":"Point","coordinates":[-9.170231,38.748487]}},{"id":"1172","type":"Feature","properties":{"layer":0},"geometry":{"type":"Point","coordinates":[-9.17395,38.707321]}},{"id":"1173","type":"Feature","properties":{"layer":0},"geometry":{"type":"Point","coordinates":[-9.198906,38.707488]}},{"id":"1174","type":"Feature","properties":{"layer":0},"geometry":{"type":"Point","coordinates":[-9.133253,38.734986]}},{"id":"1175","type":"Feature","properties":{"layer":0},"geometry":{"type":"Point","coordinates":[-9.185244,38.758166]}},{"id":"1176","type":"Feature","properties":{"layer":0},"geometry":{"type":"Point","coordinates":[-9.211047,38.708557]}},{"id":"1177","type":"Feature","properties":{"layer":0},"geometry":{"type":"Point","coordinates":[-9.110923,38.761689]}},{"id":"1178","type":"Feature","properties":{"layer":0},"geometry":{"type":"Point","coordinates":[-9.185807,38.720253]}},{"id":"1179","type":"Feature","properties":{"layer":0},"geometry":{"type":"Point","coordinates":[-9.094629,38.778877]}},{"id":"1180","type":"Feature","properties":{"layer":0},"geometry":{"type":"Point","coordinates":[-9.135826,38.745249]}},{"id":"1181","type":"Feature","properties":{"layer":0},"geometry":{"type":"Point","coordinates":[-9.142481,38.735665]}},{"id":"1182","type":"Feature","properties":{"layer":0},"geometry":{"type":"Point","coordinates":[-9.131468,38.722099]}},{"id":"1183","type":"Feature","properties":{"layer":0},"geometry":{"type":"Point","coordinates":[-9.183181,38.753462]}},{"id":"1184","type":"Feature","properties":{"layer":0},"geometry":{"type":"Point","coordinates":[-9.187275,38.697285]}},{"id":"1185","type":"Feature","properties":{"layer":0},"geometry":{"type":"Point","coordinates":[-9.148689,38.729433]}},{"id":"1186","type":"Feature","properties":{"layer":0},"geometry":{"type":"Point","coordinates":[-9.197819,38.753572]}},{"id":"1187","type":"Feature","properties":{"layer":0},"geometry":{"type":"Point","coordinates":[-9.133099,38.735798]}},{"id":"1188","type":"Feature","properties":{"layer":0},"geometry":{"type":"Point","coordinates":[-9.108932,38.748165]}},{"id":"1189","type":"Feature","properties":{"layer":0},"geometry":{"type":"Point","coordinates":[-9.191396,38.756632]}},{"id":"1190","type":"Feature","properties":{"layer":0},"geometry":{"type":"Point","coordinates":[-9.203038,38.698374]}},{"id":"1191","type":"Feature","properties":{"layer":0},"geometry":{"type":"Point","coordinates":[-9.197216,38.75622]}},{"id":"1192","type":"Feature","properties":{"layer":0},"geometry":{"type":"Point","coordinates":[-9.098334,38.744596]}},{"id":"1193","type":"Feature","properties":{"layer":0},"geometry":{"type":"Point","coordinates":[-9.18303,38.702762]}},{"id":"1194","type":"Feature","properties":{"layer":0},"geometry":{"type":"Point","coordinates":[-9.092633,38.774853]}},{"id":"1195","type":"Feature","properties":{"layer":0},"geometry":{"type":"Point","coordinates":[-9.170964,38.781662]}},{"id":"1196","type":"Feature","properties":{"layer":0},"geometry":{"type":"Point","coordinates":[-9.188247,38.753847]}},{"id":"1197","type":"Feature","properties":{"layer":0},"geometry":{"type":"Point","coordinates":[-9.184114,38.712984]}},{"id":"1198","type":"Feature","properties":{"layer":0},"geometry":{"type":"Point","coordinates":[-9.190233,38.756068]}},{"id":"1199","type":"Feature","properties":{"layer":0},"geometry":{"type":"Point","coordinates":[-9.163718,38.703052]}},{"id":"1200","type":"Feature","properties":{"layer":0},"geometry":{"type":"Point","coordinates":[-9.132164,38.74461]}},{"id":"1201","type":"Feature","properties":{"layer":0},"geometry":{"type":"Point","coordinates":[-9.207937,38.710165]}},{"id":"1202","type":"Feature","properties":{"layer":0},"geometry":{"type":"Point","coordinates":[-9.167568,38.77447]}},{"id":"1203","type":"Feature","properties":{"layer":0},"geometry":{"type":"Point","coordinates":[-9.169774,38.707707]}},{"id":"1204","type":"Feature","properties":{"layer":0},"geometry":{"type":"Point","coordinates":[-9.152693,38.745679]}},{"id":"1205","type":"Feature","properties":{"layer":0},"geometry":{"type":"Point","coordinates":[-9.182304,38.750266]}},{"id":"1206","type":"Feature","properties":{"layer":0},"geometry":{"type":"Point","coordinates":[-9.166096,38.781804]}},{"id":"1207","type":"Feature","properties":{"layer":0},"geometry":{"type":"Point","coordinates":[-9.170308,38.752315]}},{"id":"1208","type":"Feature","properties":{"layer":0},"geometry":{"type":"Point","coordinates":[-9.169308,38.724669]}},{"id":"1209","type":"Feature","properties":{"layer":0},"geometry":{"type":"Point","coordinates":[-9.163485,38.782717]}},{"id":"1210","type":"Feature","properties":{"layer":0},"geometry":{"type":"Point","coordinates":[-9.138498,38.7105]}},{"id":"1211","type":"Feature","properties":{"layer":0},"geometry":{"type":"Point","coordinates":[-9.125443,38.742794]}},{"id":"1212","type":"Feature","properties":{"layer":0},"geometry":{"type":"Point","coordinates":[-9.154419,38.748102]}},{"id":"1213","type":"Feature","properties":{"layer":0},"geometry":{"type":"Point","coordinates":[-9.130048,38.724253]}},{"id":"1214","type":"Feature","properties":{"layer":0},"geometry":{"type":"Point","coordinates":[-9.123454,38.738791]}},{"id":"1215","type":"Feature","properties":{"layer":0},"geometry":{"type":"Point","coordinates":[-9.124341,38.714692]}},{"id":"1216","type":"Feature","properties":{"layer":0},"geometry":{"type":"Point","coordinates":[-9.151799,38.748895]}},{"id":"1217","type":"Feature","properties":{"layer":0},"geometry":{"type":"Point","coordinates":[-9.153705,38.7255]}},{"id":"1218","type":"Feature","properties":{"layer":0},"geometry":{"type":"Point","coordinates":[-9.114878,38.773539]}},{"id":"1219","type":"Feature","properties":{"layer":0},"geometry":{"type":"Point","coordinates":[-9.142827,38.732074]}},{"id":"1220","type":"Feature","properties":{"layer":0},"geometry":{"type":"Point","coordinates":[-9.165081,38.707251]}},{"id":"1221","type":"Feature","properties":{"layer":0},"geometry":{"type":"Point","coordinates":[-9.122729,38.779801]}},{"id":"1222","type":"Feature","properties":{"layer":0},"geometry":{"type":"Point","coordinates":[-9.154679,38.722589]}},{"id":"1223","type":"Feature","properties":{"layer":0},"geometry":{"type":"Point","coordinates":[-9.199704,38.756252]}},{"id":"1224","type":"Feature","properties":{"layer":0},"geometry":{"type":"Point","coordinates":[-9.199883,38.756905]}},{"id":"1225","type":"Feature","properties":{"layer":0},"geometry":{"type":"Point","coordinates":[-9.12328,38.761762]}},{"id":"1226","type":"Feature","properties":{"layer":0},"geometry":{"type":"Point","coordinates":[-9.186282,38.712476]}},{"id":"1227","type":"Feature","properties":{"layer":0},"geometry":{"type":"Point","coordinates":[-9.16028,38.775616]}},{"id":"1228","type":"Feature","properties":{"layer":0},"geometry":{"type":"Point","coordinates":[-9.141508,38.762538]}},{"id":"1229","type":"Feature","properties":{"layer":0},"geometry":{"type":"Point","coordinates":[-9.157754,38.782623]}},{"id":"1230","type":"Feature","properties":{"layer":0},"geometry":{"type":"Point","coordinates":[-9.11392,38.763016]}},{"id":"1231","type":"Feature","properties":{"layer":0},"geometry":{"type":"Point","coordinates":[-9.103294,38.75325]}},{"id":"1232","type":"Feature","properties":{"layer":0},"geometry":{"type":"Point","coordinates":[-9.160496,38.773497]}},{"id":"1233","type":"Feature","properties":{"layer":0},"geometry":{"type":"Point","coordinates":[-9.123169,38.713091]}},{"id":"1234","type":"Feature","properties":{"layer":0},"geometry":{"type":"Point","coordinates":[-9.195634,38.754524]}},{"id":"1235","type":"Feature","properties":{"layer":0},"geometry":{"type":"Point","coordinates":[-9.151277,38.706506]}},{"id":"1236","type":"Feature","properties":{"layer":0},"geometry":{"type":"Point","coordinates":[-9.172314,38.711638]}},{"id":"1237","type":"Feature","properties":{"layer":0},"geometry":{"type":"Point","coordinates":[-9.103092,38.737067]}},{"id":"1238","type":"Feature","properties":{"layer":0},"geometry":{"type":"Point","coordinates":[-9.156933,38.771416]}},{"id":"1239","type":"Feature","properties":{"layer":0},"geometry":{"type":"Point","coordinates":[-9.164747,38.748216]}},{"id":"1240","type":"Feature","properties":{"layer":0},"geometry":{"type":"Point","coordinates":[-9.095668,38.781063]}},{"id":"1241","type":"Feature","properties":{"layer":0},"geometry":{"type":"Point","coordinates":[-9.162232,38.774381]}},{"id":"1242","type":"Feature","properties":{"layer":0},"geometry":{"type":"Point","coordinates":[-9.149878,38.72252]}},{"id":"1243","type":"Feature","properties":{"layer":0},"geometry":{"type":"Point","coordinates":[-9.209691,38.71355]}},{"id":"1244","type":"Feature","properties":{"layer":0},"geometry":{"type":"Point","coordinates":[-9.164916,38.745041]}},{"id":"1245","type":"Feature","properties":{"layer":0},"geometry":{"type":"Point","coordinates":[-9.178908,38.761371]}},{"id":"1246","type":"Feature","properties":{"layer":0},"geometry":{"type":"Point","coordinates":[-9.122615,38.753095]}},{"id":"1247","type":"Feature","properties":{"layer":0},"geometry":{"type":"Point","coordinates":[-9.195378,38.704782]}},{"id":"1248","type":"Feature","properties":{"layer":0},"geometry":{"type":"Point","coordinates":[-9.195128,38.760051]}},{"id":"1249","type":"Feature","properties":{"layer":0},"geometry":{"type":"Point","coordinates":[-9.201751,38.70535]}},{"id":"1250","type":"Feature","properties":{"layer":0},"geometry":{"type":"Point","coordinates":[-9.136561,38.750059]}},{"id":"1251","type":"Feature","properties":{"layer":0},"geometry":{"type":"Point","coordinates":[-9.157903,38.775012]}},{"id":"1252","type":"Feature","properties":{"layer":0},"geometry":{"type":"Point","coordinates":[-9.162474,38.776173]}},{"id":"1253","type":"Feature","properties":{"layer":0},"geometry":{"type":"Point","coordinates":[-9.11829,38.755464]}},{"id":"1254","type":"Feature","properties":{"layer":0},"geometry":{"type":"Point","coordinates":[-9.188165,38.745259]}},{"id":"1255","type":"Feature","properties":{"layer":0},"geometry":{"type":"Point","coordinates":[-9.15991,38.779511]}},{"id":"1256","type":"Feature","properties":{"layer":0},"geometry":{"type":"Point","coordinates":[-9.218436,38.701014]}},{"id":"1257","type":"Feature","properties":{"layer":0},"geometry":{"type":"Point","coordinates":[-9.191593,38.763142]}},{"id":"1258","type":"Feature","properties":{"layer":0},"geometry":{"type":"Point","coordinates":[-9.197099,38.69794]}},{"id":"1259","type":"Feature","properties":{"layer":0},"geometry":{"type":"Point","coordinates":[-9.16053,38.732897]}},{"id":"1260","type":"Feature","properties":{"layer":0},"geometry":{"type":"Point","coordinates":[-9.205563,38.71434]}},{"id":"1261","type":"Feature","properties":{"layer":0},"geometry":{"type":"Point","coordinates":[-9.161439,38.727612]}},{"id":"1262","type":"Feature","properties":{"layer":0},"geometry":{"type":"Point","coordinates":[-9.144174,38.731282]}},{"id":"1263","type":"Feature","properties":{"layer":0},"geometry":{"type":"Point","coordinates":[-9.134789,38.74278]}},{"id":"1264","type":"Feature","properties":{"layer":0},"geometry":{"type":"Point","coordinates":[-9.175702,38.764063]}},{"id":"1265","type":"Feature","properties":{"layer":0},"geometry":{"type":"Point","coordinates":[-9.169092,38.744142]}},{"id":"1266","type":"Feature","properties":{"layer":0},"geometry":{"type":"Point","coordinates":[-9.171821,38.726869]}},{"id":"1267","type":"Feature","properties":{"layer":0},"geometry":{"type":"Point","coordinates":[-9.193994,38.760449]}},{"id":"1268","type":"Feature","properties":{"layer":0},"geometry":{"type":"Point","coordinates":[-9.144511,38.756616]}},{"id":"1269","type":"Feature","properties":{"layer":0},"geometry":{"type":"Point","coordinates":[-9.143472,38.710178]}},{"id":"1270","type":"Feature","properties":{"layer":0},"geometry":{"type":"Point","coordinates":[-9.114572,38.752725]}},{"id":"1271","type":"Feature","properties":{"layer":0},"geometry":{"type":"Point","coordinates":[-9.146811,38.768499]}},{"id":"1272","type":"Feature","properties":{"layer":0},"geometry":{"type":"Point","coordinates":[-9.136027,38.766986]}},{"id":"1273","type":"Feature","properties":{"layer":0},"geometry":{"type":"Point","coordinates":[-9.178769,38.763588]}},{"id":"1274","type":"Feature","properties":{"layer":0},"geometry":{"type":"Point","coordinates":[-9.118649,38.749031]}},{"id":"1275","type":"Feature","properties":{"layer":0},"geometry":{"type":"Point","coordinates":[-9.138152,38.743438]}},{"id":"1276","type":"Feature","properties":{"layer":0},"geometry":{"type":"Point","coordinates":[-9.205903,38.722986]}},{"id":"1277","type":"Feature","properties":{"layer":0},"geometry":{"type":"Point","coordinates":[-9.164462,38.780914]}},{"id":"1278","type":"Feature","properties":{"layer":0},"geometry":{"type":"Point","coordinates":[-9.13104,38.779096]}},{"id":"1279","type":"Feature","properties":{"layer":0},"geometry":{"type":"Point","coordinates":[-9.169628,38.773073]}},{"id":"1280","type":"Feature","properties":{"layer":0},"geometry":{"type":"Point","coordinates":[-9.126481,38.765507]}},{"id":"1281","type":"Feature","properties":{"layer":0},"geometry":{"type":"Point","coordinates":[-9.190776,38.751921]}},{"id":"1282","type":"Feature","properties":{"layer":0},"geometry":{"type":"Point","coordinates":[-9.221989,38.704896]}},{"id":"1283","type":"Feature","properties":{"layer":0},"geometry":{"type":"Point","coordinates":[-9.205658,38.755628]}},{"id":"1284","type":"Feature","properties":{"layer":0},"geometry":{"type":"Point","coordinates":[-9.138352,38.714956]}},{"id":"1285","type":"Feature","properties":{"layer":0},"geometry":{"type":"Point","coordinates":[-9.137258,38.713703]}},{"id":"1286","type":"Feature","properties":{"layer":0},"geometry":{"type":"Point","coordinates":[-9.166606,38.711316]}},{"id":"1287","type":"Feature","properties":{"layer":0},"geometry":{"type":"Point","coordinates":[-9.149216,38.71669]}},{"id":"1288","type":"Feature","properties":{"layer":0},"geometry":{"type":"Point","coordinates":[-9.118224,38.755898]}},{"id":"1289","type":"Feature","properties":{"layer":0},"geometry":{"type":"Point","coordinates":[-9.166264,38.783843]}},{"id":"1290","type":"Feature","properties":{"layer":0},"geometry":{"type":"Point","coordinates":[-9.159009,38.746773]}},{"id":"1291","type":"Feature","properties":{"layer":0},"geometry":{"type":"Point","coordinates":[-9.200854,38.726128]}},{"id":"1292","type":"Feature","properties":{"layer":0},"geometry":{"type":"Point","coordinates":[-9.200508,38.711774]}},{"id":"1293","type":"Feature","properties":{"layer":0},"geometry":{"type":"Point","coordinates":[-9.155341,38.762566]}},{"id":"1294","type":"Feature","properties":{"layer":0},"geometry":{"type":"Point","coordinates":[-9.161255,38.75616]}},{"id":"1295","type":"Feature","properties":{"layer":0},"geometry":{"type":"Point","coordinates":[-9.133195,38.733331]}},{"id":"1296","type":"Feature","properties":{"layer":0},"geometry":{"type":"Point","coordinates":[-9.183067,38.765562]}},{"id":"1297","type":"Feature","properties":{"layer":0},"geometry":{"type":"Point","coordinates":[-9.12491,38.733749]}},{"id":"1298","type":"Feature","properties":{"layer":0},"geometry":{"type":"Point","coordinates":[-9.128075,38.756291]}},{"id":"1299","type":"Feature","properties":{"layer":0},"geometry":{"type":"Point","coordinates":[-9.123057,38.77601]}},{"id":"1300","type":"Feature","properties":{"layer":0},"geometry":{"type":"Point","coordinates":[-9.15167,38.776297]}},{"id":"1301","type":"Feature","properties":{"layer":0},"geometry":{"type":"Point","coordinates":[-9.121768,38.761444]}},{"id":"1302","type":"Feature","properties":{"layer":0},"geometry":{"type":"Point","coordinates":[-9.118923,38.735302]}},{"id":"1303","type":"Feature","properties":{"layer":0},"geometry":{"type":"Point","coordinates":[-9.091457,38.756319]}},{"id":"1304","type":"Feature","properties":{"layer":0},"geometry":{"type":"Point","coordinates":[-9.120011,38.779076]}},{"id":"1305","type":"Feature","properties":{"layer":0},"geometry":{"type":"Point","coordinates":[-9.193957,38.713811]}},{"id":"1306","type":"Feature","properties":{"layer":0},"geometry":{"type":"Point","coordinates":[-9.168983,38.73101]}},{"id":"1307","type":"Feature","properties":{"layer":0},"geometry":{"type":"Point","coordinates":[-9.195336,38.74662]}},{"id":"1308","type":"Feature","properties":{"layer":0},"geometry":{"type":"Point","coordinates":[-9.199655,38.699143]}},{"id":"1309","type":"Feature","properties":{"layer":0},"geometry":{"type":"Point","coordinates":[-9.121162,38.724328]}},{"id":"1310","type":"Feature","properties":{"layer":0},"geometry":{"type":"Point","coordinates":[-9.156443,38.754124]}},{"id":"1311","type":"Feature","properties":{"layer":0},"geometry":{"type":"Point","coordinates":[-9.127767,38.774489]}},{"id":"1312","type":"Feature","properties":{"layer":0},"geometry":{"type":"Point","coordinates":[-9.145227,38.733015]}},{"id":"1313","type":"Feature","properties":{"layer":0},"geometry":{"type":"Point","coordinates":[-9.115346,38.749168]}},{"id":"1314","type":"Feature","properties":{"layer":0},"geometry":{"type":"Point","coordinates":[-9.092854,38.786148]}},{"id":"1315","type":"Feature","properties":{"layer":0},"geometry":{"type":"Point","coordinates":[-9.219192,38.707835]}},{"id":"1316","type":"Feature","properties":{"layer":0},"geometry":{"type":"Point","coordinates":[-9.106882,38.747024]}},{"id":"1317","type":"Feature","properties":{"layer":0},"geometry":{"type":"Point","coordinates":[-9.207331,38.715679]}},{"id":"1318","type":"Feature","properties":{"layer":0},"geometry":{"type":"Point","coordinates":[-9.169486,38.729068]}},{"id":"1319","type":"Feature","properties":{"layer":0},"geometry":{"type":"Point","coordinates":[-9.156181,38.786625]}},{"id":"1320","type":"Feature","properties":{"layer":0},"geometry":{"type":"Point","coordinates":[-9.204308,38.69553]}},{"id":"1321","type":"Feature","properties":{"layer":0},"geometry":{"type":"Point","coordinates":[-9.171022,38.710857]}},{"id":"1322","type":"Feature","properties":{"layer":0},"geometry":{"type":"Point","coordinates":[-9.146474,38.720825]}},{"id":"1323","type":"Feature","properties":{"layer":0},"geometry":{"type":"Point","coordinates":[-9.107051,38.764683]}},{"id":"1324","type":"Feature","properties":{"layer":0},"geometry":{"type":"Point","coordinates":[-9.148878,38.726541]}},{"id":"1325","type":"Feature","properties":{"layer":0},"geometry":{"type":"Point","coordinates":[-9.180401,38.755662]}},{"id":"1326","type":"Feature","properties":{"layer":0},"geometry":{"type":"Point","coordinates":[-9.137695,38.744712]}},{"id":"1327","type":"Feature","properties":{"layer":0},"geometry":{"type":"Point","coordinates":[-9.162819,38.763694]}},{"id":"1328","type":"Feature","properties":{"layer":0},"geometry":{"type":"Point","coordinates":[-9.186472,38.702174]}},{"id":"1329","type":"Feature","properties":{"layer":0},"geometry":{"type":"Point","coordinates":[-9.148122,38.761775]}},{"id":"1330","type":"Feature","properties":{"layer":0},"geometry":{"type":"Point","coordinates":[-9.130407,38.754075]}},{"id":"1331","type":"Feature","properties":{"layer":0},"geometry":{"type":"Point","coordinates":[-9.157361,38.755192]}},{"id":"1332","type":"Feature","properties":{"layer":0},"geometry":{"type":"Point","coordinates":[-9.156441,38.747912]}},{"id":"1333","type":"Feature","properties":{"layer":0},"geometry":{"type":"Point","coordinates":[-9.219436,38.705323]}},{"id":"1334","type":"Feature","properties":{"layer":0},"geometry":{"type":"Point","coordinates":[-9.1721,38.75411]}},{"id":"1335","type":"Feature","properties":{"layer":0},"geometry":{"type":"Point","coordinates":[-9.160989,38.762646]}},{"id":"1336","type":"Feature","properties":{"layer":0},"geometry":{"type":"Point","coordinates":[-9.129292,38.764622]}},{"id":"1337","type":"Feature","properties":{"layer":0},"geometry":{"type":"Point","coordinates":[-9.169291,38.761742]}},{"id":"1338","type":"Feature","properties":{"layer":0},"geometry":{"type":"Point","coordinates":[-9.130022,38.754688]}},{"id":"1339","type":"Feature","properties":{"layer":0},"geometry":{"type":"Point","coordinates":[-9.176604,38.701956]}},{"id":"1340","type":"Feature","properties":{"layer":0},"geometry":{"type":"Point","coordinates":[-9.156507,38.737657]}},{"id":"1341","type":"Feature","properties":{"layer":0},"geometry":{"type":"Point","coordinates":[-9.142653,38.750501]}},{"id":"1342","type":"Feature","properties":{"layer":0},"geometry":{"type":"Point","coordinates":[-9.176036,38.717921]}},{"id":"1343","type":"Feature","properties":{"layer":0},"geometry":{"type":"Point","coordinates":[-9.172976,38.755958]}},{"id":"1344","type":"Feature","properties":{"layer":0},"geometry":{"type":"Point","coordinates":[-9.116516,38.744859]}},{"id":"1345","type":"Feature","properties":{"layer":0},"geometry":{"type":"Point","coordinates":[-9.159268,38.7366]}},{"id":"1346","type":"Feature","properties":{"layer":0},"geometry":{"type":"Point","coordinates":[-9.13495,38.726654]}},{"id":"1347","type":"Feature","properties":{"layer":0},"geometry":{"type":"Point","coordinates":[-9.17861,38.748377]}},{"id":"1348","type":"Feature","properties":{"layer":0},"geometry":{"type":"Point","coordinates":[-9.160141,38.735084]}},{"id":"1349","type":"Feature","properties":{"layer":0},"geometry":{"type":"Point","coordinates":[-9.20971,38.715306]}},{"id":"1350","type":"Feature","properties":{"layer":0},"geometry":{"type":"Point","coordinates":[-9.206433,38.748236]}},{"id":"1351","type":"Feature","properties":{"layer":0},"geometry":{"type":"Point","coordinates":[-9.105557,38.74038]}},{"id":"1352","type":"Feature","properties":{"layer":0},"geometry":{"type":"Point","coordinates":[-9.196244,38.750308]}},{"id":"1353","type":"Feature","properties":{"layer":0},"geometry":{"type":"Point","coordinates":[-9.162944,38.744842]}},{"id":"1354","type":"Feature","properties":{"layer":0},"geometry":{"type":"Point","coordinates":[-9.206119,38.7461]}},{"id":"1355","type":"Feature","properties":{"layer":0},"geometry":{"type":"Point","coordinates":[-9.140392,38.741668]}},{"id":"1356","type":"Feature","properties":{"layer":0},"geometry":{"type":"Point","coordinates":[-9.186278,38.765929]}},{"id":"1357","type":"Feature","properties":{"layer":0},"geometry":{"type":"Point","coordinates":[-9.195681,38.738805]}},{"id":"1358","type":"Feature","properties":{"layer":0},"geometry":{"type":"Point","coordinates":[-9.13449,38.732227]}},{"id":"1359","type":"Feature","properties":{"layer":0},"geometry":{"type":"Point","coordinates":[-9.128058,38.743275]}},{"id":"1360","type":"Feature","properties":{"layer":0},"geometry":{"type":"Point","coordinates":[-9.149056,38.710525]}},{"id":"1361","type":"Feature","properties":{"layer":0},"geometry":{"type":"Point","coordinates":[-9.140885,38.716665]}},{"id":"1362","type":"Feature","properties":{"layer":0},"geometry":{"type":"Point","coordinates":[-9.13728,38.76319]}},{"id":"1363","type":"Feature","properties":{"layer":0},"geometry":{"type":"Point","coordinates":[-9.135119,38.759176]}},{"id":"1364","type":"Feature","properties":{"layer":0},"geometry":{"type":"Point","coordinates":[-9.189786,38.753648]}},{"id":"1365","type":"Feature","properties":{"layer":0},"geometry":{"type":"Point","coordinates":[-9.178076,38.733883]}},{"id":"1366","type":"Feature","properties":{"layer":0},"geometry":{"type":"Point","coordinates":[-9.10175,38.768401]}},{"id":"1367","type":"Feature","properties":{"layer":0},"geometry":{"type":"Point","coordinates":[-9.147616,38.716291]}},{"id":"1368","type":"Feature","properties":{"layer":0},"geometry":{"type":"Point","coordinates":[-9.121686,38.764592]}},{"id":"1369","type":"Feature","properties":{"layer":0},"geometry":{"type":"Point","coordinates":[-9.18734,38.747401]}},{"id":"1370","type":"Feature","properties":{"layer":0},"geometry":{"type":"Point","coordinates":[-9.174413,38.706675]}},{"id":"1371","type":"Feature","properties":{"layer":0},"geometry":{"type":"Point","coordinates":[-9.19858,38.741405]}},{"id":"1372","type":"Feature","properties":{"layer":0},"geometry":{"type":"Point","coordinates":[-9.094646,38.774977]}},{"id":"1373","type":"Feature","properties":{"layer":0},"geometry":{"type":"Point","coordinates":[-9.106007,38.743193]}},{"id":"1374","type":"Feature","properties":{"layer":0},"geometry":{"type":"Point","coordinates":[-9.166758,38.761554]}},{"id":"1375","type":"Feature","properties":{"layer":0},"geometry":{"type":"Point","coordinates":[-9.098522,38.779694]}},{"id":"1376","type":"Feature","properties":{"layer":0},"geometry":{"type":"Point","coordinates":[-9.139795,38.785472]}},{"id":"1377","type":"Feature","properties":{"layer":0},"geometry":{"type":"Point","coordinates":[-9.167515,38.765894]}},{"id":"1378","type":"Feature","properties":{"layer":0},"geometry":{"type":"Point","coordinates":[-9.193161,38.715709]}},{"id":"1379","type":"Feature","properties":{"layer":0},"geometry":{"type":"Point","coordinates":[-9.138055,38.731966]}},{"id":"1380","type":"Feature","properties":{"layer":0},"geometry":{"type":"Point","coordinates":[-9.20059,38.714548]}},{"id":"1381","type":"Feature","properties":{"layer":0},"geometry":{"type":"Point","coordinates":[-9.175429,38.728797]}},{"id":"1382","type":"Feature","properties":{"layer":0},"geometry":{"type":"Point","coordinates":[-9.108733,38.751906]}},{"id":"1383","type":"Feature","properties":{"layer":0},"geometry":{"type":"Point","coordinates":[-9.159565,38.784007]}},{"id":"1384","type":"Feature","properties":{"layer":0},"geometry":{"type":"Point","coordinates":[-9.108303,38.750358]}},{"id":"1385","type":"Feature","properties":{"layer":0},"geometry":{"type":"Point","coordinates":[-9.09191,38.789452]}},{"id":"1386","type":"Feature","properties":{"layer":0},"geometry":{"type":"Point","coordinates":[-9.108773,38.748757]}},{"id":"1387","type":"Feature","properties":{"layer":0},"geometry":{"type":"Point","coordinates":[-9.16598,38.723299]}},{"id":"1388","type":"Feature","properties":{"layer":0},"geometry":{"type":"Point","coordinates":[-9.1563,38.708226]}},{"id":"1389","type":"Feature","properties":{"layer":0},"geometry":{"type":"Point","coordinates":[-9.14922,38.743496]}},{"id":"1390","type":"Feature","properties":{"layer":0},"geometry":{"type":"Point","coordinates":[-9.110352,38.777229]}},{"id":"1391","type":"Feature","properties":{"layer":0},"geometry":{"type":"Point","coordinates":[-9.135651,38.71564]}},{"id":"1392","type":"Feature","properties":{"layer":0},"geometry":{"type":"Point","coordinates":[-9.169705,38.719031]}},{"id":"1393","type":"Feature","properties":{"layer":0},"geometry":{"type":"Point","coordinates":[-9.165665,38.700821]}},{"id":"1394","type":"Feature","properties":{"layer":0},"geometry":{"type":"Point","coordinates":[-9.167971,38.747654]}},{"id":"1395","type":"Feature","properties":{"layer":0},"geometry":{"type":"Point","coordinates":[-9.091791,38.774557]}},{"id":"1396","type":"Feature","properties":{"layer":0},"geometry":{"type":"Point","coordinates":[-9.200468,38.730838]}},{"id":"1397","type":"Feature","properties":{"layer":0},"geometry":{"type":"Point","coordinates":[-9.113574,38.751672]}},{"id":"1398","type":"Feature","properties":{"layer":0},"geometry":{"type":"Point","coordinates":[-9.165944,38.73803]}},{"id":"1399","type":"Feature","properties":{"layer":0},"geometry":{"type":"Point","coordinates":[-9.20419,38.743504]}},{"id":"1400","type":"Feature","properties":{"layer":0},"geometry":{"type":"Point","coordinates":[-9.147373,38.716662]}},{"id":"1401","type":"Feature","properties":{"layer":0},"geometry":{"type":"Point","coordinates":[-9.192396,38.716083]}},{"id":"1402","type":"Feature","properties":{"layer":0},"geometry":{"type":"Point","coordinates":[-9.194922,38.768492]}},{"id":"1403","type":"Feature","properties":{"layer":0},"geometry":{"type":"Point","coordinates":[-9.131552,38.782825]}},{"id":"1404","type":"Feature","properties":{"layer":0},"geometry":{"type":"Point","coordinates":[-9.192935,38.770896]}},{"id":"1405","type":"Feature","properties":{"layer":0},"geometry":{"type":"Point","coordinates":[-9.16719,38.717218]}},{"id":"1406","type":"Feature","properties":{"layer":0},"geometry":{"type":"Point","coordinates":[-9.104958,38.774726]}},{"id":"1407","type":"Feature","properties":{"layer":0},"geometry":{"type":"Point","coordinates":[-9.137179,38.741958]}},{"id":"1408","type":"Feature","properties":{"layer":0},"geometry":{"type":"Point","coordinates":[-9.141223,38.719081]}},{"id":"1409","type":"Feature","properties":{"layer":0},"geometry":{"type":"Point","coordinates":[-9.160871,38.780133]}},{"id":"1410","type":"Feature","properties":{"layer":0},"geometry":{"type":"Point","coordinates":[-9.157961,38.750972]}},{"id":"1411","type":"Feature","properties":{"layer":0},"geometry":{"type":"Point","coordinates":[-9.187607,38.772122]}},{"id":"1412","type":"Feature","properties":{"layer":0},"geometry":{"type":"Point","coordinates":[-9.158802,38.740793]}},{"id":"1413","type":"Feature","properties":{"layer":0},"geometry":{"type":"Point","coordinates":[-9.177014,38.746929]}},{"id":"1414","type":"Feature","properties":{"layer":0},"geometry":{"type":"Point","coordinates":[-9.154773,38.731427]}},{"id":"1415","type":"Feature","properties":{"layer":0},"geometry":{"type":"Point","coordinates":[-9.190483,38.769154]}},{"id":"1416","type":"Feature","properties":{"layer":0},"geometry":{"type":"Point","coordinates":[-9.169793,38.710018]}},{"id":"1417","type":"Feature","properties":{"layer":0},"geometry":{"type":"Point","coordinates":[-9.141741,38.757309]}},{"id":"1418","type":"Feature","properties":{"layer":0},"geometry":{"type":"Point","coordinates":[-9.167173,38.721677]}},{"id":"1419","type":"Feature","properties":{"layer":0},"geometry":{"type":"Point","coordinates":[-9.144169,38.748957]}},{"id":"1420","type":"Feature","properties":{"layer":0},"geometry":{"type":"Point","coordinates":[-9.200682,38.74881]}},{"id":"1421","type":"Feature","properties":{"layer":0},"geometry":{"type":"Point","coordinates":[-9.167276,38.715389]}},{"id":"1422","type":"Feature","properties":{"layer":0},"geometry":{"type":"Point","coordinates":[-9.166915,38.760055]}},{"id":"1423","type":"Feature","properties":{"layer":0},"geometry":{"type":"Point","coordinates":[-9.215791,38.695646]}},{"id":"1424","type":"Feature","properties":{"layer":0},"geometry":{"type":"Point","coordinates":[-9.165146,38.772705]}},{"id":"1425","type":"Feature","properties":{"layer":0},"geometry":{"type":"Point","coordinates":[-9.186003,38.772605]}},{"id":"1426","type":"Feature","properties":{"layer":0},"geometry":{"type":"Point","coordinates":[-9.219166,38.701452]}},{"id":"1427","type":"Feature","properties":{"layer":0},"geometry":{"type":"Point","coordinates":[-9.145701,38.736441]}},{"id":"1428","type":"Feature","properties":{"layer":0},"geometry":{"type":"Point","coordinates":[-9.126531,38.743613]}},{"id":"1429","type":"Feature","properties":{"layer":0},"geometry":{"type":"Point","coordinates":[-9.177185,38.722101]}},{"id":"1430","type":"Feature","properties":{"layer":0},"geometry":{"type":"Point","coordinates":[-9.139464,38.721792]}},{"id":"1431","type":"Feature","properties":{"layer":0},"geometry":{"type":"Point","coordinates":[-9.167899,38.745962]}},{"id":"1432","type":"Feature","properties":{"layer":0},"geometry":{"type":"Point","coordinates":[-9.156232,38.769276]}},{"id":"1433","type":"Feature","properties":{"layer":0},"geometry":{"type":"Point","coordinates":[-9.161434,38.749245]}},{"id":"1434","type":"Feature","properties":{"layer":0},"geometry":{"type":"Point","coordinates":[-9.198414,38.712965]}},{"id":"1435","type":"Feature","properties":{"layer":0},"geometry":{"type":"Point","coordinates":[-9.202153,38.756728]}},{"id":"1436","type":"Feature","properties":{"layer":0},"geometry":{"type":"Point","coordinates":[-9.171975,38.747929]}},{"id":"1437","type":"Feature","properties":{"layer":0},"geometry":{"type":"Point","coordinates":[-9.210044,38.722467]}},{"id":"1438","type":"Feature","properties":{"layer":0},"geometry":{"type":"Point","coordinates":[-9.160722,38.714218]}},{"id":"1439","type":"Feature","properties":{"layer":0},"geometry":{"type":"Point","coordinates":[-9.12915,38.765433]}},{"id":"1440","type":"Feature","properties":{"layer":0},"geometry":{"type":"Point","coordinates":[-9.134255,38.739277]}},{"id":"1441","type":"Feature","properties":{"layer":0},"geometry":{"type":"Point","coordinates":[-9.116124,38.721961]}},{"id":"1442","type":"Feature","properties":{"layer":0},"geometry":{"type":"Point","coordinates":[-9.200665,38.748785]}},{"id":"1443","type":"Feature","properties":{"layer":0},"geometry":{"type":"Point","coordinates":[-9.138265,38.745683]}},{"id":"1444","type":"Feature","properties":{"layer":0},"geometry":{"type":"Point","coordinates":[-9.129335,38.74015]}},{"id":"1445","type":"Feature","properties":{"layer":0},"geometry":{"type":"Point","coordinates":[-9.162878,38.77239]}},{"id":"1446","type":"Feature","properties":{"layer":0},"geometry":{"type":"Point","coordinates":[-9.187936,38.77428]}},{"id":"1447","type":"Feature","properties":{"layer":0},"geometry":{"type":"Point","coordinates":[-9.168952,38.730629]}},{"id":"1448","type":"Feature","properties":{"layer":0},"geometry":{"type":"Point","coordinates":[-9.16118,38.758942]}},{"id":"1449","type":"Feature","properties":{"layer":0},"geometry":{"type":"Point","coordinates":[-9.153056,38.782277]}},{"id":"1450","type":"Feature","properties":{"layer":0},"geometry":{"type":"Point","coordinates":[-9.130947,38.774851]}},{"id":"1451","type":"Feature","properties":{"layer":0},"geometry":{"type":"Point","coordinates":[-9.138835,38.784366]}},{"id":"1452","type":"Feature","properties":{"layer":0},"geometry":{"type":"Point","coordinates":[-9.213496,38.69474]}},{"id":"1453","type":"Feature","properties":{"layer":0},"geometry":{"type":"Point","coordinates":[-9.094296,38.754587]}},{"id":"1454","type":"Feature","properties":{"layer":0},"geometry":{"type":"Point","coordinates":[-9.141484,38.731955]}},{"id":"1455","type":"Feature","properties":{"layer":0},"geometry":{"type":"Point","coordinates":[-9.156192,38.771281]}},{"id":"1456","type":"Feature","properties":{"layer":0},"geometry":{"type":"Point","coordinates":[-9.096401,38.76773]}},{"id":"1457","type":"Feature","properties":{"layer":0},"geometry":{"type":"Point","coordinates":[-9.12753,38.731723]}},{"id":"1458","type":"Feature","properties":{"layer":0},"geometry":{"type":"Point","coordinates":[-9.097729,38.74434]}},{"id":"1459","type":"Feature","properties":{"layer":0},"geometry":{"type":"Point","coordinates":[-9.128331,38.717906]}},{"id":"1460","type":"Feature","properties":{"layer":0},"geometry":{"type":"Point","coordinates":[-9.208317,38.696436]}},{"id":"1461","type":"Feature","properties":{"layer":0},"geometry":{"type":"Point","coordinates":[-9.159148,38.729052]}},{"id":"1462","type":"Feature","properties":{"layer":0},"geometry":{"type":"Point","coordinates":[-9.124635,38.719416]}},{"id":"1463","type":"Feature","properties":{"layer":0},"geometry":{"type":"Point","coordinates":[-9.100031,38.762861]}},{"id":"1464","type":"Feature","properties":{"layer":0},"geometry":{"type":"Point","coordinates":[-9.144311,38.74928]}},{"id":"1465","type":"Feature","properties":{"layer":0},"geometry":{"type":"Point","coordinates":[-9.156205,38.744539]}},{"id":"1466","type":"Feature","properties":{"layer":0},"geometry":{"type":"Point","coordinates":[-9.09964,38.786507]}},{"id":"1467","type":"Feature","properties":{"layer":0},"geometry":{"type":"Point","coordinates":[-9.203141,38.703865]}},{"id":"1468","type":"Feature","properties":{"layer":0},"geometry":{"type":"Point","coordinates":[-9.157421,38.714628]}},{"id":"1469","type":"Feature","properties":{"layer":0},"geometry":{"type":"Point","coordinates":[-9.11602,38.725544]}},{"id":"1470","type":"Feature","properties":{"layer":0},"geometry":{"type":"Point","coordinates":[-9.105602,38.77065]}},{"id":"1471","type":"Feature","properties":{"layer":0},"geometry":{"type":"Point","coordinates":[-9.148187,38.740101]}},{"id":"1472","type":"Feature","properties":{"layer":0},"geometry":{"type":"Point","coordinates":[-9.210763,38.71475]}},{"id":"1473","type":"Feature","properties":{"layer":0},"geometry":{"type":"Point","coordinates":[-9.209513,38.697687]}},{"id":"1474","type":"Feature","properties":{"layer":0},"geometry":{"type":"Point","coordinates":[-9.139177,38.740205]}},{"id":"1475","type":"Feature","properties":{"layer":0},"geometry":{"type":"Point","coordinates":[-9.153594,38.783921]}},{"id":"1476","type":"Feature","properties":{"layer":0},"geometry":{"type":"Point","coordinates":[-9.161785,38.724524]}},{"id":"1477","type":"Feature","properties":{"layer":0},"geometry":{"type":"Point","coordinates":[-9.14619,38.721609]}},{"id":"1478","type":"Feature","properties":{"layer":0},"geometry":{"type":"Point","coordinates":[-9.12629,38.77518]}},{"id":"1479","type":"Feature","properties":{"layer":0},"geometry":{"type":"Point","coordinates":[-9.164175,38.704885]}},{"id":"1480","type":"Feature","properties":{"layer":0},"geometry":{"type":"Point","coordinates":[-9.20762,38.750193]}},{"id":"1481","type":"Feature","properties":{"layer":0},"geometry":{"type":"Point","coordinates":[-9.176054,38.713478]}},{"id":"1482","type":"Feature","properties":{"layer":0},"geometry":{"type":"Point","coordinates":[-9.186372,38.720079]}},{"id":"1483","type":"Feature","properties":{"layer":0},"geometry":{"type":"Point","coordinates":[-9.106214,38.756826]}},{"id":"1484","type":"Feature","properties":{"layer":0},"geometry":{"type":"Point","coordinates":[-9.098434,38.772322]}},{"id":"1485","type":"Feature","properties":{"layer":0},"geometry":{"type":"Point","coordinates":[-9.135778,38.728066]}},{"id":"1486","type":"Feature","properties":{"layer":0},"geometry":{"type":"Point","coordinates":[-9.146894,38.708169]}},{"id":"1487","type":"Feature","properties":{"layer":0},"geometry":{"type":"Point","coordinates":[-9.205358,38.750274]}},{"id":"1488","type":"Feature","properties":{"layer":0},"geometry":{"type":"Point","coordinates":[-9.147566,38.769937]}},{"id":"1489","type":"Feature","properties":{"layer":0},"geometry":{"type":"Point","coordinates":[-9.122794,38.768539]}},{"id":"1490","type":"Feature","properties":{"layer":0},"geometry":{"type":"Point","coordinates":[-9.201295,38.724293]}},{"id":"1491","type":"Feature","properties":{"layer":0},"geometry":{"type":"Point","coordinates":[-9.114515,38.739833]}},{"id":"1492","type":"Feature","properties":{"layer":0},"geometry":{"type":"Point","coordinates":[-9.098507,38.769186]}},{"id":"1493","type":"Feature","properties":{"layer":0},"geometry":{"type":"Point","coordinates":[-9.199301,38.724821]}},{"id":"1494","type":"Feature","properties":{"layer":0},"geometry":{"type":"Point","coordinates":[-9.108612,38.744617]}},{"id":"1495","type":"Feature","properties":{"layer":0},"geometry":{"type":"Point","coordinates":[-9.22265,38.696423]}},{"id":"1496","type":"Feature","properties":{"layer":0},"geometry":{"type":"Point","coordinates":[-9.165593,38.725859]}},{"id":"1497","type":"Feature","properties":{"layer":0},"geometry":{"type":"Point","coordinates":[-9.140794,38.779085]}},{"id":"1498","type":"Feature","properties":{"layer":0},"geometry":{"type":"Point","coordinates":[-9.139689,38.738659]}},{"id":"1499","type":"Feature","properties":{"layer":0},"geometry":{"type":"Point","coordinates":[-9.112278,38.758595]}},{"id":"1500","type":"Feature","properties":{"layer":0},"geometry":{"type":"Point","coordinates":[-9.112064,38.760337]}},{"id":"1501","type":"Feature","properties":{"layer":0},"geometry":{"type":"Point","coordinates":[-9.153428,38.751033]}},{"id":"1502","type":"Feature","properties":{"layer":0},"geometry":{"type":"Point","coordinates":[-9.157653,38.736856]}},{"id":"1503","type":"Feature","properties":{"layer":0},"geometry":{"type":"Point","coordinates":[-9.101394,38.764135]}},{"id":"1504","type":"Feature","properties":{"layer":0},"geometry":{"type":"Point","coordinates":[-9.183478,38.746529]}},{"id":"1505","type":"Feature","properties":{"layer":0},"geometry":{"type":"Point","coordinates":[-9.181941,38.705478]}},{"id":"1506","type":"Feature","properties":{"layer":0},"geometry":{"type":"Point","coordinates":[-9.207183,38.754575]}},{"id":"1507","type":"Feature","properties":{"layer":0},"geometry":{"type":"Point","coordinates":[-9.181577,38.76653]}},{"id":"1508","type":"Feature","properties":{"layer":0},"geometry":{"type":"Point","coordinates":[-9.132506,38.717605]}},{"id":"1509","type":"Feature","properties":{"layer":0},"geometry":{"type":"Point","coordinates":[-9.093231,38.774761]}},{"id":"1510","type":"Feature","properties":{"layer":0},"geometry":{"type":"Point","coordinates":[-9.110346,38.7499]}},{"id":"1511","type":"Feature","properties":{"layer":0},"geometry":{"type":"Point","coordinates":[-9.124287,38.74611]}},{"id":"1512","type":"Feature","properties":{"layer":0},"geometry":{"type":"Point","coordinates":[-9.180549,38.736075]}},{"id":"1513","type":"Feature","properties":{"layer":0},"geometry":{"type":"Point","coordinates":[-9.108486,38.77071]}},{"id":"1514","type":"Feature","properties":{"layer":0},"geometry":{"type":"Point","coordinates":[-9.166126,38.761691]}},{"id":"1515","type":"Feature","properties":{"layer":0},"geometry":{"type":"Point","coordinates":[-9.142912,38.726733]}},{"id":"1516","type":"Feature","properties":{"layer":0},"geometry":{"type":"Point","coordinates":[-9.192797,38.749601]}},{"id":"1517","type":"Feature","properties":{"layer":0},"geometry":{"type":"Point","coordinates":[-9.182682,38.763344]}},{"id":"1518","type":"Feature","properties":{"layer":0},"geometry":{"type":"Point","coordinates":[-9.209743,38.705507]}},{"id":"1519","type":"Feature","properties":{"layer":0},"geometry":{"type":"Point","coordinates":[-9.123735,38.720424]}},{"id":"1520","type":"Feature","properties":{"layer":0},"geometry":{"type":"Point","coordinates":[-9.116095,38.749828]}},{"id":"1521","type":"Feature","properties":{"layer":0},"geometry":{"type":"Point","coordinates":[-9.188881,38.727056]}},{"id":"1522","type":"Feature","properties":{"layer":0},"geometry":{"type":"Point","coordinates":[-9.174605,38.724484]}},{"id":"1523","type":"Feature","properties":{"layer":0},"geometry":{"type":"Point","coordinates":[-9.14738,38.775921]}},{"id":"1524","type":"Feature","properties":{"layer":0},"geometry":{"type":"Point","coordinates":[-9.159697,38.740887]}},{"id":"1525","type":"Feature","properties":{"layer":0},"geometry":{"type":"Point","coordinates":[-9.13122,38.733801]}},{"id":"1526","type":"Feature","properties":{"layer":0},"geometry":{"type":"Point","coordinates":[-9.155833,38.748852]}},{"id":"1527","type":"Feature","properties":{"layer":0},"geometry":{"type":"Point","coordinates":[-9.182562,38.698899]}},{"id":"1528","type":"Feature","properties":{"layer":0},"geometry":{"type":"Point","coordinates":[-9.215959,38.696934]}},{"id":"1529","type":"Feature","properties":{"layer":0},"geometry":{"type":"Point","coordinates":[-9.169729,38.752282]}},{"id":"1530","type":"Feature","properties":{"layer":0},"geometry":{"type":"Point","coordinates":[-9.179274,38.7661]}},{"id":"1531","type":"Feature","properties":{"layer":0},"geometry":{"type":"Point","coordinates":[-9.165392,38.774111]}},{"id":"1532","type":"Feature","properties":{"layer":0},"geometry":{"type":"Point","coordinates":[-9.207544,38.752602]}},{"id":"1533","type":"Feature","properties":{"layer":0},"geometry":{"type":"Point","coordinates":[-9.129823,38.720172]}},{"id":"1534","type":"Feature","properties":{"layer":0},"geometry":{"type":"Point","coordinates":[-9.099194,38.789935]}},{"id":"1535","type":"Feature","properties":{"layer":0},"geometry":{"type":"Point","coordinates":[-9.177472,38.709734]}},{"id":"1536","type":"Feature","properties":{"layer":0},"geometry":{"type":"Point","coordinates":[-9.146799,38.713924]}},{"id":"1537","type":"Feature","properties":{"layer":0},"geometry":{"type":"Point","coordinates":[-9.118851,38.729068]}},{"id":"1538","type":"Feature","properties":{"layer":0},"geometry":{"type":"Point","coordinates":[-9.158748,38.784882]}},{"id":"1539","type":"Feature","properties":{"layer":0},"geometry":{"type":"Point","coordinates":[-9.164471,38.772076]}},{"id":"1540","type":"Feature","properties":{"layer":0},"geometry":{"type":"Point","coordinates":[-9.200836,38.745068]}},{"id":"1541","type":"Feature","properties":{"layer":0},"geometry":{"type":"Point","coordinates":[-9.15186,38.728774]}},{"id":"1542","type":"Feature","properties":{"layer":0},"geometry":{"type":"Point","coordinates":[-9.153316,38.723191]}},{"id":"1543","type":"Feature","properties":{"layer":0},"geometry":{"type":"Point","coordinates":[-9.109714,38.749936]}},{"id":"1544","type":"Feature","properties":{"layer":0},"geometry":{"type":"Point","coordinates":[-9.173982,38.706477]}},{"id":"1545","type":"Feature","properties":{"layer":0},"geometry":{"type":"Point","coordinates":[-9.092001,38.767558]}},{"id":"1546","type":"Feature","properties":{"layer":0},"geometry":{"type":"Point","coordinates":[-9.165151,38.745612]}},{"id":"1547","type":"Feature","properties":{"layer":0},"geometry":{"type":"Point","coordinates":[-9.216824,38.715287]}},{"id":"1548","type":"Feature","properties":{"layer":0},"geometry":{"type":"Point","coordinates":[-9.129477,38.710702]}},{"id":"1549","type":"Feature","properties":{"layer":0},"geometry":{"type":"Point","coordinates":[-9.203186,38.699511]}},{"id":"1550","type":"Feature","properties":{"layer":0},"geometry":{"type":"Point","coordinates":[-9.179551,38.752953]}},{"id":"1551","type":"Feature","properties":{"layer":0},"geometry":{"type":"Point","coordinates":[-9.127196,38.755741]}},{"id":"1552","type":"Feature","properties":{"layer":0},"geometry":{"type":"Point","coordinates":[-9.169365,38.772685]}},{"id":"1553","type":"Feature","properties":{"layer":0},"geometry":{"type":"Point","coordinates":[-9.185801,38.712408]}},{"id":"1554","type":"Feature","properties":{"layer":0},"geometry":{"type":"Point","coordinates":[-9.170066,38.760814]}},{"id":"1555","type":"Feature","properties":{"layer":0},"geometry":{"type":"Point","coordinates":[-9.202368,38.716507]}},{"id":"1556","type":"Feature","properties":{"layer":0},"geometry":{"type":"Point","coordinates":[-9.144919,38.713804]}},{"id":"1557","type":"Feature","properties":{"layer":0},"geometry":{"type":"Point","coordinates":[-9.126094,38.767211]}},{"id":"1558","type":"Feature","properties":{"layer":0},"geometry":{"type":"Point","coordinates":[-9.155083,38.770161]}},{"id":"1559","type":"Feature","properties":{"layer":0},"geometry":{"type":"Point","coordinates":[-9.098582,38.788614]}},{"id":"1560","type":"Feature","properties":{"layer":0},"geometry":{"type":"Point","coordinates":[-9.216229,38.717617]}},{"id":"1561","type":"Feature","properties":{"layer":0},"geometry":{"type":"Point","coordinates":[-9.10842,38.759701]}},{"id":"1562","type":"Feature","properties":{"layer":0},"geometry":{"type":"Point","coordinates":[-9.225449,38.695878]}},{"id":"1563","type":"Feature","properties":{"layer":0},"geometry":{"type":"Point","coordinates":[-9.160329,38.711045]}},{"id":"1564","type":"Feature","properties":{"layer":0},"geometry":{"type":"Point","coordinates":[-9.159491,38.775634]}},{"id":"1565","type":"Feature","properties":{"layer":0},"geometry":{"type":"Point","coordinates":[-9.1412,38.735252]}},{"id":"1566","type":"Feature","properties":{"layer":0},"geometry":{"type":"Point","coordinates":[-9.166501,38.723103]}},{"id":"1567","type":"Feature","properties":{"layer":0},"geometry":{"type":"Point","coordinates":[-9.190153,38.696341]}},{"id":"1568","type":"Feature","properties":{"layer":0},"geometry":{"type":"Point","coordinates":[-9.123275,38.762712]}},{"id":"1569","type":"Feature","properties":{"layer":0},"geometry":{"type":"Point","coordinates":[-9.154995,38.782637]}},{"id":"1570","type":"Feature","properties":{"layer":0},"geometry":{"type":"Point","coordinates":[-9.15631,38.77454]}},{"id":"1571","type":"Feature","properties":{"layer":0},"geometry":{"type":"Point","coordinates":[-9.115539,38.767292]}},{"id":"1572","type":"Feature","properties":{"layer":0},"geometry":{"type":"Point","coordinates":[-9.118561,38.781698]}},{"id":"1573","type":"Feature","properties":{"layer":0},"geometry":{"type":"Point","coordinates":[-9.172991,38.702256]}},{"id":"1574","type":"Feature","properties":{"layer":0},"geometry":{"type":"Point","coordinates":[-9.126784,38.770145]}},{"id":"1575","type":"Feature","properties":{"layer":0},"geometry":{"type":"Point","coordinates":[-9.22136,38.698393]}},{"id":"1576","type":"Feature","properties":{"layer":0},"geometry":{"type":"Point","coordinates":[-9.200893,38.70617]}},{"id":"1577","type":"Feature","properties":{"layer":0},"geometry":{"type":"Point","coordinates":[-9.165518,38.765083]}},{"id":"1578","type":"Feature","properties":{"layer":0},"geometry":{"type":"Point","coordinates":[-9.129148,38.738345]}},{"id":"1579","type":"Feature","properties":{"layer":0},"geometry":{"type":"Point","coordinates":[-9.145404,38.737377]}},{"id":"1580","type":"Feature","properties":{"layer":0},"geometry":{"type":"Point","coordinates":[-9.139606,38.722243]}},{"id":"1581","type":"Feature","properties":{"layer":0},"geometry":{"type":"Point","coordinates":[-9.138206,38.737564]}},{"id":"1582","type":"Feature","properties":{"layer":0},"geometry":{"type":"Point","coordinates":[-9.181108,38.702677]}},{"id":"1583","type":"Feature","properties":{"layer":0},"geometry":{"type":"Point","coordinates":[-9.191461,38.711989]}},{"id":"1584","type":"Feature","properties":{"layer":0},"geometry":{"type":"Point","coordinates":[-9.18399,38.70775]}},{"id":"1585","type":"Feature","properties":{"layer":0},"geometry":{"type":"Point","coordinates":[-9.160147,38.781335]}},{"id":"1586","type":"Feature","properties":{"layer":0},"geometry":{"type":"Point","coordinates":[-9.14368,38.745947]}},{"id":"1587","type":"Feature","properties":{"layer":0},"geometry":{"type":"Point","coordinates":[-9.105526,38.772955]}},{"id":"1588","type":"Feature","properties":{"layer":0},"geometry":{"type":"Point","coordinates":[-9.119722,38.781382]}},{"id":"1589","type":"Feature","properties":{"layer":0},"geometry":{"type":"Point","coordinates":[-9.201958,38.698516]}},{"id":"1590","type":"Feature","properties":{"layer":0},"geometry":{"type":"Point","coordinates":[-9.210202,38.709616]}},{"id":"1591","type":"Feature","properties":{"layer":0},"geometry":{"type":"Point","coordinates":[-9.196634,38.76522]}},{"id":"1592","type":"Feature","properties":{"layer":0},"geometry":{"type":"Point","coordinates":[-9.116236,38.747511]}},{"id":"1593","type":"Feature","properties":{"layer":0},"geometry":{"type":"Point","coordinates":[-9.148039,38.74686]}},{"id":"1594","type":"Feature","properties":{"layer":0},"geometry":{"type":"Point","coordinates":[-9.150116,38.715845]}},{"id":"1595","type":"Feature","properties":{"layer":0},"geometry":{"type":"Point","coordinates":[-9.118183,38.75661]}},{"id":"1596","type":"Feature","properties":{"layer":0},"geometry":{"type":"Point","coordinates":[-9.138586,38.743371]}},{"id":"1597","type":"Feature","properties":{"layer":0},"geometry":{"type":"Point","coordinates":[-9.134779,38.74664]}},{"id":"1598","type":"Feature","properties":{"layer":0},"geometry":{"type":"Point","coordinates":[-9.153656,38.769127]}},{"id":"1599","type":"Feature","properties":{"layer":0},"geometry":{"type":"Point","coordinates":[-9.159137,38.72374]}},{"id":"1600","type":"Feature","properties":{"layer":0},"geometry":{"type":"Point","coordinates":[-9.124322,38.763324]}},{"id":"1601","type":"Feature","properties":{"layer":0},"geometry":{"type":"Point","coordinates":[-9.145451,38.723565]}},{"id":"1602","type":"Feature","properties":{"layer":0},"geometry":{"type":"Point","coordinates":[-9.174021,38.702942]}},{"id":"1603","type":"Feature","properties":{"layer":0},"geometry":{"type":"Point","coordinates":[-9.181912,38.764207]}},{"id":"1604","type":"Feature","properties":{"layer":0},"geometry":{"type":"Point","coordinates":[-9.136144,38.76326]}},{"id":"1605","type":"Feature","properties":{"layer":0},"geometry":{"type":"Point","coordinates":[-9.149643,38.76135]}},{"id":"1606","type":"Feature","properties":{"layer":0},"geometry":{"type":"Point","coordinates":[-9.192066,38.76919]}},{"id":"1607","type":"Feature","properties":{"layer":0},"geometry":{"type":"Point","coordinates":[-9.120156,38.738512]}},{"id":"1608","type":"Feature","properties":{"layer":0},"geometry":{"type":"Point","coordinates":[-9.186481,38.739247]}},{"id":"1609","type":"Feature","properties":{"layer":0},"geometry":{"type":"Point","coordinates":[-9.201638,38.706195]}},{"id":"1610","type":"Feature","properties":{"layer":0},"geometry":{"type":"Point","coordinates":[-9.135005,38.729622]}},{"id":"1611","type":"Feature","properties":{"layer":0},"geometry":{"type":"Point","coordinates":[-9.176997,38.774965]}},{"id":"1612","type":"Feature","properties":{"layer":0},"geometry":{"type":"Point","coordinates":[-9.134884,38.717575]}},{"id":"1613","type":"Feature","properties":{"layer":0},"geometry":{"type":"Point","coordinates":[-9.15396,38.705936]}},{"id":"1614","type":"Feature","properties":{"layer":0},"geometry":{"type":"Point","coordinates":[-9.135784,38.740747]}},{"id":"1615","type":"Feature","properties":{"layer":0},"geometry":{"type":"Point","coordinates":[-9.148147,38.729291]}},{"id":"1616","type":"Feature","properties":{"layer":0},"geometry":{"type":"Point","coordinates":[-9.14247,38.731421]}},{"id":"1617","type":"Feature","properties":{"layer":0},"geometry":{"type":"Point","coordinates":[-9.159249,38.714021]}},{"id":"1618","type":"Feature","properties":{"layer":0},"geometry":{"type":"Point","coordinates":[-9.22816,38.694494]}},{"id":"1619","type":"Feature","properties":{"layer":0},"geometry":{"type":"Point","coordinates":[-9.115532,38.724597]}},{"id":"1620","type":"Feature","properties":{"layer":0},"geometry":{"type":"Point","coordinates":[-9.167736,38.753832]}},{"id":"1621","type":"Feature","properties":{"layer":0},"geometry":{"type":"Point","coordinates":[-9.198984,38.707071]}},{"id":"1622","type":"Feature","properties":{"layer":0},"geometry":{"type":"Point","coordinates":[-9.18136,38.737831]}},{"id":"1623","type":"Feature","properties":{"layer":0},"geometry":{"type":"Point","coordinates":[-9.108897,38.762952]}},{"id":"1624","type":"Feature","properties":{"layer":0},"geometry":{"type":"Point","coordinates":[-9.17163,38.713062]}},{"id":"1625","type":"Feature","properties":{"layer":0},"geometry":{"type":"Point","coordinates":[-9.19715,38.721135]}},{"id":"1626","type":"Feature","properties":{"layer":0},"geometry":{"type":"Point","coordinates":[-9.169172,38.780354]}},{"id":"1627","type":"Feature","properties":{"layer":0},"geometry":{"type":"Point","coordinates":[-9.095261,38.762873]}},{"id":"1628","type":"Feature","properties":{"layer":0},"geometry":{"type":"Point","coordinates":[-9.180048,38.755691]}},{"id":"1629","type":"Feature","properties":{"layer":0},"geometry":{"type":"Point","coordinates":[-9.11461,38.774144]}},{"id":"1630","type":"Feature","properties":{"layer":0},"geometry":{"type":"Point","coordinates":[-9.148901,38.718313]}},{"id":"1631","type":"Feature","properties":{"layer":0},"geometry":{"type":"Point","coordinates":[-9.114888,38.773383]}},{"id":"1632","type":"Feature","properties":{"layer":0},"geometry":{"type":"Point","coordinates":[-9.16576,38.778888]}},{"id":"1633","type":"Feature","properties":{"layer":0},"geometry":{"type":"Point","coordinates":[-9.132033,38.734518]}},{"id":"1634","type":"Feature","properties":{"layer":0},"geometry":{"type":"Point","coordinates":[-9.16085,38.739173]}},{"id":"1635","type":"Feature","properties":{"layer":0},"geometry":{"type":"Point","coordinates":[-9.181493,38.768599]}},{"id":"1636","type":"Feature","properties":{"layer":0},"geometry":{"type":"Point","coordinates":[-9.14503,38.717665]}},{"id":"1637","type":"Feature","properties":{"layer":0},"geometry":{"type":"Point","coordinates":[-9.128973,38.712828]}},{"id":"1638","type":"Feature","properties":{"layer":0},"geometry":{"type":"Point","coordinates":[-9.149199,38.737842]}},{"id":"1639","type":"Feature","properties":{"layer":0},"geometry":{"type":"Point","coordinates":[-9.159943,38.724833]}},{"id":"1640","type":"Feature","properties":{"layer":0},"geometry":{"type":"Point","coordinates":[-9.18493,38.711986]}},{"id":"1641","type":"Feature","properties":{"layer":0},"geometry":{"type":"Point","coordinates":[-9.151907,38.780119]}},{"id":"1642","type":"Feature","properties":{"layer":0},"geometry":{"type":"Point","coordinates":[-9.179823,38.763357]}},{"id":"1643","type":"Feature","properties":{"layer":0},"geometry":{"type":"Point","coordinates":[-9.167134,38.702554]}},{"id":"1644","type":"Feature","properties":{"layer":0},"geometry":{"type":"Point","coordinates":[-9.132223,38.762178]}},{"id":"1645","type":"Feature","properties":{"layer":0},"geometry":{"type":"Point","coordinates":[-9.183845,38.760389]}},{"id":"1646","type":"Feature","properties":{"layer":0},"geometry":{"type":"Point","coordinates":[-9.17255,38.703377]}},{"id":"1647","type":"Feature","properties":{"layer":0},"geometry":{"type":"Point","coordinates":[-9.104075,38.746322]}},{"id":"1648","type":"Feature","properties":{"layer":0},"geometry":{"type":"Point","coordinates":[-9.179077,38.740403]}},{"id":"1649","type":"Feature","properties":{"layer":0},"geometry":{"type":"Point","coordinates":[-9.17745,38.735215]}},{"id":"1650","type":"Feature","properties":{"layer":0},"geometry":{"type":"Point","coordinates":[-9.111527,38.747225]}},{"id":"1651","type":"Feature","properties":{"layer":0},"geometry":{"type":"Point","coordinates":[-9.159997,38.777947]}},{"id":"1652","type":"Feature","properties":{"layer":0},"geometry":{"type":"Point","coordinates":[-9.129501,38.772634]}},{"id":"1653","type":"Feature","properties":{"layer":0},"geometry":{"type":"Point","coordinates":[-9.128968,38.727059]}},{"id":"1654","type":"Feature","properties":{"layer":0},"geometry":{"type":"Point","coordinates":[-9.184314,38.746697]}},{"id":"1655","type":"Feature","properties":{"layer":0},"geometry":{"type":"Point","coordinates":[-9.197021,38.756048]}},{"id":"1656","type":"Feature","properties":{"layer":0},"geometry":{"type":"Point","coordinates":[-9.195332,38.704418]}},{"id":"1657","type":"Feature","properties":{"layer":0},"geometry":{"type":"Point","coordinates":[-9.154209,38.772121]}},{"id":"1658","type":"Feature","properties":{"layer":0},"geometry":{"type":"Point","coordinates":[-9.178656,38.747798]}},{"id":"1659","type":"Feature","properties":{"layer":0},"geometry":{"type":"Point","coordinates":[-9.199289,38.728283]}},{"id":"1660","type":"Feature","properties":{"layer":0},"geometry":{"type":"Point","coordinates":[-9.134417,38.753416]}},{"id":"1661","type":"Feature","properties":{"layer":0},"geometry":{"type":"Point","coordinates":[-9.155181,38.728531]}},{"id":"1662","type":"Feature","properties":{"layer":0},"geometry":{"type":"Point","coordinates":[-9.168869,38.702263]}},{"id":"1663","type":"Feature","properties":{"layer":0},"geometry":{"type":"Point","coordinates":[-9.181842,38.727893]}},{"id":"1664","type":"Feature","properties":{"layer":0},"geometry":{"type":"Point","coordinates":[-9.151082,38.786345]}},{"id":"1665","type":"Feature","properties":{"layer":0},"geometry":{"type":"Point","coordinates":[-9.142113,38.781876]}},{"id":"1666","type":"Feature","properties":{"layer":0},"geometry":{"type":"Point","coordinates":[-9.154177,38.7474]}},{"id":"1667","type":"Feature","properties":{"layer":0},"geometry":{"type":"Point","coordinates":[-9.155946,38.710078]}},{"id":"1668","type":"Feature","properties":{"layer":0},"geometry":{"type":"Point","coordinates":[-9.15301,38.717973]}},{"id":"1669","type":"Feature","properties":{"layer":0},"geometry":{"type":"Point","coordinates":[-9.189898,38.726333]}},{"id":"1670","type":"Feature","properties":{"layer":0},"geometry":{"type":"Point","coordinates":[-9.10613,38.766953]}},{"id":"1671","type":"Feature","properties":{"layer":0},"geometry":{"type":"Point","coordinates":[-9.108472,38.770785]}},{"id":"1672","type":"Feature","properties":{"layer":0},"geometry":{"type":"Point","coordinates":[-9.096463,38.755423]}},{"id":"1673","type":"Feature","properties":{"layer":0},"geometry":{"type":"Point","coordinates":[-9.107327,38.763913]}},{"id":"1674","type":"Feature","properties":{"layer":0},"geometry":{"type":"Point","coordinates":[-9.149539,38.735959]}},{"id":"1675","type":"Feature","properties":{"layer":0},"geometry":{"type":"Point","coordinates":[-9.180027,38.76286]}},{"id":"1676","type":"Feature","properties":{"layer":0},"geometry":{"type":"Point","coordinates":[-9.109536,38.770798]}},{"id":"1677","type":"Feature","properties":{"layer":0},"geometry":{"type":"Point","coordinates":[-9.178076,38.746308]}},{"id":"1678","type":"Feature","properties":{"layer":0},"geometry":{"type":"Point","coordinates":[-9.097277,38.764397]}},{"id":"1679","type":"Feature","properties":{"layer":0},"geometry":{"type":"Point","coordinates":[-9.171327,38.725216]}},{"id":"1680","type":"Feature","properties":{"layer":0},"geometry":{"type":"Point","coordinates":[-9.121152,38.770226]}},{"id":"1681","type":"Feature","properties":{"layer":0},"geometry":{"type":"Point","coordinates":[-9.150042,38.719122]}},{"id":"1682","type":"Feature","properties":{"layer":0},"geometry":{"type":"Point","coordinates":[-9.191837,38.711785]}},{"id":"1683","type":"Feature","properties":{"layer":0},"geometry":{"type":"Point","coordinates":[-9.199633,38.73365]}},{"id":"1684","type":"Feature","properties":{"layer":0},"geometry":{"type":"Point","coordinates":[-9.15817,38.707915]}},{"id":"1685","type":"Feature","properties":{"layer":0},"geometry":{"type":"Point","coordinates":[-9.118209,38.721682]}},{"id":"1686","type":"Feature","properties":{"layer":0},"geometry":{"type":"Point","coordinates":[-9.178614,38.752661]}},{"id":"1687","type":"Feature","properties":{"layer":0},"geometry":{"type":"Point","coordinates":[-9.191238,38.742192]}},{"id":"1688","type":"Feature","properties":{"layer":0},"geometry":{"type":"Point","coordinates":[-9.183106,38.750244]}},{"id":"1689","type":"Feature","properties":{"layer":0},"geometry":{"type":"Point","coordinates":[-9.161212,38.703744]}},{"id":"1690","type":"Feature","properties":{"layer":0},"geometry":{"type":"Point","coordinates":[-9.218551,38.716943]}},{"id":"1691","type":"Feature","properties":{"layer":0},"geometry":{"type":"Point","coordinates":[-9.16987,38.730848]}},{"id":"1692","type":"Feature","properties":{"layer":0},"geometry":{"type":"Point","coordinates":[-9.090847,38.782211]}},{"id":"1693","type":"Feature","properties":{"layer":0},"geometry":{"type":"Point","coordinates":[-9.155987,38.737852]}},{"id":"1694","type":"Feature","properties":{"layer":0},"geometry":{"type":"Point","coordinates":[-9.121163,38.758727]}},{"id":"1695","type":"Feature","properties":{"layer":0},"geometry":{"type":"Point","coordinates":[-9.15536,38.77618]}},{"id":"1696","type":"Feature","properties":{"layer":0},"geometry":{"type":"Point","coordinates":[-9.140517,38.77748]}},{"id":"1697","type":"Feature","properties":{"layer":0},"geometry":{"type":"Point","coordinates":[-9.188942,38.696528]}},{"id":"1698","type":"Feature","properties":{"layer":0},"geometry":{"type":"Point","coordinates":[-9.166509,38.726726]}},{"id":"1699","type":"Feature","properties":{"layer":0},"geometry":{"type":"Point","coordinates":[-9.152151,38.720727]}},{"id":"1700","type":"Feature","properties":{"layer":0},"geometry":{"type":"Point","coordinates":[-9.188933,38.747918]}},{"id":"1701","type":"Feature","properties":{"layer":0},"geometry":{"type":"Point","coordinates":[-9.124181,38.779265]}},{"id":"1702","type":"Feature","properties":{"layer":0},"geometry":{"type":"Point","coordinates":[-9.151291,38.716433]}},{"id":"1703","type":"Feature","properties":{"layer":0},"geometry":{"type":"Point","coordinates":[-9.2264,38.699773]}},{"id":"1704","type":"Feature","properties":{"layer":0},"geometry":{"type":"Point","coordinates":[-9.138816,38.715074]}},{"id":"1705","type":"Feature","properties":{"layer":0},"geometry":{"type":"Point","coordinates":[-9.189163,38.706375]}},{"id":"1706","type":"Feature","properties":{"layer":0},"geometry":{"type":"Point","coordinates":[-9.201034,38.73663]}},{"id":"1707","type":"Feature","properties":{"layer":0},"geometry":{"type":"Point","coordinates":[-9.198626,38.699713]}},{"id":"1708","type":"Feature","properties":{"layer":0},"geometry":{"type":"Point","coordinates":[-9.100156,38.790919]}},{"id":"1709","type":"Feature","properties":{"layer":0},"geometry":{"type":"Point","coordinates":[-9.15959,38.71052]}},{"id":"1710","type":"Feature","properties":{"layer":0},"geometry":{"type":"Point","coordinates":[-9.163214,38.7343]}},{"id":"1711","type":"Feature","properties":{"layer":0},"geometry":{"type":"Point","coordinates":[-9.155556,38.7204]}},{"id":"1712","type":"Feature","properties":{"layer":0},"geometry":{"type":"Point","coordinates":[-9.116811,38.747847]}},{"id":"1713","type":"Feature","properties":{"layer":0},"geometry":{"type":"Point","coordinates":[-9.162633,38.781948]}},{"id":"1714","type":"Feature","properties":{"layer":0},"geometry":{"type":"Point","coordinates":[-9.116395,38.724015]}},{"id":"1715","type":"Feature","properties":{"layer":0},"geometry":{"type":"Point","coordinates":[-9.100111,38.743943]}},{"id":"1716","type":"Feature","properties":{"layer":0},"geometry":{"type":"Point","coordinates":[-9.118336,38.765223]}},{"id":"1717","type":"Feature","properties":{"layer":0},"geometry":{"type":"Point","coordinates":[-9.15949,38.752302]}},{"id":"1718","type":"Feature","properties":{"layer":0},"geometry":{"type":"Point","coordinates":[-9.123418,38.773285]}},{"id":"1719","type":"Feature","properties":{"layer":0},"geometry":{"type":"Point","coordinates":[-9.174476,38.763933]}},{"id":"1720","type":"Feature","properties":{"layer":0},"geometry":{"type":"Point","coordinates":[-9.143099,38.734676]}},{"id":"1721","type":"Feature","properties":{"layer":0},"geometry":{"type":"Point","coordinates":[-9.179591,38.743195]}},{"id":"1722","type":"Feature","properties":{"layer":0},"geometry":{"type":"Point","coordinates":[-9.113363,38.772672]}},{"id":"1723","type":"Feature","properties":{"layer":0},"geometry":{"type":"Point","coordinates":[-9.151694,38.738387]}},{"id":"1724","type":"Feature","properties":{"layer":0},"geometry":{"type":"Point","coordinates":[-9.119969,38.715997]}},{"id":"1725","type":"Feature","properties":{"layer":0},"geometry":{"type":"Point","coordinates":[-9.18292,38.701069]}},{"id":"1726","type":"Feature","properties":{"layer":0},"geometry":{"type":"Point","coordinates":[-9.157641,38.757353]}},{"id":"1727","type":"Feature","properties":{"layer":0},"geometry":{"type":"Point","coordinates":[-9.164933,38.779741]}},{"id":"1728","type":"Feature","properties":{"layer":0},"geometry":{"type":"Point","coordinates":[-9.192673,38.768522]}},{"id":"1729","type":"Feature","properties":{"layer":0},"geometry":{"type":"Point","coordinates":[-9.152171,38.788562]}},{"id":"1730","type":"Feature","properties":{"layer":0},"geometry":{"type":"Point","coordinates":[-9.136082,38.741206]}},{"id":"1731","type":"Feature","properties":{"layer":0},"geometry":{"type":"Point","coordinates":[-9.202716,38.716808]}},{"id":"1732","type":"Feature","properties":{"layer":0},"geometry":{"type":"Point","coordinates":[-9.098254,38.766808]}},{"id":"1733","type":"Feature","properties":{"layer":0},"geometry":{"type":"Point","coordinates":[-9.13336,38.72237]}},{"id":"1734","type":"Feature","properties":{"layer":0},"geometry":{"type":"Point","coordinates":[-9.220771,38.696504]}},{"id":"1735","type":"Feature","properties":{"layer":0},"geometry":{"type":"Point","coordinates":[-9.164782,38.767498]}},{"id":"1736","type":"Feature","properties":{"layer":0},"geometry":{"type":"Point","coordinates":[-9.146467,38.766351]}},{"id":"1737","type":"Feature","properties":{"layer":0},"geometry":{"type":"Point","coordinates":[-9.148138,38.723367]}},{"id":"1738","type":"Feature","properties":{"layer":0},"geometry":{"type":"Point","coordinates":[-9.187823,38.767233]}},{"id":"1739","type":"Feature","properties":{"layer":0},"geometry":{"type":"Point","coordinates":[-9.129379,38.728263]}},{"id":"1740","type":"Feature","properties":{"layer":0},"geometry":{"type":"Point","coordinates":[-9.186815,38.755904]}},{"id":"1741","type":"Feature","properties":{"layer":0},"geometry":{"type":"Point","coordinates":[-9.094104,38.783271]}},{"id":"1742","type":"Feature","properties":{"layer":0},"geometry":{"type":"Point","coordinates":[-9.183745,38.703677]}},{"id":"1743","type":"Feature","properties":{"layer":0},"geometry":{"type":"Point","coordinates":[-9.165738,38.706479]}},{"id":"1744","type":"Feature","properties":{"layer":0},"geometry":{"type":"Point","coordinates":[-9.205466,38.734683]}},{"id":"1745","type":"Feature","properties":{"layer":0},"geometry":{"type":"Point","coordinates":[-9.208383,38.718068]}},{"id":"1746","type":"Feature","properties":{"layer":0},"geometry":{"type":"Point","coordinates":[-9.205668,38.709017]}},{"id":"1747","type":"Feature","properties":{"layer":0},"geometry":{"type":"Point","coordinates":[-9.144239,38.753772]}},{"id":"1748","type":"Feature","properties":{"layer":0},"geometry":{"type":"Point","coordinates":[-9.198456,38.708584]}},{"id":"1749","type":"Feature","properties":{"layer":0},"geometry":{"type":"Point","coordinates":[-9.220784,38.696967]}},{"id":"1750","type":"Feature","properties":{"layer":0},"geometry":{"type":"Point","coordinates":[-9.132346,38.72485]}},{"id":"1751","type":"Feature","properties":{"layer":0},"geometry":{"type":"Point","coordinates":[-9.192573,38.737398]}},{"id":"1752","type":"Feature","properties":{"layer":0},"geometry":{"type":"Point","coordinates":[-9.184393,38.755003]}},{"id":"1753","type":"Feature","properties":{"layer":0},"geometry":{"type":"Point","coordinates":[-9.124298,38.769561]}},{"id":"1754","type":"Feature","properties":{"layer":0},"geometry":{"type":"Point","coordinates":[-9.137522,38.731057]}},{"id":"1755","type":"Feature","properties":{"layer":0},"geometry":{"type":"Point","coordinates":[-9.090731,38.790063]}},{"id":"1756","type":"Feature","properties":{"layer":0},"geometry":{"type":"Point","coordinates":[-9.173946,38.725939]}},{"id":"1757","type":"Feature","properties":{"layer":0},"geometry":{"type":"Point","coordinates":[-9.136637,38.74252]}},{"id":"1758","type":"Feature","properties":{"layer":0},"geometry":{"type":"Point","coordinates":[-9.130346,38.748425]}},{"id":"1759","type":"Feature","properties":{"layer":0},"geometry":{"type":"Point","coordinates":[-9.150648,38.725786]}},{"id":"1760","type":"Feature","properties":{"layer":0},"geometry":{"type":"Point","coordinates":[-9.153339,38.708943]}},{"id":"1761","type":"Feature","properties":{"layer":0},"geometry":{"type":"Point","coordinates":[-9.121838,38.770901]}},{"id":"1762","type":"Feature","properties":{"layer":0},"geometry":{"type":"Point","coordinates":[-9.201108,38.743721]}},{"id":"1763","type":"Feature","properties":{"layer":0},"geometry":{"type":"Point","coordinates":[-9.156231,38.732057]}},{"id":"1764","type":"Feature","properties":{"layer":0},"geometry":{"type":"Point","coordinates":[-9.189531,38.711297]}},{"id":"1765","type":"Feature","properties":{"layer":0},"geometry":{"type":"Point","coordinates":[-9.205509,38.73696]}},{"id":"1766","type":"Feature","properties":{"layer":0},"geometry":{"type":"Point","coordinates":[-9.148073,38.70552]}},{"id":"1767","type":"Feature","properties":{"layer":0},"geometry":{"type":"Point","coordinates":[-9.17349,38.700815]}},{"id":"1768","type":"Feature","properties":{"layer":0},"geometry":{"type":"Point","coordinates":[-9.166582,38.77185]}},{"id":"1769","type":"Feature","properties":{"layer":0},"geometry":{"type":"Point","coordinates":[-9.180245,38.731057]}},{"id":"1770","type":"Feature","properties":{"layer":0},"geometry":{"type":"Point","coordinates":[-9.107755,38.757904]}},{"id":"1771","type":"Feature","properties":{"layer":0},"geometry":{"type":"Point","coordinates":[-9.199764,38.718401]}},{"id":"1772","type":"Feature","properties":{"layer":0},"geometry":{"type":"Point","coordinates":[-9.130709,38.725124]}},{"id":"1773","type":"Feature","properties":{"layer":0},"geometry":{"type":"Point","coordinates":[-9.105606,38.745783]}},{"id":"1774","type":"Feature","properties":{"layer":0},"geometry":{"type":"Point","coordinates":[-9.094764,38.778061]}},{"id":"1775","type":"Feature","properties":{"layer":0},"geometry":{"type":"Point","coordinates":[-9.217102,38.702531]}},{"id":"1776","type":"Feature","properties":{"layer":0},"geometry":{"type":"Point","coordinates":[-9.118265,38.764347]}},{"id":"1777","type":"Feature","properties":{"layer":0},"geometry":{"type":"Point","coordinates":[-9.097371,38.773353]}},{"id":"1778","type":"Feature","properties":{"layer":0},"geometry":{"type":"Point","coordinates":[-9.183793,38.758059]}},{"id":"1779","type":"Feature","properties":{"layer":0},"geometry":{"type":"Point","coordinates":[-9.207719,38.748742]}},{"id":"1780","type":"Feature","properties":{"layer":0},"geometry":{"type":"Point","coordinates":[-9.093928,38.785789]}},{"id":"1781","type":"Feature","properties":{"layer":0},"geometry":{"type":"Point","coordinates":[-9.159357,38.727469]}},{"id":"1782","type":"Feature","properties":{"layer":0},"geometry":{"type":"Point","coordinates":[-9.180021,38.750485]}},{"id":"1783","type":"Feature","properties":{"layer":0},"geometry":{"type":"Point","coordinates":[-9.099653,38.767853]}},{"id":"1784","type":"Feature","properties":{"layer":0},"geometry":{"type":"Point","coordinates":[-9.187037,38.761589]}},{"id":"1785","type":"Feature","properties":{"layer":0},"geometry":{"type":"Point","coordinates":[-9.226294,38.698425]}},{"id":"1786","type":"Feature","properties":{"layer":0},"geometry":{"type":"Point","coordinates":[-9.114484,38.727061]}},{"id":"1787","type":"Feature","properties":{"layer":0},"geometry":{"type":"Point","coordinates":[-9.180535,38.713486]}},{"id":"1788","type":"Feature","properties":{"layer":0},"geometry":{"type":"Point","coordinates":[-9.160581,38.75984]}},{"id":"1789","type":"Feature","properties":{"layer":0},"geometry":{"type":"Point","coordinates":[-9.147219,38.742289]}},{"id":"1790","type":"Feature","properties":{"layer":0},"geometry":{"type":"Point","coordinates":[-9.128604,38.722606]}},{"id":"1791","type":"Feature","properties":{"layer":0},"geometry":{"type":"Point","coordinates":[-9.133217,38.720322]}},{"id":"1792","type":"Feature","properties":{"layer":0},"geometry":{"type":"Point","coordinates":[-9.173779,38.749779]}},{"id":"1793","type":"Feature","properties":{"layer":0},"geometry":{"type":"Point","coordinates":[-9.185716,38.75138]}},{"id":"1794","type":"Feature","properties":{"layer":0},"geometry":{"type":"Point","coordinates":[-9.152426,38.738111]}},{"id":"1795","type":"Feature","properties":{"layer":0},"geometry":{"type":"Point","coordinates":[-9.216969,38.699425]}},{"id":"1796","type":"Feature","properties":{"layer":0},"geometry":{"type":"Point","coordinates":[-9.191418,38.713396]}},{"id":"1797","type":"Feature","properties":{"layer":0},"geometry":{"type":"Point","coordinates":[-9.125961,38.7345]}},{"id":"1798","type":"Feature","properties":{"layer":0},"geometry":{"type":"Point","coordinates":[-9.150141,38.729649]}},{"id":"1799","type":"Feature","properties":{"layer":0},"geometry":{"type":"Point","coordinates":[-9.148795,38.74101]}},{"id":"1800","type":"Feature","properties":{"layer":0},"geometry":{"type":"Point","coordinates":[-9.184945,38.755886]}},{"id":"1801","type":"Feature","properties":{"layer":0},"geometry":{"type":"Point","coordinates":[-9.111577,38.732295]}},{"id":"1802","type":"Feature","properties":{"layer":0},"geometry":{"type":"Point","coordinates":[-9.147296,38.778106]}},{"id":"1803","type":"Feature","properties":{"layer":0},"geometry":{"type":"Point","coordinates":[-9.098262,38.757266]}},{"id":"1804","type":"Feature","properties":{"layer":0},"geometry":{"type":"Point","coordinates":[-9.145389,38.755334]}},{"id":"1805","type":"Feature","properties":{"layer":0},"geometry":{"type":"Point","coordinates":[-9.187179,38.774126]}},{"id":"1806","type":"Feature","properties":{"layer":0},"geometry":{"type":"Point","coordinates":[-9.179938,38.736325]}},{"id":"1807","type":"Feature","properties":{"layer":0},"geometry":{"type":"Point","coordinates":[-9.217696,38.718761]}},{"id":"1808","type":"Feature","properties":{"layer":0},"geometry":{"type":"Point","coordinates":[-9.189192,38.749429]}},{"id":"1809","type":"Feature","properties":{"layer":0},"geometry":{"type":"Point","coordinates":[-9.145505,38.705178]}},{"id":"1810","type":"Feature","properties":{"layer":0},"geometry":{"type":"Point","coordinates":[-9.14441,38.742896]}},{"id":"1811","type":"Feature","properties":{"layer":0},"geometry":{"type":"Point","coordinates":[-9.127432,38.778436]}},{"id":"1812","type":"Feature","properties":{"layer":0},"geometry":{"type":"Point","coordinates":[-9.152258,38.760448]}},{"id":"1813","type":"Feature","properties":{"layer":0},"geometry":{"type":"Point","coordinates":[-9.182413,38.753477]}},{"id":"1814","type":"Feature","properties":{"layer":0},"geometry":{"type":"Point","coordinates":[-9.197395,38.716953]}},{"id":"1815","type":"Feature","properties":{"layer":0},"geometry":{"type":"Point","coordinates":[-9.130036,38.740213]}},{"id":"1816","type":"Feature","properties":{"layer":0},"geometry":{"type":"Point","coordinates":[-9.15282,38.707926]}},{"id":"1817","type":"Feature","properties":{"layer":0},"geometry":{"type":"Point","coordinates":[-9.181886,38.707228]}},{"id":"1818","type":"Feature","properties":{"layer":0},"geometry":{"type":"Point","coordinates":[-9.137237,38.762236]}},{"id":"1819","type":"Feature","properties":{"layer":0},"geometry":{"type":"Point","coordinates":[-9.194132,38.718924]}},{"id":"1820","type":"Feature","properties":{"layer":0},"geometry":{"type":"Point","coordinates":[-9.142582,38.707959]}},{"id":"1821","type":"Feature","properties":{"layer":0},"geometry":{"type":"Point","coordinates":[-9.162472,38.759688]}},{"id":"1822","type":"Feature","properties":{"layer":0},"geometry":{"type":"Point","coordinates":[-9.136034,38.734338]}},{"id":"1823","type":"Feature","properties":{"layer":0},"geometry":{"type":"Point","coordinates":[-9.13021,38.757371]}},{"id":"1824","type":"Feature","properties":{"layer":0},"geometry":{"type":"Point","coordinates":[-9.191152,38.713628]}},{"id":"1825","type":"Feature","properties":{"layer":0},"geometry":{"type":"Point","coordinates":[-9.215342,38.697436]}},{"id":"1826","type":"Feature","properties":{"layer":0},"geometry":{"type":"Point","coordinates":[-9.098226,38.78398]}},{"id":"1827","type":"Feature","properties":{"layer":0},"geometry":{"type":"Point","coordinates":[-9.189251,38.752428]}},{"id":"1828","type":"Feature","properties":{"layer":0},"geometry":{"type":"Point","coordinates":[-9.151552,38.793484]}},{"id":"1829","type":"Feature","properties":{"layer":0},"geometry":{"type":"Point","coordinates":[-9.217058,38.691852]}},{"id":"1830","type":"Feature","properties":{"layer":0},"geometry":{"type":"Point","coordinates":[-9.099521,38.767922]}},{"id":"1831","type":"Feature","properties":{"layer":0},"geometry":{"type":"Point","coordinates":[-9.097407,38.772873]}},{"id":"1832","type":"Feature","properties":{"layer":0},"geometry":{"type":"Point","coordinates":[-9.190967,38.76753]}},{"id":"1833","type":"Feature","properties":{"layer":0},"geometry":{"type":"Point","coordinates":[-9.125343,38.721195]}},{"id":"1834","type":"Feature","properties":{"layer":0},"geometry":{"type":"Point","coordinates":[-9.175078,38.777045]}},{"id":"1835","type":"Feature","properties":{"layer":0},"geometry":{"type":"Point","coordinates":[-9.18324,38.754538]}},{"id":"1836","type":"Feature","properties":{"layer":0},"geometry":{"type":"Point","coordinates":[-9.186213,38.704729]}},{"id":"1837","type":"Feature","properties":{"layer":0},"geometry":{"type":"Point","coordinates":[-9.19602,38.699912]}},{"id":"1838","type":"Feature","properties":{"layer":0},"geometry":{"type":"Point","coordinates":[-9.194308,38.756983]}},{"id":"1839","type":"Feature","properties":{"layer":0},"geometry":{"type":"Point","coordinates":[-9.152159,38.715952]}},{"id":"1840","type":"Feature","properties":{"layer":0},"geometry":{"type":"Point","coordinates":[-9.158846,38.736171]}},{"id":"1841","type":"Feature","properties":{"layer":0},"geometry":{"type":"Point","coordinates":[-9.141606,38.73931]}},{"id":"1842","type":"Feature","properties":{"layer":0},"geometry":{"type":"Point","coordinates":[-9.228378,38.697274]}},{"id":"1843","type":"Feature","properties":{"layer":0},"geometry":{"type":"Point","coordinates":[-9.192649,38.702069]}},{"id":"1844","type":"Feature","properties":{"layer":0},"geometry":{"type":"Point","coordinates":[-9.165512,38.740235]}},{"id":"1845","type":"Feature","properties":{"layer":0},"geometry":{"type":"Point","coordinates":[-9.164985,38.740207]}},{"id":"1846","type":"Feature","properties":{"layer":0},"geometry":{"type":"Point","coordinates":[-9.100225,38.774898]}},{"id":"1847","type":"Feature","properties":{"layer":0},"geometry":{"type":"Point","coordinates":[-9.169912,38.762292]}},{"id":"1848","type":"Feature","properties":{"layer":0},"geometry":{"type":"Point","coordinates":[-9.166026,38.709472]}},{"id":"1849","type":"Feature","properties":{"layer":0},"geometry":{"type":"Point","coordinates":[-9.148754,38.76706]}},{"id":"1850","type":"Feature","properties":{"layer":0},"geometry":{"type":"Point","coordinates":[-9.199942,38.735602]}},{"id":"1851","type":"Feature","properties":{"layer":0},"geometry":{"type":"Point","coordinates":[-9.195747,38.714358]}},{"id":"1852","type":"Feature","properties":{"layer":0},"geometry":{"type":"Point","coordinates":[-9.194056,38.696018]}},{"id":"1853","type":"Feature","properties":{"layer":0},"geometry":{"type":"Point","coordinates":[-9.177532,38.707098]}},{"id":"1854","type":"Feature","properties":{"layer":0},"geometry":{"type":"Point","coordinates":[-9.131076,38.716148]}},{"id":"1855","type":"Feature","properties":{"layer":0},"geometry":{"type":"Point","coordinates":[-9.189021,38.748421]}},{"id":"1856","type":"Feature","properties":{"layer":0},"geometry":{"type":"Point","coordinates":[-9.176897,38.767406]}},{"id":"1857","type":"Feature","properties":{"layer":0},"geometry":{"type":"Point","coordinates":[-9.18266,38.698893]}},{"id":"1858","type":"Feature","properties":{"layer":0},"geometry":{"type":"Point","coordinates":[-9.139073,38.780577]}},{"id":"1859","type":"Feature","properties":{"layer":0},"geometry":{"type":"Point","coordinates":[-9.221945,38.706954]}},{"id":"1860","type":"Feature","properties":{"layer":0},"geometry":{"type":"Point","coordinates":[-9.117152,38.776897]}},{"id":"1861","type":"Feature","properties":{"layer":0},"geometry":{"type":"Point","coordinates":[-9.17888,38.703419]}},{"id":"1862","type":"Feature","properties":{"layer":0},"geometry":{"type":"Point","coordinates":[-9.168722,38.750065]}},{"id":"1863","type":"Feature","properties":{"layer":0},"geometry":{"type":"Point","coordinates":[-9.169818,38.769858]}},{"id":"1864","type":"Feature","properties":{"layer":0},"geometry":{"type":"Point","coordinates":[-9.144512,38.762109]}},{"id":"1865","type":"Feature","properties":{"layer":0},"geometry":{"type":"Point","coordinates":[-9.14289,38.748484]}},{"id":"1866","type":"Feature","properties":{"layer":0},"geometry":{"type":"Point","coordinates":[-9.140776,38.739185]}},{"id":"1867","type":"Feature","properties":{"layer":0},"geometry":{"type":"Point","coordinates":[-9.183526,38.750399]}},{"id":"1868","type":"Feature","properties":{"layer":0},"geometry":{"type":"Point","coordinates":[-9.11396,38.752442]}},{"id":"1869","type":"Feature","properties":{"layer":0},"geometry":{"type":"Point","coordinates":[-9.101905,38.73947]}},{"id":"1870","type":"Feature","properties":{"layer":0},"geometry":{"type":"Point","coordinates":[-9.17536,38.770725]}},{"id":"1871","type":"Feature","properties":{"layer":0},"geometry":{"type":"Point","coordinates":[-9.151399,38.755412]}},{"id":"1872","type":"Feature","properties":{"layer":0},"geometry":{"type":"Point","coordinates":[-9.120386,38.765554]}},{"id":"1873","type":"Feature","properties":{"layer":0},"geometry":{"type":"Point","coordinates":[-9.095204,38.753719]}},{"id":"1874","type":"Feature","properties":{"layer":0},"geometry":{"type":"Point","coordinates":[-9.117672,38.765816]}},{"id":"1875","type":"Feature","properties":{"layer":0},"geometry":{"type":"Point","coordinates":[-9.126231,38.774072]}},{"id":"1876","type":"Feature","properties":{"layer":0},"geometry":{"type":"Point","coordinates":[-9.107107,38.760055]}},{"id":"1877","type":"Feature","properties":{"layer":0},"geometry":{"type":"Point","coordinates":[-9.119297,38.745209]}},{"id":"1878","type":"Feature","properties":{"layer":0},"geometry":{"type":"Point","coordinates":[-9.125805,38.731346]}},{"id":"1879","type":"Feature","properties":{"layer":0},"geometry":{"type":"Point","coordinates":[-9.197621,38.758567]}},{"id":"1880","type":"Feature","properties":{"layer":0},"geometry":{"type":"Point","coordinates":[-9.117102,38.768892]}},{"id":"1881","type":"Feature","properties":{"layer":0},"geometry":{"type":"Point","coordinates":[-9.158327,38.73666]}},{"id":"1882","type":"Feature","properties":{"layer":0},"geometry":{"type":"Point","coordinates":[-9.177528,38.764822]}},{"id":"1883","type":"Feature","properties":{"layer":0},"geometry":{"type":"Point","coordinates":[-9.166595,38.704882]}},{"id":"1884","type":"Feature","properties":{"layer":0},"geometry":{"type":"Point","coordinates":[-9.105908,38.767518]}},{"id":"1885","type":"Feature","properties":{"layer":0},"geometry":{"type":"Point","coordinates":[-9.200362,38.706669]}},{"id":"1886","type":"Feature","properties":{"layer":0},"geometry":{"type":"Point","coordinates":[-9.203864,38.70921]}},{"id":"1887","type":"Feature","properties":{"layer":0},"geometry":{"type":"Point","coordinates":[-9.214811,38.69319]}},{"id":"1888","type":"Feature","properties":{"layer":0},"geometry":{"type":"Point","coordinates":[-9.119051,38.766833]}},{"id":"1889","type":"Feature","properties":{"layer":0},"geometry":{"type":"Point","coordinates":[-9.15493,38.771153]}},{"id":"1890","type":"Feature","properties":{"layer":0},"geometry":{"type":"Point","coordinates":[-9.112009,38.743018]}},{"id":"1891","type":"Feature","properties":{"layer":0},"geometry":{"type":"Point","coordinates":[-9.168214,38.736694]}},{"id":"1892","type":"Feature","properties":{"layer":0},"geometry":{"type":"Point","coordinates":[-9.180537,38.773]}},{"id":"1893","type":"Feature","properties":{"layer":0},"geometry":{"type":"Point","coordinates":[-9.116188,38.77909]}},{"id":"1894","type":"Feature","properties":{"layer":0},"geometry":{"type":"Point","coordinates":[-9.165883,38.72299]}},{"id":"1895","type":"Feature","properties":{"layer":0},"geometry":{"type":"Point","coordinates":[-9.167897,38.761263]}},{"id":"1896","type":"Feature","properties":{"layer":0},"geometry":{"type":"Point","coordinates":[-9.187586,38.75468]}},{"id":"1897","type":"Feature","properties":{"layer":0},"geometry":{"type":"Point","coordinates":[-9.158603,38.741498]}},{"id":"1898","type":"Feature","properties":{"layer":0},"geometry":{"type":"Point","coordinates":[-9.107041,38.774076]}},{"id":"1899","type":"Feature","properties":{"layer":0},"geometry":{"type":"Point","coordinates":[-9.167931,38.729333]}},{"id":"1900","type":"Feature","properties":{"layer":0},"geometry":{"type":"Point","coordinates":[-9.094674,38.773526]}},{"id":"1901","type":"Feature","properties":{"layer":0},"geometry":{"type":"Point","coordinates":[-9.20435,38.73874]}},{"id":"1902","type":"Feature","properties":{"layer":0},"geometry":{"type":"Point","coordinates":[-9.141718,38.709786]}},{"id":"1903","type":"Feature","properties":{"layer":0},"geometry":{"type":"Point","coordinates":[-9.155294,38.720069]}},{"id":"1904","type":"Feature","properties":{"layer":0},"geometry":{"type":"Point","coordinates":[-9.104909,38.748826]}},{"id":"1905","type":"Feature","properties":{"layer":0},"geometry":{"type":"Point","coordinates":[-9.172573,38.732897]}},{"id":"1906","type":"Feature","properties":{"layer":0},"geometry":{"type":"Point","coordinates":[-9.16835,38.742136]}},{"id":"1907","type":"Feature","properties":{"layer":0},"geometry":{"type":"Point","coordinates":[-9.176936,38.740707]}},{"id":"1908","type":"Feature","properties":{"layer":0},"geometry":{"type":"Point","coordinates":[-9.131396,38.772264]}},{"id":"1909","type":"Feature","properties":{"layer":0},"geometry":{"type":"Point","coordinates":[-9.154901,38.724671]}},{"id":"1910","type":"Feature","properties":{"layer":0},"geometry":{"type":"Point","coordinates":[-9.155208,38.726933]}},{"id":"1911","type":"Feature","properties":{"layer":0},"geometry":{"type":"Point","coordinates":[-9.127882,38.745662]}},{"id":"1912","type":"Feature","properties":{"layer":0},"geometry":{"type":"Point","coordinates":[-9.147255,38.743413]}},{"id":"1913","type":"Feature","properties":{"layer":0},"geometry":{"type":"Point","coordinates":[-9.214938,38.707755]}},{"id":"1914","type":"Feature","properties":{"layer":0},"geometry":{"type":"Point","coordinates":[-9.198959,38.712062]}},{"id":"1915","type":"Feature","properties":{"layer":0},"geometry":{"type":"Point","coordinates":[-9.163161,38.781812]}},{"id":"1916","type":"Feature","properties":{"layer":0},"geometry":{"type":"Point","coordinates":[-9.094111,38.795619]}},{"id":"1917","type":"Feature","properties":{"layer":0},"geometry":{"type":"Point","coordinates":[-9.109251,38.74228]}},{"id":"1918","type":"Feature","properties":{"layer":0},"geometry":{"type":"Point","coordinates":[-9.187262,38.726402]}},{"id":"1919","type":"Feature","properties":{"layer":0},"geometry":{"type":"Point","coordinates":[-9.130203,38.726336]}},{"id":"1920","type":"Feature","properties":{"layer":0},"geometry":{"type":"Point","coordinates":[-9.161637,38.727716]}},{"id":"1921","type":"Feature","properties":{"layer":0},"geometry":{"type":"Point","coordinates":[-9.120378,38.762236]}},{"id":"1922","type":"Feature","properties":{"layer":0},"geometry":{"type":"Point","coordinates":[-9.15296,38.738539]}},{"id":"1923","type":"Feature","properties":{"layer":0},"geometry":{"type":"Point","coordinates":[-9.153621,38.725002]}},{"id":"1924","type":"Feature","properties":{"layer":0},"geometry":{"type":"Point","coordinates":[-9.198456,38.758822]}},{"id":"1925","type":"Feature","properties":{"layer":0},"geometry":{"type":"Point","coordinates":[-9.17331,38.77286]}},{"id":"1926","type":"Feature","properties":{"layer":0},"geometry":{"type":"Point","coordinates":[-9.188388,38.772973]}},{"id":"1927","type":"Feature","properties":{"layer":0},"geometry":{"type":"Point","coordinates":[-9.136366,38.716576]}},{"id":"1928","type":"Feature","properties":{"layer":0},"geometry":{"type":"Point","coordinates":[-9.138533,38.73537]}},{"id":"1929","type":"Feature","properties":{"layer":0},"geometry":{"type":"Point","coordinates":[-9.125565,38.713219]}},{"id":"1930","type":"Feature","properties":{"layer":0},"geometry":{"type":"Point","coordinates":[-9.190148,38.728271]}},{"id":"1931","type":"Feature","properties":{"layer":0},"geometry":{"type":"Point","coordinates":[-9.160147,38.704472]}},{"id":"1932","type":"Feature","properties":{"layer":0},"geometry":{"type":"Point","coordinates":[-9.152667,38.726522]}},{"id":"1933","type":"Feature","properties":{"layer":0},"geometry":{"type":"Point","coordinates":[-9.165744,38.743414]}},{"id":"1934","type":"Feature","properties":{"layer":0},"geometry":{"type":"Point","coordinates":[-9.135992,38.711372]}},{"id":"1935","type":"Feature","properties":{"layer":0},"geometry":{"type":"Point","coordinates":[-9.129239,38.710767]}},{"id":"1936","type":"Feature","properties":{"layer":0},"geometry":{"type":"Point","coordinates":[-9.160119,38.76006]}},{"id":"1937","type":"Feature","properties":{"layer":0},"geometry":{"type":"Point","coordinates":[-9.137532,38.731433]}},{"id":"1938","type":"Feature","properties":{"layer":0},"geometry":{"type":"Point","coordinates":[-9.119401,38.757817]}},{"id":"1939","type":"Feature","properties":{"layer":0},"geometry":{"type":"Point","coordinates":[-9.163774,38.739749]}},{"id":"1940","type":"Feature","properties":{"layer":0},"geometry":{"type":"Point","coordinates":[-9.161914,38.735669]}},{"id":"1941","type":"Feature","properties":{"layer":0},"geometry":{"type":"Point","coordinates":[-9.129115,38.718777]}},{"id":"1942","type":"Feature","properties":{"layer":0},"geometry":{"type":"Point","coordinates":[-9.194976,38.745893]}},{"id":"1943","type":"Feature","properties":{"layer":0},"geometry":{"type":"Point","coordinates":[-9.19474,38.744932]}},{"id":"1944","type":"Feature","properties":{"layer":0},"geometry":{"type":"Point","coordinates":[-9.122586,38.72021]}},{"id":"1945","type":"Feature","properties":{"layer":0},"geometry":{"type":"Point","coordinates":[-9.21392,38.719282]}},{"id":"1946","type":"Feature","properties":{"layer":0},"geometry":{"type":"Point","coordinates":[-9.172822,38.780291]}},{"id":"1947","type":"Feature","properties":{"layer":0},"geometry":{"type":"Point","coordinates":[-9.139488,38.735335]}},{"id":"1948","type":"Feature","properties":{"layer":0},"geometry":{"type":"Point","coordinates":[-9.149525,38.736522]}},{"id":"1949","type":"Feature","properties":{"layer":0},"geometry":{"type":"Point","coordinates":[-9.166246,38.755754]}},{"id":"1950","type":"Feature","properties":{"layer":0},"geometry":{"type":"Point","coordinates":[-9.164221,38.71543]}},{"id":"1951","type":"Feature","properties":{"layer":0},"geometry":{"type":"Point","coordinates":[-9.173709,38.738789]}},{"id":"1952","type":"Feature","properties":{"layer":0},"geometry":{"type":"Point","coordinates":[-9.161632,38.777804]}},{"id":"1953","type":"Feature","properties":{"layer":0},"geometry":{"type":"Point","coordinates":[-9.186023,38.720856]}},{"id":"1954","type":"Feature","properties":{"layer":0},"geometry":{"type":"Point","coordinates":[-9.192556,38.711213]}},{"id":"1955","type":"Feature","properties":{"layer":0},"geometry":{"type":"Point","coordinates":[-9.169521,38.754871]}},{"id":"1956","type":"Feature","properties":{"layer":0},"geometry":{"type":"Point","coordinates":[-9.121623,38.719504]}},{"id":"1957","type":"Feature","properties":{"layer":0},"geometry":{"type":"Point","coordinates":[-9.189119,38.756167]}},{"id":"1958","type":"Feature","properties":{"layer":0},"geometry":{"type":"Point","coordinates":[-9.177048,38.701085]}},{"id":"1959","type":"Feature","properties":{"layer":0},"geometry":{"type":"Point","coordinates":[-9.120831,38.782569]}},{"id":"1960","type":"Feature","properties":{"layer":0},"geometry":{"type":"Point","coordinates":[-9.159422,38.79059]}},{"id":"1961","type":"Feature","properties":{"layer":0},"geometry":{"type":"Point","coordinates":[-9.171053,38.708593]}},{"id":"1962","type":"Feature","properties":{"layer":0},"geometry":{"type":"Point","coordinates":[-9.097412,38.762027]}},{"id":"1963","type":"Feature","properties":{"layer":0},"geometry":{"type":"Point","coordinates":[-9.164359,38.704532]}},{"id":"1964","type":"Feature","properties":{"layer":0},"geometry":{"type":"Point","coordinates":[-9.166654,38.773747]}},{"id":"1965","type":"Feature","properties":{"layer":0},"geometry":{"type":"Point","coordinates":[-9.157764,38.760435]}},{"id":"1966","type":"Feature","properties":{"layer":0},"geometry":{"type":"Point","coordinates":[-9.146279,38.793168]}},{"id":"1967","type":"Feature","properties":{"layer":0},"geometry":{"type":"Point","coordinates":[-9.19863,38.756798]}},{"id":"1968","type":"Feature","properties":{"layer":0},"geometry":{"type":"Point","coordinates":[-9.135369,38.710947]}},{"id":"1969","type":"Feature","properties":{"layer":0},"geometry":{"type":"Point","coordinates":[-9.174808,38.705839]}},{"id":"1970","type":"Feature","properties":{"layer":0},"geometry":{"type":"Point","coordinates":[-9.207385,38.732231]}},{"id":"1971","type":"Feature","properties":{"layer":0},"geometry":{"type":"Point","coordinates":[-9.116495,38.761075]}},{"id":"1972","type":"Feature","properties":{"layer":0},"geometry":{"type":"Point","coordinates":[-9.124726,38.750791]}},{"id":"1973","type":"Feature","properties":{"layer":0},"geometry":{"type":"Point","coordinates":[-9.191035,38.750987]}},{"id":"1974","type":"Feature","properties":{"layer":0},"geometry":{"type":"Point","coordinates":[-9.176149,38.713547]}},{"id":"1975","type":"Feature","properties":{"layer":0},"geometry":{"type":"Point","coordinates":[-9.183242,38.753711]}},{"id":"1976","type":"Feature","properties":{"layer":0},"geometry":{"type":"Point","coordinates":[-9.199602,38.726488]}},{"id":"1977","type":"Feature","properties":{"layer":0},"geometry":{"type":"Point","coordinates":[-9.098551,38.744151]}},{"id":"1978","type":"Feature","properties":{"layer":0},"geometry":{"type":"Point","coordinates":[-9.127699,38.738305]}},{"id":"1979","type":"Feature","properties":{"layer":0},"geometry":{"type":"Point","coordinates":[-9.166708,38.726232]}},{"id":"1980","type":"Feature","properties":{"layer":0},"geometry":{"type":"Point","coordinates":[-9.10004,38.774885]}},{"id":"1981","type":"Feature","properties":{"layer":0},"geometry":{"type":"Point","coordinates":[-9.123781,38.738763]}},{"id":"1982","type":"Feature","properties":{"layer":0},"geometry":{"type":"Point","coordinates":[-9.164699,38.722121]}},{"id":"1983","type":"Feature","properties":{"layer":0},"geometry":{"type":"Point","coordinates":[-9.118466,38.764493]}},{"id":"1984","type":"Feature","properties":{"layer":0},"geometry":{"type":"Point","coordinates":[-9.138172,38.780652]}},{"id":"1985","type":"Feature","properties":{"layer":0},"geometry":{"type":"Point","coordinates":[-9.103047,38.745754]}},{"id":"1986","type":"Feature","properties":{"layer":0},"geometry":{"type":"Point","coordinates":[-9.15613,38.724887]}},{"id":"1987","type":"Feature","properties":{"layer":0},"geometry":{"type":"Point","coordinates":[-9.197961,38.762059]}},{"id":"1988","type":"Feature","properties":{"layer":0},"geometry":{"type":"Point","coordinates":[-9.203246,38.72897]}},{"id":"1989","type":"Feature","properties":{"layer":0},"geometry":{"type":"Point","coordinates":[-9.190995,38.733823]}},{"id":"1990","type":"Feature","properties":{"layer":0},"geometry":{"type":"Point","coordinates":[-9.145034,38.745154]}},{"id":"1991","type":"Feature","properties":{"layer":0},"geometry":{"type":"Point","coordinates":[-9.161569,38.759885]}},{"id":"1992","type":"Feature","properties":{"layer":0},"geometry":{"type":"Point","coordinates":[-9.213787,38.717212]}},{"id":"1993","type":"Feature","properties":{"layer":0},"geometry":{"type":"Point","coordinates":[-9.180782,38.721326]}},{"id":"1994","type":"Feature","properties":{"layer":0},"geometry":{"type":"Point","coordinates":[-9.196983,38.764484]}},{"id":"1995","type":"Feature","properties":{"layer":0},"geometry":{"type":"Point","coordinates":[-9.113407,38.73824]}},{"id":"1996","type":"Feature","properties":{"layer":0},"geometry":{"type":"Point","coordinates":[-9.186716,38.767085]}},{"id":"1997","type":"Feature","properties":{"layer":0},"geometry":{"type":"Point","coordinates":[-9.187696,38.756307]}},{"id":"1998","type":"Feature","properties":{"layer":0},"geometry":{"type":"Point","coordinates":[-9.159229,38.755057]}},{"id":"1999","type":"Feature","properties":{"layer":0},"geometry":{"type":"Point","coordinates":[-9.171403,38.738023]}},{"id":"2000","type":"Feature","properties":{"layer":0},"geometry":{"type":"Point","coordinates":[-9.100502,38.774958]}},{"id":"2001","type":"Feature","properties":{"layer":0},"geometry":{"type":"Point","coordinates":[-9.160972,38.710708]}},{"id":"2002","type":"Feature","properties":{"layer":0},"geometry":{"type":"Point","coordinates":[-9.151562,38.753746]}},{"id":"2003","type":"Feature","properties":{"layer":0},"geometry":{"type":"Point","coordinates":[-9.211185,38.70688]}},{"id":"2004","type":"Feature","properties":{"layer":0},"geometry":{"type":"Point","coordinates":[-9.110664,38.77055]}},{"id":"2005","type":"Feature","properties":{"layer":0},"geometry":{"type":"Point","coordinates":[-9.187415,38.755333]}},{"id":"2006","type":"Feature","properties":{"layer":0},"geometry":{"type":"Point","coordinates":[-9.178651,38.77324]}},{"id":"2007","type":"Feature","properties":{"layer":0},"geometry":{"type":"Point","coordinates":[-9.149911,38.75548]}},{"id":"2008","type":"Feature","properties":{"layer":0},"geometry":{"type":"Point","coordinates":[-9.1732,38.781708]}},{"id":"2009","type":"Feature","properties":{"layer":0},"geometry":{"type":"Point","coordinates":[-9.099558,38.767812]}},{"id":"2010","type":"Feature","properties":{"layer":0},"geometry":{"type":"Point","coordinates":[-9.120802,38.756664]}},{"id":"2011","type":"Feature","properties":{"layer":0},"geometry":{"type":"Point","coordinates":[-9.157499,38.744505]}},{"id":"2012","type":"Feature","properties":{"layer":0},"geometry":{"type":"Point","coordinates":[-9.135132,38.745913]}},{"id":"2013","type":"Feature","properties":{"layer":0},"geometry":{"type":"Point","coordinates":[-9.191737,38.744618]}},{"id":"2014","type":"Feature","properties":{"layer":0},"geometry":{"type":"Point","coordinates":[-9.103795,38.753437]}},{"id":"2015","type":"Feature","properties":{"layer":0},"geometry":{"type":"Point","coordinates":[-9.146885,38.767854]}},{"id":"2016","type":"Feature","properties":{"layer":0},"geometry":{"type":"Point","coordinates":[-9.171886,38.730769]}},{"id":"2017","type":"Feature","properties":{"layer":0},"geometry":{"type":"Point","coordinates":[-9.156929,38.729547]}},{"id":"2018","type":"Feature","properties":{"layer":0},"geometry":{"type":"Point","coordinates":[-9.119055,38.760545]}},{"id":"2019","type":"Feature","properties":{"layer":0},"geometry":{"type":"Point","coordinates":[-9.200536,38.754955]}},{"id":"2020","type":"Feature","properties":{"layer":0},"geometry":{"type":"Point","coordinates":[-9.176519,38.73777]}},{"id":"2021","type":"Feature","properties":{"layer":0},"geometry":{"type":"Point","coordinates":[-9.136031,38.706461]}},{"id":"2022","type":"Feature","properties":{"layer":0},"geometry":{"type":"Point","coordinates":[-9.128919,38.764537]}},{"id":"2023","type":"Feature","properties":{"layer":0},"geometry":{"type":"Point","coordinates":[-9.156126,38.758921]}},{"id":"2024","type":"Feature","properties":{"layer":0},"geometry":{"type":"Point","coordinates":[-9.125686,38.770524]}},{"id":"2025","type":"Feature","properties":{"layer":0},"geometry":{"type":"Point","coordinates":[-9.19481,38.745926]}},{"id":"2026","type":"Feature","properties":{"layer":0},"geometry":{"type":"Point","coordinates":[-9.189346,38.772511]}},{"id":"2027","type":"Feature","properties":{"layer":0},"geometry":{"type":"Point","coordinates":[-9.160105,38.776665]}},{"id":"2028","type":"Feature","properties":{"layer":0},"geometry":{"type":"Point","coordinates":[-9.206809,38.696402]}},{"id":"2029","type":"Feature","properties":{"layer":0},"geometry":{"type":"Point","coordinates":[-9.131731,38.729731]}},{"id":"2030","type":"Feature","properties":{"layer":0},"geometry":{"type":"Point","coordinates":[-9.104963,38.740169]}},{"id":"2031","type":"Feature","properties":{"layer":0},"geometry":{"type":"Point","coordinates":[-9.159375,38.724512]}},{"id":"2032","type":"Feature","properties":{"layer":0},"geometry":{"type":"Point","coordinates":[-9.104188,38.762924]}},{"id":"2033","type":"Feature","properties":{"layer":0},"geometry":{"type":"Point","coordinates":[-9.123763,38.744721]}},{"id":"2034","type":"Feature","properties":{"layer":0},"geometry":{"type":"Point","coordinates":[-9.154409,38.784875]}},{"id":"2035","type":"Feature","properties":{"layer":0},"geometry":{"type":"Point","coordinates":[-9.16751,38.709262]}},{"id":"2036","type":"Feature","properties":{"layer":0},"geometry":{"type":"Point","coordinates":[-9.193167,38.769035]}},{"id":"2037","type":"Feature","properties":{"layer":0},"geometry":{"type":"Point","coordinates":[-9.203802,38.74043]}},{"id":"2038","type":"Feature","properties":{"layer":0},"geometry":{"type":"Point","coordinates":[-9.139454,38.722384]}},{"id":"2039","type":"Feature","properties":{"layer":0},"geometry":{"type":"Point","coordinates":[-9.097685,38.769557]}},{"id":"2040","type":"Feature","properties":{"layer":0},"geometry":{"type":"Point","coordinates":[-9.165362,38.763695]}},{"id":"2041","type":"Feature","properties":{"layer":0},"geometry":{"type":"Point","coordinates":[-9.153277,38.78759]}},{"id":"2042","type":"Feature","properties":{"layer":0},"geometry":{"type":"Point","coordinates":[-9.140143,38.708079]}},{"id":"2043","type":"Feature","properties":{"layer":0},"geometry":{"type":"Point","coordinates":[-9.194734,38.762723]}},{"id":"2044","type":"Feature","properties":{"layer":0},"geometry":{"type":"Point","coordinates":[-9.18076,38.71354]}},{"id":"2045","type":"Feature","properties":{"layer":0},"geometry":{"type":"Point","coordinates":[-9.153449,38.70665]}},{"id":"2046","type":"Feature","properties":{"layer":0},"geometry":{"type":"Point","coordinates":[-9.157856,38.756103]}},{"id":"2047","type":"Feature","properties":{"layer":0},"geometry":{"type":"Point","coordinates":[-9.181016,38.713667]}},{"id":"2048","type":"Feature","properties":{"layer":0},"geometry":{"type":"Point","coordinates":[-9.122,38.73357]}},{"id":"2049","type":"Feature","properties":{"layer":0},"geometry":{"type":"Point","coordinates":[-9.123361,38.728722]}},{"id":"2050","type":"Feature","properties":{"layer":0},"geometry":{"type":"Point","coordinates":[-9.215846,38.716051]}},{"id":"2051","type":"Feature","properties":{"layer":0},"geometry":{"type":"Point","coordinates":[-9.158398,38.749198]}},{"id":"2052","type":"Feature","properties":{"layer":0},"geometry":{"type":"Point","coordinates":[-9.160702,38.71401]}},{"id":"2053","type":"Feature","properties":{"layer":0},"geometry":{"type":"Point","coordinates":[-9.172716,38.721527]}},{"id":"2054","type":"Feature","properties":{"layer":0},"geometry":{"type":"Point","coordinates":[-9.146505,38.79238]}},{"id":"2055","type":"Feature","properties":{"layer":0},"geometry":{"type":"Point","coordinates":[-9.117042,38.761012]}},{"id":"2056","type":"Feature","properties":{"layer":0},"geometry":{"type":"Point","coordinates":[-9.11149,38.726565]}},{"id":"2057","type":"Feature","properties":{"layer":0},"geometry":{"type":"Point","coordinates":[-9.155376,38.756714]}},{"id":"2058","type":"Feature","properties":{"layer":0},"geometry":{"type":"Point","coordinates":[-9.140822,38.707974]}},{"id":"2059","type":"Feature","properties":{"layer":0},"geometry":{"type":"Point","coordinates":[-9.128925,38.754593]}},{"id":"2060","type":"Feature","properties":{"layer":0},"geometry":{"type":"Point","coordinates":[-9.155394,38.782026]}},{"id":"2061","type":"Feature","properties":{"layer":0},"geometry":{"type":"Point","coordinates":[-9.168813,38.770347]}},{"id":"2062","type":"Feature","properties":{"layer":0},"geometry":{"type":"Point","coordinates":[-9.157676,38.782538]}},{"id":"2063","type":"Feature","properties":{"layer":0},"geometry":{"type":"Point","coordinates":[-9.167077,38.769297]}},{"id":"2064","type":"Feature","properties":{"layer":0},"geometry":{"type":"Point","coordinates":[-9.099481,38.791272]}},{"id":"2065","type":"Feature","properties":{"layer":0},"geometry":{"type":"Point","coordinates":[-9.164783,38.752423]}},{"id":"2066","type":"Feature","properties":{"layer":0},"geometry":{"type":"Point","coordinates":[-9.147599,38.710039]}},{"id":"2067","type":"Feature","properties":{"layer":0},"geometry":{"type":"Point","coordinates":[-9.166355,38.703684]}},{"id":"2068","type":"Feature","properties":{"layer":0},"geometry":{"type":"Point","coordinates":[-9.189128,38.713412]}},{"id":"2069","type":"Feature","properties":{"layer":0},"geometry":{"type":"Point","coordinates":[-9.133546,38.719749]}},{"id":"2070","type":"Feature","properties":{"layer":0},"geometry":{"type":"Point","coordinates":[-9.198423,38.761659]}},{"id":"2071","type":"Feature","properties":{"layer":0},"geometry":{"type":"Point","coordinates":[-9.199329,38.736451]}},{"id":"2072","type":"Feature","properties":{"layer":0},"geometry":{"type":"Point","coordinates":[-9.200931,38.703895]}},{"id":"2073","type":"Feature","properties":{"layer":0},"geometry":{"type":"Point","coordinates":[-9.141425,38.7093]}},{"id":"2074","type":"Feature","properties":{"layer":0},"geometry":{"type":"Point","coordinates":[-9.171985,38.758178]}},{"id":"2075","type":"Feature","properties":{"layer":0},"geometry":{"type":"Point","coordinates":[-9.152803,38.708059]}},{"id":"2076","type":"Feature","properties":{"layer":0},"geometry":{"type":"Point","coordinates":[-9.135151,38.712518]}},{"id":"2077","type":"Feature","properties":{"layer":0},"geometry":{"type":"Point","coordinates":[-9.130129,38.767437]}},{"id":"2078","type":"Feature","properties":{"layer":0},"geometry":{"type":"Point","coordinates":[-9.09511,38.772032]}},{"id":"2079","type":"Feature","properties":{"layer":0},"geometry":{"type":"Point","coordinates":[-9.18845,38.707799]}},{"id":"2080","type":"Feature","properties":{"layer":0},"geometry":{"type":"Point","coordinates":[-9.159956,38.756195]}},{"id":"2081","type":"Feature","properties":{"layer":0},"geometry":{"type":"Point","coordinates":[-9.12579,38.711336]}},{"id":"2082","type":"Feature","properties":{"layer":0},"geometry":{"type":"Point","coordinates":[-9.122903,38.763043]}},{"id":"2083","type":"Feature","properties":{"layer":0},"geometry":{"type":"Point","coordinates":[-9.203397,38.740741]}},{"id":"2084","type":"Feature","properties":{"layer":0},"geometry":{"type":"Point","coordinates":[-9.099152,38.788004]}},{"id":"2085","type":"Feature","properties":{"layer":0},"geometry":{"type":"Point","coordinates":[-9.211322,38.717313]}},{"id":"2086","type":"Feature","properties":{"layer":0},"geometry":{"type":"Point","coordinates":[-9.200672,38.75288]}},{"id":"2087","type":"Feature","properties":{"layer":0},"geometry":{"type":"Point","coordinates":[-9.130111,38.73683]}},{"id":"2088","type":"Feature","properties":{"layer":0},"geometry":{"type":"Point","coordinates":[-9.118331,38.768292]}},{"id":"2089","type":"Feature","properties":{"layer":0},"geometry":{"type":"Point","coordinates":[-9.120821,38.724147]}},{"id":"2090","type":"Feature","properties":{"layer":0},"geometry":{"type":"Point","coordinates":[-9.20326,38.747209]}},{"id":"2091","type":"Feature","properties":{"layer":0},"geometry":{"type":"Point","coordinates":[-9.20805,38.695299]}},{"id":"2092","type":"Feature","properties":{"layer":0},"geometry":{"type":"Point","coordinates":[-9.149454,38.788695]}},{"id":"2093","type":"Feature","properties":{"layer":0},"geometry":{"type":"Point","coordinates":[-9.196497,38.724005]}},{"id":"2094","type":"Feature","properties":{"layer":0},"geometry":{"type":"Point","coordinates":[-9.098,38.795894]}},{"id":"2095","type":"Feature","properties":{"layer":0},"geometry":{"type":"Point","coordinates":[-9.146275,38.742399]}},{"id":"2096","type":"Feature","properties":{"layer":0},"geometry":{"type":"Point","coordinates":[-9.09994,38.766439]}},{"id":"2097","type":"Feature","properties":{"layer":0},"geometry":{"type":"Point","coordinates":[-9.136269,38.749894]}},{"id":"2098","type":"Feature","properties":{"layer":0},"geometry":{"type":"Point","coordinates":[-9.140028,38.710951]}},{"id":"2099","type":"Feature","properties":{"layer":0},"geometry":{"type":"Point","coordinates":[-9.148521,38.774575]}}]}