{"type":"FeatureCollection","features":[{"id":"0","type":"Feature","properties":{"layer":0},"geometry":{"type":"Point","coordinates":[-0.135087,51.537149]}},{"id":"1","type":"Feature","properties":{"layer":0},"geometry":{"type":"Point","coordinates":[-0.037977,51.512519]}},{"id":"2","type":"Feature","properties":{"layer":0},"geometry":{"type":"Point","coordinates":[-0.014246,51.432581]}},{"id":"3","type":"Feature","properties":{"layer":0},"geometry":{"type":"Point","coordinates":[-0.196485,51.480471]}},{"id":"4","type":"Feature","properties":{"layer":0},"geometry":{"type":"Point","coordinates":[0.12053,51.378337]}},{"id":"5","type":"Feature","properties":{"layer":0},"geometry":{"type":"Point","coordinates":[-0.33178,51.494077]}},{"id":"6","type":"Feature","properties":{"layer":0},"geometry":{"type":"Point","coordinates":[0.027418,51.50738]}},{"id":"7","type":"Feature","properties":{"layer":0},"geometry":{"type":"Point","coordinates":[-0.054045,51.439105]}},{"id":"8","type":"Feature","properties":{"layer":0},"geometry":{"type":"Point","coordinates":[-0.038663,51.490121]}},{"id":"9","type":"Feature","properties":{"layer":0},"geometry":{"type":"Point","coordinates":[-0.043583,51.358453]}},{"id":"10","type":"Feature","properties":{"layer":0},"geometry":{"type":"Point","coordinates":[-0.144235,51.468042]}},{"id":"11","type":"Feature","properties":{"layer":0},"geometry":{"type":"Point","coordinates":[-0.181217,51.45618]}},{"id":"12","type":"Feature","properties":{"layer":0},"geometry":{"type":"Point","coordinates":[-0.118723,51.49415]}},{"id":"13","type":"Feature","properties":{"layer":0},"geometry":{"type":"Point","coordinates":[-0.123089,51.518553]}},{"id":"14","type":"Feature","properties":{"layer":0},"geometry":{"type":"Point","coordinates":[-0.138119,51.455183]}},{"id":"15","type":"Feature","properties":{"layer":0},"geometry":{"type":"Point","coordinates":[-0.095093,51.491791]}},{"id":"16","type":"Feature","properties":{"layer":0},"geometry":{"type":"Point","coordinates":[-0.161206,51.405481]}},{"id":"17","type":"Feature","properties":{"layer":0},"geometry":{"type":"Point","coordinates":[-0.409129,51.531754]}},{"id":"18","type":"Feature","properties":{"layer":0},"geometry":{"type":"Point","coordinates":[-0.038666,51.523855]}},{"id":"19","type":"Feature","properties":{"layer":0},"geometry":{"type":"Point","coordinates":[-0.173946,51.580949]}},{"id":"20","type":"Feature","properties":{"layer":0},"geometry":{"type":"Point","coordinates":[-0.13456,51.497073]}},{"id":"21","type":"Feature","properties":{"layer":0},"geometry":{"type":"Point","coordinates":[-0.167699,51.468512]}},{"id":"22","type":"Feature","properties":{"layer":0},"geometry":{"type":"Point","coordinates":[-0.404263,51.515238]}},{"id":"23","type":"Feature","properties":{"layer":0},"geometry":{"type":"Point","coordinates":[-0.034917,51.533696]}},{"id":"24","type":"Feature","properties":{"layer":0},"geometry":{"type":"Point","coordinates":[-0.146431,51.507088]}},{"id":"25","type":"Feature","properties":{"layer":0},"geometry":{"type":"Point","coordinates":[-0.141321,51.554957]}},{"id":"26","type":"Feature","properties":{"layer":0},"geometry":{"type":"Point","coordinates":[-0.219771,51.403819]}},{"id":"27","type":"Feature","properties":{"layer":0},"geometry":{"type":"Point","coordinates":[0.223376,51.588996]}},{"id":"28","type":"Feature","properties":{"layer":0},"geometry":{"type":"Point","coordinates":[-0.008004,51.482232]}},{"id":"29","type":"Feature","properties":{"layer":0},"geometry":{"type":"Point","coordinates":[0.103152,51.546696]}},{"id":"30","type":"Feature","properties":{"layer":0},"geometry":{"type":"Point","coordinates":[-0.055682,51.456221]}},{"id":"31","type":"Feature","properties":{"layer":0},"geometry":{"type":"Point","coordinates":[-0.03237,51.492855]}},{"id":"32","type":"Feature","properties":{"layer":0},"geometry":{"type":"Point","coordinates":[-0.147365,51.558146]}},{"id":"33","type":"Feature","properties":{"layer":0},"geometry":{"type":"Point","coordinates":[-0.040735,51.350794]}},{"id":"34","type":"Feature","properties":{"layer":0},"geometry":{"type":"Point","coordinates":[-0.124707,51.462208]}},{"id":"35","type":"Feature","properties":{"layer":0},"geometry":{"type":"Point","coordinates":[-0.133917,51.503983]}},{"id":"36","type":"Feature","properties":{"layer":0},"geometry":{"type":"Point","coordinates":[-0.098147,51.5265]}},{"id":"37","type":"Feature","properties":{"layer":0},"geometry":{"type":"Point","coordinates":[-0.148515,51.526874]}},{"id":"38","type":"Feature","properties":{"layer":0},"geometry":{"type":"Point","coordinates":[-0.141963,51.489208]}},{"id":"39","type":"Feature","properties":{"layer":0},"geometry":{"type":"Point","coordinates":[-0.045656,51.462469]}},{"id":"40","type":"Feature","properties":{"layer":0},"geometry":{"type":"Point","coordinates":[-0.075498,51.58851]}},{"id":"41","type":"Feature","properties":{"layer":0},"geometry":{"type":"Point","coordinates":[-0.124883,51.435831]}},{"id":"42","type":"Feature","properties":{"layer":0},"geometry":{"type":"Point","coordinates":[-0.055237,51.485689]}},{"id":"43","type":"Feature","properties":{"layer":0},"geometry":{"type":"Point","coordinates":[-0.209547,51.560798]}},{"id":"44","type":"Feature","properties":{"layer":0},"geometry":{"type":"Point","coordinates":[-0.169675,51.508174]}},{"id":"45","type":"Feature","properties":{"layer":0},"geometry":{"type":"Point","coordinates":[-0.00497,51.456047]}},{"id":"46","type":"Feature","properties":{"layer":0},"geometry":{"type":"Point","coordinates":[-0.144445,51.458438]}},{"id":"47","type":"Feature","properties":{"layer":0},"geometry":{"type":"Point","coordinates":[-0.025966,51.550879]}},{"id":"48","type":"Feature","properties":{"layer":0},"geometry":{"type":"Point","coordinates":[-0.144647,51.442384]}},{"id":"49","type":"Feature","properties":{"layer":0},"geometry":{"type":"Point","coordinates":[-0.084645,51.487635]}},{"id":"50","type":"Feature","properties":{"layer":0},"geometry":{"type":"Point","coordinates":[-0.158465,51.565078]}},{"id":"51","type":"Feature","properties":{"layer":0},"geometry":{"type":"Point","coordinates":[-0.092342,51.593904]}},{"id":"52","type":"Feature","properties":{"layer":0},"geometry":{"type":"Point","coordinates":[-0.037916,51.52948]}},{"id":"53","type":"Feature","properties":{"layer":0},"geometry":{"type":"Point","coordinates":[-0.108254,51.557976]}},{"id":"54","type":"Feature","properties":{"layer":0},"geometry":{"type":"Point","coordinates":[-0.085806,51.657295]}},{"id":"55","type":"Feature","properties":{"layer":0},"geometry":{"type":"Point","coordinates":[-0.122366,51.485091]}},{"id":"56","type":"Feature","properties":{"layer":0},"geometry":{"type":"Point","coordinates":[-0.150573,51.465798]}},{"id":"57","type":"Feature","properties":{"layer":0},"geometry":{"type":"Point","coordinates":[-0.069814,51.518733]}},{"id":"58","type":"Feature","properties":{"layer":0},"geometry":{"type":"Point","coordinates":[-0.134962,51.56567]}},{"id":"59","type":"Feature","properties":{"layer":0},"geometry":{"type":"Point","coordinates":[-0.116063,51.331505]}},{"id":"60","type":"Feature","properties":{"layer":0},"geometry":{"type":"Point","coordinates":[-0.081545,51.548164]}},{"id":"61","type":"Feature","properties":{"layer":0},"geometry":{"type":"Point","coordinates":[-0.100476,51.606988]}},{"id":"62","type":"Feature","properties":{"layer":0},"geometry":{"type":"Point","coordinates":[-0.062948,51.478266]}},{"id":"63","type":"Feature","properties":{"layer":0},"geometry":{"type":"Point","coordinates":[-0.020662,51.513856]}},{"id":"64","type":"Feature","properties":{"layer":0},"geometry":{"type":"Point","coordinates":[0.040114,51.330321]}},{"id":"65","type":"Feature","properties":{"layer":0},"geometry":{"type":"Point","coordinates":[-0.056781,51.540519]}},{"id":"66","type":"Feature","properties":{"layer":0},"geometry":{"type":"Point","coordinates":[-0.08741,51.6191]}},{"id":"67","type":"Feature","properties":{"layer":0},"geometry":{"type":"Point","coordinates":[-0.127973,51.538031]}},{"id":"68","type":"Feature","properties":{"layer":0},"geometry":{"type":"Point","coordinates":[-0.076155,51.470898]}},{"id":"69","type":"Feature","properties":{"layer":0},"geometry":{"type":"Point","coordinates":[-0.280459,51.553068]}},{"id":"70","type":"Feature","properties":{"layer":0},"geometry":{"type":"Point","coordinates":[-0.244232,51.38621]}},{"id":"71","type":"Feature","properties":{"layer":0},"geometry":{"type":"Point","coordinates":[0.06595,51.443553]}},{"id":"72","type":"Feature","properties":{"layer":0},"geometry":{"type":"Point","coordinates":[0.223934,51.570231]}},{"id":"73","type":"Feature","properties":{"layer":0},"geometry":{"type":"Point","coordinates":[-0.142276,51.609353]}},{"id":"74","type":"Feature","properties":{"layer":0},"geometry":{"type":"Point","coordinates":[-0.183968,51.465611]}},{"id":"75","type":"Feature","properties":{"layer":0},"geometry":{"type":"Point","coordinates":[-0.252786,51.454164]}},{"id":"76","type":"Feature","properties":{"layer":0},"geometry":{"type":"Point","coordinates":[-0.194154,51.474252]}},{"id":"77","type":"Feature","properties":{"layer":0},"geometry":{"type":"Point","coordinates":[-0.227878,51.533962]}},{"id":"78","type":"Feature","properties":{"layer":0},"geometry":{"type":"Point","coordinates":[-0.262896,51.513081]}},{"id":"79","type":"Feature","properties":{"layer":0},"geometry":{"type":"Point","coordinates":[-0.083706,51.573053]}},{"id":"80","type":"Feature","properties":{"layer":0},"geometry":{"type":"Point","coordinates":[-0.028222,51.50703]}},{"id":"81","type":"Feature","properties":{"layer":0},"geometry":{"type":"Point","coordinates":[-0.096683,51.455072]}},{"id":"82","type":"Feature","properties":{"layer":0},"geometry":{"type":"Point","coordinates":[-0.103609,51.363352]}},{"id":"83","type":"Feature","properties":{"layer":0},"geometry":{"type":"Point","coordinates":[-0.070077,51.434676]}},{"id":"84","type":"Feature","properties":{"layer":0},"geometry":{"type":"Point","coordinates":[-0.116246,51.535611]}},{"id":"85","type":"Feature","properties":{"layer":0},"geometry":{"type":"Point","coordinates":[-0.401848,51.560448]}},{"id":"86","type":"Feature","properties":{"layer":0},"geometry":{"type":"Point","coordinates":[0.02186,51.479775]}},{"id":"87","type":"Feature","properties":{"layer":0},"geometry":{"type":"Point","coordinates":[-0.089447,51.472894]}},{"id":"88","type":"Feature","properties":{"layer":0},"geometry":{"type":"Point","coordinates":[-0.389125,51.546577]}},{"id":"89","type":"Feature","properties":{"layer":0},"geometry":{"type":"Point","coordinates":[-0.031833,51.499854]}},{"id":"90","type":"Feature","properties":{"layer":0},"geometry":{"type":"Point","coordinates":[-0.017067,51.519514]}},{"id":"91","type":"Feature","properties":{"layer":0},"geometry":{"type":"Point","coordinates":[-0.051621,51.541925]}},{"id":"92","type":"Feature","properties":{"layer":0},"geometry":{"type":"Point","coordinates":[-0.086979,51.572501]}},{"id":"93","type":"Feature","properties":{"layer":0},"geometry":{"type":"Point","coordinates":[-0.249702,51.407241]}},{"id":"94","type":"Feature","properties":{"layer":0},"geometry":{"type":"Point","coordinates":[-0.149215,51.524801]}},{"id":"95","type":"Feature","properties":{"layer":0},"geometry":{"type":"Point","coordinates":[-0.074563,51.405774]}},{"id":"96","type":"Feature","properties":{"layer":0},"geometry":{"type":"Point","coordinates":[-0.084364,51.47383]}},{"id":"97","type":"Feature","properties":{"layer":0},"geometry":{"type":"Point","coordinates":[-0.113895,51.570156]}},{"id":"98","type":"Feature","properties":{"layer":0},"geometry":{"type":"Point","coordinates":[0.115775,51.390516]}},{"id":"99","type":"Feature","properties":{"layer":0},"geometry":{"type":"Point","coordinates":[-0.064132,51.610257]}},{"id":"100","type":"Feature","properties":{"layer":0},"geometry":{"type":"Point","coordinates":[-0.05776,51.442863]}},{"id":"101","type":"Feature","properties":{"layer":0},"geometry":{"type":"Point","coordinates":[0.024449,51.593292]}},{"id":"102","type":"Feature","properties":{"layer":0},"geometry":{"type":"Point","coordinates":[-0.091,51.460464]}},{"id":"103","type":"Feature","properties":{"layer":0},"geometry":{"type":"Point","coordinates":[-0.128093,51.568129]}},{"id":"104","type":"Feature","properties":{"layer":0},"geometry":{"type":"Point","coordinates":[-0.13022,51.554674]}},{"id":"105","type":"Feature","properties":{"layer":0},"geometry":{"type":"Point","coordinates":[0.151503,51.560559]}},{"id":"106","type":"Feature","properties":{"layer":0},"geometry":{"type":"Point","coordinates":[-0.04122,51.572969]}},{"id":"107","type":"Feature","properties":{"layer":0},"geometry":{"type":"Point","coordinates":[-0.104974,51.500139]}},{"id":"108","type":"Feature","properties":{"layer":0},"geometry":{"type":"Point","coordinates":[0.129747,51.447868]}},{"id":"109","type":"Feature","properties":{"layer":0},"geometry":{"type":"Point","coordinates":[-0.050951,51.457267]}},{"id":"110","type":"Feature","properties":{"layer":0},"geometry":{"type":"Point","coordinates":[0.143022,51.397474]}},{"id":"111","type":"Feature","properties":{"layer":0},"geometry":{"type":"Point","coordinates":[-0.089972,51.526959]}},{"id":"112","type":"Feature","properties":{"layer":0},"geometry":{"type":"Point","coordinates":[-0.148805,51.409666]}},{"id":"113","type":"Feature","properties":{"layer":0},"geometry":{"type":"Point","coordinates":[0.173202,51.537165]}},{"id":"114","type":"Feature","properties":{"layer":0},"geometry":{"type":"Point","coordinates":[-0.107464,51.600227]}},{"id":"115","type":"Feature","properties":{"layer":0},"geometry":{"type":"Point","coordinates":[-0.149733,51.465312]}},{"id":"116","type":"Feature","properties":{"layer":0},"geometry":{"type":"Point","coordinates":[-0.129263,51.460355]}},{"id":"117","type":"Feature","properties":{"layer":0},"geometry":{"type":"Point","coordinates":[-0.105506,51.445815]}},{"id":"118","type":"Feature","properties":{"layer":0},"geometry":{"type":"Point","coordinates":[-0.188341,51.538592]}},{"id":"119","type":"Feature","properties":{"layer":0},"geometry":{"type":"Point","coordinates":[-0.101128,51.463706]}},{"id":"120","type":"Feature","properties":{"layer":0},"geometry":{"type":"Point","coordinates":[-0.144508,51.474959]}},{"id":"121","type":"Feature","properties":{"layer":0},"geometry":{"type":"Point","coordinates":[-0.05471,51.43807]}},{"id":"122","type":"Feature","properties":{"layer":0},"geometry":{"type":"Point","coordinates":[-0.125734,51.545682]}},{"id":"123","type":"Feature","properties":{"layer":0},"geometry":{"type":"Point","coordinates":[0.120527,51.492954]}},{"id":"124","type":"Feature","properties":{"layer":0},"geometry":{"type":"Point","coordinates":[-0.135088,51.648579]}},{"id":"125","type":"Feature","properties":{"layer":0},"geometry":{"type":"Point","coordinates":[-0.146924,51.471917]}},{"id":"126","type":"Feature","properties":{"layer":0},"geometry":{"type":"Point","coordinates":[-0.187268,51.492555]}},{"id":"127","type":"Feature","properties":{"layer":0},"geometry":{"type":"Point","coordinates":[-0.162622,51.542288]}},{"id":"128","type":"Feature","properties":{"layer":0},"geometry":{"type":"Point","coordinates":[0.034946,51.543896]}},{"id":"129","type":"Feature","properties":{"layer":0},"geometry":{"type":"Point","coordinates":[-0.163593,51.580776]}},{"id":"130","type":"Feature","properties":{"layer":0},"geometry":{"type":"Point","coordinates":[-0.077923,51.543811]}},{"id":"131","type":"Feature","properties":{"layer":0},"geometry":{"type":"Point","coordinates":[-0.266375,51.559099]}},{"id":"132","type":"Feature","properties":{"layer":0},"geometry":{"type":"Point","coordinates":[-0.085819,51.481235]}},{"id":"133","type":"Feature","properties":{"layer":0},"geometry":{"type":"Point","coordinates":[-0.408837,51.466313]}},{"id":"134","type":"Feature","properties":{"layer":0},"geometry":{"type":"Point","coordinates":[-0.139782,51.418868]}},{"id":"135","type":"Feature","properties":{"layer":0},"geometry":{"type":"Point","coordinates":[-0.112948,51.503811]}},{"id":"136","type":"Feature","properties":{"layer":0},"geometry":{"type":"Point","coordinates":[-0.018918,51.424909]}},{"id":"137","type":"Feature","properties":{"layer":0},"geometry":{"type":"Point","coordinates":[-0.154642,51.4827]}},{"id":"138","type":"Feature","properties":{"layer":0},"geometry":{"type":"Point","coordinates":[-0.110515,51.460455]}},{"id":"139","type":"Feature","properties":{"layer":0},"geometry":{"type":"Point","coordinates":[-0.109466,51.526104]}},{"id":"140","type":"Feature","properties":{"layer":0},"geometry":{"type":"Point","coordinates":[-0.239422,51.421725]}},{"id":"141","type":"Feature","properties":{"layer":0},"geometry":{"type":"Point","coordinates":[-0.152954,51.562624]}},{"id":"142","type":"Feature","properties":{"layer":0},"geometry":{"type":"Point","coordinates":[-0.021933,51.610193]}},{"id":"143","type":"Feature","properties":{"layer":0},"geometry":{"type":"Point","coordinates":[-0.029065,51.429668]}},{"id":"144","type":"Feature","properties":{"layer":0},"geometry":{"type":"Point","coordinates":[-0.099556,51.491833]}},{"id":"145","type":"Feature","properties":{"layer":0},"geometry":{"type":"Point","coordinates":[-0.239424,51.382114]}},{"id":"146","type":"Feature","properties":{"layer":0},"geometry":{"type":"Point","coordinates":[0.069307,51.371127]}},{"id":"147","type":"Feature","properties":{"layer":0},"geometry":{"type":"Point","coordinates":[-0.024759,51.643912]}},{"id":"148","type":"Feature","properties":{"layer":0},"geometry":{"type":"Point","coordinates":[-0.014813,51.484608]}},{"id":"149","type":"Feature","properties":{"layer":0},"geometry":{"type":"Point","coordinates":[-0.041069,51.533965]}},{"id":"150","type":"Feature","properties":{"layer":0},"geometry":{"type":"Point","coordinates":[-0.099261,51.474421]}},{"id":"151","type":"Feature","properties":{"layer":0},"geometry":{"type":"Point","coordinates":[-0.172939,51.503236]}},{"id":"152","type":"Feature","properties":{"layer":0},"geometry":{"type":"Point","coordinates":[-0.030508,51.42147]}},{"id":"153","type":"Feature","properties":{"layer":0},"geometry":{"type":"Point","coordinates":[-0.295051,51.464839]}},{"id":"154","type":"Feature","properties":{"layer":0},"geometry":{"type":"Point","coordinates":[-0.043847,51.474116]}},{"id":"155","type":"Feature","properties":{"layer":0},"geometry":{"type":"Point","coordinates":[-0.232509,51.501935]}},{"id":"156","type":"Feature","properties":{"layer":0},"geometry":{"type":"Point","coordinates":[-0.069471,51.558612]}},{"id":"157","type":"Feature","properties":{"layer":0},"geometry":{"type":"Point","coordinates":[-0.21725,51.48534]}},{"id":"158","type":"Feature","properties":{"layer":0},"geometry":{"type":"Point","coordinates":[-0.103452,51.435367]}},{"id":"159","type":"Feature","properties":{"layer":0},"geometry":{"type":"Point","coordinates":[-0.177073,51.473488]}},{"id":"160","type":"Feature","properties":{"layer":0},"geometry":{"type":"Point","coordinates":[-0.116749,51.572575]}},{"id":"161","type":"Feature","properties":{"layer":0},"geometry":{"type":"Point","coordinates":[-0.061833,51.475254]}},{"id":"162","type":"Feature","properties":{"layer":0},"geometry":{"type":"Point","coordinates":[-0.028316,51.48669]}},{"id":"163","type":"Feature","properties":{"layer":0},"geometry":{"type":"Point","coordinates":[-0.115898,51.469219]}},{"id":"164","type":"Feature","properties":{"layer":0},"geometry":{"type":"Point","coordinates":[-0.065916,51.604405]}},{"id":"165","type":"Feature","properties":{"layer":0},"geometry":{"type":"Point","coordinates":[0.06125,51.462515]}},{"id":"166","type":"Feature","properties":{"layer":0},"geometry":{"type":"Point","coordinates":[-0.46454,51.477159]}},{"id":"167","type":"Feature","properties":{"layer":0},"geometry":{"type":"Point","coordinates":[-0.4116,51.542651]}},{"id":"168","type":"Feature","properties":{"layer":0},"geometry":{"type":"Point","coordinates":[-0.08189,51.515737]}},{"id":"169","type":"Feature","properties":{"layer":0},"geometry":{"type":"Point","coordinates":[-0.249516,51.51397]}},{"id":"170","type":"Feature","properties":{"layer":0},"geometry":{"type":"Point","coordinates":[-0.193533,51.524984]}},{"id":"171","type":"Feature","properties":{"layer":0},"geometry":{"type":"Point","coordinates":[-0.004012,51.44043]}},{"id":"172","type":"Feature","properties":{"layer":0},"geometry":{"type":"Point","coordinates":[-0.191332,51.53121]}},{"id":"173","type":"Feature","properties":{"layer":0},"geometry":{"type":"Point","coordinates":[-0.002245,51.482509]}},{"id":"174","type":"Feature","properties":{"layer":0},"geometry":{"type":"Point","coordinates":[0.162821,51.554538]}},{"id":"175","type":"Feature","properties":{"layer":0},"geometry":{"type":"Point","coordinates":[-0.021829,51.537826]}},{"id":"176","type":"Feature","properties":{"layer":0},"geometry":{"type":"Point","coordinates":[-0.204442,51.415892]}},{"id":"177","type":"Feature","properties":{"layer":0},"geometry":{"type":"Point","coordinates":[-0.109399,51.525036]}},{"id":"178","type":"Feature","properties":{"layer":0},"geometry":{"type":"Point","coordinates":[-0.096632,51.460475]}},{"id":"179","type":"Feature","properties":{"layer":0},"geometry":{"type":"Point","coordinates":[0.001783,51.508285]}},{"id":"180","type":"Feature","properties":{"layer":0},"geometry":{"type":"Point","coordinates":[0.015518,51.480612]}},{"id":"181","type":"Feature","properties":{"layer":0},"geometry":{"type":"Point","coordinates":[-0.153357,51.418788]}},{"id":"182","type":"Feature","properties":{"layer":0},"geometry":{"type":"Point","coordinates":[-0.174564,51.446349]}},{"id":"183","type":"Feature","properties":{"layer":0},"geometry":{"type":"Point","coordinates":[-0.075177,51.456931]}},{"id":"184","type":"Feature","properties":{"layer":0},"geometry":{"type":"Point","coordinates":[-0.008864,51.545282]}},{"id":"185","type":"Feature","properties":{"layer":0},"geometry":{"type":"Point","coordinates":[0.034406,51.553444]}},{"id":"186","type":"Feature","properties":{"layer":0},"geometry":{"type":"Point","coordinates":[-0.08173,51.438011]}},{"id":"187","type":"Feature","properties":{"layer":0},"geometry":{"type":"Point","coordinates":[-0.030858,51.482399]}},{"id":"188","type":"Feature","properties":{"layer":0},"geometry":{"type":"Point","coordinates":[-0.279931,51.374738]}},{"id":"189","type":"Feature","properties":{"layer":0},"geometry":{"type":"Point","coordinates":[0.020453,51.523169]}},{"id":"190","type":"Feature","properties":{"layer":0},"geometry":{"type":"Point","coordinates":[-0.104042,51.546142]}},{"id":"191","type":"Feature","properties":{"layer":0},"geometry":{"type":"Point","coordinates":[-0.093856,51.447412]}},{"id":"192","type":"Feature","properties":{"layer":0},"geometry":{"type":"Point","coordinates":[-0.10118,51.551912]}},{"id":"193","type":"Feature","properties":{"layer":0},"geometry":{"type":"Point","coordinates":[-0.197565,51.500718]}},{"id":"194","type":"Feature","properties":{"layer":0},"geometry":{"type":"Point","coordinates":[-0.050014,51.432243]}},{"id":"195","type":"Feature","properties":{"layer":0},"geometry":{"type":"Point","coordinates":[-0.169516,51.465893]}},{"id":"196","type":"Feature","properties":{"layer":0},"geometry":{"type":"Point","coordinates":[-0.108035,51.433512]}},{"id":"197","type":"Feature","properties":{"layer":0},"geometry":{"type":"Point","coordinates":[-0.171679,51.473591]}},{"id":"198","type":"Feature","properties":{"layer":0},"geometry":{"type":"Point","coordinates":[-0.207954,51.426469]}},{"id":"199","type":"Feature","properties":{"layer":0},"geometry":{"type":"Point","coordinates":[-0.055105,51.458108]}},{"id":"200","type":"Feature","properties":{"layer":0},"geometry":{"type":"Point","coordinates":[-0.064634,51.649115]}},{"id":"201","type":"Feature","properties":{"layer":0},"geometry":{"type":"Point","coordinates":[-0.00508,51.49017]}},{"id":"202","type":"Feature","properties":{"layer":0},"geometry":{"type":"Point","coordinates":[-0.12735,51.483142]}},{"id":"203","type":"Feature","properties":{"layer":0},"geometry":{"type":"Point","coordinates":[-0.207833,51.553285]}},{"id":"204","type":"Feature","properties":{"layer":0},"geometry":{"type":"Point","coordinates":[-0.137226,51.467596]}},{"id":"205","type":"Feature","properties":{"layer":0},"geometry":{"type":"Point","coordinates":[-0.129698,51.552187]}},{"id":"206","type":"Feature","properties":{"layer":0},"geometry":{"type":"Point","coordinates":[-0.172099,51.517341]}},{"id":"207","type":"Feature","properties":{"layer":0},"geometry":{"type":"Point","coordinates":[-0.04888,51.437709]}},{"id":"208","type":"Feature","properties":{"layer":0},"geometry":{"type":"Point","coordinates":[-0.050944,51.419142]}},{"id":"209","type":"Feature","properties":{"layer":0},"geometry":{"type":"Point","coordinates":[-0.100724,51.424755]}},{"id":"210","type":"Feature","properties":{"layer":0},"geometry":{"type":"Point","coordinates":[-0.087077,51.485763]}},{"id":"211","type":"Feature","properties":{"layer":0},"geometry":{"type":"Point","coordinates":[-0.063828,51.549988]}},{"id":"212","type":"Feature","properties":{"layer":0},"geometry":{"type":"Point","coordinates":[-0.096079,51.43284]}},{"id":"213","type":"Feature","properties":{"layer":0},"geometry":{"type":"Point","coordinates":[-0.264926,51.574647]}},{"id":"214","type":"Feature","properties":{"layer":0},"geometry":{"type":"Point","coordinates":[-0.149393,51.459819]}},{"id":"215","type":"Feature","properties":{"layer":0},"geometry":{"type":"Point","coordinates":[-0.191865,51.533475]}},{"id":"216","type":"Feature","properties":{"layer":0},"geometry":{"type":"Point","coordinates":[-0.093733,51.632625]}},{"id":"217","type":"Feature","properties":{"layer":0},"geometry":{"type":"Point","coordinates":[-0.033335,51.50257]}},{"id":"218","type":"Feature","properties":{"layer":0},"geometry":{"type":"Point","coordinates":[-0.172141,51.478508]}},{"id":"219","type":"Feature","properties":{"layer":0},"geometry":{"type":"Point","coordinates":[-0.128645,51.459715]}},{"id":"220","type":"Feature","properties":{"layer":0},"geometry":{"type":"Point","coordinates":[-0.211292,51.527848]}},{"id":"221","type":"Feature","properties":{"layer":0},"geometry":{"type":"Point","coordinates":[-0.13141,51.577149]}},{"id":"222","type":"Feature","properties":{"layer":0},"geometry":{"type":"Point","coordinates":[-0.158543,51.524604]}},{"id":"223","type":"Feature","properties":{"layer":0},"geometry":{"type":"Point","coordinates":[-0.046862,51.522136]}},{"id":"224","type":"Feature","properties":{"layer":0},"geometry":{"type":"Point","coordinates":[-0.010218,51.511933]}},{"id":"225","type":"Feature","properties":{"layer":0},"geometry":{"type":"Point","coordinates":[-0.008272,51.431485]}},{"id":"226","type":"Feature","properties":{"layer":0},"geometry":{"type":"Point","coordinates":[-0.165686,51.53229]}},{"id":"227","type":"Feature","properties":{"layer":0},"geometry":{"type":"Point","coordinates":[-0.143174,51.537739]}},{"id":"228","type":"Feature","properties":{"layer":0},"geometry":{"type":"Point","coordinates":[-0.133446,51.526289]}},{"id":"229","type":"Feature","properties":{"layer":0},"geometry":{"type":"Point","coordinates":[0.080435,51.346964]}},{"id":"230","type":"Feature","properties":{"layer":0},"geometry":{"type":"Point","coordinates":[0.096206,51.602087]}},{"id":"231","type":"Feature","properties":{"layer":0},"geometry":{"type":"Point","coordinates":[-0.109641,51.539955]}},{"id":"232","type":"Feature","properties":{"layer":0},"geometry":{"type":"Point","coordinates":[-0.105758,51.584492]}},{"id":"233","type":"Feature","properties":{"layer":0},"geometry":{"type":"Point","coordinates":[-0.090424,51.487176]}},{"id":"234","type":"Feature","properties":{"layer":0},"geometry":{"type":"Point","coordinates":[-0.087456,51.539178]}},{"id":"235","type":"Feature","properties":{"layer":0},"geometry":{"type":"Point","coordinates":[-0.017332,51.492056]}},{"id":"236","type":"Feature","properties":{"layer":0},"geometry":{"type":"Point","coordinates":[-0.027042,51.564355]}},{"id":"237","type":"Feature","properties":{"layer":0},"geometry":{"type":"Point","coordinates":[-0.18486,51.5344]}},{"id":"238","type":"Feature","properties":{"layer":0},"geometry":{"type":"Point","coordinates":[-0.059905,51.5252]}},{"id":"239","type":"Feature","properties":{"layer":0},"geometry":{"type":"Point","coordinates":[0.024205,51.420677]}},{"id":"240","type":"Feature","properties":{"layer":0},"geometry":{"type":"Point","coordinates":[-0.157383,51.633031]}},{"id":"241","type":"Feature","properties":{"layer":0},"geometry":{"type":"Point","coordinates":[-0.142852,51.528412]}},{"id":"242","type":"Feature","properties":{"layer":0},"geometry":{"type":"Point","coordinates":[-0.10951,51.659022]}},{"id":"243","type":"Feature","properties":{"layer":0},"geometry":{"type":"Point","coordinates":[-0.13107,51.454912]}},{"id":"244","type":"Feature","properties":{"layer":0},"geometry":{"type":"Point","coordinates":[-0.165959,51.486098]}},{"id":"245","type":"Feature","properties":{"layer":0},"geometry":{"type":"Point","coordinates":[-0.193369,51.495917]}},{"id":"246","type":"Feature","properties":{"layer":0},"geometry":{"type":"Point","coordinates":[-0.154675,51.550745]}},{"id":"247","type":"Feature","properties":{"layer":0},"geometry":{"type":"Point","coordinates":[-0.075125,51.503374]}},{"id":"248","type":"Feature","properties":{"layer":0},"geometry":{"type":"Point","coordinates":[-0.092755,51.530313]}},{"id":"249","type":"Feature","properties":{"layer":0},"geometry":{"type":"Point","coordinates":[-0.163549,51.496578]}},{"id":"250","type":"Feature","properties":{"layer":0},"geometry":{"type":"Point","coordinates":[-0.173929,51.474793]}},{"id":"251","type":"Feature","properties":{"layer":0},"geometry":{"type":"Point","coordinates":[-0.120042,51.399718]}},{"id":"252","type":"Feature","properties":{"layer":0},"geometry":{"type":"Point","coordinates":[-0.232764,51.656462]}},{"id":"253","type":"Feature","properties":{"layer":0},"geometry":{"type":"Point","coordinates":[-0.15351,51.526007]}},{"id":"254","type":"Feature","properties":{"layer":0},"geometry":{"type":"Point","coordinates":[-0.267201,51.450215]}},{"id":"255","type":"Feature","properties":{"layer":0},"geometry":{"type":"Point","coordinates":[-0.116158,51.423071]}},{"id":"256","type":"Feature","properties":{"layer":0},"geometry":{"type":"Point","coordinates":[-0.008339,51.521605]}},{"id":"257","type":"Feature","properties":{"layer":0},"geometry":{"type":"Point","coordinates":[-0.010861,51.510344]}},{"id":"258","type":"Feature","properties":{"layer":0},"geometry":{"type":"Point","coordinates":[-0.184881,51.361151]}},{"id":"259","type":"Feature","properties":{"layer":0},"geometry":{"type":"Point","coordinates":[-0.272452,51.441869]}},{"id":"260","type":"Feature","properties":{"layer":0},"geometry":{"type":"Point","coordinates":[-0.139167,51.45258]}},{"id":"261","type":"Feature","properties":{"layer":0},"geometry":{"type":"Point","coordinates":[-0.093264,51.493489]}},{"id":"262","type":"Feature","properties":{"layer":0},"geometry":{"type":"Point","coordinates":[-0.102224,51.593382]}},{"id":"263","type":"Feature","properties":{"layer":0},"geometry":{"type":"Point","coordinates":[-0.090563,51.305157]}},{"id":"264","type":"Feature","properties":{"layer":0},"geometry":{"type":"Point","coordinates":[-0.067964,51.545007]}},{"id":"265","type":"Feature","properties":{"layer":0},"geometry":{"type":"Point","coordinates":[-0.074697,51.470575]}},{"id":"266","type":"Feature","properties":{"layer":0},"geometry":{"type":"Point","coordinates":[-0.092536,51.474483]}},{"id":"267","type":"Feature","properties":{"layer":0},"geometry":{"type":"Point","coordinates":[-0.034202,51.53543]}},{"id":"268","type":"Feature","properties":{"layer":0},"geometry":{"type":"Point","coordinates":[-0.343944,51.502378]}},{"id":"269","type":"Feature","properties":{"layer":0},"geometry":{"type":"Point","coordinates":[-0.092749,51.523188]}},{"id":"270","type":"Feature","properties":{"layer":0},"geometry":{"type":"Point","coordinates":[-0.190378,51.528753]}},{"id":"271","type":"Feature","properties":{"layer":0},"geometry":{"type":"Point","coordinates":[-0.143665,51.486715]}},{"id":"272","type":"Feature","properties":{"layer":0},"geometry":{"type":"Point","coordinates":[-0.200227,51.570693]}},{"id":"273","type":"Feature","properties":{"layer":0},"geometry":{"type":"Point","coordinates":[-0.14015,51.485975]}},{"id":"274","type":"Feature","properties":{"layer":0},"geometry":{"type":"Point","coordinates":[-0.2142,51.660655]}},{"id":"275","type":"Feature","properties":{"layer":0},"geometry":{"type":"Point","coordinates":[-0.178,51.529206]}},{"id":"276","type":"Feature","properties":{"layer":0},"geometry":{"type":"Point","coordinates":[-0.171159,51.544053]}},{"id":"277","type":"Feature","properties":{"layer":0},"geometry":{"type":"Point","coordinates":[-0.081447,51.534345]}},{"id":"278","type":"Feature","properties":{"layer":0},"geometry":{"type":"Point","coordinates":[0.047517,51.54753]}},{"id":"279","type":"Feature","properties":{"layer":0},"geometry":{"type":"Point","coordinates":[-0.124461,51.444206]}},{"id":"280","type":"Feature","properties":{"layer":0},"geometry":{"type":"Point","coordinates":[-0.13824,51.453936]}},{"id":"281","type":"Feature","properties":{"layer":0},"geometry":{"type":"Point","coordinates":[-0.152577,51.491258]}},{"id":"282","type":"Feature","properties":{"layer":0},"geometry":{"type":"Point","coordinates":[0.029108,51.537169]}},{"id":"283","type":"Feature","properties":{"layer":0},"geometry":{"type":"Point","coordinates":[-0.162197,51.510539]}},{"id":"284","type":"Feature","properties":{"layer":0},"geometry":{"type":"Point","coordinates":[0.056392,51.335997]}},{"id":"285","type":"Feature","properties":{"layer":0},"geometry":{"type":"Point","coordinates":[0.069982,51.465427]}},{"id":"286","type":"Feature","properties":{"layer":0},"geometry":{"type":"Point","coordinates":[-0.199294,51.521822]}},{"id":"287","type":"Feature","properties":{"layer":0},"geometry":{"type":"Point","coordinates":[-0.117557,51.492997]}},{"id":"288","type":"Feature","properties":{"layer":0},"geometry":{"type":"Point","coordinates":[-0.085104,51.598891]}},{"id":"289","type":"Feature","properties":{"layer":0},"geometry":{"type":"Point","coordinates":[-0.12444,51.609488]}},{"id":"290","type":"Feature","properties":{"layer":0},"geometry":{"type":"Point","coordinates":[-0.061199,51.482919]}},{"id":"291","type":"Feature","properties":{"layer":0},"geometry":{"type":"Point","coordinates":[-0.321393,51.485204]}},{"id":"292","type":"Feature","properties":{"layer":0},"geometry":{"type":"Point","coordinates":[-0.078587,51.583128]}},{"id":"293","type":"Feature","properties":{"layer":0},"geometry":{"type":"Point","coordinates":[-0.23692,51.490366]}},{"id":"294","type":"Feature","properties":{"layer":0},"geometry":{"type":"Point","coordinates":[-0.110545,51.53038]}},{"id":"295","type":"Feature","properties":{"layer":0},"geometry":{"type":"Point","coordinates":[-0.036172,51.528221]}},{"id":"296","type":"Feature","properties":{"layer":0},"geometry":{"type":"Point","coordinates":[-0.199123,51.496649]}},{"id":"297","type":"Feature","properties":{"layer":0},"geometry":{"type":"Point","coordinates":[-0.050349,51.405642]}},{"id":"298","type":"Feature","properties":{"layer":0},"geometry":{"type":"Point","coordinates":[0.008703,51.42189]}},{"id":"299","type":"Feature","properties":{"layer":0},"geometry":{"type":"Point","coordinates":[-0.146393,51.600112]}},{"id":"300","type":"Feature","properties":{"layer":0},"geometry":{"type":"Point","coordinates":[-0.113501,51.429365]}},{"id":"301","type":"Feature","properties":{"layer":0},"geometry":{"type":"Point","coordinates":[-0.099707,51.471863]}},{"id":"302","type":"Feature","properties":{"layer":0},"geometry":{"type":"Point","coordinates":[-0.054759,51.443476]}},{"id":"303","type":"Feature","properties":{"layer":0},"geometry":{"type":"Point","coordinates":[-0.129383,51.569757]}},{"id":"304","type":"Feature","properties":{"layer":0},"geometry":{"type":"Point","coordinates":[-0.120084,51.507384]}},{"id":"305","type":"Feature","properties":{"layer":0},"geometry":{"type":"Point","coordinates":[-0.147989,51.605562]}},{"id":"306","type":"Feature","properties":{"layer":0},"geometry":{"type":"Point","coordinates":[0.07641,51.36377]}},{"id":"307","type":"Feature","properties":{"layer":0},"geometry":{"type":"Point","coordinates":[-0.001307,51.542852]}},{"id":"308","type":"Feature","properties":{"layer":0},"geometry":{"type":"Point","coordinates":[-0.256701,51.491367]}},{"id":"309","type":"Feature","properties":{"layer":0},"geometry":{"type":"Point","coordinates":[-0.192705,51.443144]}},{"id":"310","type":"Feature","properties":{"layer":0},"geometry":{"type":"Point","coordinates":[-0.175073,51.429836]}},{"id":"311","type":"Feature","properties":{"layer":0},"geometry":{"type":"Point","coordinates":[-0.13273,51.376974]}},{"id":"312","type":"Feature","properties":{"layer":0},"geometry":{"type":"Point","coordinates":[-0.116093,51.549407]}},{"id":"313","type":"Feature","properties":{"layer":0},"geometry":{"type":"Point","coordinates":[-0.009921,51.531286]}},{"id":"314","type":"Feature","properties":{"layer":0},"geometry":{"type":"Point","coordinates":[-0.029965,51.545101]}},{"id":"315","type":"Feature","properties":{"layer":0},"geometry":{"type":"Point","coordinates":[-0.138613,51.518824]}},{"id":"316","type":"Feature","properties":{"layer":0},"geometry":{"type":"Point","coordinates":[-0.123094,51.615109]}},{"id":"317","type":"Feature","properties":{"layer":0},"geometry":{"type":"Point","coordinates":[-0.067272,51.417731]}},{"id":"318","type":"Feature","properties":{"layer":0},"geometry":{"type":"Point","coordinates":[-0.327698,51.472529]}},{"id":"319","type":"Feature","properties":{"layer":0},"geometry":{"type":"Point","coordinates":[-0.159174,51.493389]}},{"id":"320","type":"Feature","properties":{"layer":0},"geometry":{"type":"Point","coordinates":[0.015028,51.343219]}},{"id":"321","type":"Feature","properties":{"layer":0},"geometry":{"type":"Point","coordinates":[-0.090444,51.650074]}},{"id":"322","type":"Feature","properties":{"layer":0},"geometry":{"type":"Point","coordinates":[-0.019298,51.557874]}},{"id":"323","type":"Feature","properties":{"layer":0},"geometry":{"type":"Point","coordinates":[-0.134524,51.482124]}},{"id":"324","type":"Feature","properties":{"layer":0},"geometry":{"type":"Point","coordinates":[0.008162,51.502059]}},{"id":"325","type":"Feature","properties":{"layer":0},"geometry":{"type":"Point","coordinates":[-0.148167,51.452409]}},{"id":"326","type":"Feature","properties":{"layer":0},"geometry":{"type":"Point","coordinates":[-0.288776,51.375008]}},{"id":"327","type":"Feature","properties":{"layer":0},"geometry":{"type":"Point","coordinates":[-0.011351,51.485982]}},{"id":"328","type":"Feature","properties":{"layer":0},"geometry":{"type":"Point","coordinates":[-0.138582,51.45009]}},{"id":"329","type":"Feature","properties":{"layer":0},"geometry":{"type":"Point","coordinates":[-0.131923,51.555621]}},{"id":"330","type":"Feature","properties":{"layer":0},"geometry":{"type":"Point","coordinates":[-0.241522,51.513349]}},{"id":"331","type":"Feature","properties":{"layer":0},"geometry":{"type":"Point","coordinates":[-0.199283,51.59356]}},{"id":"332","type":"Feature","properties":{"layer":0},"geometry":{"type":"Point","coordinates":[-0.041218,51.527567]}},{"id":"333","type":"Feature","properties":{"layer":0},"geometry":{"type":"Point","coordinates":[-0.078282,51.356753]}},{"id":"334","type":"Feature","properties":{"layer":0},"geometry":{"type":"Point","coordinates":[-0.150461,51.534942]}},{"id":"335","type":"Feature","properties":{"layer":0},"geometry":{"type":"Point","coordinates":[-0.096716,51.490321]}},{"id":"336","type":"Feature","properties":{"layer":0},"geometry":{"type":"Point","coordinates":[-0.150795,51.561913]}},{"id":"337","type":"Feature","properties":{"layer":0},"geometry":{"type":"Point","coordinates":[-0.14108,51.506095]}},{"id":"338","type":"Feature","properties":{"layer":0},"geometry":{"type":"Point","coordinates":[-0.095553,51.534441]}},{"id":"339","type":"Feature","properties":{"layer":0},"geometry":{"type":"Point","coordinates":[-0.268274,51.378643]}},{"id":"340","type":"Feature","properties":{"layer":0},"geometry":{"type":"Point","coordinates":[-0.150467,51.401273]}},{"id":"341","type":"Feature","properties":{"layer":0},"geometry":{"type":"Point","coordinates":[-0.115735,51.391115]}},{"id":"342","type":"Feature","properties":{"layer":0},"geometry":{"type":"Point","coordinates":[-0.128387,51.485242]}},{"id":"343","type":"Feature","properties":{"layer":0},"geometry":{"type":"Point","coordinates":[-0.064689,51.609667]}},{"id":"344","type":"Feature","properties":{"layer":0},"geometry":{"type":"Point","coordinates":[0.155588,51.475101]}},{"id":"345","type":"Feature","properties":{"layer":0},"geometry":{"type":"Point","coordinates":[0.033333,51.46761]}},{"id":"346","type":"Feature","properties":{"layer":0},"geometry":{"type":"Point","coordinates":[-0.161427,51.456105]}},{"id":"347","type":"Feature","properties":{"layer":0},"geometry":{"type":"Point","coordinates":[-0.007792,51.541671]}},{"id":"348","type":"Feature","properties":{"layer":0},"geometry":{"type":"Point","coordinates":[-0.222486,51.515386]}},{"id":"349","type":"Feature","properties":{"layer":0},"geometry":{"type":"Point","coordinates":[0.01683,51.485625]}},{"id":"350","type":"Feature","properties":{"layer":0},"geometry":{"type":"Point","coordinates":[-0.058665,51.643155]}},{"id":"351","type":"Feature","properties":{"layer":0},"geometry":{"type":"Point","coordinates":[0.060722,51.34162]}},{"id":"352","type":"Feature","properties":{"layer":0},"geometry":{"type":"Point","coordinates":[-0.111721,51.510687]}},{"id":"353","type":"Feature","properties":{"layer":0},"geometry":{"type":"Point","coordinates":[0.162584,51.454418]}},{"id":"354","type":"Feature","properties":{"layer":0},"geometry":{"type":"Point","coordinates":[-0.1052,51.469926]}},{"id":"355","type":"Feature","properties":{"layer":0},"geometry":{"type":"Point","coordinates":[-0.07601,51.461296]}},{"id":"356","type":"Feature","properties":{"layer":0},"geometry":{"type":"Point","coordinates":[-0.109041,51.471631]}},{"id":"357","type":"Feature","properties":{"layer":0},"geometry":{"type":"Point","coordinates":[-0.019543,51.568884]}},{"id":"358","type":"Feature","properties":{"layer":0},"geometry":{"type":"Point","coordinates":[-0.015261,51.558286]}},{"id":"359","type":"Feature","properties":{"layer":0},"geometry":{"type":"Point","coordinates":[-0.159528,51.673159]}},{"id":"360","type":"Feature","properties":{"layer":0},"geometry":{"type":"Point","coordinates":[-0.055807,51.515089]}},{"id":"361","type":"Feature","properties":{"layer":0},"geometry":{"type":"Point","coordinates":[-0.432381,51.556495]}},{"id":"362","type":"Feature","properties":{"layer":0},"geometry":{"type":"Point","coordinates":[-0.135874,51.636639]}},{"id":"363","type":"Feature","properties":{"layer":0},"geometry":{"type":"Point","coordinates":[-0.16546,51.471708]}},{"id":"364","type":"Feature","properties":{"layer":0},"geometry":{"type":"Point","coordinates":[-0.343336,51.51885]}},{"id":"365","type":"Feature","properties":{"layer":0},"geometry":{"type":"Point","coordinates":[-0.162803,51.451025]}},{"id":"366","type":"Feature","properties":{"layer":0},"geometry":{"type":"Point","coordinates":[-0.154025,51.502422]}},{"id":"367","type":"Feature","properties":{"layer":0},"geometry":{"type":"Point","coordinates":[-0.035817,51.588839]}},{"id":"368","type":"Feature","properties":{"layer":0},"geometry":{"type":"Point","coordinates":[-0.07366,51.561235]}},{"id":"369","type":"Feature","properties":{"layer":0},"geometry":{"type":"Point","coordinates":[-0.057873,51.39451]}},{"id":"370","type":"Feature","properties":{"layer":0},"geometry":{"type":"Point","coordinates":[0.028648,51.519619]}},{"id":"371","type":"Feature","properties":{"layer":0},"geometry":{"type":"Point","coordinates":[-0.089737,51.502175]}},{"id":"372","type":"Feature","properties":{"layer":0},"geometry":{"type":"Point","coordinates":[-0.195478,51.453164]}},{"id":"373","type":"Feature","properties":{"layer":0},"geometry":{"type":"Point","coordinates":[-0.274873,51.529262]}},{"id":"374","type":"Feature","properties":{"layer":0},"geometry":{"type":"Point","coordinates":[-0.129233,51.48386]}},{"id":"375","type":"Feature","properties":{"layer":0},"geometry":{"type":"Point","coordinates":[-0.140155,51.43392]}},{"id":"376","type":"Feature","properties":{"layer":0},"geometry":{"type":"Point","coordinates":[-0.164812,51.521154]}},{"id":"377","type":"Feature","properties":{"layer":0},"geometry":{"type":"Point","coordinates":[-0.140243,51.52028]}},{"id":"378","type":"Feature","properties":{"layer":0},"geometry":{"type":"Point","coordinates":[-0.084692,51.429889]}},{"id":"379","type":"Feature","properties":{"layer":0},"geometry":{"type":"Point","coordinates":[-0.033194,51.435981]}},{"id":"380","type":"Feature","properties":{"layer":0},"geometry":{"type":"Point","coordinates":[0.042318,51.56765]}},{"id":"381","type":"Feature","properties":{"layer":0},"geometry":{"type":"Point","coordinates":[-0.187977,51.474642]}},{"id":"382","type":"Feature","properties":{"layer":0},"geometry":{"type":"Point","coordinates":[-0.098195,51.504917]}},{"id":"383","type":"Feature","properties":{"layer":0},"geometry":{"type":"Point","coordinates":[-0.159013,51.578082]}},{"id":"384","type":"Feature","properties":{"layer":0},"geometry":{"type":"Point","coordinates":[-0.129947,51.533861]}},{"id":"385","type":"Feature","properties":{"layer":0},"geometry":{"type":"Point","coordinates":[-0.182614,51.512227]}},{"id":"386","type":"Feature","properties":{"layer":0},"geometry":{"type":"Point","coordinates":[-0.146084,51.479398]}},{"id":"387","type":"Feature","properties":{"layer":0},"geometry":{"type":"Point","coordinates":[-0.07938,51.471124]}},{"id":"388","type":"Feature","properties":{"layer":0},"geometry":{"type":"Point","coordinates":[-0.158088,51.476557]}},{"id":"389","type":"Feature","properties":{"layer":0},"geometry":{"type":"Point","coordinates":[-0.381269,51.575359]}},{"id":"390","type":"Feature","properties":{"layer":0},"geometry":{"type":"Point","coordinates":[0.134479,51.368141]}},{"id":"391","type":"Feature","properties":{"layer":0},"geometry":{"type":"Point","coordinates":[-0.094184,51.484957]}},{"id":"392","type":"Feature","properties":{"layer":0},"geometry":{"type":"Point","coordinates":[-0.14671,51.5487]}},{"id":"393","type":"Feature","properties":{"layer":0},"geometry":{"type":"Point","coordinates":[-0.159325,51.509151]}},{"id":"394","type":"Feature","properties":{"layer":0},"geometry":{"type":"Point","coordinates":[-0.178736,51.542259]}},{"id":"395","type":"Feature","properties":{"layer":0},"geometry":{"type":"Point","coordinates":[-0.113535,51.506731]}},{"id":"396","type":"Feature","properties":{"layer":0},"geometry":{"type":"Point","coordinates":[0.085043,51.453266]}},{"id":"397","type":"Feature","properties":{"layer":0},"geometry":{"type":"Point","coordinates":[0.14411,51.575341]}},{"id":"398","type":"Feature","properties":{"layer":0},"geometry":{"type":"Point","coordinates":[-0.087382,51.502052]}},{"id":"399","type":"Feature","properties":{"layer":0},"geometry":{"type":"Point","coordinates":[0.020959,51.55002]}},{"id":"400","type":"Feature","properties":{"layer":0},"geometry":{"type":"Point","coordinates":[-0.157892,51.56711]}},{"id":"401","type":"Feature","properties":{"layer":0},"geometry":{"type":"Point","coordinates":[-0.010627,51.487871]}},{"id":"402","type":"Feature","properties":{"layer":0},"geometry":{"type":"Point","coordinates":[-0.090871,51.526456]}},{"id":"403","type":"Feature","properties":{"layer":0},"geometry":{"type":"Point","coordinates":[-0.113993,51.621343]}},{"id":"404","type":"Feature","properties":{"layer":0},"geometry":{"type":"Point","coordinates":[-0.141544,51.467943]}},{"id":"405","type":"Feature","properties":{"layer":0},"geometry":{"type":"Point","coordinates":[-0.125485,51.494401]}},{"id":"406","type":"Feature","properties":{"layer":0},"geometry":{"type":"Point","coordinates":[-0.231954,51.55338]}},{"id":"407","type":"Feature","properties":{"layer":0},"geometry":{"type":"Point","coordinates":[-0.127952,51.462907]}},{"id":"408","type":"Feature","properties":{"layer":0},"geometry":{"type":"Point","coordinates":[-0.061275,51.524932]}},{"id":"409","type":"Feature","properties":{"layer":0},"geometry":{"type":"Point","coordinates":[-0.173761,51.505342]}},{"id":"410","type":"Feature","properties":{"layer":0},"geometry":{"type":"Point","coordinates":[-0.158395,51.521186]}},{"id":"411","type":"Feature","properties":{"layer":0},"geometry":{"type":"Point","coordinates":[-0.021173,51.461082]}},{"id":"412","type":"Feature","properties":{"layer":0},"geometry":{"type":"Point","coordinates":[-0.012203,51.49594]}},{"id":"413","type":"Feature","properties":{"layer":0},"geometry":{"type":"Point","coordinates":[-0.234053,51.474969]}},{"id":"414","type":"Feature","properties":{"layer":0},"geometry":{"type":"Point","coordinates":[-0.373041,51.576732]}},{"id":"415","type":"Feature","properties":{"layer":0},"geometry":{"type":"Point","coordinates":[-0.059414,51.465426]}},{"id":"416","type":"Feature","properties":{"layer":0},"geometry":{"type":"Point","coordinates":[-0.139809,51.436918]}},{"id":"417","type":"Feature","properties":{"layer":0},"geometry":{"type":"Point","coordinates":[-0.069123,51.54321]}},{"id":"418","type":"Feature","properties":{"layer":0},"geometry":{"type":"Point","coordinates":[-0.065566,51.472675]}},{"id":"419","type":"Feature","properties":{"layer":0},"geometry":{"type":"Point","coordinates":[-0.086484,51.576815]}},{"id":"420","type":"Feature","properties":{"layer":0},"geometry":{"type":"Point","coordinates":[0.01864,51.51296]}},{"id":"421","type":"Feature","properties":{"layer":0},"geometry":{"type":"Point","coordinates":[-0.162402,51.561483]}},{"id":"422","type":"Feature","properties":{"layer":0},"geometry":{"type":"Point","coordinates":[0.031963,51.308505]}},{"id":"423","type":"Feature","properties":{"layer":0},"geometry":{"type":"Point","coordinates":[-0.078561,51.491876]}},{"id":"424","type":"Feature","properties":{"layer":0},"geometry":{"type":"Point","coordinates":[-0.09295,51.553369]}},{"id":"425","type":"Feature","properties":{"layer":0},"geometry":{"type":"Point","coordinates":[-0.038056,51.513171]}},{"id":"426","type":"Feature","properties":{"layer":0},"geometry":{"type":"Point","coordinates":[-0.120408,51.508467]}},{"id":"427","type":"Feature","properties":{"layer":0},"geometry":{"type":"Point","coordinates":[0.035376,51.334915]}},{"id":"428","type":"Feature","properties":{"layer":0},"geometry":{"type":"Point","coordinates":[-0.120322,51.541574]}},{"id":"429","type":"Feature","properties":{"layer":0},"geometry":{"type":"Point","coordinates":[-0.047208,51.460183]}},{"id":"430","type":"Feature","properties":{"layer":0},"geometry":{"type":"Point","coordinates":[0.003158,51.587021]}},{"id":"431","type":"Feature","properties":{"layer":0},"geometry":{"type":"Point","coordinates":[-0.024668,51.60983]}},{"id":"432","type":"Feature","properties":{"layer":0},"geometry":{"type":"Point","coordinates":[-0.013401,51.434437]}},{"id":"433","type":"Feature","properties":{"layer":0},"geometry":{"type":"Point","coordinates":[-0.132086,51.534121]}},{"id":"434","type":"Feature","properties":{"layer":0},"geometry":{"type":"Point","coordinates":[-0.003737,51.539317]}},{"id":"435","type":"Feature","properties":{"layer":0},"geometry":{"type":"Point","coordinates":[-0.277576,51.545245]}},{"id":"436","type":"Feature","properties":{"layer":0},"geometry":{"type":"Point","coordinates":[-0.104257,51.46753]}},{"id":"437","type":"Feature","properties":{"layer":0},"geometry":{"type":"Point","coordinates":[0.038183,51.572543]}},{"id":"438","type":"Feature","properties":{"layer":0},"geometry":{"type":"Point","coordinates":[-0.150769,51.569281]}},{"id":"439","type":"Feature","properties":{"layer":0},"geometry":{"type":"Point","coordinates":[-0.028364,51.4936]}},{"id":"440","type":"Feature","properties":{"layer":0},"geometry":{"type":"Point","coordinates":[-0.102557,51.587808]}},{"id":"441","type":"Feature","properties":{"layer":0},"geometry":{"type":"Point","coordinates":[-0.206787,51.602441]}},{"id":"442","type":"Feature","properties":{"layer":0},"geometry":{"type":"Point","coordinates":[-0.085186,51.522666]}},{"id":"443","type":"Feature","properties":{"layer":0},"geometry":{"type":"Point","coordinates":[-0.0503,51.494474]}},{"id":"444","type":"Feature","properties":{"layer":0},"geometry":{"type":"Point","coordinates":[0.033781,51.452671]}},{"id":"445","type":"Feature","properties":{"layer":0},"geometry":{"type":"Point","coordinates":[0.186781,51.557395]}},{"id":"446","type":"Feature","properties":{"layer":0},"geometry":{"type":"Point","coordinates":[-0.087161,51.491061]}},{"id":"447","type":"Feature","properties":{"layer":0},"geometry":{"type":"Point","coordinates":[-0.166479,51.599515]}},{"id":"448","type":"Feature","properties":{"layer":0},"geometry":{"type":"Point","coordinates":[-0.062495,51.505357]}},{"id":"449","type":"Feature","properties":{"layer":0},"geometry":{"type":"Point","coordinates":[-0.094046,51.306092]}},{"id":"450","type":"Feature","properties":{"layer":0},"geometry":{"type":"Point","coordinates":[-0.115504,51.523328]}},{"id":"451","type":"Feature","properties":{"layer":0},"geometry":{"type":"Point","coordinates":[-0.079651,51.534619]}},{"id":"452","type":"Feature","properties":{"layer":0},"geometry":{"type":"Point","coordinates":[-0.379246,51.534759]}},{"id":"453","type":"Feature","properties":{"layer":0},"geometry":{"type":"Point","coordinates":[0.080227,51.299397]}},{"id":"454","type":"Feature","properties":{"layer":0},"geometry":{"type":"Point","coordinates":[0.009715,51.435772]}},{"id":"455","type":"Feature","properties":{"layer":0},"geometry":{"type":"Point","coordinates":[-0.145731,51.677677]}},{"id":"456","type":"Feature","properties":{"layer":0},"geometry":{"type":"Point","coordinates":[-0.064462,51.536703]}},{"id":"457","type":"Feature","properties":{"layer":0},"geometry":{"type":"Point","coordinates":[-0.184165,51.494886]}},{"id":"458","type":"Feature","properties":{"layer":0},"geometry":{"type":"Point","coordinates":[-0.10341,51.493791]}},{"id":"459","type":"Feature","properties":{"layer":0},"geometry":{"type":"Point","coordinates":[-0.159729,51.51147]}},{"id":"460","type":"Feature","properties":{"layer":0},"geometry":{"type":"Point","coordinates":[-0.185112,51.532359]}},{"id":"461","type":"Feature","properties":{"layer":0},"geometry":{"type":"Point","coordinates":[-0.050155,51.436414]}},{"id":"462","type":"Feature","properties":{"layer":0},"geometry":{"type":"Point","coordinates":[-0.044124,51.580547]}},{"id":"463","type":"Feature","properties":{"layer":0},"geometry":{"type":"Point","coordinates":[0.133469,51.44847]}},{"id":"464","type":"Feature","properties":{"layer":0},"geometry":{"type":"Point","coordinates":[-0.129887,51.512219]}},{"id":"465","type":"Feature","properties":{"layer":0},"geometry":{"type":"Point","coordinates":[-0.133678,51.57304]}},{"id":"466","type":"Feature","properties":{"layer":0},"geometry":{"type":"Point","coordinates":[-0.350676,51.503022]}},{"id":"467","type":"Feature","properties":{"layer":0},"geometry":{"type":"Point","coordinates":[-0.16303,51.422587]}},{"id":"468","type":"Feature","properties":{"layer":0},"geometry":{"type":"Point","coordinates":[-0.15856,51.473719]}},{"id":"469","type":"Feature","properties":{"layer":0},"geometry":{"type":"Point","coordinates":[-0.024973,51.446394]}},{"id":"470","type":"Feature","properties":{"layer":0},"geometry":{"type":"Point","coordinates":[-0.106815,51.513788]}},{"id":"471","type":"Feature","properties":{"layer":0},"geometry":{"type":"Point","coordinates":[-0.067618,51.586603]}},{"id":"472","type":"Feature","properties":{"layer":0},"geometry":{"type":"Point","coordinates":[-0.095214,51.496849]}},{"id":"473","type":"Feature","properties":{"layer":0},"geometry":{"type":"Point","coordinates":[0.046054,51.56368]}},{"id":"474","type":"Feature","properties":{"layer":0},"geometry":{"type":"Point","coordinates":[-0.235234,51.621777]}},{"id":"475","type":"Feature","properties":{"layer":0},"geometry":{"type":"Point","coordinates":[-0.042066,51.445781]}},{"id":"476","type":"Feature","properties":{"layer":0},"geometry":{"type":"Point","coordinates":[-0.208112,51.578477]}},{"id":"477","type":"Feature","properties":{"layer":0},"geometry":{"type":"Point","coordinates":[-0.213302,51.531372]}},{"id":"478","type":"Feature","properties":{"layer":0},"geometry":{"type":"Point","coordinates":[0.088617,51.465404]}},{"id":"479","type":"Feature","properties":{"layer":0},"geometry":{"type":"Point","coordinates":[-0.214539,51.5559]}},{"id":"480","type":"Feature","properties":{"layer":0},"geometry":{"type":"Point","coordinates":[-0.026615,51.555]}},{"id":"481","type":"Feature","properties":{"layer":0},"geometry":{"type":"Point","coordinates":[-0.036504,51.438327]}},{"id":"482","type":"Feature","properties":{"layer":0},"geometry":{"type":"Point","coordinates":[-0.163811,51.480488]}},{"id":"483","type":"Feature","properties":{"layer":0},"geometry":{"type":"Point","coordinates":[-0.079794,51.563585]}},{"id":"484","type":"Feature","properties":{"layer":0},"geometry":{"type":"Point","coordinates":[-0.109793,51.535689]}},{"id":"485","type":"Feature","properties":{"layer":0},"geometry":{"type":"Point","coordinates":[-0.087387,51.45277]}},{"id":"486","type":"Feature","properties":{"layer":0},"geometry":{"type":"Point","coordinates":[-0.068038,51.437868]}},{"id":"487","type":"Feature","properties":{"layer":0},"geometry":{"type":"Point","coordinates":[-0.179413,51.490049]}},{"id":"488","type":"Feature","properties":{"layer":0},"geometry":{"type":"Point","coordinates":[-0.120488,51.414988]}},{"id":"489","type":"Feature","properties":{"layer":0},"geometry":{"type":"Point","coordinates":[-0.071972,51.509346]}},{"id":"490","type":"Feature","properties":{"layer":0},"geometry":{"type":"Point","coordinates":[0.04403,51.51506]}},{"id":"491","type":"Feature","properties":{"layer":0},"geometry":{"type":"Point","coordinates":[-0.046501,51.505661]}},{"id":"492","type":"Feature","properties":{"layer":0},"geometry":{"type":"Point","coordinates":[-0.318332,51.514248]}},{"id":"493","type":"Feature","properties":{"layer":0},"geometry":{"type":"Point","coordinates":[-0.277535,51.574153]}},{"id":"494","type":"Feature","properties":{"layer":0},"geometry":{"type":"Point","coordinates":[-0.00279,51.451071]}},{"id":"495","type":"Feature","properties":{"layer":0},"geometry":{"type":"Point","coordinates":[-0.06866,51.491285]}},{"id":"496","type":"Feature","properties":{"layer":0},"geometry":{"type":"Point","coordinates":[-0.081581,51.474473]}},{"id":"497","type":"Feature","properties":{"layer":0},"geometry":{"type":"Point","coordinates":[-0.133725,51.481507]}},{"id":"498","type":"Feature","properties":{"layer":0},"geometry":{"type":"Point","coordinates":[-0.198222,51.547834]}},{"id":"499","type":"Feature","properties":{"layer":0},"geometry":{"type":"Point","coordinates":[0.004263,51.443108]}},{"id":"500","type":"Feature","properties":{"layer":0},"geometry":{"type":"Point","coordinates":[-0.134212,51.495451]}},{"id":"501","type":"Feature","properties":{"layer":0},"geometry":{"type":"Point","coordinates":[-0.138859,51.482025]}},{"id":"502","type":"Feature","properties":{"layer":0},"geometry":{"type":"Point","coordinates":[-0.138675,51.5101]}},{"id":"503","type":"Feature","properties":{"layer":0},"geometry":{"type":"Point","coordinates":[-0.178308,51.52422]}},{"id":"504","type":"Feature","properties":{"layer":0},"geometry":{"type":"Point","coordinates":[-0.176418,51.519801]}},{"id":"505","type":"Feature","properties":{"layer":0},"geometry":{"type":"Point","coordinates":[0.021334,51.498752]}},{"id":"506","type":"Feature","properties":{"layer":0},"geometry":{"type":"Point","coordinates":[-0.072557,51.403322]}},{"id":"507","type":"Feature","properties":{"layer":0},"geometry":{"type":"Point","coordinates":[-0.134508,51.562983]}},{"id":"508","type":"Feature","properties":{"layer":0},"geometry":{"type":"Point","coordinates":[-0.15993,51.543613]}},{"id":"509","type":"Feature","properties":{"layer":0},"geometry":{"type":"Point","coordinates":[-0.007237,51.460843]}},{"id":"510","type":"Feature","properties":{"layer":0},"geometry":{"type":"Point","coordinates":[-0.08784,51.432141]}},{"id":"511","type":"Feature","properties":{"layer":0},"geometry":{"type":"Point","coordinates":[-0.089358,51.50217]}},{"id":"512","type":"Feature","properties":{"layer":0},"geometry":{"type":"Point","coordinates":[-0.249066,51.511399]}},{"id":"513","type":"Feature","properties":{"layer":0},"geometry":{"type":"Point","coordinates":[-0.356511,51.480272]}},{"id":"514","type":"Feature","properties":{"layer":0},"geometry":{"type":"Point","coordinates":[-0.127629,51.42215]}},{"id":"515","type":"Feature","properties":{"layer":0},"geometry":{"type":"Point","coordinates":[-0.163087,51.640738]}},{"id":"516","type":"Feature","properties":{"layer":0},"geometry":{"type":"Point","coordinates":[-0.113023,51.522718]}},{"id":"517","type":"Feature","properties":{"layer":0},"geometry":{"type":"Point","coordinates":[-0.107522,51.492984]}},{"id":"518","type":"Feature","properties":{"layer":0},"geometry":{"type":"Point","coordinates":[-0.12919,51.444035]}},{"id":"519","type":"Feature","properties":{"layer":0},"geometry":{"type":"Point","coordinates":[-0.008952,51.583211]}},{"id":"520","type":"Feature","properties":{"layer":0},"geometry":{"type":"Point","coordinates":[-0.153343,51.513273]}},{"id":"521","type":"Feature","properties":{"layer":0},"geometry":{"type":"Point","coordinates":[-0.207541,51.536768]}},{"id":"522","type":"Feature","properties":{"layer":0},"geometry":{"type":"Point","coordinates":[-0.041767,51.451231]}},{"id":"523","type":"Feature","properties":{"layer":0},"geometry":{"type":"Point","coordinates":[-0.095976,51.52934]}},{"id":"524","type":"Feature","properties":{"layer":0},"geometry":{"type":"Point","coordinates":[-0.115094,51.484799]}},{"id":"525","type":"Feature","properties":{"layer":0},"geometry":{"type":"Point","coordinates":[-0.150689,51.524197]}},{"id":"526","type":"Feature","properties":{"layer":0},"geometry":{"type":"Point","coordinates":[-0.247007,51.617903]}},{"id":"527","type":"Feature","properties":{"layer":0},"geometry":{"type":"Point","coordinates":[-0.174733,51.522978]}},{"id":"528","type":"Feature","properties":{"layer":0},"geometry":{"type":"Point","coordinates":[-0.152033,51.61163]}},{"id":"529","type":"Feature","properties":{"layer":0},"geometry":{"type":"Point","coordinates":[-0.094166,51.50961]}},{"id":"530","type":"Feature","properties":{"layer":0},"geometry":{"type":"Point","coordinates":[-0.474393,51.476807]}},{"id":"531","type":"Feature","properties":{"layer":0},"geometry":{"type":"Point","coordinates":[0.087236,51.582886]}},{"id":"532","type":"Feature","properties":{"layer":0},"geometry":{"type":"Point","coordinates":[-0.143915,51.437629]}},{"id":"533","type":"Feature","properties":{"layer":0},"geometry":{"type":"Point","coordinates":[-0.072326,51.516719]}},{"id":"534","type":"Feature","properties":{"layer":0},"geometry":{"type":"Point","coordinates":[0.018123,51.441761]}},{"id":"535","type":"Feature","properties":{"layer":0},"geometry":{"type":"Point","coordinates":[-0.061152,51.434098]}},{"id":"536","type":"Feature","properties":{"layer":0},"geometry":{"type":"Point","coordinates":[-0.051453,51.483962]}},{"id":"537","type":"Feature","properties":{"layer":0},"geometry":{"type":"Point","coordinates":[-0.136842,51.508501]}},{"id":"538","type":"Feature","properties":{"layer":0},"geometry":{"type":"Point","coordinates":[-0.162181,51.546428]}},{"id":"539","type":"Feature","properties":{"layer":0},"geometry":{"type":"Point","coordinates":[-0.159489,51.562002]}},{"id":"540","type":"Feature","properties":{"layer":0},"geometry":{"type":"Point","coordinates":[0.03356,51.533332]}},{"id":"541","type":"Feature","properties":{"layer":0},"geometry":{"type":"Point","coordinates":[0.051617,51.558607]}},{"id":"542","type":"Feature","properties":{"layer":0},"geometry":{"type":"Point","coordinates":[-0.041751,51.528423]}},{"id":"543","type":"Feature","properties":{"layer":0},"geometry":{"type":"Point","coordinates":[-0.188459,51.491181]}},{"id":"544","type":"Feature","properties":{"layer":0},"geometry":{"type":"Point","coordinates":[-0.058015,51.505386]}},{"id":"545","type":"Feature","properties":{"layer":0},"geometry":{"type":"Point","coordinates":[-0.074247,51.470254]}},{"id":"546","type":"Feature","properties":{"layer":0},"geometry":{"type":"Point","coordinates":[-0.008302,51.450612]}},{"id":"547","type":"Feature","properties":{"layer":0},"geometry":{"type":"Point","coordinates":[-0.143503,51.536017]}},{"id":"548","type":"Feature","properties":{"layer":0},"geometry":{"type":"Point","coordinates":[-0.072232,51.393318]}},{"id":"549","type":"Feature","properties":{"layer":0},"geometry":{"type":"Point","coordinates":[-0.178462,51.504538]}},{"id":"550","type":"Feature","properties":{"layer":0},"geometry":{"type":"Point","coordinates":[-0.124299,51.574093]}},{"id":"551","type":"Feature","properties":{"layer":0},"geometry":{"type":"Point","coordinates":[-0.011683,51.400406]}},{"id":"552","type":"Feature","properties":{"layer":0},"geometry":{"type":"Point","coordinates":[0.060266,51.328958]}},{"id":"553","type":"Feature","properties":{"layer":0},"geometry":{"type":"Point","coordinates":[-0.29818,51.441713]}},{"id":"554","type":"Feature","properties":{"layer":0},"geometry":{"type":"Point","coordinates":[-0.156589,51.572451]}},{"id":"555","type":"Feature","properties":{"layer":0},"geometry":{"type":"Point","coordinates":[-0.273992,51.431382]}},{"id":"556","type":"Feature","properties":{"layer":0},"geometry":{"type":"Point","coordinates":[0.02252,51.576743]}},{"id":"557","type":"Feature","properties":{"layer":0},"geometry":{"type":"Point","coordinates":[-0.170217,51.520028]}},{"id":"558","type":"Feature","properties":{"layer":0},"geometry":{"type":"Point","coordinates":[-0.088341,51.526962]}},{"id":"559","type":"Feature","properties":{"layer":0},"geometry":{"type":"Point","coordinates":[-0.12808,51.505386]}},{"id":"560","type":"Feature","properties":{"layer":0},"geometry":{"type":"Point","coordinates":[-0.051094,51.525615]}},{"id":"561","type":"Feature","properties":{"layer":0},"geometry":{"type":"Point","coordinates":[-0.077062,51.546279]}},{"id":"562","type":"Feature","properties":{"layer":0},"geometry":{"type":"Point","coordinates":[-0.044881,51.55796]}},{"id":"563","type":"Feature","properties":{"layer":0},"geometry":{"type":"Point","coordinates":[-0.10418,51.506265]}},{"id":"564","type":"Feature","properties":{"layer":0},"geometry":{"type":"Point","coordinates":[-0.192555,51.451652]}},{"id":"565","type":"Feature","properties":{"layer":0},"geometry":{"type":"Point","coordinates":[-0.083941,51.432823]}},{"id":"566","type":"Feature","properties":{"layer":0},"geometry":{"type":"Point","coordinates":[-0.091744,51.649553]}},{"id":"567","type":"Feature","properties":{"layer":0},"geometry":{"type":"Point","coordinates":[-0.091715,51.555777]}},{"id":"568","type":"Feature","properties":{"layer":0},"geometry":{"type":"Point","coordinates":[-0.075696,51.529344]}},{"id":"569","type":"Feature","properties":{"layer":0},"geometry":{"type":"Point","coordinates":[-0.042115,51.467917]}},{"id":"570","type":"Feature","properties":{"layer":0},"geometry":{"type":"Point","coordinates":[-0.046907,51.438692]}},{"id":"571","type":"Feature","properties":{"layer":0},"geometry":{"type":"Point","coordinates":[-0.149115,51.601607]}},{"id":"572","type":"Feature","properties":{"layer":0},"geometry":{"type":"Point","coordinates":[-0.130487,51.534451]}},{"id":"573","type":"Feature","properties":{"layer":0},"geometry":{"type":"Point","coordinates":[-0.108864,51.421996]}},{"id":"574","type":"Feature","properties":{"layer":0},"geometry":{"type":"Point","coordinates":[-0.126487,51.576496]}},{"id":"575","type":"Feature","properties":{"layer":0},"geometry":{"type":"Point","coordinates":[0.049955,51.552609]}},{"id":"576","type":"Feature","properties":{"layer":0},"geometry":{"type":"Point","coordinates":[-0.176138,51.472658]}},{"id":"577","type":"Feature","properties":{"layer":0},"geometry":{"type":"Point","coordinates":[0.010052,51.376228]}},{"id":"578","type":"Feature","properties":{"layer":0},"geometry":{"type":"Point","coordinates":[-0.175806,51.57389]}},{"id":"579","type":"Feature","properties":{"layer":0},"geometry":{"type":"Point","coordinates":[-0.119293,51.504092]}},{"id":"580","type":"Feature","properties":{"layer":0},"geometry":{"type":"Point","coordinates":[0.07994,51.354109]}},{"id":"581","type":"Feature","properties":{"layer":0},"geometry":{"type":"Point","coordinates":[-0.128851,51.535238]}},{"id":"582","type":"Feature","properties":{"layer":0},"geometry":{"type":"Point","coordinates":[-0.113069,51.361571]}},{"id":"583","type":"Feature","properties":{"layer":0},"geometry":{"type":"Point","coordinates":[-0.092835,51.561906]}},{"id":"584","type":"Feature","properties":{"layer":0},"geometry":{"type":"Point","coordinates":[-0.06111,51.479459]}},{"id":"585","type":"Feature","properties":{"layer":0},"geometry":{"type":"Point","coordinates":[-0.086883,51.406067]}},{"id":"586","type":"Feature","properties":{"layer":0},"geometry":{"type":"Point","coordinates":[-0.165967,51.498536]}},{"id":"587","type":"Feature","properties":{"layer":0},"geometry":{"type":"Point","coordinates":[-0.125715,51.536031]}},{"id":"588","type":"Feature","properties":{"layer":0},"geometry":{"type":"Point","coordinates":[0.117102,51.447252]}},{"id":"589","type":"Feature","properties":{"layer":0},"geometry":{"type":"Point","coordinates":[-0.16215,51.585964]}},{"id":"590","type":"Feature","properties":{"layer":0},"geometry":{"type":"Point","coordinates":[-0.15387,51.395045]}},{"id":"591","type":"Feature","properties":{"layer":0},"geometry":{"type":"Point","coordinates":[-0.144038,51.519628]}},{"id":"592","type":"Feature","properties":{"layer":0},"geometry":{"type":"Point","coordinates":[0.039913,51.543708]}},{"id":"593","type":"Feature","properties":{"layer":0},"geometry":{"type":"Point","coordinates":[-0.070705,51.534485]}},{"id":"594","type":"Feature","properties":{"layer":0},"geometry":{"type":"Point","coordinates":[-0.139597,51.46874]}},{"id":"595","type":"Feature","properties":{"layer":0},"geometry":{"type":"Point","coordinates":[-0.176026,51.426331]}},{"id":"596","type":"Feature","properties":{"layer":0},"geometry":{"type":"Point","coordinates":[-0.018113,51.60249]}},{"id":"597","type":"Feature","properties":{"layer":0},"geometry":{"type":"Point","coordinates":[-0.069593,51.460309]}},{"id":"598","type":"Feature","properties":{"layer":0},"geometry":{"type":"Point","coordinates":[-0.118318,51.433707]}},{"id":"599","type":"Feature","properties":{"layer":0},"geometry":{"type":"Point","coordinates":[-0.08831,51.600774]}},{"id":"600","type":"Feature","properties":{"layer":0},"geometry":{"type":"Point","coordinates":[-0.206526,51.523412]}},{"id":"601","type":"Feature","properties":{"layer":0},"geometry":{"type":"Point","coordinates":[-0.090139,51.539781]}},{"id":"602","type":"Feature","properties":{"layer":0},"geometry":{"type":"Point","coordinates":[-0.14091,51.497835]}},{"id":"603","type":"Feature","properties":{"layer":0},"geometry":{"type":"Point","coordinates":[-0.157374,51.512554]}},{"id":"604","type":"Feature","properties":{"layer":0},"geometry":{"type":"Point","coordinates":[-0.153081,51.43899]}},{"id":"605","type":"Feature","properties":{"layer":0},"geometry":{"type":"Point","coordinates":[0.020585,51.574964]}},{"id":"606","type":"Feature","properties":{"layer":0},"geometry":{"type":"Point","coordinates":[0.144036,51.47804]}},{"id":"607","type":"Feature","properties":{"layer":0},"geometry":{"type":"Point","coordinates":[-0.242844,51.459866]}},{"id":"608","type":"Feature","properties":{"layer":0},"geometry":{"type":"Point","coordinates":[-0.15217,51.668697]}},{"id":"609","type":"Feature","properties":{"layer":0},"geometry":{"type":"Point","coordinates":[-0.170177,51.529452]}},{"id":"610","type":"Feature","properties":{"layer":0},"geometry":{"type":"Point","coordinates":[-0.107113,51.614492]}},{"id":"611","type":"Feature","properties":{"layer":0},"geometry":{"type":"Point","coordinates":[-0.226878,51.512539]}},{"id":"612","type":"Feature","properties":{"layer":0},"geometry":{"type":"Point","coordinates":[-0.115337,51.640485]}},{"id":"613","type":"Feature","properties":{"layer":0},"geometry":{"type":"Point","coordinates":[-0.086607,51.474271]}},{"id":"614","type":"Feature","properties":{"layer":0},"geometry":{"type":"Point","coordinates":[-0.224741,51.406206]}},{"id":"615","type":"Feature","properties":{"layer":0},"geometry":{"type":"Point","coordinates":[-0.050617,51.500807]}},{"id":"616","type":"Feature","properties":{"layer":0},"geometry":{"type":"Point","coordinates":[-0.165604,51.553728]}},{"id":"617","type":"Feature","properties":{"layer":0},"geometry":{"type":"Point","coordinates":[-0.008883,51.445478]}},{"id":"618","type":"Feature","properties":{"layer":0},"geometry":{"type":"Point","coordinates":[-0.274642,51.577783]}},{"id":"619","type":"Feature","properties":{"layer":0},"geometry":{"type":"Point","coordinates":[0.084925,51.481869]}},{"id":"620","type":"Feature","properties":{"layer":0},"geometry":{"type":"Point","coordinates":[-0.114262,51.445059]}},{"id":"621","type":"Feature","properties":{"layer":0},"geometry":{"type":"Point","coordinates":[-0.055642,51.487585]}},{"id":"622","type":"Feature","properties":{"layer":0},"geometry":{"type":"Point","coordinates":[-0.11887,51.501069]}},{"id":"623","type":"Feature","properties":{"layer":0},"geometry":{"type":"Point","coordinates":[-0.274479,51.499678]}},{"id":"624","type":"Feature","properties":{"layer":0},"geometry":{"type":"Point","coordinates":[-0.06435,51.49811]}},{"id":"625","type":"Feature","properties":{"layer":0},"geometry":{"type":"Point","coordinates":[-0.166799,51.493829]}},{"id":"626","type":"Feature","properties":{"layer":0},"geometry":{"type":"Point","coordinates":[-0.362829,51.476249]}},{"id":"627","type":"Feature","properties":{"layer":0},"geometry":{"type":"Point","coordinates":[0.03622,51.467381]}},{"id":"628","type":"Feature","properties":{"layer":0},"geometry":{"type":"Point","coordinates":[-0.114266,51.595724]}},{"id":"629","type":"Feature","properties":{"layer":0},"geometry":{"type":"Point","coordinates":[-0.176037,51.507162]}},{"id":"630","type":"Feature","properties":{"layer":0},"geometry":{"type":"Point","coordinates":[-0.066482,51.397711]}},{"id":"631","type":"Feature","properties":{"layer":0},"geometry":{"type":"Point","coordinates":[-0.049025,51.519766]}},{"id":"632","type":"Feature","properties":{"layer":0},"geometry":{"type":"Point","coordinates":[-0.054267,51.481095]}},{"id":"633","type":"Feature","properties":{"layer":0},"geometry":{"type":"Point","coordinates":[-0.102461,51.499441]}},{"id":"634","type":"Feature","properties":{"layer":0},"geometry":{"type":"Point","coordinates":[-0.057093,51.490578]}},{"id":"635","type":"Feature","properties":{"layer":0},"geometry":{"type":"Point","coordinates":[-0.046647,51.485352]}},{"id":"636","type":"Feature","properties":{"layer":0},"geometry":{"type":"Point","coordinates":[-0.001235,51.498231]}},{"id":"637","type":"Feature","properties":{"layer":0},"geometry":{"type":"Point","coordinates":[-0.116352,51.511348]}},{"id":"638","type":"Feature","properties":{"layer":0},"geometry":{"type":"Point","coordinates":[-0.121309,51.589391]}},{"id":"639","type":"Feature","properties":{"layer":0},"geometry":{"type":"Point","coordinates":[-0.219565,51.607441]}},{"id":"640","type":"Feature","properties":{"layer":0},"geometry":{"type":"Point","coordinates":[-0.148115,51.436113]}},{"id":"641","type":"Feature","properties":{"layer":0},"geometry":{"type":"Point","coordinates":[-0.111046,51.442637]}},{"id":"642","type":"Feature","properties":{"layer":0},"geometry":{"type":"Point","coordinates":[-0.054242,51.61518]}},{"id":"643","type":"Feature","properties":{"layer":0},"geometry":{"type":"Point","coordinates":[-0.02064,51.500795]}},{"id":"644","type":"Feature","properties":{"layer":0},"geometry":{"type":"Point","coordinates":[-0.118411,51.417278]}},{"id":"645","type":"Feature","properties":{"layer":0},"geometry":{"type":"Point","coordinates":[-0.254487,51.478805]}},{"id":"646","type":"Feature","properties":{"layer":0},"geometry":{"type":"Point","coordinates":[-0.021602,51.590096]}},{"id":"647","type":"Feature","properties":{"layer":0},"geometry":{"type":"Point","coordinates":[-0.103078,51.478149]}},{"id":"648","type":"Feature","properties":{"layer":0},"geometry":{"type":"Point","coordinates":[0.089623,51.335234]}},{"id":"649","type":"Feature","properties":{"layer":0},"geometry":{"type":"Point","coordinates":[-0.075011,51.493636]}},{"id":"650","type":"Feature","properties":{"layer":0},"geometry":{"type":"Point","coordinates":[-0.037064,51.39488]}},{"id":"651","type":"Feature","properties":{"layer":0},"geometry":{"type":"Point","coordinates":[-0.134655,51.484423]}},{"id":"652","type":"Feature","properties":{"layer":0},"geometry":{"type":"Point","coordinates":[-0.028479,51.444589]}},{"id":"653","type":"Feature","properties":{"layer":0},"geometry":{"type":"Point","coordinates":[-0.067201,51.50739]}},{"id":"654","type":"Feature","properties":{"layer":0},"geometry":{"type":"Point","coordinates":[-0.221355,51.427415]}},{"id":"655","type":"Feature","properties":{"layer":0},"geometry":{"type":"Point","coordinates":[0.006042,51.495805]}},{"id":"656","type":"Feature","properties":{"layer":0},"geometry":{"type":"Point","coordinates":[-0.178626,51.58355]}},{"id":"657","type":"Feature","properties":{"layer":0},"geometry":{"type":"Point","coordinates":[-0.028418,51.489876]}},{"id":"658","type":"Feature","properties":{"layer":0},"geometry":{"type":"Point","coordinates":[-0.018,51.464422]}},{"id":"659","type":"Feature","properties":{"layer":0},"geometry":{"type":"Point","coordinates":[-0.144601,51.45142]}},{"id":"660","type":"Feature","properties":{"layer":0},"geometry":{"type":"Point","coordinates":[0.02432,51.358554]}},{"id":"661","type":"Feature","properties":{"layer":0},"geometry":{"type":"Point","coordinates":[-0.065603,51.505044]}},{"id":"662","type":"Feature","properties":{"layer":0},"geometry":{"type":"Point","coordinates":[-0.241217,51.617833]}},{"id":"663","type":"Feature","properties":{"layer":0},"geometry":{"type":"Point","coordinates":[-0.091117,51.478006]}},{"id":"664","type":"Feature","properties":{"layer":0},"geometry":{"type":"Point","coordinates":[-0.136809,51.527381]}},{"id":"665","type":"Feature","properties":{"layer":0},"geometry":{"type":"Point","coordinates":[-0.139041,51.515849]}},{"id":"666","type":"Feature","properties":{"layer":0},"geometry":{"type":"Point","coordinates":[-0.033041,51.442302]}},{"id":"667","type":"Feature","properties":{"layer":0},"geometry":{"type":"Point","coordinates":[-0.10574,51.582276]}},{"id":"668","type":"Feature","properties":{"layer":0},"geometry":{"type":"Point","coordinates":[-0.102229,51.408808]}},{"id":"669","type":"Feature","properties":{"layer":0},"geometry":{"type":"Point","coordinates":[-0.10433,51.477583]}},{"id":"670","type":"Feature","properties":{"layer":0},"geometry":{"type":"Point","coordinates":[-0.055686,51.505011]}},{"id":"671","type":"Feature","properties":{"layer":0},"geometry":{"type":"Point","coordinates":[-0.150088,51.525082]}},{"id":"672","type":"Feature","properties":{"layer":0},"geometry":{"type":"Point","coordinates":[0.04969,51.499831]}},{"id":"673","type":"Feature","properties":{"layer":0},"geometry":{"type":"Point","coordinates":[-0.016354,51.434837]}},{"id":"674","type":"Feature","properties":{"layer":0},"geometry":{"type":"Point","coordinates":[0.094964,51.363187]}},{"id":"675","type":"Feature","properties":{"layer":0},"geometry":{"type":"Point","coordinates":[-0.061556,51.503383]}},{"id":"676","type":"Feature","properties":{"layer":0},"geometry":{"type":"Point","coordinates":[-0.153026,51.491277]}},{"id":"677","type":"Feature","properties":{"layer":0},"geometry":{"type":"Point","coordinates":[-0.108247,51.617068]}},{"id":"678","type":"Feature","properties":{"layer":0},"geometry":{"type":"Point","coordinates":[-0.077696,51.596956]}},{"id":"679","type":"Feature","properties":{"layer":0},"geometry":{"type":"Point","coordinates":[-0.016181,51.452424]}},{"id":"680","type":"Feature","properties":{"layer":0},"geometry":{"type":"Point","coordinates":[-0.146565,51.490086]}},{"id":"681","type":"Feature","properties":{"layer":0},"geometry":{"type":"Point","coordinates":[-0.093576,51.438619]}},{"id":"682","type":"Feature","properties":{"layer":0},"geometry":{"type":"Point","coordinates":[-0.108555,51.508046]}},{"id":"683","type":"Feature","properties":{"layer":0},"geometry":{"type":"Point","coordinates":[0.037896,51.551336]}},{"id":"684","type":"Feature","properties":{"layer":0},"geometry":{"type":"Point","coordinates":[0.009441,51.547817]}},{"id":"685","type":"Feature","properties":{"layer":0},"geometry":{"type":"Point","coordinates":[-0.122451,51.439315]}},{"id":"686","type":"Feature","properties":{"layer":0},"geometry":{"type":"Point","coordinates":[-0.126069,51.539428]}},{"id":"687","type":"Feature","properties":{"layer":0},"geometry":{"type":"Point","coordinates":[-0.161187,51.409074]}},{"id":"688","type":"Feature","properties":{"layer":0},"geometry":{"type":"Point","coordinates":[-0.000644,51.499029]}},{"id":"689","type":"Feature","properties":{"layer":0},"geometry":{"type":"Point","coordinates":[-0.284012,51.556268]}},{"id":"690","type":"Feature","properties":{"layer":0},"geometry":{"type":"Point","coordinates":[-0.144096,51.476646]}},{"id":"691","type":"Feature","properties":{"layer":0},"geometry":{"type":"Point","coordinates":[-0.09501,51.395199]}},{"id":"692","type":"Feature","properties":{"layer":0},"geometry":{"type":"Point","coordinates":[-0.182982,51.494546]}},{"id":"693","type":"Feature","properties":{"layer":0},"geometry":{"type":"Point","coordinates":[-0.080847,51.563616]}},{"id":"694","type":"Feature","properties":{"layer":0},"geometry":{"type":"Point","coordinates":[-0.090298,51.475742]}},{"id":"695","type":"Feature","properties":{"layer":0},"geometry":{"type":"Point","coordinates":[-0.190752,51.526288]}},{"id":"696","type":"Feature","properties":{"layer":0},"geometry":{"type":"Point","coordinates":[-0.06325,51.529926]}},{"id":"697","type":"Feature","properties":{"layer":0},"geometry":{"type":"Point","coordinates":[-0.001336,51.511236]}},{"id":"698","type":"Feature","properties":{"layer":0},"geometry":{"type":"Point","coordinates":[-0.079447,51.36159]}},{"id":"699","type":"Feature","properties":{"layer":0},"geometry":{"type":"Point","coordinates":[-0.093527,51.601027]}},{"id":"700","type":"Feature","properties":{"layer":0},"geometry":{"type":"Point","coordinates":[-0.15044,51.383047]}},{"id":"701","type":"Feature","properties":{"layer":0},"geometry":{"type":"Point","coordinates":[-0.038432,51.528275]}},{"id":"702","type":"Feature","properties":{"layer":0},"geometry":{"type":"Point","coordinates":[-0.20126,51.504119]}},{"id":"703","type":"Feature","properties":{"layer":0},"geometry":{"type":"Point","coordinates":[-0.100186,51.498036]}},{"id":"704","type":"Feature","properties":{"layer":0},"geometry":{"type":"Point","coordinates":[-0.159352,51.414071]}},{"id":"705","type":"Feature","properties":{"layer":0},"geometry":{"type":"Point","coordinates":[-0.099948,51.559653]}},{"id":"706","type":"Feature","properties":{"layer":0},"geometry":{"type":"Point","coordinates":[-0.134557,51.411319]}},{"id":"707","type":"Feature","properties":{"layer":0},"geometry":{"type":"Point","coordinates":[-0.058182,51.52338]}},{"id":"708","type":"Feature","properties":{"layer":0},"geometry":{"type":"Point","coordinates":[-0.392596,51.532859]}},{"id":"709","type":"Feature","properties":{"layer":0},"geometry":{"type":"Point","coordinates":[-0.048538,51.425904]}},{"id":"710","type":"Feature","properties":{"layer":0},"geometry":{"type":"Point","coordinates":[-0.007192,51.429043]}},{"id":"711","type":"Feature","properties":{"layer":0},"geometry":{"type":"Point","coordinates":[-0.386124,51.547839]}},{"id":"712","type":"Feature","properties":{"layer":0},"geometry":{"type":"Point","coordinates":[-0.131322,51.487557]}},{"id":"713","type":"Feature","properties":{"layer":0},"geometry":{"type":"Point","coordinates":[0.098833,51.4303]}},{"id":"714","type":"Feature","properties":{"layer":0},"geometry":{"type":"Point","coordinates":[-0.257048,51.525172]}},{"id":"715","type":"Feature","properties":{"layer":0},"geometry":{"type":"Point","coordinates":[-0.187647,51.500111]}},{"id":"716","type":"Feature","properties":{"layer":0},"geometry":{"type":"Point","coordinates":[-0.079034,51.562393]}},{"id":"717","type":"Feature","properties":{"layer":0},"geometry":{"type":"Point","coordinates":[-0.035087,51.51642]}},{"id":"718","type":"Feature","properties":{"layer":0},"geometry":{"type":"Point","coordinates":[-0.080066,51.534119]}},{"id":"719","type":"Feature","properties":{"layer":0},"geometry":{"type":"Point","coordinates":[-0.141168,51.578093]}},{"id":"720","type":"Feature","properties":{"layer":0},"geometry":{"type":"Point","coordinates":[-0.128447,51.547586]}},{"id":"721","type":"Feature","properties":{"layer":0},"geometry":{"type":"Point","coordinates":[-0.135534,51.551822]}},{"id":"722","type":"Feature","properties":{"layer":0},"geometry":{"type":"Point","coordinates":[-0.080173,51.455322]}},{"id":"723","type":"Feature","properties":{"layer":0},"geometry":{"type":"Point","coordinates":[-0.222189,51.496944]}},{"id":"724","type":"Feature","properties":{"layer":0},"geometry":{"type":"Point","coordinates":[-0.02015,51.519367]}},{"id":"725","type":"Feature","properties":{"layer":0},"geometry":{"type":"Point","coordinates":[-0.011491,51.450381]}},{"id":"726","type":"Feature","properties":{"layer":0},"geometry":{"type":"Point","coordinates":[-0.137519,51.456383]}},{"id":"727","type":"Feature","properties":{"layer":0},"geometry":{"type":"Point","coordinates":[-0.097757,51.470536]}},{"id":"728","type":"Feature","properties":{"layer":0},"geometry":{"type":"Point","coordinates":[-0.114371,51.589101]}},{"id":"729","type":"Feature","properties":{"layer":0},"geometry":{"type":"Point","coordinates":[-0.122354,51.458221]}},{"id":"730","type":"Feature","properties":{"layer":0},"geometry":{"type":"Point","coordinates":[-0.098425,51.490777]}},{"id":"731","type":"Feature","properties":{"layer":0},"geometry":{"type":"Point","coordinates":[-0.128133,51.515877]}},{"id":"732","type":"Feature","properties":{"layer":0},"geometry":{"type":"Point","coordinates":[-0.0881,51.476791]}},{"id":"733","type":"Feature","properties":{"layer":0},"geometry":{"type":"Point","coordinates":[-0.16985,51.461713]}},{"id":"734","type":"Feature","properties":{"layer":0},"geometry":{"type":"Point","coordinates":[-0.17949,51.427464]}},{"id":"735","type":"Feature","properties":{"layer":0},"geometry":{"type":"Point","coordinates":[-0.184337,51.515103]}},{"id":"736","type":"Feature","properties":{"layer":0},"geometry":{"type":"Point","coordinates":[-0.115604,51.462031]}},{"id":"737","type":"Feature","properties":{"layer":0},"geometry":{"type":"Point","coordinates":[0.028597,51.448448]}},{"id":"738","type":"Feature","properties":{"layer":0},"geometry":{"type":"Point","coordinates":[0.240086,51.547298]}},{"id":"739","type":"Feature","properties":{"layer":0},"geometry":{"type":"Point","coordinates":[-0.046506,51.573146]}},{"id":"740","type":"Feature","properties":{"layer":0},"geometry":{"type":"Point","coordinates":[-0.059705,51.474369]}},{"id":"741","type":"Feature","properties":{"layer":0},"geometry":{"type":"Point","coordinates":[-0.11122,51.410939]}},{"id":"742","type":"Feature","properties":{"layer":0},"geometry":{"type":"Point","coordinates":[-0.078787,51.575709]}},{"id":"743","type":"Feature","properties":{"layer":0},"geometry":{"type":"Point","coordinates":[-0.139765,51.479197]}},{"id":"744","type":"Feature","properties":{"layer":0},"geometry":{"type":"Point","coordinates":[-0.238595,51.550962]}},{"id":"745","type":"Feature","properties":{"layer":0},"geometry":{"type":"Point","coordinates":[-0.085146,51.600409]}},{"id":"746","type":"Feature","properties":{"layer":0},"geometry":{"type":"Point","coordinates":[0.113417,51.505435]}},{"id":"747","type":"Feature","properties":{"layer":0},"geometry":{"type":"Point","coordinates":[-0.080899,51.359509]}},{"id":"748","type":"Feature","properties":{"layer":0},"geometry":{"type":"Point","coordinates":[-0.124468,51.495566]}},{"id":"749","type":"Feature","properties":{"layer":0},"geometry":{"type":"Point","coordinates":[-0.357465,51.473739]}},{"id":"750","type":"Feature","properties":{"layer":0},"geometry":{"type":"Point","coordinates":[0.185904,51.481505]}},{"id":"751","type":"Feature","properties":{"layer":0},"geometry":{"type":"Point","coordinates":[-0.022529,51.500516]}},{"id":"752","type":"Feature","properties":{"layer":0},"geometry":{"type":"Point","coordinates":[-0.090045,51.658755]}},{"id":"753","type":"Feature","properties":{"layer":0},"geometry":{"type":"Point","coordinates":[-0.074867,51.422165]}},{"id":"754","type":"Feature","properties":{"layer":0},"geometry":{"type":"Point","coordinates":[-0.055775,51.436135]}},{"id":"755","type":"Feature","properties":{"layer":0},"geometry":{"type":"Point","coordinates":[-0.237546,51.641695]}},{"id":"756","type":"Feature","properties":{"layer":0},"geometry":{"type":"Point","coordinates":[0.069169,51.59639]}},{"id":"757","type":"Feature","properties":{"layer":0},"geometry":{"type":"Point","coordinates":[-0.184187,51.415132]}},{"id":"758","type":"Feature","properties":{"layer":0},"geometry":{"type":"Point","coordinates":[-0.131047,51.456247]}},{"id":"759","type":"Feature","properties":{"layer":0},"geometry":{"type":"Point","coordinates":[-0.132371,51.560009]}},{"id":"760","type":"Feature","properties":{"layer":0},"geometry":{"type":"Point","coordinates":[-0.117507,51.4748]}},{"id":"761","type":"Feature","properties":{"layer":0},"geometry":{"type":"Point","coordinates":[0.128354,51.510663]}},{"id":"762","type":"Feature","properties":{"layer":0},"geometry":{"type":"Point","coordinates":[-0.062389,51.512216]}},{"id":"763","type":"Feature","properties":{"layer":0},"geometry":{"type":"Point","coordinates":[-0.099738,51.583552]}},{"id":"764","type":"Feature","properties":{"layer":0},"geometry":{"type":"Point","coordinates":[-0.061406,51.575313]}},{"id":"765","type":"Feature","properties":{"layer":0},"geometry":{"type":"Point","coordinates":[-0.137722,51.483586]}},{"id":"766","type":"Feature","properties":{"layer":0},"geometry":{"type":"Point","coordinates":[-0.192289,51.568245]}},{"id":"767","type":"Feature","properties":{"layer":0},"geometry":{"type":"Point","coordinates":[0.244131,51.572349]}},{"id":"768","type":"Feature","properties":{"layer":0},"geometry":{"type":"Point","coordinates":[-0.251751,51.583547]}},{"id":"769","type":"Feature","properties":{"layer":0},"geometry":{"type":"Point","coordinates":[-0.113274,51.443456]}},{"id":"770","type":"Feature","properties":{"layer":0},"geometry":{"type":"Point","coordinates":[-0.198302,51.56086]}},{"id":"771","type":"Feature","properties":{"layer":0},"geometry":{"type":"Point","coordinates":[-0.094526,51.543536]}},{"id":"772","type":"Feature","properties":{"layer":0},"geometry":{"type":"Point","coordinates":[-0.100548,51.526327]}},{"id":"773","type":"Feature","properties":{"layer":0},"geometry":{"type":"Point","coordinates":[-0.153112,51.471625]}},{"id":"774","type":"Feature","properties":{"layer":0},"geometry":{"type":"Point","coordinates":[-0.117528,51.555561]}},{"id":"775","type":"Feature","properties":{"layer":0},"geometry":{"type":"Point","coordinates":[-0.127832,51.518659]}},{"id":"776","type":"Feature","properties":{"layer":0},"geometry":{"type":"Point","coordinates":[-0.129829,51.425627]}},{"id":"777","type":"Feature","properties":{"layer":0},"geometry":{"type":"Point","coordinates":[-0.148791,51.505119]}},{"id":"778","type":"Feature","properties":{"layer":0},"geometry":{"type":"Point","coordinates":[-0.090631,51.45353]}},{"id":"779","type":"Feature","properties":{"layer":0},"geometry":{"type":"Point","coordinates":[0.026237,51.53775]}},{"id":"780","type":"Feature","properties":{"layer":0},"geometry":{"type":"Point","coordinates":[-0.011635,51.417993]}},{"id":"781","type":"Feature","properties":{"layer":0},"geometry":{"type":"Point","coordinates":[-0.006523,51.51457]}},{"id":"782","type":"Feature","properties":{"layer":0},"geometry":{"type":"Point","coordinates":[-0.085267,51.446678]}},{"id":"783","type":"Feature","properties":{"layer":0},"geometry":{"type":"Point","coordinates":[-0.089354,51.464279]}},{"id":"784","type":"Feature","properties":{"layer":0},"geometry":{"type":"Point","coordinates":[-0.1614,51.470766]}},{"id":"785","type":"Feature","properties":{"layer":0},"geometry":{"type":"Point","coordinates":[-0.183775,51.434287]}},{"id":"786","type":"Feature","properties":{"layer":0},"geometry":{"type":"Point","coordinates":[0.103744,51.436576]}},{"id":"787","type":"Feature","properties":{"layer":0},"geometry":{"type":"Point","coordinates":[-0.167142,51.437037]}},{"id":"788","type":"Feature","properties":{"layer":0},"geometry":{"type":"Point","coordinates":[-0.105551,51.505617]}},{"id":"789","type":"Feature","properties":{"layer":0},"geometry":{"type":"Point","coordinates":[-0.142936,51.566246]}},{"id":"790","type":"Feature","properties":{"layer":0},"geometry":{"type":"Point","coordinates":[0.261671,51.570004]}},{"id":"791","type":"Feature","properties":{"layer":0},"geometry":{"type":"Point","coordinates":[-0.028148,51.543232]}},{"id":"792","type":"Feature","properties":{"layer":0},"geometry":{"type":"Point","coordinates":[-0.122321,51.504151]}},{"id":"793","type":"Feature","properties":{"layer":0},"geometry":{"type":"Point","coordinates":[-0.186244,51.525843]}},{"id":"794","type":"Feature","properties":{"layer":0},"geometry":{"type":"Point","coordinates":[-0.123487,51.540325]}},{"id":"795","type":"Feature","properties":{"layer":0},"geometry":{"type":"Point","coordinates":[-0.086234,51.373223]}},{"id":"796","type":"Feature","properties":{"layer":0},"geometry":{"type":"Point","coordinates":[0.129814,51.458864]}},{"id":"797","type":"Feature","properties":{"layer":0},"geometry":{"type":"Point","coordinates":[-0.019385,51.451718]}},{"id":"798","type":"Feature","properties":{"layer":0},"geometry":{"type":"Point","coordinates":[-0.126776,51.436829]}},{"id":"799","type":"Feature","properties":{"layer":0},"geometry":{"type":"Point","coordinates":[-0.019495,51.526572]}},{"id":"800","type":"Feature","properties":{"layer":0},"geometry":{"type":"Point","coordinates":[-0.24113,51.497812]}},{"id":"801","type":"Feature","properties":{"layer":0},"geometry":{"type":"Point","coordinates":[-0.124056,51.516989]}},{"id":"802","type":"Feature","properties":{"layer":0},"geometry":{"type":"Point","coordinates":[-0.163329,51.540065]}},{"id":"803","type":"Feature","properties":{"layer":0},"geometry":{"type":"Point","coordinates":[-0.187499,51.561205]}},{"id":"804","type":"Feature","properties":{"layer":0},"geometry":{"type":"Point","coordinates":[-0.077978,51.463796]}},{"id":"805","type":"Feature","properties":{"layer":0},"geometry":{"type":"Point","coordinates":[-0.079583,51.606236]}},{"id":"806","type":"Feature","properties":{"layer":0},"geometry":{"type":"Point","coordinates":[-0.11163,51.552009]}},{"id":"807","type":"Feature","properties":{"layer":0},"geometry":{"type":"Point","coordinates":[0.051483,51.597001]}},{"id":"808","type":"Feature","properties":{"layer":0},"geometry":{"type":"Point","coordinates":[0.030252,51.343141]}},{"id":"809","type":"Feature","properties":{"layer":0},"geometry":{"type":"Point","coordinates":[-0.393262,51.580881]}},{"id":"810","type":"Feature","properties":{"layer":0},"geometry":{"type":"Point","coordinates":[-0.024639,51.45415]}},{"id":"811","type":"Feature","properties":{"layer":0},"geometry":{"type":"Point","coordinates":[-0.05867,51.417271]}},{"id":"812","type":"Feature","properties":{"layer":0},"geometry":{"type":"Point","coordinates":[0.013371,51.541217]}},{"id":"813","type":"Feature","properties":{"layer":0},"geometry":{"type":"Point","coordinates":[-0.19668,51.466968]}},{"id":"814","type":"Feature","properties":{"layer":0},"geometry":{"type":"Point","coordinates":[-0.160933,51.489563]}},{"id":"815","type":"Feature","properties":{"layer":0},"geometry":{"type":"Point","coordinates":[-0.151958,51.493218]}},{"id":"816","type":"Feature","properties":{"layer":0},"geometry":{"type":"Point","coordinates":[-0.163272,51.601991]}},{"id":"817","type":"Feature","properties":{"layer":0},"geometry":{"type":"Point","coordinates":[-0.255719,51.584918]}},{"id":"818","type":"Feature","properties":{"layer":0},"geometry":{"type":"Point","coordinates":[-0.072417,51.538706]}},{"id":"819","type":"Feature","properties":{"layer":0},"geometry":{"type":"Point","coordinates":[-0.108213,51.530764]}},{"id":"820","type":"Feature","properties":{"layer":0},"geometry":{"type":"Point","coordinates":[-0.087924,51.45015]}},{"id":"821","type":"Feature","properties":{"layer":0},"geometry":{"type":"Point","coordinates":[-0.077319,51.531619]}},{"id":"822","type":"Feature","properties":{"layer":0},"geometry":{"type":"Point","coordinates":[-0.155529,51.511676]}},{"id":"823","type":"Feature","properties":{"layer":0},"geometry":{"type":"Point","coordinates":[-0.095646,51.549884]}},{"id":"824","type":"Feature","properties":{"layer":0},"geometry":{"type":"Point","coordinates":[-0.214899,51.388329]}},{"id":"825","type":"Feature","properties":{"layer":0},"geometry":{"type":"Point","coordinates":[-0.179931,51.533622]}},{"id":"826","type":"Feature","properties":{"layer":0},"geometry":{"type":"Point","coordinates":[-0.020741,51.445512]}},{"id":"827","type":"Feature","properties":{"layer":0},"geometry":{"type":"Point","coordinates":[-0.120614,51.536684]}},{"id":"828","type":"Feature","properties":{"layer":0},"geometry":{"type":"Point","coordinates":[-0.040057,51.457016]}},{"id":"829","type":"Feature","properties":{"layer":0},"geometry":{"type":"Point","coordinates":[-0.126851,51.477444]}},{"id":"830","type":"Feature","properties":{"layer":0},"geometry":{"type":"Point","coordinates":[-0.079362,51.490339]}},{"id":"831","type":"Feature","properties":{"layer":0},"geometry":{"type":"Point","coordinates":[-0.07423,51.58128]}},{"id":"832","type":"Feature","properties":{"layer":0},"geometry":{"type":"Point","coordinates":[-0.13659,51.465635]}},{"id":"833","type":"Feature","properties":{"layer":0},"geometry":{"type":"Point","coordinates":[-0.095935,51.602034]}},{"id":"834","type":"Feature","properties":{"layer":0},"geometry":{"type":"Point","coordinates":[-0.096157,51.534136]}},{"id":"835","type":"Feature","properties":{"layer":0},"geometry":{"type":"Point","coordinates":[-0.068234,51.471049]}},{"id":"836","type":"Feature","properties":{"layer":0},"geometry":{"type":"Point","coordinates":[-0.097078,51.498624]}},{"id":"837","type":"Feature","properties":{"layer":0},"geometry":{"type":"Point","coordinates":[-0.02313,51.592445]}},{"id":"838","type":"Feature","properties":{"layer":0},"geometry":{"type":"Point","coordinates":[-0.230937,51.536887]}},{"id":"839","type":"Feature","properties":{"layer":0},"geometry":{"type":"Point","coordinates":[-0.136248,51.485716]}},{"id":"840","type":"Feature","properties":{"layer":0},"geometry":{"type":"Point","coordinates":[0.023415,51.451531]}},{"id":"841","type":"Feature","properties":{"layer":0},"geometry":{"type":"Point","coordinates":[-0.180852,51.369922]}},{"id":"842","type":"Feature","properties":{"layer":0},"geometry":{"type":"Point","coordinates":[-0.111502,51.604946]}},{"id":"843","type":"Feature","properties":{"layer":0},"geometry":{"type":"Point","coordinates":[-0.429605,51.559178]}},{"id":"844","type":"Feature","properties":{"layer":0},"geometry":{"type":"Point","coordinates":[-0.062584,51.506133]}},{"id":"845","type":"Feature","properties":{"layer":0},"geometry":{"type":"Point","coordinates":[-0.12986,51.44754]}},{"id":"846","type":"Feature","properties":{"layer":0},"geometry":{"type":"Point","coordinates":[-0.160028,51.548361]}},{"id":"847","type":"Feature","properties":{"layer":0},"geometry":{"type":"Point","coordinates":[-0.149408,51.597636]}},{"id":"848","type":"Feature","properties":{"layer":0},"geometry":{"type":"Point","coordinates":[-0.150958,51.510547]}},{"id":"849","type":"Feature","properties":{"layer":0},"geometry":{"type":"Point","coordinates":[-0.033812,51.465159]}},{"id":"850","type":"Feature","properties":{"layer":0},"geometry":{"type":"Point","coordinates":[-0.175666,51.541124]}},{"id":"851","type":"Feature","properties":{"layer":0},"geometry":{"type":"Point","coordinates":[-0.216997,51.541549]}},{"id":"852","type":"Feature","properties":{"layer":0},"geometry":{"type":"Point","coordinates":[-0.086993,51.541434]}},{"id":"853","type":"Feature","properties":{"layer":0},"geometry":{"type":"Point","coordinates":[-0.129575,51.547215]}},{"id":"854","type":"Feature","properties":{"layer":0},"geometry":{"type":"Point","coordinates":[-0.08429,51.512181]}},{"id":"855","type":"Feature","properties":{"layer":0},"geometry":{"type":"Point","coordinates":[-0.062025,51.417658]}},{"id":"856","type":"Feature","properties":{"layer":0},"geometry":{"type":"Point","coordinates":[-0.290791,51.620577]}},{"id":"857","type":"Feature","properties":{"layer":0},"geometry":{"type":"Point","coordinates":[-0.122561,51.445438]}},{"id":"858","type":"Feature","properties":{"layer":0},"geometry":{"type":"Point","coordinates":[0.011956,51.540405]}},{"id":"859","type":"Feature","properties":{"layer":0},"geometry":{"type":"Point","coordinates":[0.030951,51.393754]}},{"id":"860","type":"Feature","properties":{"layer":0},"geometry":{"type":"Point","coordinates":[-0.01097,51.492216]}},{"id":"861","type":"Feature","properties":{"layer":0},"geometry":{"type":"Point","coordinates":[-0.208069,51.541102]}},{"id":"862","type":"Feature","properties":{"layer":0},"geometry":{"type":"Point","coordinates":[0.012058,51.472087]}},{"id":"863","type":"Feature","properties":{"layer":0},"geometry":{"type":"Point","coordinates":[-0.124897,51.521492]}},{"id":"864","type":"Feature","properties":{"layer":0},"geometry":{"type":"Point","coordinates":[-0.216124,51.401086]}},{"id":"865","type":"Feature","properties":{"layer":0},"geometry":{"type":"Point","coordinates":[-0.058192,51.628496]}},{"id":"866","type":"Feature","properties":{"layer":0},"geometry":{"type":"Point","coordinates":[0.038195,51.458508]}},{"id":"867","type":"Feature","properties":{"layer":0},"geometry":{"type":"Point","coordinates":[-0.062171,51.539139]}},{"id":"868","type":"Feature","properties":{"layer":0},"geometry":{"type":"Point","coordinates":[-0.186187,51.535214]}},{"id":"869","type":"Feature","properties":{"layer":0},"geometry":{"type":"Point","coordinates":[-0.112365,51.462417]}},{"id":"870","type":"Feature","properties":{"layer":0},"geometry":{"type":"Point","coordinates":[0.146483,51.462425]}},{"id":"871","type":"Feature","properties":{"layer":0},"geometry":{"type":"Point","coordinates":[-0.181966,51.4883]}},{"id":"872","type":"Feature","properties":{"layer":0},"geometry":{"type":"Point","coordinates":[-0.242855,51.432463]}},{"id":"873","type":"Feature","properties":{"layer":0},"geometry":{"type":"Point","coordinates":[-0.115867,51.505574]}},{"id":"874","type":"Feature","properties":{"layer":0},"geometry":{"type":"Point","coordinates":[-0.139449,51.623195]}},{"id":"875","type":"Feature","properties":{"layer":0},"geometry":{"type":"Point","coordinates":[-0.26272,51.628951]}},{"id":"876","type":"Feature","properties":{"layer":0},"geometry":{"type":"Point","coordinates":[-0.193063,51.500958]}},{"id":"877","type":"Feature","properties":{"layer":0},"geometry":{"type":"Point","coordinates":[-0.122888,51.519654]}},{"id":"878","type":"Feature","properties":{"layer":0},"geometry":{"type":"Point","coordinates":[-0.234817,51.47255]}},{"id":"879","type":"Feature","properties":{"layer":0},"geometry":{"type":"Point","coordinates":[-0.081452,51.674233]}},{"id":"880","type":"Feature","properties":{"layer":0},"geometry":{"type":"Point","coordinates":[-0.288641,51.421381]}},{"id":"881","type":"Feature","properties":{"layer":0},"geometry":{"type":"Point","coordinates":[-0.085987,51.454626]}},{"id":"882","type":"Feature","properties":{"layer":0},"geometry":{"type":"Point","coordinates":[-0.111722,51.392217]}},{"id":"883","type":"Feature","properties":{"layer":0},"geometry":{"type":"Point","coordinates":[-0.053593,51.472434]}},{"id":"884","type":"Feature","properties":{"layer":0},"geometry":{"type":"Point","coordinates":[-0.071996,51.5131]}},{"id":"885","type":"Feature","properties":{"layer":0},"geometry":{"type":"Point","coordinates":[-0.042763,51.44013]}},{"id":"886","type":"Feature","properties":{"layer":0},"geometry":{"type":"Point","coordinates":[-0.087505,51.433505]}},{"id":"887","type":"Feature","properties":{"layer":0},"geometry":{"type":"Point","coordinates":[-0.267065,51.488768]}},{"id":"888","type":"Feature","properties":{"layer":0},"geometry":{"type":"Point","coordinates":[-0.097696,51.474019]}},{"id":"889","type":"Feature","properties":{"layer":0},"geometry":{"type":"Point","coordinates":[-0.105832,51.514324]}},{"id":"890","type":"Feature","properties":{"layer":0},"geometry":{"type":"Point","coordinates":[-0.052394,51.422115]}},{"id":"891","type":"Feature","properties":{"layer":0},"geometry":{"type":"Point","coordinates":[-0.124291,51.492959]}},{"id":"892","type":"Feature","properties":{"layer":0},"geometry":{"type":"Point","coordinates":[-0.013003,51.677885]}},{"id":"893","type":"Feature","properties":{"layer":0},"geometry":{"type":"Point","coordinates":[-0.128667,51.644827]}},{"id":"894","type":"Feature","properties":{"layer":0},"geometry":{"type":"Point","coordinates":[-0.111532,51.550127]}},{"id":"895","type":"Feature","properties":{"layer":0},"geometry":{"type":"Point","coordinates":[-0.06811,51.497712]}},{"id":"896","type":"Feature","properties":{"layer":0},"geometry":{"type":"Point","coordinates":[-0.039271,51.417123]}},{"id":"897","type":"Feature","properties":{"layer":0},"geometry":{"type":"Point","coordinates":[-0.068701,51.419621]}},{"id":"898","type":"Feature","properties":{"layer":0},"geometry":{"type":"Point","coordinates":[-0.024175,51.573215]}},{"id":"899","type":"Feature","properties":{"layer":0},"geometry":{"type":"Point","coordinates":[-0.119596,51.547385]}},{"id":"900","type":"Feature","properties":{"layer":0},"geometry":{"type":"Point","coordinates":[-0.124834,51.381748]}},{"id":"901","type":"Feature","properties":{"layer":0},"geometry":{"type":"Point","coordinates":[-0.179541,51.510545]}},{"id":"902","type":"Feature","properties":{"layer":0},"geometry":{"type":"Point","coordinates":[0.025328,51.382289]}},{"id":"903","type":"Feature","properties":{"layer":0},"geometry":{"type":"Point","coordinates":[-0.135318,51.457851]}},{"id":"904","type":"Feature","properties":{"layer":0},"geometry":{"type":"Point","coordinates":[-0.132352,51.486253]}},{"id":"905","type":"Feature","properties":{"layer":0},"geometry":{"type":"Point","coordinates":[0.14779,51.492207]}},{"id":"906","type":"Feature","properties":{"layer":0},"geometry":{"type":"Point","coordinates":[-0.038727,51.418252]}},{"id":"907","type":"Feature","properties":{"layer":0},"geometry":{"type":"Point","coordinates":[-0.082843,51.581993]}},{"id":"908","type":"Feature","properties":{"layer":0},"geometry":{"type":"Point","coordinates":[0.19649,51.558391]}},{"id":"909","type":"Feature","properties":{"layer":0},"geometry":{"type":"Point","coordinates":[-0.39453,51.496328]}},{"id":"910","type":"Feature","properties":{"layer":0},"geometry":{"type":"Point","coordinates":[-0.056299,51.371087]}},{"id":"911","type":"Feature","properties":{"layer":0},"geometry":{"type":"Point","coordinates":[-0.34513,51.550054]}},{"id":"912","type":"Feature","properties":{"layer":0},"geometry":{"type":"Point","coordinates":[-0.053534,51.439304]}},{"id":"913","type":"Feature","properties":{"layer":0},"geometry":{"type":"Point","coordinates":[-0.104251,51.500503]}},{"id":"914","type":"Feature","properties":{"layer":0},"geometry":{"type":"Point","coordinates":[-0.09858,51.611867]}},{"id":"915","type":"Feature","properties":{"layer":0},"geometry":{"type":"Point","coordinates":[-0.042723,51.493341]}},{"id":"916","type":"Feature","properties":{"layer":0},"geometry":{"type":"Point","coordinates":[-0.249791,51.427305]}},{"id":"917","type":"Feature","properties":{"layer":0},"geometry":{"type":"Point","coordinates":[-0.159038,51.473809]}},{"id":"918","type":"Feature","properties":{"layer":0},"geometry":{"type":"Point","coordinates":[-0.106572,51.550129]}},{"id":"919","type":"Feature","properties":{"layer":0},"geometry":{"type":"Point","coordinates":[-0.038401,51.405559]}},{"id":"920","type":"Feature","properties":{"layer":0},"geometry":{"type":"Point","coordinates":[-0.064132,51.482751]}},{"id":"921","type":"Feature","properties":{"layer":0},"geometry":{"type":"Point","coordinates":[-0.171067,51.476385]}},{"id":"922","type":"Feature","properties":{"layer":0},"geometry":{"type":"Point","coordinates":[-0.178723,51.625795]}},{"id":"923","type":"Feature","properties":{"layer":0},"geometry":{"type":"Point","coordinates":[-0.101443,51.51708]}},{"id":"924","type":"Feature","properties":{"layer":0},"geometry":{"type":"Point","coordinates":[-0.234209,51.406296]}},{"id":"925","type":"Feature","properties":{"layer":0},"geometry":{"type":"Point","coordinates":[-0.099573,51.411656]}},{"id":"926","type":"Feature","properties":{"layer":0},"geometry":{"type":"Point","coordinates":[0.013575,51.439663]}},{"id":"927","type":"Feature","properties":{"layer":0},"geometry":{"type":"Point","coordinates":[-0.128267,51.39057]}},{"id":"928","type":"Feature","properties":{"layer":0},"geometry":{"type":"Point","coordinates":[-0.181599,51.515977]}},{"id":"929","type":"Feature","properties":{"layer":0},"geometry":{"type":"Point","coordinates":[-0.074352,51.401131]}},{"id":"930","type":"Feature","properties":{"layer":0},"geometry":{"type":"Point","coordinates":[-0.098045,51.511592]}},{"id":"931","type":"Feature","properties":{"layer":0},"geometry":{"type":"Point","coordinates":[-0.191213,51.531655]}},{"id":"932","type":"Feature","properties":{"layer":0},"geometry":{"type":"Point","coordinates":[-0.112151,51.437101]}},{"id":"933","type":"Feature","properties":{"layer":0},"geometry":{"type":"Point","coordinates":[0.202531,51.579155]}},{"id":"934","type":"Feature","properties":{"layer":0},"geometry":{"type":"Point","coordinates":[-0.014177,51.582018]}},{"id":"935","type":"Feature","properties":{"layer":0},"geometry":{"type":"Point","coordinates":[-0.112258,51.511728]}},{"id":"936","type":"Feature","properties":{"layer":0},"geometry":{"type":"Point","coordinates":[-0.152228,51.434881]}},{"id":"937","type":"Feature","properties":{"layer":0},"geometry":{"type":"Point","coordinates":[-0.017457,51.513272]}},{"id":"938","type":"Feature","properties":{"layer":0},"geometry":{"type":"Point","coordinates":[-0.176813,51.543387]}},{"id":"939","type":"Feature","properties":{"layer":0},"geometry":{"type":"Point","coordinates":[-0.08946,51.454464]}},{"id":"940","type":"Feature","properties":{"layer":0},"geometry":{"type":"Point","coordinates":[-0.236143,51.564552]}},{"id":"941","type":"Feature","properties":{"layer":0},"geometry":{"type":"Point","coordinates":[-0.031111,51.564638]}},{"id":"942","type":"Feature","properties":{"layer":0},"geometry":{"type":"Point","coordinates":[-0.079797,51.488117]}},{"id":"943","type":"Feature","properties":{"layer":0},"geometry":{"type":"Point","coordinates":[-0.069609,51.508268]}},{"id":"944","type":"Feature","properties":{"layer":0},"geometry":{"type":"Point","coordinates":[-0.1622,51.488553]}},{"id":"945","type":"Feature","properties":{"layer":0},"geometry":{"type":"Point","coordinates":[-0.058005,51.452352]}},{"id":"946","type":"Feature","properties":{"layer":0},"geometry":{"type":"Point","coordinates":[-0.077848,51.458867]}},{"id":"947","type":"Feature","properties":{"layer":0},"geometry":{"type":"Point","coordinates":[-0.105093,51.497085]}},{"id":"948","type":"Feature","properties":{"layer":0},"geometry":{"type":"Point","coordinates":[-0.067055,51.463707]}},{"id":"949","type":"Feature","properties":{"layer":0},"geometry":{"type":"Point","coordinates":[0.150395,51.394066]}},{"id":"950","type":"Feature","properties":{"layer":0},"geometry":{"type":"Point","coordinates":[-0.004762,51.502647]}},{"id":"951","type":"Feature","properties":{"layer":0},"geometry":{"type":"Point","coordinates":[-0.096496,51.415312]}},{"id":"952","type":"Feature","properties":{"layer":0},"geometry":{"type":"Point","coordinates":[-0.115942,51.554535]}},{"id":"953","type":"Feature","properties":{"layer":0},"geometry":{"type":"Point","coordinates":[-0.002938,51.525278]}},{"id":"954","type":"Feature","properties":{"layer":0},"geometry":{"type":"Point","coordinates":[-0.171739,51.48874]}},{"id":"955","type":"Feature","properties":{"layer":0},"geometry":{"type":"Point","coordinates":[-0.00149,51.506677]}},{"id":"956","type":"Feature","properties":{"layer":0},"geometry":{"type":"Point","coordinates":[-0.084207,51.502985]}},{"id":"957","type":"Feature","properties":{"layer":0},"geometry":{"type":"Point","coordinates":[-0.066203,51.455114]}},{"id":"958","type":"Feature","properties":{"layer":0},"geometry":{"type":"Point","coordinates":[-0.122502,51.539616]}},{"id":"959","type":"Feature","properties":{"layer":0},"geometry":{"type":"Point","coordinates":[-0.218361,51.480886]}},{"id":"960","type":"Feature","properties":{"layer":0},"geometry":{"type":"Point","coordinates":[0.077545,51.508033]}},{"id":"961","type":"Feature","properties":{"layer":0},"geometry":{"type":"Point","coordinates":[-0.141987,51.481254]}},{"id":"962","type":"Feature","properties":{"layer":0},"geometry":{"type":"Point","coordinates":[-0.054911,51.459482]}},{"id":"963","type":"Feature","properties":{"layer":0},"geometry":{"type":"Point","coordinates":[-0.066913,51.552204]}},{"id":"964","type":"Feature","properties":{"layer":0},"geometry":{"type":"Point","coordinates":[-0.171101,51.498917]}},{"id":"965","type":"Feature","properties":{"layer":0},"geometry":{"type":"Point","coordinates":[-0.072181,51.482692]}},{"id":"966","type":"Feature","properties":{"layer":0},"geometry":{"type":"Point","coordinates":[-0.097084,51.365295]}},{"id":"967","type":"Feature","properties":{"layer":0},"geometry":{"type":"Point","coordinates":[-0.203417,51.491889]}},{"id":"968","type":"Feature","properties":{"layer":0},"geometry":{"type":"Point","coordinates":[-0.153111,51.467274]}},{"id":"969","type":"Feature","properties":{"layer":0},"geometry":{"type":"Point","coordinates":[-0.089924,51.508745]}},{"id":"970","type":"Feature","properties":{"layer":0},"geometry":{"type":"Point","coordinates":[-0.086115,51.468053]}},{"id":"971","type":"Feature","properties":{"layer":0},"geometry":{"type":"Point","coordinates":[-0.033665,51.400327]}},{"id":"972","type":"Feature","properties":{"layer":0},"geometry":{"type":"Point","coordinates":[-0.177039,51.409465]}},{"id":"973","type":"Feature","properties":{"layer":0},"geometry":{"type":"Point","coordinates":[-0.433172,51.519638]}},{"id":"974","type":"Feature","properties":{"layer":0},"geometry":{"type":"Point","coordinates":[-0.097543,51.472743]}},{"id":"975","type":"Feature","properties":{"layer":0},"geometry":{"type":"Point","coordinates":[-0.166399,51.525235]}},{"id":"976","type":"Feature","properties":{"layer":0},"geometry":{"type":"Point","coordinates":[-0.256453,51.400766]}},{"id":"977","type":"Feature","properties":{"layer":0},"geometry":{"type":"Point","coordinates":[-0.101416,51.338545]}},{"id":"978","type":"Feature","properties":{"layer":0},"geometry":{"type":"Point","coordinates":[-0.018197,51.504516]}},{"id":"979","type":"Feature","properties":{"layer":0},"geometry":{"type":"Point","coordinates":[-0.008602,51.549555]}},{"id":"980","type":"Feature","properties":{"layer":0},"geometry":{"type":"Point","coordinates":[-0.133138,51.440644]}},{"id":"981","type":"Feature","properties":{"layer":0},"geometry":{"type":"Point","coordinates":[-0.330612,51.438173]}},{"id":"982","type":"Feature","properties":{"layer":0},"geometry":{"type":"Point","coordinates":[-0.11906,51.436706]}},{"id":"983","type":"Feature","properties":{"layer":0},"geometry":{"type":"Point","coordinates":[-0.465019,51.608813]}},{"id":"984","type":"Feature","properties":{"layer":0},"geometry":{"type":"Point","coordinates":[0.163806,51.586214]}},{"id":"985","type":"Feature","properties":{"layer":0},"geometry":{"type":"Point","coordinates":[-0.122382,51.468346]}},{"id":"986","type":"Feature","properties":{"layer":0},"geometry":{"type":"Point","coordinates":[-0.156802,51.531668]}},{"id":"987","type":"Feature","properties":{"layer":0},"geometry":{"type":"Point","coordinates":[-0.034052,51.466622]}},{"id":"988","type":"Feature","properties":{"layer":0},"geometry":{"type":"Point","coordinates":[-0.174996,51.486194]}},{"id":"989","type":"Feature","properties":{"layer":0},"geometry":{"type":"Point","coordinates":[-0.090661,51.514688]}},{"id":"990","type":"Feature","properties":{"layer":0},"geometry":{"type":"Point","coordinates":[-0.047793,51.487648]}},{"id":"991","type":"Feature","properties":{"layer":0},"geometry":{"type":"Point","coordinates":[-0.213728,51.551152]}},{"id":"992","type":"Feature","properties":{"layer":0},"geometry":{"type":"Point","coordinates":[-0.362742,51.487636]}},{"id":"993","type":"Feature","properties":{"layer":0},"geometry":{"type":"Point","coordinates":[-0.150425,51.511965]}},{"id":"994","type":"Feature","properties":{"layer":0},"geometry":{"type":"Point","coordinates":[-0.097158,51.514957]}},{"id":"995","type":"Feature","properties":{"layer":0},"geometry":{"type":"Point","coordinates":[-0.25639,51.423863]}},{"id":"996","type":"Feature","properties":{"layer":0},"geometry":{"type":"Point","coordinates":[-0.126475,51.450054]}},{"id":"997","type":"Feature","properties":{"layer":0},"geometry":{"type":"Point","coordinates":[-0.115755,51.471712]}},{"id":"998","type":"Feature","properties":{"layer":0},"geometry":{"type":"Point","coordinates":[-0.083776,51.590924]}},{"id":"999","type":"Feature","properties":{"layer":0},"geometry":{"type":"Point","coordinates":[-0.134315,51.458791]}},{"id":"1000","type":"Feature","properties":{"layer":0},"geometry":{"type":"Point","coordinates":[0.064176,51.512735]}},{"id":"1001","type":"Feature","properties":{"layer":0},"geometry":{"type":"Point","coordinates":[-0.105176,51.479426]}},{"id":"1002","type":"Feature","properties":{"layer":0},"geometry":{"type":"Point","coordinates":[-0.130225,51.364993]}},{"id":"1003","type":"Feature","properties":{"layer":0},"geometry":{"type":"Point","coordinates":[-0.211934,51.550931]}},{"id":"1004","type":"Feature","properties":{"layer":0},"geometry":{"type":"Point","coordinates":[-0.060049,51.453719]}},{"id":"1005","type":"Feature","properties":{"layer":0},"geometry":{"type":"Point","coordinates":[-0.271005,51.384526]}},{"id":"1006","type":"Feature","properties":{"layer":0},"geometry":{"type":"Point","coordinates":[-0.033631,51.468279]}},{"id":"1007","type":"Feature","properties":{"layer":0},"geometry":{"type":"Point","coordinates":[-0.266776,51.624965]}},{"id":"1008","type":"Feature","properties":{"layer":0},"geometry":{"type":"Point","coordinates":[-0.026258,51.52193]}},{"id":"1009","type":"Feature","properties":{"layer":0},"geometry":{"type":"Point","coordinates":[-0.019259,51.504202]}},{"id":"1010","type":"Feature","properties":{"layer":0},"geometry":{"type":"Point","coordinates":[-0.149112,51.583709]}},{"id":"1011","type":"Feature","properties":{"layer":0},"geometry":{"type":"Point","coordinates":[-0.048415,51.496485]}},{"id":"1012","type":"Feature","properties":{"layer":0},"geometry":{"type":"Point","coordinates":[-0.001846,51.516364]}},{"id":"1013","type":"Feature","properties":{"layer":0},"geometry":{"type":"Point","coordinates":[-0.028598,51.46559]}},{"id":"1014","type":"Feature","properties":{"layer":0},"geometry":{"type":"Point","coordinates":[-0.28158,51.453452]}},{"id":"1015","type":"Feature","properties":{"layer":0},"geometry":{"type":"Point","coordinates":[-0.198966,51.467557]}},{"id":"1016","type":"Feature","properties":{"layer":0},"geometry":{"type":"Point","coordinates":[-0.135282,51.558104]}},{"id":"1017","type":"Feature","properties":{"layer":0},"geometry":{"type":"Point","coordinates":[0.156976,51.554223]}},{"id":"1018","type":"Feature","properties":{"layer":0},"geometry":{"type":"Point","coordinates":[0.149446,51.492973]}},{"id":"1019","type":"Feature","properties":{"layer":0},"geometry":{"type":"Point","coordinates":[-0.216492,51.454719]}},{"id":"1020","type":"Feature","properties":{"layer":0},"geometry":{"type":"Point","coordinates":[-0.071275,51.410211]}},{"id":"1021","type":"Feature","properties":{"layer":0},"geometry":{"type":"Point","coordinates":[-0.128932,51.56478]}},{"id":"1022","type":"Feature","properties":{"layer":0},"geometry":{"type":"Point","coordinates":[-0.079854,51.578937]}},{"id":"1023","type":"Feature","properties":{"layer":0},"geometry":{"type":"Point","coordinates":[-0.129648,51.478728]}},{"id":"1024","type":"Feature","properties":{"layer":0},"geometry":{"type":"Point","coordinates":[-0.111757,51.581301]}},{"id":"1025","type":"Feature","properties":{"layer":0},"geometry":{"type":"Point","coordinates":[-0.224458,51.499772]}},{"id":"1026","type":"Feature","properties":{"layer":0},"geometry":{"type":"Point","coordinates":[-0.317897,51.590627]}},{"id":"1027","type":"Feature","properties":{"layer":0},"geometry":{"type":"Point","coordinates":[-0.075571,51.49424]}},{"id":"1028","type":"Feature","properties":{"layer":0},"geometry":{"type":"Point","coordinates":[-0.209716,51.506316]}},{"id":"1029","type":"Feature","properties":{"layer":0},"geometry":{"type":"Point","coordinates":[-0.258233,51.501134]}},{"id":"1030","type":"Feature","properties":{"layer":0},"geometry":{"type":"Point","coordinates":[-0.005569,51.50675]}},{"id":"1031","type":"Feature","properties":{"layer":0},"geometry":{"type":"Point","coordinates":[-0.124287,51.521158]}},{"id":"1032","type":"Feature","properties":{"layer":0},"geometry":{"type":"Point","coordinates":[0.020413,51.555066]}},{"id":"1033","type":"Feature","properties":{"layer":0},"geometry":{"type":"Point","coordinates":[-0.217659,51.542267]}},{"id":"1034","type":"Feature","properties":{"layer":0},"geometry":{"type":"Point","coordinates":[-0.301152,51.518849]}},{"id":"1035","type":"Feature","properties":{"layer":0},"geometry":{"type":"Point","coordinates":[-0.078955,51.479015]}},{"id":"1036","type":"Feature","properties":{"layer":0},"geometry":{"type":"Point","coordinates":[-0.138958,51.48057]}},{"id":"1037","type":"Feature","properties":{"layer":0},"geometry":{"type":"Point","coordinates":[-0.110887,51.518814]}},{"id":"1038","type":"Feature","properties":{"layer":0},"geometry":{"type":"Point","coordinates":[-0.165459,51.567583]}},{"id":"1039","type":"Feature","properties":{"layer":0},"geometry":{"type":"Point","coordinates":[-0.414857,51.574419]}},{"id":"1040","type":"Feature","properties":{"layer":0},"geometry":{"type":"Point","coordinates":[-0.220941,51.431225]}},{"id":"1041","type":"Feature","properties":{"layer":0},"geometry":{"type":"Point","coordinates":[-0.022904,51.486661]}},{"id":"1042","type":"Feature","properties":{"layer":0},"geometry":{"type":"Point","coordinates":[-0.085588,51.574844]}},{"id":"1043","type":"Feature","properties":{"layer":0},"geometry":{"type":"Point","coordinates":[-0.006107,51.447023]}},{"id":"1044","type":"Feature","properties":{"layer":0},"geometry":{"type":"Point","coordinates":[-0.174454,51.456221]}},{"id":"1045","type":"Feature","properties":{"layer":0},"geometry":{"type":"Point","coordinates":[-0.128294,51.545177]}},{"id":"1046","type":"Feature","properties":{"layer":0},"geometry":{"type":"Point","coordinates":[-0.050435,51.436289]}},{"id":"1047","type":"Feature","properties":{"layer":0},"geometry":{"type":"Point","coordinates":[-0.209214,51.468609]}},{"id":"1048","type":"Feature","properties":{"layer":0},"geometry":{"type":"Point","coordinates":[-0.15064,51.45137]}},{"id":"1049","type":"Feature","properties":{"layer":0},"geometry":{"type":"Point","coordinates":[0.07617,51.36226]}},{"id":"1050","type":"Feature","properties":{"layer":0},"geometry":{"type":"Point","coordinates":[-0.093042,51.548253]}},{"id":"1051","type":"Feature","properties":{"layer":0},"geometry":{"type":"Point","coordinates":[0.106895,51.572457]}},{"id":"1052","type":"Feature","properties":{"layer":0},"geometry":{"type":"Point","coordinates":[-0.044257,51.577725]}},{"id":"1053","type":"Feature","properties":{"layer":0},"geometry":{"type":"Point","coordinates":[-0.300493,51.598853]}},{"id":"1054","type":"Feature","properties":{"layer":0},"geometry":{"type":"Point","coordinates":[-0.158273,51.538003]}},{"id":"1055","type":"Feature","properties":{"layer":0},"geometry":{"type":"Point","coordinates":[-0.246233,51.388194]}},{"id":"1056","type":"Feature","properties":{"layer":0},"geometry":{"type":"Point","coordinates":[-0.139484,51.463199]}},{"id":"1057","type":"Feature","properties":{"layer":0},"geometry":{"type":"Point","coordinates":[0.02019,51.451366]}},{"id":"1058","type":"Feature","properties":{"layer":0},"geometry":{"type":"Point","coordinates":[-0.026635,51.544185]}},{"id":"1059","type":"Feature","properties":{"layer":0},"geometry":{"type":"Point","coordinates":[-0.13256,51.52661]}},{"id":"1060","type":"Feature","properties":{"layer":0},"geometry":{"type":"Point","coordinates":[-0.205038,51.614662]}},{"id":"1061","type":"Feature","properties":{"layer":0},"geometry":{"type":"Point","coordinates":[-0.128792,51.410631]}},{"id":"1062","type":"Feature","properties":{"layer":0},"geometry":{"type":"Point","coordinates":[-0.357904,51.439045]}},{"id":"1063","type":"Feature","properties":{"layer":0},"geometry":{"type":"Point","coordinates":[-0.44072,51.585264]}},{"id":"1064","type":"Feature","properties":{"layer":0},"geometry":{"type":"Point","coordinates":[-0.078339,51.538801]}},{"id":"1065","type":"Feature","properties":{"layer":0},"geometry":{"type":"Point","coordinates":[-0.114156,51.517861]}},{"id":"1066","type":"Feature","properties":{"layer":0},"geometry":{"type":"Point","coordinates":[-0.046505,51.511363]}},{"id":"1067","type":"Feature","properties":{"layer":0},"geometry":{"type":"Point","coordinates":[-0.049032,51.566087]}},{"id":"1068","type":"Feature","properties":{"layer":0},"geometry":{"type":"Point","coordinates":[-0.243794,51.614504]}},{"id":"1069","type":"Feature","properties":{"layer":0},"geometry":{"type":"Point","coordinates":[-0.137236,51.610632]}},{"id":"1070","type":"Feature","properties":{"layer":0},"geometry":{"type":"Point","coordinates":[-0.065854,51.521165]}},{"id":"1071","type":"Feature","properties":{"layer":0},"geometry":{"type":"Point","coordinates":[0.019071,51.472152]}},{"id":"1072","type":"Feature","properties":{"layer":0},"geometry":{"type":"Point","coordinates":[-0.111293,51.526223]}},{"id":"1073","type":"Feature","properties":{"layer":0},"geometry":{"type":"Point","coordinates":[-0.150934,51.630415]}},{"id":"1074","type":"Feature","properties":{"layer":0},"geometry":{"type":"Point","coordinates":[-0.402191,51.546069]}},{"id":"1075","type":"Feature","properties":{"layer":0},"geometry":{"type":"Point","coordinates":[-0.054205,51.540709]}},{"id":"1076","type":"Feature","properties":{"layer":0},"geometry":{"type":"Point","coordinates":[-0.018613,51.600371]}},{"id":"1077","type":"Feature","properties":{"layer":0},"geometry":{"type":"Point","coordinates":[-0.097373,51.374325]}},{"id":"1078","type":"Feature","properties":{"layer":0},"geometry":{"type":"Point","coordinates":[-0.109431,51.677366]}},{"id":"1079","type":"Feature","properties":{"layer":0},"geometry":{"type":"Point","coordinates":[-0.034309,51.511364]}},{"id":"1080","type":"Feature","properties":{"layer":0},"geometry":{"type":"Point","coordinates":[-0.217422,51.421412]}},{"id":"1081","type":"Feature","properties":{"layer":0},"geometry":{"type":"Point","coordinates":[-0.301728,51.384361]}},{"id":"1082","type":"Feature","properties":{"layer":0},"geometry":{"type":"Point","coordinates":[-0.302119,51.478782]}},{"id":"1083","type":"Feature","properties":{"layer":0},"geometry":{"type":"Point","coordinates":[-0.118555,51.536892]}},{"id":"1084","type":"Feature","properties":{"layer":0},"geometry":{"type":"Point","coordinates":[-0.180121,51.591063]}},{"id":"1085","type":"Feature","properties":{"layer":0},"geometry":{"type":"Point","coordinates":[-0.127339,51.525829]}},{"id":"1086","type":"Feature","properties":{"layer":0},"geometry":{"type":"Point","coordinates":[-0.079199,51.540562]}},{"id":"1087","type":"Feature","properties":{"layer":0},"geometry":{"type":"Point","coordinates":[-0.240269,51.473271]}},{"id":"1088","type":"Feature","properties":{"layer":0},"geometry":{"type":"Point","coordinates":[-0.105496,51.523089]}},{"id":"1089","type":"Feature","properties":{"layer":0},"geometry":{"type":"Point","coordinates":[-0.09394,51.529144]}},{"id":"1090","type":"Feature","properties":{"layer":0},"geometry":{"type":"Point","coordinates":[-0.037135,51.482853]}},{"id":"1091","type":"Feature","properties":{"layer":0},"geometry":{"type":"Point","coordinates":[0.002062,51.582123]}},{"id":"1092","type":"Feature","properties":{"layer":0},"geometry":{"type":"Point","coordinates":[-0.233698,51.470279]}},{"id":"1093","type":"Feature","properties":{"layer":0},"geometry":{"type":"Point","coordinates":[0.061678,51.519161]}},{"id":"1094","type":"Feature","properties":{"layer":0},"geometry":{"type":"Point","coordinates":[-0.253608,51.475225]}},{"id":"1095","type":"Feature","properties":{"layer":0},"geometry":{"type":"Point","coordinates":[0.021874,51.481498]}},{"id":"1096","type":"Feature","properties":{"layer":0},"geometry":{"type":"Point","coordinates":[-0.038719,51.471692]}},{"id":"1097","type":"Feature","properties":{"layer":0},"geometry":{"type":"Point","coordinates":[-0.179794,51.573262]}},{"id":"1098","type":"Feature","properties":{"layer":0},"geometry":{"type":"Point","coordinates":[0.015453,51.540215]}},{"id":"1099","type":"Feature","properties":{"layer":0},"geometry":{"type":"Point","coordinates":[-0.156761,51.483996]}},{"id":"1100","type":"Feature","properties":{"layer":0},"geometry":{"type":"Point","coordinates":[-0.17223,51.51101]}},{"id":"1101","type":"Feature","properties":{"layer":0},"geometry":{"type":"Point","coordinates":[-0.259599,51.603451]}},{"id":"1102","type":"Feature","properties":{"layer":0},"geometry":{"type":"Point","coordinates":[-0.200287,51.446995]}},{"id":"1103","type":"Feature","properties":{"layer":0},"geometry":{"type":"Point","coordinates":[-0.114682,51.499292]}},{"id":"1104","type":"Feature","properties":{"layer":0},"geometry":{"type":"Point","coordinates":[-0.206886,51.447467]}},{"id":"1105","type":"Feature","properties":{"layer":0},"geometry":{"type":"Point","coordinates":[-0.164111,51.548432]}},{"id":"1106","type":"Feature","properties":{"layer":0},"geometry":{"type":"Point","coordinates":[-0.087215,51.623853]}},{"id":"1107","type":"Feature","properties":{"layer":0},"geometry":{"type":"Point","coordinates":[0.116079,51.523212]}},{"id":"1108","type":"Feature","properties":{"layer":0},"geometry":{"type":"Point","coordinates":[-0.119047,51.433868]}},{"id":"1109","type":"Feature","properties":{"layer":0},"geometry":{"type":"Point","coordinates":[-0.150773,51.556103]}},{"id":"1110","type":"Feature","properties":{"layer":0},"geometry":{"type":"Point","coordinates":[-0.131252,51.482147]}},{"id":"1111","type":"Feature","properties":{"layer":0},"geometry":{"type":"Point","coordinates":[-0.133392,51.631192]}},{"id":"1112","type":"Feature","properties":{"layer":0},"geometry":{"type":"Point","coordinates":[-0.128115,51.467731]}},{"id":"1113","type":"Feature","properties":{"layer":0},"geometry":{"type":"Point","coordinates":[-0.057915,51.538891]}},{"id":"1114","type":"Feature","properties":{"layer":0},"geometry":{"type":"Point","coordinates":[-0.174485,51.458871]}},{"id":"1115","type":"Feature","properties":{"layer":0},"geometry":{"type":"Point","coordinates":[-0.078988,51.509119]}},{"id":"1116","type":"Feature","properties":{"layer":0},"geometry":{"type":"Point","coordinates":[-0.291957,51.385248]}},{"id":"1117","type":"Feature","properties":{"layer":0},"geometry":{"type":"Point","coordinates":[-0.1599,51.490507]}},{"id":"1118","type":"Feature","properties":{"layer":0},"geometry":{"type":"Point","coordinates":[-0.05917,51.461846]}},{"id":"1119","type":"Feature","properties":{"layer":0},"geometry":{"type":"Point","coordinates":[-0.174512,51.499778]}},{"id":"1120","type":"Feature","properties":{"layer":0},"geometry":{"type":"Point","coordinates":[-0.061185,51.481154]}},{"id":"1121","type":"Feature","properties":{"layer":0},"geometry":{"type":"Point","coordinates":[-0.128463,51.544401]}},{"id":"1122","type":"Feature","properties":{"layer":0},"geometry":{"type":"Point","coordinates":[0.023106,51.519473]}},{"id":"1123","type":"Feature","properties":{"layer":0},"geometry":{"type":"Point","coordinates":[-0.15515,51.431151]}},{"id":"1124","type":"Feature","properties":{"layer":0},"geometry":{"type":"Point","coordinates":[-0.116901,51.423792]}},{"id":"1125","type":"Feature","properties":{"layer":0},"geometry":{"type":"Point","coordinates":[-0.080449,51.482806]}},{"id":"1126","type":"Feature","properties":{"layer":0},"geometry":{"type":"Point","coordinates":[-0.089837,51.477264]}},{"id":"1127","type":"Feature","properties":{"layer":0},"geometry":{"type":"Point","coordinates":[0.057353,51.331649]}},{"id":"1128","type":"Feature","properties":{"layer":0},"geometry":{"type":"Point","coordinates":[0.106101,51.466888]}},{"id":"1129","type":"Feature","properties":{"layer":0},"geometry":{"type":"Point","coordinates":[-0.157163,51.596637]}},{"id":"1130","type":"Feature","properties":{"layer":0},"geometry":{"type":"Point","coordinates":[-0.136662,51.480785]}},{"id":"1131","type":"Feature","properties":{"layer":0},"geometry":{"type":"Point","coordinates":[-0.046707,51.484469]}},{"id":"1132","type":"Feature","properties":{"layer":0},"geometry":{"type":"Point","coordinates":[-0.072419,51.533322]}},{"id":"1133","type":"Feature","properties":{"layer":0},"geometry":{"type":"Point","coordinates":[-0.173116,51.583083]}},{"id":"1134","type":"Feature","properties":{"layer":0},"geometry":{"type":"Point","coordinates":[-0.060721,51.47663]}},{"id":"1135","type":"Feature","properties":{"layer":0},"geometry":{"type":"Point","coordinates":[-0.055824,51.354421]}},{"id":"1136","type":"Feature","properties":{"layer":0},"geometry":{"type":"Point","coordinates":[-0.382688,51.418133]}},{"id":"1137","type":"Feature","properties":{"layer":0},"geometry":{"type":"Point","coordinates":[-0.040164,51.455856]}},{"id":"1138","type":"Feature","properties":{"layer":0},"geometry":{"type":"Point","coordinates":[-0.114555,51.536261]}},{"id":"1139","type":"Feature","properties":{"layer":0},"geometry":{"type":"Point","coordinates":[-0.08811,51.451824]}},{"id":"1140","type":"Feature","properties":{"layer":0},"geometry":{"type":"Point","coordinates":[-0.11068,51.436388]}},{"id":"1141","type":"Feature","properties":{"layer":0},"geometry":{"type":"Point","coordinates":[-0.018517,51.533733]}},{"id":"1142","type":"Feature","properties":{"layer":0},"geometry":{"type":"Point","coordinates":[-0.153566,51.518891]}},{"id":"1143","type":"Feature","properties":{"layer":0},"geometry":{"type":"Point","coordinates":[-0.209831,51.431197]}},{"id":"1144","type":"Feature","properties":{"layer":0},"geometry":{"type":"Point","coordinates":[0.008009,51.445399]}},{"id":"1145","type":"Feature","properties":{"layer":0},"geometry":{"type":"Point","coordinates":[-0.131337,51.457845]}},{"id":"1146","type":"Feature","properties":{"layer":0},"geometry":{"type":"Point","coordinates":[-0.152705,51.597371]}},{"id":"1147","type":"Feature","properties":{"layer":0},"geometry":{"type":"Point","coordinates":[-0.098324,51.587366]}},{"id":"1148","type":"Feature","properties":{"layer":0},"geometry":{"type":"Point","coordinates":[-0.36167,51.452357]}},{"id":"1149","type":"Feature","properties":{"layer":0},"geometry":{"type":"Point","coordinates":[-0.117045,51.39375]}},{"id":"1150","type":"Feature","properties":{"layer":0},"geometry":{"type":"Point","coordinates":[-0.0817,51.470818]}},{"id":"1151","type":"Feature","properties":{"layer":0},"geometry":{"type":"Point","coordinates":[-0.048696,51.49354]}},{"id":"1152","type":"Feature","properties":{"layer":0},"geometry":{"type":"Point","coordinates":[-0.229894,51.511598]}},{"id":"1153","type":"Feature","properties":{"layer":0},"geometry":{"type":"Point","coordinates":[0.008393,51.539023]}},{"id":"1154","type":"Feature","properties":{"layer":0},"geometry":{"type":"Point","coordinates":[-0.031453,51.419744]}},{"id":"1155","type":"Feature","properties":{"layer":0},"geometry":{"type":"Point","coordinates":[-0.072642,51.503229]}},{"id":"1156","type":"Feature","properties":{"layer":0},"geometry":{"type":"Point","coordinates":[-0.083406,51.458775]}},{"id":"1157","type":"Feature","properties":{"layer":0},"geometry":{"type":"Point","coordinates":[-0.198353,51.493809]}},{"id":"1158","type":"Feature","properties":{"layer":0},"geometry":{"type":"Point","coordinates":[-0.129061,51.594398]}},{"id":"1159","type":"Feature","properties":{"layer":0},"geometry":{"type":"Point","coordinates":[-0.076858,51.560661]}},{"id":"1160","type":"Feature","properties":{"layer":0},"geometry":{"type":"Point","coordinates":[-0.069311,51.505144]}},{"id":"1161","type":"Feature","properties":{"layer":0},"geometry":{"type":"Point","coordinates":[-0.144985,51.512554]}},{"id":"1162","type":"Feature","properties":{"layer":0},"geometry":{"type":"Point","coordinates":[-0.042408,51.488284]}},{"id":"1163","type":"Feature","properties":{"layer":0},"geometry":{"type":"Point","coordinates":[0.011155,51.51579]}},{"id":"1164","type":"Feature","properties":{"layer":0},"geometry":{"type":"Point","coordinates":[0.033831,51.545138]}},{"id":"1165","type":"Feature","properties":{"layer":0},"geometry":{"type":"Point","coordinates":[-0.09917,51.435536]}},{"id":"1166","type":"Feature","properties":{"layer":0},"geometry":{"type":"Point","coordinates":[-0.046945,51.450419]}},{"id":"1167","type":"Feature","properties":{"layer":0},"geometry":{"type":"Point","coordinates":[-0.050894,51.510341]}},{"id":"1168","type":"Feature","properties":{"layer":0},"geometry":{"type":"Point","coordinates":[-0.131691,51.467961]}},{"id":"1169","type":"Feature","properties":{"layer":0},"geometry":{"type":"Point","coordinates":[-0.244713,51.537055]}},{"id":"1170","type":"Feature","properties":{"layer":0},"geometry":{"type":"Point","coordinates":[-0.080862,51.488411]}},{"id":"1171","type":"Feature","properties":{"layer":0},"geometry":{"type":"Point","coordinates":[-0.112606,51.50121]}},{"id":"1172","type":"Feature","properties":{"layer":0},"geometry":{"type":"Point","coordinates":[-0.030075,51.538879]}},{"id":"1173","type":"Feature","properties":{"layer":0},"geometry":{"type":"Point","coordinates":[-0.084214,51.460884]}},{"id":"1174","type":"Feature","properties":{"layer":0},"geometry":{"type":"Point","coordinates":[-0.045343,51.393631]}},{"id":"1175","type":"Feature","properties":{"layer":0},"geometry":{"type":"Point","coordinates":[-0.030442,51.568724]}},{"id":"1176","type":"Feature","properties":{"layer":0},"geometry":{"type":"Point","coordinates":[-0.132603,51.480367]}},{"id":"1177","type":"Feature","properties":{"layer":0},"geometry":{"type":"Point","coordinates":[-0.184467,51.518537]}},{"id":"1178","type":"Feature","properties":{"layer":0},"geometry":{"type":"Point","coordinates":[-0.026323,51.514696]}},{"id":"1179","type":"Feature","properties":{"layer":0},"geometry":{"type":"Point","coordinates":[-0.101786,51.501874]}},{"id":"1180","type":"Feature","properties":{"layer":0},"geometry":{"type":"Point","coordinates":[-0.204066,51.537638]}},{"id":"1181","type":"Feature","properties":{"layer":0},"geometry":{"type":"Point","coordinates":[-0.181149,51.503041]}},{"id":"1182","type":"Feature","properties":{"layer":0},"geometry":{"type":"Point","coordinates":[-0.113301,51.45735]}},{"id":"1183","type":"Feature","properties":{"layer":0},"geometry":{"type":"Point","coordinates":[-0.168227,51.450461]}},{"id":"1184","type":"Feature","properties":{"layer":0},"geometry":{"type":"Point","coordinates":[-0.049402,51.463259]}},{"id":"1185","type":"Feature","properties":{"layer":0},"geometry":{"type":"Point","coordinates":[-0.199646,51.493021]}},{"id":"1186","type":"Feature","properties":{"layer":0},"geometry":{"type":"Point","coordinates":[-0.026751,51.523954]}},{"id":"1187","type":"Feature","properties":{"layer":0},"geometry":{"type":"Point","coordinates":[-0.03712,51.625819]}},{"id":"1188","type":"Feature","properties":{"layer":0},"geometry":{"type":"Point","coordinates":[-0.038281,51.591034]}},{"id":"1189","type":"Feature","properties":{"layer":0},"geometry":{"type":"Point","coordinates":[0.189938,51.580763]}},{"id":"1190","type":"Feature","properties":{"layer":0},"geometry":{"type":"Point","coordinates":[-0.433033,51.539597]}},{"id":"1191","type":"Feature","properties":{"layer":0},"geometry":{"type":"Point","coordinates":[-0.138561,51.488297]}},{"id":"1192","type":"Feature","properties":{"layer":0},"geometry":{"type":"Point","coordinates":[-0.12649,51.499765]}},{"id":"1193","type":"Feature","properties":{"layer":0},"geometry":{"type":"Point","coordinates":[-0.078539,51.423067]}},{"id":"1194","type":"Feature","properties":{"layer":0},"geometry":{"type":"Point","coordinates":[0.049121,51.374164]}},{"id":"1195","type":"Feature","properties":{"layer":0},"geometry":{"type":"Point","coordinates":[-0.119611,51.55883]}},{"id":"1196","type":"Feature","properties":{"layer":0},"geometry":{"type":"Point","coordinates":[-0.001833,51.492147]}},{"id":"1197","type":"Feature","properties":{"layer":0},"geometry":{"type":"Point","coordinates":[-0.26108,51.547276]}},{"id":"1198","type":"Feature","properties":{"layer":0},"geometry":{"type":"Point","coordinates":[-0.010184,51.50606]}},{"id":"1199","type":"Feature","properties":{"layer":0},"geometry":{"type":"Point","coordinates":[-0.105959,51.553935]}},{"id":"1200","type":"Feature","properties":{"layer":0},"geometry":{"type":"Point","coordinates":[-0.12745,51.464153]}},{"id":"1201","type":"Feature","properties":{"layer":0},"geometry":{"type":"Point","coordinates":[-0.162193,51.536681]}},{"id":"1202","type":"Feature","properties":{"layer":0},"geometry":{"type":"Point","coordinates":[-0.124253,51.465722]}},{"id":"1203","type":"Feature","properties":{"layer":0},"geometry":{"type":"Point","coordinates":[-0.069361,51.50493]}},{"id":"1204","type":"Feature","properties":{"layer":0},"geometry":{"type":"Point","coordinates":[-0.080471,51.578048]}},{"id":"1205","type":"Feature","properties":{"layer":0},"geometry":{"type":"Point","coordinates":[-0.145293,51.51683]}},{"id":"1206","type":"Feature","properties":{"layer":0},"geometry":{"type":"Point","coordinates":[-0.130468,51.631314]}},{"id":"1207","type":"Feature","properties":{"layer":0},"geometry":{"type":"Point","coordinates":[-0.058563,51.520153]}},{"id":"1208","type":"Feature","properties":{"layer":0},"geometry":{"type":"Point","coordinates":[-0.229576,51.480805]}},{"id":"1209","type":"Feature","properties":{"layer":0},"geometry":{"type":"Point","coordinates":[-0.006495,51.526903]}},{"id":"1210","type":"Feature","properties":{"layer":0},"geometry":{"type":"Point","coordinates":[-0.071518,51.389798]}},{"id":"1211","type":"Feature","properties":{"layer":0},"geometry":{"type":"Point","coordinates":[-0.096887,51.51478]}},{"id":"1212","type":"Feature","properties":{"layer":0},"geometry":{"type":"Point","coordinates":[-0.050697,51.547169]}},{"id":"1213","type":"Feature","properties":{"layer":0},"geometry":{"type":"Point","coordinates":[-0.142713,51.424172]}},{"id":"1214","type":"Feature","properties":{"layer":0},"geometry":{"type":"Point","coordinates":[0.000314,51.469016]}},{"id":"1215","type":"Feature","properties":{"layer":0},"geometry":{"type":"Point","coordinates":[-0.082475,51.550894]}},{"id":"1216","type":"Feature","properties":{"layer":0},"geometry":{"type":"Point","coordinates":[-0.18509,51.397249]}},{"id":"1217","type":"Feature","properties":{"layer":0},"geometry":{"type":"Point","coordinates":[-0.030816,51.405903]}},{"id":"1218","type":"Feature","properties":{"layer":0},"geometry":{"type":"Point","coordinates":[-0.106679,51.568201]}},{"id":"1219","type":"Feature","properties":{"layer":0},"geometry":{"type":"Point","coordinates":[-0.102254,51.57034]}},{"id":"1220","type":"Feature","properties":{"layer":0},"geometry":{"type":"Point","coordinates":[-0.168082,51.482205]}},{"id":"1221","type":"Feature","properties":{"layer":0},"geometry":{"type":"Point","coordinates":[-0.29663,51.510411]}},{"id":"1222","type":"Feature","properties":{"layer":0},"geometry":{"type":"Point","coordinates":[-0.122712,51.419376]}},{"id":"1223","type":"Feature","properties":{"layer":0},"geometry":{"type":"Point","coordinates":[-0.132031,51.491741]}},{"id":"1224","type":"Feature","properties":{"layer":0},"geometry":{"type":"Point","coordinates":[-0.127266,51.48427]}},{"id":"1225","type":"Feature","properties":{"layer":0},"geometry":{"type":"Point","coordinates":[0.036238,51.491395]}},{"id":"1226","type":"Feature","properties":{"layer":0},"geometry":{"type":"Point","coordinates":[0.069856,51.523286]}},{"id":"1227","type":"Feature","properties":{"layer":0},"geometry":{"type":"Point","coordinates":[-0.142682,51.561638]}},{"id":"1228","type":"Feature","properties":{"layer":0},"geometry":{"type":"Point","coordinates":[-0.161436,51.47422]}},{"id":"1229","type":"Feature","properties":{"layer":0},"geometry":{"type":"Point","coordinates":[-0.106349,51.513076]}},{"id":"1230","type":"Feature","properties":{"layer":0},"geometry":{"type":"Point","coordinates":[-0.203673,51.552789]}},{"id":"1231","type":"Feature","properties":{"layer":0},"geometry":{"type":"Point","coordinates":[-0.138208,51.365595]}},{"id":"1232","type":"Feature","properties":{"layer":0},"geometry":{"type":"Point","coordinates":[-0.166655,51.512229]}},{"id":"1233","type":"Feature","properties":{"layer":0},"geometry":{"type":"Point","coordinates":[-0.099055,51.456514]}},{"id":"1234","type":"Feature","properties":{"layer":0},"geometry":{"type":"Point","coordinates":[-0.145682,51.507007]}},{"id":"1235","type":"Feature","properties":{"layer":0},"geometry":{"type":"Point","coordinates":[-0.121511,51.458803]}},{"id":"1236","type":"Feature","properties":{"layer":0},"geometry":{"type":"Point","coordinates":[-0.111821,51.479101]}},{"id":"1237","type":"Feature","properties":{"layer":0},"geometry":{"type":"Point","coordinates":[-0.118168,51.456356]}},{"id":"1238","type":"Feature","properties":{"layer":0},"geometry":{"type":"Point","coordinates":[-0.066887,51.516487]}},{"id":"1239","type":"Feature","properties":{"layer":0},"geometry":{"type":"Point","coordinates":[-0.032075,51.635661]}},{"id":"1240","type":"Feature","properties":{"layer":0},"geometry":{"type":"Point","coordinates":[-0.045926,51.586995]}},{"id":"1241","type":"Feature","properties":{"layer":0},"geometry":{"type":"Point","coordinates":[-0.018075,51.442556]}},{"id":"1242","type":"Feature","properties":{"layer":0},"geometry":{"type":"Point","coordinates":[-0.195603,51.458376]}},{"id":"1243","type":"Feature","properties":{"layer":0},"geometry":{"type":"Point","coordinates":[0.113874,51.507979]}},{"id":"1244","type":"Feature","properties":{"layer":0},"geometry":{"type":"Point","coordinates":[-0.143446,51.600529]}},{"id":"1245","type":"Feature","properties":{"layer":0},"geometry":{"type":"Point","coordinates":[-0.174282,51.518276]}},{"id":"1246","type":"Feature","properties":{"layer":0},"geometry":{"type":"Point","coordinates":[-0.107251,51.546816]}},{"id":"1247","type":"Feature","properties":{"layer":0},"geometry":{"type":"Point","coordinates":[-0.185398,51.538583]}},{"id":"1248","type":"Feature","properties":{"layer":0},"geometry":{"type":"Point","coordinates":[-0.115561,51.445554]}},{"id":"1249","type":"Feature","properties":{"layer":0},"geometry":{"type":"Point","coordinates":[-0.217143,51.397201]}},{"id":"1250","type":"Feature","properties":{"layer":0},"geometry":{"type":"Point","coordinates":[-0.169834,51.574587]}},{"id":"1251","type":"Feature","properties":{"layer":0},"geometry":{"type":"Point","coordinates":[-0.108943,51.460992]}},{"id":"1252","type":"Feature","properties":{"layer":0},"geometry":{"type":"Point","coordinates":[-0.168471,51.519344]}},{"id":"1253","type":"Feature","properties":{"layer":0},"geometry":{"type":"Point","coordinates":[-0.086067,51.577764]}},{"id":"1254","type":"Feature","properties":{"layer":0},"geometry":{"type":"Point","coordinates":[-0.104999,51.526961]}},{"id":"1255","type":"Feature","properties":{"layer":0},"geometry":{"type":"Point","coordinates":[0.010894,51.563067]}},{"id":"1256","type":"Feature","properties":{"layer":0},"geometry":{"type":"Point","coordinates":[-0.091771,51.540391]}},{"id":"1257","type":"Feature","properties":{"layer":0},"geometry":{"type":"Point","coordinates":[-0.071297,51.550879]}},{"id":"1258","type":"Feature","properties":{"layer":0},"geometry":{"type":"Point","coordinates":[-0.18943,51.498245]}},{"id":"1259","type":"Feature","properties":{"layer":0},"geometry":{"type":"Point","coordinates":[0.07031,51.520335]}},{"id":"1260","type":"Feature","properties":{"layer":0},"geometry":{"type":"Point","coordinates":[-0.179479,51.404908]}},{"id":"1261","type":"Feature","properties":{"layer":0},"geometry":{"type":"Point","coordinates":[-0.032361,51.548721]}},{"id":"1262","type":"Feature","properties":{"layer":0},"geometry":{"type":"Point","coordinates":[-0.027395,51.496798]}},{"id":"1263","type":"Feature","properties":{"layer":0},"geometry":{"type":"Point","coordinates":[-0.200508,51.50574]}},{"id":"1264","type":"Feature","properties":{"layer":0},"geometry":{"type":"Point","coordinates":[-0.122652,51.583331]}},{"id":"1265","type":"Feature","properties":{"layer":0},"geometry":{"type":"Point","coordinates":[0.058308,51.53073]}},{"id":"1266","type":"Feature","properties":{"layer":0},"geometry":{"type":"Point","coordinates":[-0.142593,51.480721]}},{"id":"1267","type":"Feature","properties":{"layer":0},"geometry":{"type":"Point","coordinates":[-0.084032,51.555829]}},{"id":"1268","type":"Feature","properties":{"layer":0},"geometry":{"type":"Point","coordinates":[-0.189824,51.406643]}},{"id":"1269","type":"Feature","properties":{"layer":0},"geometry":{"type":"Point","coordinates":[-0.10479,51.556657]}},{"id":"1270","type":"Feature","properties":{"layer":0},"geometry":{"type":"Point","coordinates":[-0.40095,51.503371]}},{"id":"1271","type":"Feature","properties":{"layer":0},"geometry":{"type":"Point","coordinates":[-0.214158,51.538152]}},{"id":"1272","type":"Feature","properties":{"layer":0},"geometry":{"type":"Point","coordinates":[-0.184199,51.495392]}},{"id":"1273","type":"Feature","properties":{"layer":0},"geometry":{"type":"Point","coordinates":[-0.128422,51.438726]}},{"id":"1274","type":"Feature","properties":{"layer":0},"geometry":{"type":"Point","coordinates":[-0.146249,51.564436]}},{"id":"1275","type":"Feature","properties":{"layer":0},"geometry":{"type":"Point","coordinates":[-0.025831,51.529998]}},{"id":"1276","type":"Feature","properties":{"layer":0},"geometry":{"type":"Point","coordinates":[-0.110603,51.500466]}},{"id":"1277","type":"Feature","properties":{"layer":0},"geometry":{"type":"Point","coordinates":[-0.145544,51.457095]}},{"id":"1278","type":"Feature","properties":{"layer":0},"geometry":{"type":"Point","coordinates":[0.017832,51.474858]}},{"id":"1279","type":"Feature","properties":{"layer":0},"geometry":{"type":"Point","coordinates":[-0.084191,51.578084]}},{"id":"1280","type":"Feature","properties":{"layer":0},"geometry":{"type":"Point","coordinates":[-0.177349,51.510985]}},{"id":"1281","type":"Feature","properties":{"layer":0},"geometry":{"type":"Point","coordinates":[-0.118381,51.505614]}},{"id":"1282","type":"Feature","properties":{"layer":0},"geometry":{"type":"Point","coordinates":[-0.197017,51.500662]}},{"id":"1283","type":"Feature","properties":{"layer":0},"geometry":{"type":"Point","coordinates":[-0.081762,51.563821]}},{"id":"1284","type":"Feature","properties":{"layer":0},"geometry":{"type":"Point","coordinates":[-0.065227,51.580736]}},{"id":"1285","type":"Feature","properties":{"layer":0},"geometry":{"type":"Point","coordinates":[-0.189648,51.528946]}},{"id":"1286","type":"Feature","properties":{"layer":0},"geometry":{"type":"Point","coordinates":[-0.006607,51.486057]}},{"id":"1287","type":"Feature","properties":{"layer":0},"geometry":{"type":"Point","coordinates":[0.202834,51.491857]}},{"id":"1288","type":"Feature","properties":{"layer":0},"geometry":{"type":"Point","coordinates":[-0.198613,51.541944]}},{"id":"1289","type":"Feature","properties":{"layer":0},"geometry":{"type":"Point","coordinates":[0.14076,51.595986]}},{"id":"1290","type":"Feature","properties":{"layer":0},"geometry":{"type":"Point","coordinates":[-0.176422,51.458558]}},{"id":"1291","type":"Feature","properties":{"layer":0},"geometry":{"type":"Point","coordinates":[-0.17258,51.430365]}},{"id":"1292","type":"Feature","properties":{"layer":0},"geometry":{"type":"Point","coordinates":[-0.097986,51.470009]}},{"id":"1293","type":"Feature","properties":{"layer":0},"geometry":{"type":"Point","coordinates":[-0.107217,51.460047]}},{"id":"1294","type":"Feature","properties":{"layer":0},"geometry":{"type":"Point","coordinates":[-0.152007,51.505032]}},{"id":"1295","type":"Feature","properties":{"layer":0},"geometry":{"type":"Point","coordinates":[-0.063898,51.45547]}},{"id":"1296","type":"Feature","properties":{"layer":0},"geometry":{"type":"Point","coordinates":[-0.231078,51.406445]}},{"id":"1297","type":"Feature","properties":{"layer":0},"geometry":{"type":"Point","coordinates":[-0.106614,51.483985]}},{"id":"1298","type":"Feature","properties":{"layer":0},"geometry":{"type":"Point","coordinates":[-0.227726,51.470974]}},{"id":"1299","type":"Feature","properties":{"layer":0},"geometry":{"type":"Point","coordinates":[-0.111542,51.521226]}},{"id":"1300","type":"Feature","properties":{"layer":0},"geometry":{"type":"Point","coordinates":[-0.159721,51.484801]}},{"id":"1301","type":"Feature","properties":{"layer":0},"geometry":{"type":"Point","coordinates":[-0.100674,51.511105]}},{"id":"1302","type":"Feature","properties":{"layer":0},"geometry":{"type":"Point","coordinates":[-0.149732,51.46492]}},{"id":"1303","type":"Feature","properties":{"layer":0},"geometry":{"type":"Point","coordinates":[-0.193048,51.540166]}},{"id":"1304","type":"Feature","properties":{"layer":0},"geometry":{"type":"Point","coordinates":[-0.194764,51.465666]}},{"id":"1305","type":"Feature","properties":{"layer":0},"geometry":{"type":"Point","coordinates":[-0.120341,51.504358]}},{"id":"1306","type":"Feature","properties":{"layer":0},"geometry":{"type":"Point","coordinates":[-0.254032,51.591617]}},{"id":"1307","type":"Feature","properties":{"layer":0},"geometry":{"type":"Point","coordinates":[-0.063009,51.548923]}},{"id":"1308","type":"Feature","properties":{"layer":0},"geometry":{"type":"Point","coordinates":[-0.120862,51.455155]}},{"id":"1309","type":"Feature","properties":{"layer":0},"geometry":{"type":"Point","coordinates":[-0.124443,51.5369]}},{"id":"1310","type":"Feature","properties":{"layer":0},"geometry":{"type":"Point","coordinates":[-0.210317,51.556319]}},{"id":"1311","type":"Feature","properties":{"layer":0},"geometry":{"type":"Point","coordinates":[-0.056216,51.625678]}},{"id":"1312","type":"Feature","properties":{"layer":0},"geometry":{"type":"Point","coordinates":[-0.042121,51.532769]}},{"id":"1313","type":"Feature","properties":{"layer":0},"geometry":{"type":"Point","coordinates":[-0.227223,51.643131]}},{"id":"1314","type":"Feature","properties":{"layer":0},"geometry":{"type":"Point","coordinates":[-0.073039,51.496494]}},{"id":"1315","type":"Feature","properties":{"layer":0},"geometry":{"type":"Point","coordinates":[-0.093897,51.492289]}},{"id":"1316","type":"Feature","properties":{"layer":0},"geometry":{"type":"Point","coordinates":[-0.221219,51.450203]}},{"id":"1317","type":"Feature","properties":{"layer":0},"geometry":{"type":"Point","coordinates":[-0.105495,51.505528]}},{"id":"1318","type":"Feature","properties":{"layer":0},"geometry":{"type":"Point","coordinates":[-0.120056,51.558052]}},{"id":"1319","type":"Feature","properties":{"layer":0},"geometry":{"type":"Point","coordinates":[-0.175924,51.47559]}},{"id":"1320","type":"Feature","properties":{"layer":0},"geometry":{"type":"Point","coordinates":[0.003455,51.482374]}},{"id":"1321","type":"Feature","properties":{"layer":0},"geometry":{"type":"Point","coordinates":[-0.209457,51.477438]}},{"id":"1322","type":"Feature","properties":{"layer":0},"geometry":{"type":"Point","coordinates":[-0.227821,51.581341]}},{"id":"1323","type":"Feature","properties":{"layer":0},"geometry":{"type":"Point","coordinates":[-0.105227,51.409585]}},{"id":"1324","type":"Feature","properties":{"layer":0},"geometry":{"type":"Point","coordinates":[-0.058443,51.476876]}},{"id":"1325","type":"Feature","properties":{"layer":0},"geometry":{"type":"Point","coordinates":[-0.181646,51.466174]}},{"id":"1326","type":"Feature","properties":{"layer":0},"geometry":{"type":"Point","coordinates":[-0.03415,51.54957]}},{"id":"1327","type":"Feature","properties":{"layer":0},"geometry":{"type":"Point","coordinates":[-0.091218,51.5271]}},{"id":"1328","type":"Feature","properties":{"layer":0},"geometry":{"type":"Point","coordinates":[-0.055196,51.608493]}},{"id":"1329","type":"Feature","properties":{"layer":0},"geometry":{"type":"Point","coordinates":[-0.171713,51.505564]}},{"id":"1330","type":"Feature","properties":{"layer":0},"geometry":{"type":"Point","coordinates":[-0.189457,51.570448]}},{"id":"1331","type":"Feature","properties":{"layer":0},"geometry":{"type":"Point","coordinates":[-0.054691,51.505789]}},{"id":"1332","type":"Feature","properties":{"layer":0},"geometry":{"type":"Point","coordinates":[-0.058686,51.493165]}},{"id":"1333","type":"Feature","properties":{"layer":0},"geometry":{"type":"Point","coordinates":[-0.0285,51.483537]}},{"id":"1334","type":"Feature","properties":{"layer":0},"geometry":{"type":"Point","coordinates":[-0.151523,51.49152]}},{"id":"1335","type":"Feature","properties":{"layer":0},"geometry":{"type":"Point","coordinates":[-0.081282,51.478622]}},{"id":"1336","type":"Feature","properties":{"layer":0},"geometry":{"type":"Point","coordinates":[-0.115383,51.467263]}},{"id":"1337","type":"Feature","properties":{"layer":0},"geometry":{"type":"Point","coordinates":[0.164673,51.595634]}},{"id":"1338","type":"Feature","properties":{"layer":0},"geometry":{"type":"Point","coordinates":[-0.100842,51.401375]}},{"id":"1339","type":"Feature","properties":{"layer":0},"geometry":{"type":"Point","coordinates":[-0.169897,51.50339]}},{"id":"1340","type":"Feature","properties":{"layer":0},"geometry":{"type":"Point","coordinates":[-0.087453,51.453067]}},{"id":"1341","type":"Feature","properties":{"layer":0},"geometry":{"type":"Point","coordinates":[-0.136429,51.567724]}},{"id":"1342","type":"Feature","properties":{"layer":0},"geometry":{"type":"Point","coordinates":[-0.137385,51.462178]}},{"id":"1343","type":"Feature","properties":{"layer":0},"geometry":{"type":"Point","coordinates":[-0.101918,51.654228]}},{"id":"1344","type":"Feature","properties":{"layer":0},"geometry":{"type":"Point","coordinates":[-0.114778,51.604782]}},{"id":"1345","type":"Feature","properties":{"layer":0},"geometry":{"type":"Point","coordinates":[-0.187179,51.489167]}},{"id":"1346","type":"Feature","properties":{"layer":0},"geometry":{"type":"Point","coordinates":[-0.198097,51.492421]}},{"id":"1347","type":"Feature","properties":{"layer":0},"geometry":{"type":"Point","coordinates":[0.132385,51.581108]}},{"id":"1348","type":"Feature","properties":{"layer":0},"geometry":{"type":"Point","coordinates":[-0.107147,51.524593]}},{"id":"1349","type":"Feature","properties":{"layer":0},"geometry":{"type":"Point","coordinates":[-0.040254,51.483792]}},{"id":"1350","type":"Feature","properties":{"layer":0},"geometry":{"type":"Point","coordinates":[-0.083638,51.518342]}},{"id":"1351","type":"Feature","properties":{"layer":0},"geometry":{"type":"Point","coordinates":[-0.247332,51.428073]}},{"id":"1352","type":"Feature","properties":{"layer":0},"geometry":{"type":"Point","coordinates":[0.215451,51.552164]}},{"id":"1353","type":"Feature","properties":{"layer":0},"geometry":{"type":"Point","coordinates":[-0.116577,51.54325]}},{"id":"1354","type":"Feature","properties":{"layer":0},"geometry":{"type":"Point","coordinates":[-0.137471,51.449371]}},{"id":"1355","type":"Feature","properties":{"layer":0},"geometry":{"type":"Point","coordinates":[-0.147288,51.469857]}},{"id":"1356","type":"Feature","properties":{"layer":0},"geometry":{"type":"Point","coordinates":[-0.177542,51.498379]}},{"id":"1357","type":"Feature","properties":{"layer":0},"geometry":{"type":"Point","coordinates":[-0.15788,51.388773]}},{"id":"1358","type":"Feature","properties":{"layer":0},"geometry":{"type":"Point","coordinates":[-0.359275,51.450163]}},{"id":"1359","type":"Feature","properties":{"layer":0},"geometry":{"type":"Point","coordinates":[-0.203769,51.473948]}},{"id":"1360","type":"Feature","properties":{"layer":0},"geometry":{"type":"Point","coordinates":[-0.166105,51.548446]}},{"id":"1361","type":"Feature","properties":{"layer":0},"geometry":{"type":"Point","coordinates":[-0.448709,51.522563]}},{"id":"1362","type":"Feature","properties":{"layer":0},"geometry":{"type":"Point","coordinates":[-0.048033,51.519736]}},{"id":"1363","type":"Feature","properties":{"layer":0},"geometry":{"type":"Point","coordinates":[-0.330288,51.426047]}},{"id":"1364","type":"Feature","properties":{"layer":0},"geometry":{"type":"Point","coordinates":[-0.185943,51.569832]}},{"id":"1365","type":"Feature","properties":{"layer":0},"geometry":{"type":"Point","coordinates":[-0.098158,51.592284]}},{"id":"1366","type":"Feature","properties":{"layer":0},"geometry":{"type":"Point","coordinates":[-0.073409,51.532691]}},{"id":"1367","type":"Feature","properties":{"layer":0},"geometry":{"type":"Point","coordinates":[-0.05049,51.511125]}},{"id":"1368","type":"Feature","properties":{"layer":0},"geometry":{"type":"Point","coordinates":[-0.190073,51.474621]}},{"id":"1369","type":"Feature","properties":{"layer":0},"geometry":{"type":"Point","coordinates":[-0.385127,51.437699]}},{"id":"1370","type":"Feature","properties":{"layer":0},"geometry":{"type":"Point","coordinates":[0.061535,51.595015]}},{"id":"1371","type":"Feature","properties":{"layer":0},"geometry":{"type":"Point","coordinates":[-0.166905,51.43116]}},{"id":"1372","type":"Feature","properties":{"layer":0},"geometry":{"type":"Point","coordinates":[0.026837,51.44777]}},{"id":"1373","type":"Feature","properties":{"layer":0},"geometry":{"type":"Point","coordinates":[-0.097675,51.553229]}},{"id":"1374","type":"Feature","properties":{"layer":0},"geometry":{"type":"Point","coordinates":[-0.180282,51.543886]}},{"id":"1375","type":"Feature","properties":{"layer":0},"geometry":{"type":"Point","coordinates":[-0.171813,51.498084]}},{"id":"1376","type":"Feature","properties":{"layer":0},"geometry":{"type":"Point","coordinates":[-0.136476,51.412844]}},{"id":"1377","type":"Feature","properties":{"layer":0},"geometry":{"type":"Point","coordinates":[-0.027508,51.52663]}},{"id":"1378","type":"Feature","properties":{"layer":0},"geometry":{"type":"Point","coordinates":[0.007391,51.533511]}},{"id":"1379","type":"Feature","properties":{"layer":0},"geometry":{"type":"Point","coordinates":[-0.069739,51.524445]}},{"id":"1380","type":"Feature","properties":{"layer":0},"geometry":{"type":"Point","coordinates":[0.035567,51.540887]}},{"id":"1381","type":"Feature","properties":{"layer":0},"geometry":{"type":"Point","coordinates":[-0.119091,51.6011]}},{"id":"1382","type":"Feature","properties":{"layer":0},"geometry":{"type":"Point","coordinates":[-0.03257,51.558699]}},{"id":"1383","type":"Feature","properties":{"layer":0},"geometry":{"type":"Point","coordinates":[-0.139286,51.504248]}},{"id":"1384","type":"Feature","properties":{"layer":0},"geometry":{"type":"Point","coordinates":[-0.044052,51.538272]}},{"id":"1385","type":"Feature","properties":{"layer":0},"geometry":{"type":"Point","coordinates":[-0.134252,51.426788]}},{"id":"1386","type":"Feature","properties":{"layer":0},"geometry":{"type":"Point","coordinates":[-0.129674,51.595104]}},{"id":"1387","type":"Feature","properties":{"layer":0},"geometry":{"type":"Point","coordinates":[-0.288717,51.368261]}},{"id":"1388","type":"Feature","properties":{"layer":0},"geometry":{"type":"Point","coordinates":[0.000112,51.50658]}},{"id":"1389","type":"Feature","properties":{"layer":0},"geometry":{"type":"Point","coordinates":[0.02716,51.496067]}},{"id":"1390","type":"Feature","properties":{"layer":0},"geometry":{"type":"Point","coordinates":[-0.243077,51.468445]}},{"id":"1391","type":"Feature","properties":{"layer":0},"geometry":{"type":"Point","coordinates":[0.02999,51.381167]}},{"id":"1392","type":"Feature","properties":{"layer":0},"geometry":{"type":"Point","coordinates":[-0.087885,51.531041]}},{"id":"1393","type":"Feature","properties":{"layer":0},"geometry":{"type":"Point","coordinates":[-0.104265,51.494756]}},{"id":"1394","type":"Feature","properties":{"layer":0},"geometry":{"type":"Point","coordinates":[-0.026682,51.565979]}},{"id":"1395","type":"Feature","properties":{"layer":0},"geometry":{"type":"Point","coordinates":[-0.052917,51.526616]}},{"id":"1396","type":"Feature","properties":{"layer":0},"geometry":{"type":"Point","coordinates":[-0.166256,51.511759]}},{"id":"1397","type":"Feature","properties":{"layer":0},"geometry":{"type":"Point","coordinates":[-0.125152,51.521709]}},{"id":"1398","type":"Feature","properties":{"layer":0},"geometry":{"type":"Point","coordinates":[-0.088265,51.579521]}},{"id":"1399","type":"Feature","properties":{"layer":0},"geometry":{"type":"Point","coordinates":[-0.243562,51.436963]}},{"id":"1400","type":"Feature","properties":{"layer":0},"geometry":{"type":"Point","coordinates":[-0.150804,51.497968]}},{"id":"1401","type":"Feature","properties":{"layer":0},"geometry":{"type":"Point","coordinates":[0.039103,51.522317]}},{"id":"1402","type":"Feature","properties":{"layer":0},"geometry":{"type":"Point","coordinates":[-0.060759,51.572873]}},{"id":"1403","type":"Feature","properties":{"layer":0},"geometry":{"type":"Point","coordinates":[-0.465466,51.573227]}},{"id":"1404","type":"Feature","properties":{"layer":0},"geometry":{"type":"Point","coordinates":[-0.191683,51.562839]}},{"id":"1405","type":"Feature","properties":{"layer":0},"geometry":{"type":"Point","coordinates":[-0.074858,51.518441]}},{"id":"1406","type":"Feature","properties":{"layer":0},"geometry":{"type":"Point","coordinates":[-0.16964,51.456823]}},{"id":"1407","type":"Feature","properties":{"layer":0},"geometry":{"type":"Point","coordinates":[-0.163695,51.57162]}},{"id":"1408","type":"Feature","properties":{"layer":0},"geometry":{"type":"Point","coordinates":[-0.060798,51.540308]}},{"id":"1409","type":"Feature","properties":{"layer":0},"geometry":{"type":"Point","coordinates":[-0.054125,51.576726]}},{"id":"1410","type":"Feature","properties":{"layer":0},"geometry":{"type":"Point","coordinates":[-0.140159,51.491339]}},{"id":"1411","type":"Feature","properties":{"layer":0},"geometry":{"type":"Point","coordinates":[-0.019374,51.460229]}},{"id":"1412","type":"Feature","properties":{"layer":0},"geometry":{"type":"Point","coordinates":[-0.110379,51.48652]}},{"id":"1413","type":"Feature","properties":{"layer":0},"geometry":{"type":"Point","coordinates":[-0.034294,51.570499]}},{"id":"1414","type":"Feature","properties":{"layer":0},"geometry":{"type":"Point","coordinates":[-0.1252,51.607049]}},{"id":"1415","type":"Feature","properties":{"layer":0},"geometry":{"type":"Point","coordinates":[-0.164712,51.576024]}},{"id":"1416","type":"Feature","properties":{"layer":0},"geometry":{"type":"Point","coordinates":[-0.101712,51.485596]}},{"id":"1417","type":"Feature","properties":{"layer":0},"geometry":{"type":"Point","coordinates":[-0.064033,51.487805]}},{"id":"1418","type":"Feature","properties":{"layer":0},"geometry":{"type":"Point","coordinates":[-0.174454,51.487157]}},{"id":"1419","type":"Feature","properties":{"layer":0},"geometry":{"type":"Point","coordinates":[-0.049549,51.527103]}},{"id":"1420","type":"Feature","properties":{"layer":0},"geometry":{"type":"Point","coordinates":[-0.114165,51.450679]}},{"id":"1421","type":"Feature","properties":{"layer":0},"geometry":{"type":"Point","coordinates":[-0.126118,51.542373]}},{"id":"1422","type":"Feature","properties":{"layer":0},"geometry":{"type":"Point","coordinates":[-0.215307,51.517248]}},{"id":"1423","type":"Feature","properties":{"layer":0},"geometry":{"type":"Point","coordinates":[-0.224817,51.591414]}},{"id":"1424","type":"Feature","properties":{"layer":0},"geometry":{"type":"Point","coordinates":[-0.090952,51.536777]}},{"id":"1425","type":"Feature","properties":{"layer":0},"geometry":{"type":"Point","coordinates":[-0.031946,51.434353]}},{"id":"1426","type":"Feature","properties":{"layer":0},"geometry":{"type":"Point","coordinates":[-0.219368,51.595756]}},{"id":"1427","type":"Feature","properties":{"layer":0},"geometry":{"type":"Point","coordinates":[-0.266755,51.457399]}},{"id":"1428","type":"Feature","properties":{"layer":0},"geometry":{"type":"Point","coordinates":[-0.15339,51.523188]}},{"id":"1429","type":"Feature","properties":{"layer":0},"geometry":{"type":"Point","coordinates":[-0.259024,51.500478]}},{"id":"1430","type":"Feature","properties":{"layer":0},"geometry":{"type":"Point","coordinates":[0.151526,51.47655]}},{"id":"1431","type":"Feature","properties":{"layer":0},"geometry":{"type":"Point","coordinates":[0.03852,51.598279]}},{"id":"1432","type":"Feature","properties":{"layer":0},"geometry":{"type":"Point","coordinates":[-0.36383,51.540809]}},{"id":"1433","type":"Feature","properties":{"layer":0},"geometry":{"type":"Point","coordinates":[0.056282,51.536904]}},{"id":"1434","type":"Feature","properties":{"layer":0},"geometry":{"type":"Point","coordinates":[-0.01641,51.544369]}},{"id":"1435","type":"Feature","properties":{"layer":0},"geometry":{"type":"Point","coordinates":[-0.014089,51.509226]}},{"id":"1436","type":"Feature","properties":{"layer":0},"geometry":{"type":"Point","coordinates":[-0.145156,51.470182]}},{"id":"1437","type":"Feature","properties":{"layer":0},"geometry":{"type":"Point","coordinates":[0.158227,51.434762]}},{"id":"1438","type":"Feature","properties":{"layer":0},"geometry":{"type":"Point","coordinates":[-0.189715,51.45818]}},{"id":"1439","type":"Feature","properties":{"layer":0},"geometry":{"type":"Point","coordinates":[-0.037395,51.527598]}},{"id":"1440","type":"Feature","properties":{"layer":0},"geometry":{"type":"Point","coordinates":[-0.156299,51.487214]}},{"id":"1441","type":"Feature","properties":{"layer":0},"geometry":{"type":"Point","coordinates":[-0.145468,51.435021]}},{"id":"1442","type":"Feature","properties":{"layer":0},"geometry":{"type":"Point","coordinates":[-0.323379,51.624604]}},{"id":"1443","type":"Feature","properties":{"layer":0},"geometry":{"type":"Point","coordinates":[-0.066599,51.55038]}},{"id":"1444","type":"Feature","properties":{"layer":0},"geometry":{"type":"Point","coordinates":[-0.047822,51.489875]}},{"id":"1445","type":"Feature","properties":{"layer":0},"geometry":{"type":"Point","coordinates":[-0.164264,51.433828]}},{"id":"1446","type":"Feature","properties":{"layer":0},"geometry":{"type":"Point","coordinates":[0.218011,51.577835]}},{"id":"1447","type":"Feature","properties":{"layer":0},"geometry":{"type":"Point","coordinates":[-0.001643,51.585668]}},{"id":"1448","type":"Feature","properties":{"layer":0},"geometry":{"type":"Point","coordinates":[-0.185111,51.410994]}},{"id":"1449","type":"Feature","properties":{"layer":0},"geometry":{"type":"Point","coordinates":[-0.185143,51.345306]}},{"id":"1450","type":"Feature","properties":{"layer":0},"geometry":{"type":"Point","coordinates":[0.010603,51.485069]}},{"id":"1451","type":"Feature","properties":{"layer":0},"geometry":{"type":"Point","coordinates":[-0.10576,51.522696]}},{"id":"1452","type":"Feature","properties":{"layer":0},"geometry":{"type":"Point","coordinates":[-0.065657,51.523181]}},{"id":"1453","type":"Feature","properties":{"layer":0},"geometry":{"type":"Point","coordinates":[-0.132768,51.561303]}},{"id":"1454","type":"Feature","properties":{"layer":0},"geometry":{"type":"Point","coordinates":[0.155842,51.479904]}},{"id":"1455","type":"Feature","properties":{"layer":0},"geometry":{"type":"Point","coordinates":[-0.161698,51.496812]}},{"id":"1456","type":"Feature","properties":{"layer":0},"geometry":{"type":"Point","coordinates":[-0.165681,51.503697]}},{"id":"1457","type":"Feature","properties":{"layer":0},"geometry":{"type":"Point","coordinates":[-0.066915,51.567614]}},{"id":"1458","type":"Feature","properties":{"layer":0},"geometry":{"type":"Point","coordinates":[-0.093696,51.561217]}},{"id":"1459","type":"Feature","properties":{"layer":0},"geometry":{"type":"Point","coordinates":[0.142008,51.550084]}},{"id":"1460","type":"Feature","properties":{"layer":0},"geometry":{"type":"Point","coordinates":[0.083089,51.435299]}},{"id":"1461","type":"Feature","properties":{"layer":0},"geometry":{"type":"Point","coordinates":[-0.123778,51.490324]}},{"id":"1462","type":"Feature","properties":{"layer":0},"geometry":{"type":"Point","coordinates":[-0.24832,51.495158]}},{"id":"1463","type":"Feature","properties":{"layer":0},"geometry":{"type":"Point","coordinates":[-0.113636,51.484543]}},{"id":"1464","type":"Feature","properties":{"layer":0},"geometry":{"type":"Point","coordinates":[-0.062533,51.631689]}},{"id":"1465","type":"Feature","properties":{"layer":0},"geometry":{"type":"Point","coordinates":[-0.133759,51.56694]}},{"id":"1466","type":"Feature","properties":{"layer":0},"geometry":{"type":"Point","coordinates":[-0.139378,51.525278]}},{"id":"1467","type":"Feature","properties":{"layer":0},"geometry":{"type":"Point","coordinates":[-0.14169,51.512911]}},{"id":"1468","type":"Feature","properties":{"layer":0},"geometry":{"type":"Point","coordinates":[-0.071543,51.493998]}},{"id":"1469","type":"Feature","properties":{"layer":0},"geometry":{"type":"Point","coordinates":[-0.094642,51.557224]}},{"id":"1470","type":"Feature","properties":{"layer":0},"geometry":{"type":"Point","coordinates":[-0.18805,51.547188]}},{"id":"1471","type":"Feature","properties":{"layer":0},"geometry":{"type":"Point","coordinates":[0.217983,51.551498]}},{"id":"1472","type":"Feature","properties":{"layer":0},"geometry":{"type":"Point","coordinates":[-0.234481,51.505836]}},{"id":"1473","type":"Feature","properties":{"layer":0},"geometry":{"type":"Point","coordinates":[-0.071288,51.547431]}},{"id":"1474","type":"Feature","properties":{"layer":0},"geometry":{"type":"Point","coordinates":[-0.253178,51.566193]}},{"id":"1475","type":"Feature","properties":{"layer":0},"geometry":{"type":"Point","coordinates":[0.06136,51.358532]}},{"id":"1476","type":"Feature","properties":{"layer":0},"geometry":{"type":"Point","coordinates":[-0.10754,51.526784]}},{"id":"1477","type":"Feature","properties":{"layer":0},"geometry":{"type":"Point","coordinates":[-0.252023,51.641636]}},{"id":"1478","type":"Feature","properties":{"layer":0},"geometry":{"type":"Point","coordinates":[-0.075874,51.515753]}},{"id":"1479","type":"Feature","properties":{"layer":0},"geometry":{"type":"Point","coordinates":[-0.119481,51.489249]}},{"id":"1480","type":"Feature","properties":{"layer":0},"geometry":{"type":"Point","coordinates":[-0.118423,51.421171]}},{"id":"1481","type":"Feature","properties":{"layer":0},"geometry":{"type":"Point","coordinates":[-0.205437,51.534409]}},{"id":"1482","type":"Feature","properties":{"layer":0},"geometry":{"type":"Point","coordinates":[-0.078008,51.558041]}},{"id":"1483","type":"Feature","properties":{"layer":0},"geometry":{"type":"Point","coordinates":[-0.115332,51.45913]}},{"id":"1484","type":"Feature","properties":{"layer":0},"geometry":{"type":"Point","coordinates":[0.008531,51.580957]}},{"id":"1485","type":"Feature","properties":{"layer":0},"geometry":{"type":"Point","coordinates":[-0.07347,51.502883]}},{"id":"1486","type":"Feature","properties":{"layer":0},"geometry":{"type":"Point","coordinates":[-0.15372,51.527253]}},{"id":"1487","type":"Feature","properties":{"layer":0},"geometry":{"type":"Point","coordinates":[-0.112924,51.463337]}},{"id":"1488","type":"Feature","properties":{"layer":0},"geometry":{"type":"Point","coordinates":[-0.056493,51.539145]}},{"id":"1489","type":"Feature","properties":{"layer":0},"geometry":{"type":"Point","coordinates":[-0.11413,51.53741]}},{"id":"1490","type":"Feature","properties":{"layer":0},"geometry":{"type":"Point","coordinates":[-0.483985,51.528304]}},{"id":"1491","type":"Feature","properties":{"layer":0},"geometry":{"type":"Point","coordinates":[-0.219554,51.587524]}},{"id":"1492","type":"Feature","properties":{"layer":0},"geometry":{"type":"Point","coordinates":[0.142067,51.472799]}},{"id":"1493","type":"Feature","properties":{"layer":0},"geometry":{"type":"Point","coordinates":[-0.159682,51.479499]}},{"id":"1494","type":"Feature","properties":{"layer":0},"geometry":{"type":"Point","coordinates":[-0.180752,51.486404]}},{"id":"1495","type":"Feature","properties":{"layer":0},"geometry":{"type":"Point","coordinates":[-0.200253,51.533804]}},{"id":"1496","type":"Feature","properties":{"layer":0},"geometry":{"type":"Point","coordinates":[-0.075646,51.390735]}},{"id":"1497","type":"Feature","properties":{"layer":0},"geometry":{"type":"Point","coordinates":[-0.077141,51.626234]}},{"id":"1498","type":"Feature","properties":{"layer":0},"geometry":{"type":"Point","coordinates":[-0.100675,51.469653]}},{"id":"1499","type":"Feature","properties":{"layer":0},"geometry":{"type":"Point","coordinates":[0.06418,51.385566]}},{"id":"1500","type":"Feature","properties":{"layer":0},"geometry":{"type":"Point","coordinates":[-0.095901,51.493789]}},{"id":"1501","type":"Feature","properties":{"layer":0},"geometry":{"type":"Point","coordinates":[-0.066092,51.521165]}},{"id":"1502","type":"Feature","properties":{"layer":0},"geometry":{"type":"Point","coordinates":[-0.066518,51.50898]}},{"id":"1503","type":"Feature","properties":{"layer":0},"geometry":{"type":"Point","coordinates":[-0.11605,51.538838]}},{"id":"1504","type":"Feature","properties":{"layer":0},"geometry":{"type":"Point","coordinates":[-0.131902,51.452542]}},{"id":"1505","type":"Feature","properties":{"layer":0},"geometry":{"type":"Point","coordinates":[-0.197948,51.603463]}},{"id":"1506","type":"Feature","properties":{"layer":0},"geometry":{"type":"Point","coordinates":[-0.368831,51.496]}},{"id":"1507","type":"Feature","properties":{"layer":0},"geometry":{"type":"Point","coordinates":[-0.166999,51.44576]}},{"id":"1508","type":"Feature","properties":{"layer":0},"geometry":{"type":"Point","coordinates":[0.011736,51.430978]}},{"id":"1509","type":"Feature","properties":{"layer":0},"geometry":{"type":"Point","coordinates":[-0.149539,51.447952]}},{"id":"1510","type":"Feature","properties":{"layer":0},"geometry":{"type":"Point","coordinates":[-0.095711,51.512565]}},{"id":"1511","type":"Feature","properties":{"layer":0},"geometry":{"type":"Point","coordinates":[-0.280939,51.622018]}},{"id":"1512","type":"Feature","properties":{"layer":0},"geometry":{"type":"Point","coordinates":[-0.06084,51.470722]}},{"id":"1513","type":"Feature","properties":{"layer":0},"geometry":{"type":"Point","coordinates":[-0.187907,51.526408]}},{"id":"1514","type":"Feature","properties":{"layer":0},"geometry":{"type":"Point","coordinates":[-0.145515,51.527289]}},{"id":"1515","type":"Feature","properties":{"layer":0},"geometry":{"type":"Point","coordinates":[-0.144744,51.495585]}},{"id":"1516","type":"Feature","properties":{"layer":0},"geometry":{"type":"Point","coordinates":[-0.045366,51.615567]}},{"id":"1517","type":"Feature","properties":{"layer":0},"geometry":{"type":"Point","coordinates":[0.011889,51.450915]}},{"id":"1518","type":"Feature","properties":{"layer":0},"geometry":{"type":"Point","coordinates":[-0.071433,51.462823]}},{"id":"1519","type":"Feature","properties":{"layer":0},"geometry":{"type":"Point","coordinates":[-0.146452,51.531015]}},{"id":"1520","type":"Feature","properties":{"layer":0},"geometry":{"type":"Point","coordinates":[-0.137694,51.593162]}},{"id":"1521","type":"Feature","properties":{"layer":0},"geometry":{"type":"Point","coordinates":[-0.430861,51.520673]}},{"id":"1522","type":"Feature","properties":{"layer":0},"geometry":{"type":"Point","coordinates":[0.165646,51.441163]}},{"id":"1523","type":"Feature","properties":{"layer":0},"geometry":{"type":"Point","coordinates":[0.000402,51.530753]}},{"id":"1524","type":"Feature","properties":{"layer":0},"geometry":{"type":"Point","coordinates":[-0.103473,51.531074]}},{"id":"1525","type":"Feature","properties":{"layer":0},"geometry":{"type":"Point","coordinates":[-0.266377,51.402661]}},{"id":"1526","type":"Feature","properties":{"layer":0},"geometry":{"type":"Point","coordinates":[-0.360998,51.568567]}},{"id":"1527","type":"Feature","properties":{"layer":0},"geometry":{"type":"Point","coordinates":[-0.108963,51.613938]}},{"id":"1528","type":"Feature","properties":{"layer":0},"geometry":{"type":"Point","coordinates":[-0.182097,51.500246]}},{"id":"1529","type":"Feature","properties":{"layer":0},"geometry":{"type":"Point","coordinates":[-0.29065,51.576228]}},{"id":"1530","type":"Feature","properties":{"layer":0},"geometry":{"type":"Point","coordinates":[-0.164607,51.540187]}},{"id":"1531","type":"Feature","properties":{"layer":0},"geometry":{"type":"Point","coordinates":[-0.003809,51.40023]}},{"id":"1532","type":"Feature","properties":{"layer":0},"geometry":{"type":"Point","coordinates":[0.01214,51.564662]}},{"id":"1533","type":"Feature","properties":{"layer":0},"geometry":{"type":"Point","coordinates":[-0.14184,51.54782]}},{"id":"1534","type":"Feature","properties":{"layer":0},"geometry":{"type":"Point","coordinates":[-0.133046,51.525293]}},{"id":"1535","type":"Feature","properties":{"layer":0},"geometry":{"type":"Point","coordinates":[-0.092068,51.477387]}},{"id":"1536","type":"Feature","properties":{"layer":0},"geometry":{"type":"Point","coordinates":[-0.039011,51.55256]}},{"id":"1537","type":"Feature","properties":{"layer":0},"geometry":{"type":"Point","coordinates":[0.00038,51.401108]}},{"id":"1538","type":"Feature","properties":{"layer":0},"geometry":{"type":"Point","coordinates":[-0.183945,51.414688]}},{"id":"1539","type":"Feature","properties":{"layer":0},"geometry":{"type":"Point","coordinates":[0.003045,51.571416]}},{"id":"1540","type":"Feature","properties":{"layer":0},"geometry":{"type":"Point","coordinates":[-0.168671,51.516179]}},{"id":"1541","type":"Feature","properties":{"layer":0},"geometry":{"type":"Point","coordinates":[-0.133511,51.467911]}},{"id":"1542","type":"Feature","properties":{"layer":0},"geometry":{"type":"Point","coordinates":[-0.074127,51.462563]}},{"id":"1543","type":"Feature","properties":{"layer":0},"geometry":{"type":"Point","coordinates":[-0.471518,51.493903]}},{"id":"1544","type":"Feature","properties":{"layer":0},"geometry":{"type":"Point","coordinates":[-0.185525,51.459304]}},{"id":"1545","type":"Feature","properties":{"layer":0},"geometry":{"type":"Point","coordinates":[0.117291,51.451414]}},{"id":"1546","type":"Feature","properties":{"layer":0},"geometry":{"type":"Point","coordinates":[-0.160497,51.517267]}},{"id":"1547","type":"Feature","properties":{"layer":0},"geometry":{"type":"Point","coordinates":[-0.088789,51.579862]}},{"id":"1548","type":"Feature","properties":{"layer":0},"geometry":{"type":"Point","coordinates":[-0.034146,51.446944]}},{"id":"1549","type":"Feature","properties":{"layer":0},"geometry":{"type":"Point","coordinates":[-0.153288,51.43006]}},{"id":"1550","type":"Feature","properties":{"layer":0},"geometry":{"type":"Point","coordinates":[-0.105337,51.444979]}},{"id":"1551","type":"Feature","properties":{"layer":0},"geometry":{"type":"Point","coordinates":[-0.08332,51.534554]}},{"id":"1552","type":"Feature","properties":{"layer":0},"geometry":{"type":"Point","coordinates":[-0.0114,51.550384]}},{"id":"1553","type":"Feature","properties":{"layer":0},"geometry":{"type":"Point","coordinates":[-0.10706,51.431628]}},{"id":"1554","type":"Feature","properties":{"layer":0},"geometry":{"type":"Point","coordinates":[-0.10261,51.465057]}},{"id":"1555","type":"Feature","properties":{"layer":0},"geometry":{"type":"Point","coordinates":[-0.157414,51.51936]}},{"id":"1556","type":"Feature","properties":{"layer":0},"geometry":{"type":"Point","coordinates":[-0.045857,51.480734]}},{"id":"1557","type":"Feature","properties":{"layer":0},"geometry":{"type":"Point","coordinates":[-0.2101,51.441194]}},{"id":"1558","type":"Feature","properties":{"layer":0},"geometry":{"type":"Point","coordinates":[-0.03821,51.534278]}},{"id":"1559","type":"Feature","properties":{"layer":0},"geometry":{"type":"Point","coordinates":[-0.203392,51.531184]}},{"id":"1560","type":"Feature","properties":{"layer":0},"geometry":{"type":"Point","coordinates":[-0.171779,51.529628]}},{"id":"1561","type":"Feature","properties":{"layer":0},"geometry":{"type":"Point","coordinates":[-0.13464,51.531084]}},{"id":"1562","type":"Feature","properties":{"layer":0},"geometry":{"type":"Point","coordinates":[-0.199442,51.601518]}},{"id":"1563","type":"Feature","properties":{"layer":0},"geometry":{"type":"Point","coordinates":[-0.004776,51.481005]}},{"id":"1564","type":"Feature","properties":{"layer":0},"geometry":{"type":"Point","coordinates":[-0.088621,51.488604]}},{"id":"1565","type":"Feature","properties":{"layer":0},"geometry":{"type":"Point","coordinates":[-0.075523,51.63146]}},{"id":"1566","type":"Feature","properties":{"layer":0},"geometry":{"type":"Point","coordinates":[-0.031905,51.542325]}},{"id":"1567","type":"Feature","properties":{"layer":0},"geometry":{"type":"Point","coordinates":[0.072296,51.601784]}},{"id":"1568","type":"Feature","properties":{"layer":0},"geometry":{"type":"Point","coordinates":[-0.198486,51.483173]}},{"id":"1569","type":"Feature","properties":{"layer":0},"geometry":{"type":"Point","coordinates":[-0.080076,51.504757]}},{"id":"1570","type":"Feature","properties":{"layer":0},"geometry":{"type":"Point","coordinates":[-0.149866,51.514727]}},{"id":"1571","type":"Feature","properties":{"layer":0},"geometry":{"type":"Point","coordinates":[-0.030945,51.540181]}},{"id":"1572","type":"Feature","properties":{"layer":0},"geometry":{"type":"Point","coordinates":[-0.23188,51.439127]}},{"id":"1573","type":"Feature","properties":{"layer":0},"geometry":{"type":"Point","coordinates":[-0.154476,51.477637]}},{"id":"1574","type":"Feature","properties":{"layer":0},"geometry":{"type":"Point","coordinates":[-0.06016,51.425374]}},{"id":"1575","type":"Feature","properties":{"layer":0},"geometry":{"type":"Point","coordinates":[-0.056007,51.580012]}},{"id":"1576","type":"Feature","properties":{"layer":0},"geometry":{"type":"Point","coordinates":[-0.143672,51.52293]}},{"id":"1577","type":"Feature","properties":{"layer":0},"geometry":{"type":"Point","coordinates":[-0.225564,51.573861]}},{"id":"1578","type":"Feature","properties":{"layer":0},"geometry":{"type":"Point","coordinates":[-0.028518,51.486151]}},{"id":"1579","type":"Feature","properties":{"layer":0},"geometry":{"type":"Point","coordinates":[0.000121,51.460299]}},{"id":"1580","type":"Feature","properties":{"layer":0},"geometry":{"type":"Point","coordinates":[-0.133171,51.376364]}},{"id":"1581","type":"Feature","properties":{"layer":0},"geometry":{"type":"Point","coordinates":[-0.052645,51.366511]}},{"id":"1582","type":"Feature","properties":{"layer":0},"geometry":{"type":"Point","coordinates":[-0.079948,51.43892]}},{"id":"1583","type":"Feature","properties":{"layer":0},"geometry":{"type":"Point","coordinates":[-0.03148,51.610049]}},{"id":"1584","type":"Feature","properties":{"layer":0},"geometry":{"type":"Point","coordinates":[-0.091728,51.439887]}},{"id":"1585","type":"Feature","properties":{"layer":0},"geometry":{"type":"Point","coordinates":[-0.119785,51.553545]}},{"id":"1586","type":"Feature","properties":{"layer":0},"geometry":{"type":"Point","coordinates":[-0.13248,51.504738]}},{"id":"1587","type":"Feature","properties":{"layer":0},"geometry":{"type":"Point","coordinates":[-0.186755,51.512596]}},{"id":"1588","type":"Feature","properties":{"layer":0},"geometry":{"type":"Point","coordinates":[-0.2114,51.576194]}},{"id":"1589","type":"Feature","properties":{"layer":0},"geometry":{"type":"Point","coordinates":[-0.141128,51.489211]}},{"id":"1590","type":"Feature","properties":{"layer":0},"geometry":{"type":"Point","coordinates":[-0.100575,51.473895]}},{"id":"1591","type":"Feature","properties":{"layer":0},"geometry":{"type":"Point","coordinates":[-0.051256,51.481332]}},{"id":"1592","type":"Feature","properties":{"layer":0},"geometry":{"type":"Point","coordinates":[-0.156686,51.538839]}},{"id":"1593","type":"Feature","properties":{"layer":0},"geometry":{"type":"Point","coordinates":[-0.173352,51.4528]}},{"id":"1594","type":"Feature","properties":{"layer":0},"geometry":{"type":"Point","coordinates":[-0.11798,51.496423]}},{"id":"1595","type":"Feature","properties":{"layer":0},"geometry":{"type":"Point","coordinates":[-0.107444,51.391144]}},{"id":"1596","type":"Feature","properties":{"layer":0},"geometry":{"type":"Point","coordinates":[-0.178987,51.614981]}},{"id":"1597","type":"Feature","properties":{"layer":0},"geometry":{"type":"Point","coordinates":[-0.165194,51.53795]}},{"id":"1598","type":"Feature","properties":{"layer":0},"geometry":{"type":"Point","coordinates":[-0.104224,51.622339]}},{"id":"1599","type":"Feature","properties":{"layer":0},"geometry":{"type":"Point","coordinates":[-0.051471,51.4539]}},{"id":"1600","type":"Feature","properties":{"layer":0},"geometry":{"type":"Point","coordinates":[-0.123492,51.530437]}},{"id":"1601","type":"Feature","properties":{"layer":0},"geometry":{"type":"Point","coordinates":[-0.130786,51.473873]}},{"id":"1602","type":"Feature","properties":{"layer":0},"geometry":{"type":"Point","coordinates":[-0.034777,51.498512]}},{"id":"1603","type":"Feature","properties":{"layer":0},"geometry":{"type":"Point","coordinates":[-0.371276,51.474215]}},{"id":"1604","type":"Feature","properties":{"layer":0},"geometry":{"type":"Point","coordinates":[-0.2595,51.483881]}},{"id":"1605","type":"Feature","properties":{"layer":0},"geometry":{"type":"Point","coordinates":[-0.026224,51.395861]}},{"id":"1606","type":"Feature","properties":{"layer":0},"geometry":{"type":"Point","coordinates":[0.198224,51.572518]}},{"id":"1607","type":"Feature","properties":{"layer":0},"geometry":{"type":"Point","coordinates":[-0.06391,51.517341]}},{"id":"1608","type":"Feature","properties":{"layer":0},"geometry":{"type":"Point","coordinates":[-0.030961,51.384791]}},{"id":"1609","type":"Feature","properties":{"layer":0},"geometry":{"type":"Point","coordinates":[-0.099924,51.496881]}},{"id":"1610","type":"Feature","properties":{"layer":0},"geometry":{"type":"Point","coordinates":[-0.141619,51.550868]}},{"id":"1611","type":"Feature","properties":{"layer":0},"geometry":{"type":"Point","coordinates":[-0.0494,51.60701]}},{"id":"1612","type":"Feature","properties":{"layer":0},"geometry":{"type":"Point","coordinates":[-0.148545,51.451375]}},{"id":"1613","type":"Feature","properties":{"layer":0},"geometry":{"type":"Point","coordinates":[-0.148003,51.443395]}},{"id":"1614","type":"Feature","properties":{"layer":0},"geometry":{"type":"Point","coordinates":[-0.138122,51.59226]}},{"id":"1615","type":"Feature","properties":{"layer":0},"geometry":{"type":"Point","coordinates":[-0.471086,51.609135]}},{"id":"1616","type":"Feature","properties":{"layer":0},"geometry":{"type":"Point","coordinates":[-0.238585,51.419011]}},{"id":"1617","type":"Feature","properties":{"layer":0},"geometry":{"type":"Point","coordinates":[0.057264,51.411016]}},{"id":"1618","type":"Feature","properties":{"layer":0},"geometry":{"type":"Point","coordinates":[-0.151061,51.53093]}},{"id":"1619","type":"Feature","properties":{"layer":0},"geometry":{"type":"Point","coordinates":[-0.203371,51.443398]}},{"id":"1620","type":"Feature","properties":{"layer":0},"geometry":{"type":"Point","coordinates":[-0.073325,51.438633]}},{"id":"1621","type":"Feature","properties":{"layer":0},"geometry":{"type":"Point","coordinates":[-0.099502,51.499912]}},{"id":"1622","type":"Feature","properties":{"layer":0},"geometry":{"type":"Point","coordinates":[-0.003618,51.593321]}},{"id":"1623","type":"Feature","properties":{"layer":0},"geometry":{"type":"Point","coordinates":[-0.049091,51.528341]}},{"id":"1624","type":"Feature","properties":{"layer":0},"geometry":{"type":"Point","coordinates":[-0.480421,51.470167]}},{"id":"1625","type":"Feature","properties":{"layer":0},"geometry":{"type":"Point","coordinates":[-0.136632,51.494836]}},{"id":"1626","type":"Feature","properties":{"layer":0},"geometry":{"type":"Point","coordinates":[-0.133237,51.460012]}},{"id":"1627","type":"Feature","properties":{"layer":0},"geometry":{"type":"Point","coordinates":[-0.078632,51.522653]}},{"id":"1628","type":"Feature","properties":{"layer":0},"geometry":{"type":"Point","coordinates":[-0.023206,51.476364]}},{"id":"1629","type":"Feature","properties":{"layer":0},"geometry":{"type":"Point","coordinates":[-0.165629,51.492699]}},{"id":"1630","type":"Feature","properties":{"layer":0},"geometry":{"type":"Point","coordinates":[-0.067665,51.554739]}},{"id":"1631","type":"Feature","properties":{"layer":0},"geometry":{"type":"Point","coordinates":[-0.101545,51.45289]}},{"id":"1632","type":"Feature","properties":{"layer":0},"geometry":{"type":"Point","coordinates":[-0.09788,51.410455]}},{"id":"1633","type":"Feature","properties":{"layer":0},"geometry":{"type":"Point","coordinates":[-0.160597,51.514355]}},{"id":"1634","type":"Feature","properties":{"layer":0},"geometry":{"type":"Point","coordinates":[-0.205377,51.541495]}},{"id":"1635","type":"Feature","properties":{"layer":0},"geometry":{"type":"Point","coordinates":[-0.103062,51.51071]}},{"id":"1636","type":"Feature","properties":{"layer":0},"geometry":{"type":"Point","coordinates":[-0.067283,51.512278]}},{"id":"1637","type":"Feature","properties":{"layer":0},"geometry":{"type":"Point","coordinates":[-0.173881,51.526616]}},{"id":"1638","type":"Feature","properties":{"layer":0},"geometry":{"type":"Point","coordinates":[-0.150371,51.598159]}},{"id":"1639","type":"Feature","properties":{"layer":0},"geometry":{"type":"Point","coordinates":[-0.091293,51.484466]}},{"id":"1640","type":"Feature","properties":{"layer":0},"geometry":{"type":"Point","coordinates":[-0.083146,51.494427]}},{"id":"1641","type":"Feature","properties":{"layer":0},"geometry":{"type":"Point","coordinates":[0.03291,51.542134]}},{"id":"1642","type":"Feature","properties":{"layer":0},"geometry":{"type":"Point","coordinates":[0.070844,51.463984]}},{"id":"1643","type":"Feature","properties":{"layer":0},"geometry":{"type":"Point","coordinates":[-0.01975,51.546122]}},{"id":"1644","type":"Feature","properties":{"layer":0},"geometry":{"type":"Point","coordinates":[0.073419,51.555392]}},{"id":"1645","type":"Feature","properties":{"layer":0},"geometry":{"type":"Point","coordinates":[-0.033219,51.442826]}},{"id":"1646","type":"Feature","properties":{"layer":0},"geometry":{"type":"Point","coordinates":[-0.1118,51.582077]}},{"id":"1647","type":"Feature","properties":{"layer":0},"geometry":{"type":"Point","coordinates":[-0.12577,51.53754]}},{"id":"1648","type":"Feature","properties":{"layer":0},"geometry":{"type":"Point","coordinates":[-0.063489,51.424457]}},{"id":"1649","type":"Feature","properties":{"layer":0},"geometry":{"type":"Point","coordinates":[-0.360799,51.540629]}},{"id":"1650","type":"Feature","properties":{"layer":0},"geometry":{"type":"Point","coordinates":[-0.051363,51.54369]}},{"id":"1651","type":"Feature","properties":{"layer":0},"geometry":{"type":"Point","coordinates":[-0.445718,51.502982]}},{"id":"1652","type":"Feature","properties":{"layer":0},"geometry":{"type":"Point","coordinates":[-0.16414,51.483963]}},{"id":"1653","type":"Feature","properties":{"layer":0},"geometry":{"type":"Point","coordinates":[-0.071305,51.483115]}},{"id":"1654","type":"Feature","properties":{"layer":0},"geometry":{"type":"Point","coordinates":[-0.076536,51.412945]}},{"id":"1655","type":"Feature","properties":{"layer":0},"geometry":{"type":"Point","coordinates":[-0.16293,51.50964]}},{"id":"1656","type":"Feature","properties":{"layer":0},"geometry":{"type":"Point","coordinates":[-0.09114,51.463588]}},{"id":"1657","type":"Feature","properties":{"layer":0},"geometry":{"type":"Point","coordinates":[-0.115282,51.450671]}},{"id":"1658","type":"Feature","properties":{"layer":0},"geometry":{"type":"Point","coordinates":[-0.160646,51.4645]}},{"id":"1659","type":"Feature","properties":{"layer":0},"geometry":{"type":"Point","coordinates":[-0.133388,51.567374]}},{"id":"1660","type":"Feature","properties":{"layer":0},"geometry":{"type":"Point","coordinates":[-0.080863,51.541591]}},{"id":"1661","type":"Feature","properties":{"layer":0},"geometry":{"type":"Point","coordinates":[-0.099918,51.469905]}},{"id":"1662","type":"Feature","properties":{"layer":0},"geometry":{"type":"Point","coordinates":[-0.06754,51.535512]}},{"id":"1663","type":"Feature","properties":{"layer":0},"geometry":{"type":"Point","coordinates":[-0.056553,51.540387]}},{"id":"1664","type":"Feature","properties":{"layer":0},"geometry":{"type":"Point","coordinates":[-0.05603,51.461713]}},{"id":"1665","type":"Feature","properties":{"layer":0},"geometry":{"type":"Point","coordinates":[-0.092901,51.5595]}},{"id":"1666","type":"Feature","properties":{"layer":0},"geometry":{"type":"Point","coordinates":[-0.103265,51.512749]}},{"id":"1667","type":"Feature","properties":{"layer":0},"geometry":{"type":"Point","coordinates":[-0.169775,51.52324]}},{"id":"1668","type":"Feature","properties":{"layer":0},"geometry":{"type":"Point","coordinates":[-0.203595,51.445387]}},{"id":"1669","type":"Feature","properties":{"layer":0},"geometry":{"type":"Point","coordinates":[-0.058637,51.429504]}},{"id":"1670","type":"Feature","properties":{"layer":0},"geometry":{"type":"Point","coordinates":[-0.058656,51.44523]}},{"id":"1671","type":"Feature","properties":{"layer":0},"geometry":{"type":"Point","coordinates":[-0.084775,51.504885]}},{"id":"1672","type":"Feature","properties":{"layer":0},"geometry":{"type":"Point","coordinates":[-0.077642,51.551091]}},{"id":"1673","type":"Feature","properties":{"layer":0},"geometry":{"type":"Point","coordinates":[-0.208141,51.560704]}},{"id":"1674","type":"Feature","properties":{"layer":0},"geometry":{"type":"Point","coordinates":[-0.064174,51.424183]}},{"id":"1675","type":"Feature","properties":{"layer":0},"geometry":{"type":"Point","coordinates":[-0.140664,51.507479]}},{"id":"1676","type":"Feature","properties":{"layer":0},"geometry":{"type":"Point","coordinates":[-0.053051,51.40042]}},{"id":"1677","type":"Feature","properties":{"layer":0},"geometry":{"type":"Point","coordinates":[0.031306,51.409116]}},{"id":"1678","type":"Feature","properties":{"layer":0},"geometry":{"type":"Point","coordinates":[0.13043,51.413529]}},{"id":"1679","type":"Feature","properties":{"layer":0},"geometry":{"type":"Point","coordinates":[-0.354433,51.436798]}},{"id":"1680","type":"Feature","properties":{"layer":0},"geometry":{"type":"Point","coordinates":[-0.110565,51.670894]}},{"id":"1681","type":"Feature","properties":{"layer":0},"geometry":{"type":"Point","coordinates":[-0.054648,51.485162]}},{"id":"1682","type":"Feature","properties":{"layer":0},"geometry":{"type":"Point","coordinates":[-0.065265,51.490718]}},{"id":"1683","type":"Feature","properties":{"layer":0},"geometry":{"type":"Point","coordinates":[-0.053639,51.58798]}},{"id":"1684","type":"Feature","properties":{"layer":0},"geometry":{"type":"Point","coordinates":[-0.067342,51.513133]}},{"id":"1685","type":"Feature","properties":{"layer":0},"geometry":{"type":"Point","coordinates":[0.040908,51.392068]}},{"id":"1686","type":"Feature","properties":{"layer":0},"geometry":{"type":"Point","coordinates":[-0.136138,51.534334]}},{"id":"1687","type":"Feature","properties":{"layer":0},"geometry":{"type":"Point","coordinates":[-0.272769,51.584674]}},{"id":"1688","type":"Feature","properties":{"layer":0},"geometry":{"type":"Point","coordinates":[-0.134271,51.497373]}},{"id":"1689","type":"Feature","properties":{"layer":0},"geometry":{"type":"Point","coordinates":[-0.050103,51.449825]}},{"id":"1690","type":"Feature","properties":{"layer":0},"geometry":{"type":"Point","coordinates":[-0.164558,51.423849]}},{"id":"1691","type":"Feature","properties":{"layer":0},"geometry":{"type":"Point","coordinates":[0.085709,51.448152]}},{"id":"1692","type":"Feature","properties":{"layer":0},"geometry":{"type":"Point","coordinates":[-0.200011,51.502971]}},{"id":"1693","type":"Feature","properties":{"layer":0},"geometry":{"type":"Point","coordinates":[-0.3387,51.519824]}},{"id":"1694","type":"Feature","properties":{"layer":0},"geometry":{"type":"Point","coordinates":[-0.112573,51.485673]}},{"id":"1695","type":"Feature","properties":{"layer":0},"geometry":{"type":"Point","coordinates":[-0.21214,51.50204]}},{"id":"1696","type":"Feature","properties":{"layer":0},"geometry":{"type":"Point","coordinates":[-0.035922,51.486191]}},{"id":"1697","type":"Feature","properties":{"layer":0},"geometry":{"type":"Point","coordinates":[-0.094664,51.510511]}},{"id":"1698","type":"Feature","properties":{"layer":0},"geometry":{"type":"Point","coordinates":[-0.247281,51.542642]}},{"id":"1699","type":"Feature","properties":{"layer":0},"geometry":{"type":"Point","coordinates":[-0.153436,51.491987]}},{"id":"1700","type":"Feature","properties":{"layer":0},"geometry":{"type":"Point","coordinates":[-0.308331,51.523509]}},{"id":"1701","type":"Feature","properties":{"layer":0},"geometry":{"type":"Point","coordinates":[0.050082,51.446847]}},{"id":"1702","type":"Feature","properties":{"layer":0},"geometry":{"type":"Point","coordinates":[-0.066455,51.487497]}},{"id":"1703","type":"Feature","properties":{"layer":0},"geometry":{"type":"Point","coordinates":[-0.174883,51.491289]}},{"id":"1704","type":"Feature","properties":{"layer":0},"geometry":{"type":"Point","coordinates":[-0.115751,51.449011]}},{"id":"1705","type":"Feature","properties":{"layer":0},"geometry":{"type":"Point","coordinates":[-0.146034,51.511785]}},{"id":"1706","type":"Feature","properties":{"layer":0},"geometry":{"type":"Point","coordinates":[-0.094487,51.594274]}},{"id":"1707","type":"Feature","properties":{"layer":0},"geometry":{"type":"Point","coordinates":[0.122179,51.51676]}},{"id":"1708","type":"Feature","properties":{"layer":0},"geometry":{"type":"Point","coordinates":[-0.062859,51.529009]}},{"id":"1709","type":"Feature","properties":{"layer":0},"geometry":{"type":"Point","coordinates":[-0.270029,51.467963]}},{"id":"1710","type":"Feature","properties":{"layer":0},"geometry":{"type":"Point","coordinates":[-0.155377,51.527166]}},{"id":"1711","type":"Feature","properties":{"layer":0},"geometry":{"type":"Point","coordinates":[-0.12322,51.392516]}},{"id":"1712","type":"Feature","properties":{"layer":0},"geometry":{"type":"Point","coordinates":[-0.077189,51.453248]}},{"id":"1713","type":"Feature","properties":{"layer":0},"geometry":{"type":"Point","coordinates":[-0.128939,51.396467]}},{"id":"1714","type":"Feature","properties":{"layer":0},"geometry":{"type":"Point","coordinates":[-0.084317,51.527661]}},{"id":"1715","type":"Feature","properties":{"layer":0},"geometry":{"type":"Point","coordinates":[-0.308606,51.577933]}},{"id":"1716","type":"Feature","properties":{"layer":0},"geometry":{"type":"Point","coordinates":[-0.194434,51.528606]}},{"id":"1717","type":"Feature","properties":{"layer":0},"geometry":{"type":"Point","coordinates":[-0.120986,51.513071]}},{"id":"1718","type":"Feature","properties":{"layer":0},"geometry":{"type":"Point","coordinates":[-0.189001,51.56088]}},{"id":"1719","type":"Feature","properties":{"layer":0},"geometry":{"type":"Point","coordinates":[-0.154548,51.466946]}},{"id":"1720","type":"Feature","properties":{"layer":0},"geometry":{"type":"Point","coordinates":[-0.153232,51.470458]}},{"id":"1721","type":"Feature","properties":{"layer":0},"geometry":{"type":"Point","coordinates":[-0.052104,51.544933]}},{"id":"1722","type":"Feature","properties":{"layer":0},"geometry":{"type":"Point","coordinates":[0.055943,51.387137]}},{"id":"1723","type":"Feature","properties":{"layer":0},"geometry":{"type":"Point","coordinates":[-0.190062,51.525657]}},{"id":"1724","type":"Feature","properties":{"layer":0},"geometry":{"type":"Point","coordinates":[-0.158587,51.501355]}},{"id":"1725","type":"Feature","properties":{"layer":0},"geometry":{"type":"Point","coordinates":[0.043663,51.359633]}},{"id":"1726","type":"Feature","properties":{"layer":0},"geometry":{"type":"Point","coordinates":[-0.004946,51.521829]}},{"id":"1727","type":"Feature","properties":{"layer":0},"geometry":{"type":"Point","coordinates":[-0.107956,51.508066]}},{"id":"1728","type":"Feature","properties":{"layer":0},"geometry":{"type":"Point","coordinates":[-0.140585,51.498808]}},{"id":"1729","type":"Feature","properties":{"layer":0},"geometry":{"type":"Point","coordinates":[-0.053664,51.485287]}},{"id":"1730","type":"Feature","properties":{"layer":0},"geometry":{"type":"Point","coordinates":[-0.170909,51.431599]}},{"id":"1731","type":"Feature","properties":{"layer":0},"geometry":{"type":"Point","coordinates":[-0.106057,51.358164]}},{"id":"1732","type":"Feature","properties":{"layer":0},"geometry":{"type":"Point","coordinates":[-0.024661,51.540733]}},{"id":"1733","type":"Feature","properties":{"layer":0},"geometry":{"type":"Point","coordinates":[-0.246198,51.393378]}},{"id":"1734","type":"Feature","properties":{"layer":0},"geometry":{"type":"Point","coordinates":[0.030633,51.334489]}},{"id":"1735","type":"Feature","properties":{"layer":0},"geometry":{"type":"Point","coordinates":[-0.101727,51.595968]}},{"id":"1736","type":"Feature","properties":{"layer":0},"geometry":{"type":"Point","coordinates":[-0.036263,51.415803]}},{"id":"1737","type":"Feature","properties":{"layer":0},"geometry":{"type":"Point","coordinates":[-0.151813,51.453882]}},{"id":"1738","type":"Feature","properties":{"layer":0},"geometry":{"type":"Point","coordinates":[-0.003619,51.470521]}},{"id":"1739","type":"Feature","properties":{"layer":0},"geometry":{"type":"Point","coordinates":[-0.122495,51.455393]}},{"id":"1740","type":"Feature","properties":{"layer":0},"geometry":{"type":"Point","coordinates":[-0.219339,51.579367]}},{"id":"1741","type":"Feature","properties":{"layer":0},"geometry":{"type":"Point","coordinates":[-0.101927,51.520937]}},{"id":"1742","type":"Feature","properties":{"layer":0},"geometry":{"type":"Point","coordinates":[-0.002278,51.490288]}},{"id":"1743","type":"Feature","properties":{"layer":0},"geometry":{"type":"Point","coordinates":[-0.064564,51.577155]}},{"id":"1744","type":"Feature","properties":{"layer":0},"geometry":{"type":"Point","coordinates":[-0.095461,51.452384]}},{"id":"1745","type":"Feature","properties":{"layer":0},"geometry":{"type":"Point","coordinates":[-0.200661,51.55622]}},{"id":"1746","type":"Feature","properties":{"layer":0},"geometry":{"type":"Point","coordinates":[-0.226959,51.477209]}},{"id":"1747","type":"Feature","properties":{"layer":0},"geometry":{"type":"Point","coordinates":[-0.119738,51.453056]}},{"id":"1748","type":"Feature","properties":{"layer":0},"geometry":{"type":"Point","coordinates":[-0.236373,51.530994]}},{"id":"1749","type":"Feature","properties":{"layer":0},"geometry":{"type":"Point","coordinates":[0.0006,51.465064]}},{"id":"1750","type":"Feature","properties":{"layer":0},"geometry":{"type":"Point","coordinates":[-0.002472,51.412794]}},{"id":"1751","type":"Feature","properties":{"layer":0},"geometry":{"type":"Point","coordinates":[-0.065431,51.368603]}},{"id":"1752","type":"Feature","properties":{"layer":0},"geometry":{"type":"Point","coordinates":[-0.066154,51.526383]}},{"id":"1753","type":"Feature","properties":{"layer":0},"geometry":{"type":"Point","coordinates":[-0.104577,51.598671]}},{"id":"1754","type":"Feature","properties":{"layer":0},"geometry":{"type":"Point","coordinates":[-0.135991,51.530303]}},{"id":"1755","type":"Feature","properties":{"layer":0},"geometry":{"type":"Point","coordinates":[0.16727,51.445431]}},{"id":"1756","type":"Feature","properties":{"layer":0},"geometry":{"type":"Point","coordinates":[-0.013584,51.49353]}},{"id":"1757","type":"Feature","properties":{"layer":0},"geometry":{"type":"Point","coordinates":[-0.189078,51.444125]}},{"id":"1758","type":"Feature","properties":{"layer":0},"geometry":{"type":"Point","coordinates":[-0.080628,51.553092]}},{"id":"1759","type":"Feature","properties":{"layer":0},"geometry":{"type":"Point","coordinates":[-0.181001,51.511882]}},{"id":"1760","type":"Feature","properties":{"layer":0},"geometry":{"type":"Point","coordinates":[-0.09276,51.536359]}},{"id":"1761","type":"Feature","properties":{"layer":0},"geometry":{"type":"Point","coordinates":[-0.025935,51.454564]}},{"id":"1762","type":"Feature","properties":{"layer":0},"geometry":{"type":"Point","coordinates":[-0.186765,51.581221]}},{"id":"1763","type":"Feature","properties":{"layer":0},"geometry":{"type":"Point","coordinates":[-0.030023,51.530751]}},{"id":"1764","type":"Feature","properties":{"layer":0},"geometry":{"type":"Point","coordinates":[-0.050854,51.556641]}},{"id":"1765","type":"Feature","properties":{"layer":0},"geometry":{"type":"Point","coordinates":[-0.232592,51.47536]}},{"id":"1766","type":"Feature","properties":{"layer":0},"geometry":{"type":"Point","coordinates":[-0.03134,51.519631]}},{"id":"1767","type":"Feature","properties":{"layer":0},"geometry":{"type":"Point","coordinates":[-0.051832,51.468334]}},{"id":"1768","type":"Feature","properties":{"layer":0},"geometry":{"type":"Point","coordinates":[-0.102501,51.503757]}},{"id":"1769","type":"Feature","properties":{"layer":0},"geometry":{"type":"Point","coordinates":[-0.24592,51.522265]}},{"id":"1770","type":"Feature","properties":{"layer":0},"geometry":{"type":"Point","coordinates":[-0.090198,51.446193]}},{"id":"1771","type":"Feature","properties":{"layer":0},"geometry":{"type":"Point","coordinates":[-0.133744,51.595154]}},{"id":"1772","type":"Feature","properties":{"layer":0},"geometry":{"type":"Point","coordinates":[-0.078206,51.524907]}},{"id":"1773","type":"Feature","properties":{"layer":0},"geometry":{"type":"Point","coordinates":[-0.039682,51.446289]}},{"id":"1774","type":"Feature","properties":{"layer":0},"geometry":{"type":"Point","coordinates":[-0.031691,51.580234]}},{"id":"1775","type":"Feature","properties":{"layer":0},"geometry":{"type":"Point","coordinates":[-0.137082,51.502104]}},{"id":"1776","type":"Feature","properties":{"layer":0},"geometry":{"type":"Point","coordinates":[-0.137801,51.485457]}},{"id":"1777","type":"Feature","properties":{"layer":0},"geometry":{"type":"Point","coordinates":[-0.007711,51.499207]}},{"id":"1778","type":"Feature","properties":{"layer":0},"geometry":{"type":"Point","coordinates":[-0.255978,51.507253]}},{"id":"1779","type":"Feature","properties":{"layer":0},"geometry":{"type":"Point","coordinates":[-0.145209,51.534132]}},{"id":"1780","type":"Feature","properties":{"layer":0},"geometry":{"type":"Point","coordinates":[-0.067151,51.585686]}},{"id":"1781","type":"Feature","properties":{"layer":0},"geometry":{"type":"Point","coordinates":[-0.077215,51.504307]}},{"id":"1782","type":"Feature","properties":{"layer":0},"geometry":{"type":"Point","coordinates":[-0.086231,51.583013]}},{"id":"1783","type":"Feature","properties":{"layer":0},"geometry":{"type":"Point","coordinates":[-0.166066,51.4699]}},{"id":"1784","type":"Feature","properties":{"layer":0},"geometry":{"type":"Point","coordinates":[0.050948,51.4124]}},{"id":"1785","type":"Feature","properties":{"layer":0},"geometry":{"type":"Point","coordinates":[-0.235188,51.600208]}},{"id":"1786","type":"Feature","properties":{"layer":0},"geometry":{"type":"Point","coordinates":[-0.132899,51.443546]}},{"id":"1787","type":"Feature","properties":{"layer":0},"geometry":{"type":"Point","coordinates":[-0.167555,51.473708]}},{"id":"1788","type":"Feature","properties":{"layer":0},"geometry":{"type":"Point","coordinates":[-0.135864,51.419642]}},{"id":"1789","type":"Feature","properties":{"layer":0},"geometry":{"type":"Point","coordinates":[-0.14851,51.46258]}},{"id":"1790","type":"Feature","properties":{"layer":0},"geometry":{"type":"Point","coordinates":[0.099163,51.330811]}},{"id":"1791","type":"Feature","properties":{"layer":0},"geometry":{"type":"Point","coordinates":[0.163561,51.555585]}},{"id":"1792","type":"Feature","properties":{"layer":0},"geometry":{"type":"Point","coordinates":[-0.194271,51.489157]}},{"id":"1793","type":"Feature","properties":{"layer":0},"geometry":{"type":"Point","coordinates":[-0.098131,51.562449]}},{"id":"1794","type":"Feature","properties":{"layer":0},"geometry":{"type":"Point","coordinates":[-0.017904,51.540982]}},{"id":"1795","type":"Feature","properties":{"layer":0},"geometry":{"type":"Point","coordinates":[-0.087803,51.573897]}},{"id":"1796","type":"Feature","properties":{"layer":0},"geometry":{"type":"Point","coordinates":[-0.043682,51.59078]}},{"id":"1797","type":"Feature","properties":{"layer":0},"geometry":{"type":"Point","coordinates":[0.230471,51.51741]}},{"id":"1798","type":"Feature","properties":{"layer":0},"geometry":{"type":"Point","coordinates":[-0.225384,51.526514]}},{"id":"1799","type":"Feature","properties":{"layer":0},"geometry":{"type":"Point","coordinates":[-0.032555,51.501951]}},{"id":"1800","type":"Feature","properties":{"layer":0},"geometry":{"type":"Point","coordinates":[-0.125227,51.379316]}},{"id":"1801","type":"Feature","properties":{"layer":0},"geometry":{"type":"Point","coordinates":[-0.191164,51.465007]}},{"id":"1802","type":"Feature","properties":{"layer":0},"geometry":{"type":"Point","coordinates":[-0.00901,51.428049]}},{"id":"1803","type":"Feature","properties":{"layer":0},"geometry":{"type":"Point","coordinates":[0.141623,51.432345]}},{"id":"1804","type":"Feature","properties":{"layer":0},"geometry":{"type":"Point","coordinates":[0.035315,51.3523]}},{"id":"1805","type":"Feature","properties":{"layer":0},"geometry":{"type":"Point","coordinates":[0.023345,51.513229]}},{"id":"1806","type":"Feature","properties":{"layer":0},"geometry":{"type":"Point","coordinates":[-0.281211,51.445008]}},{"id":"1807","type":"Feature","properties":{"layer":0},"geometry":{"type":"Point","coordinates":[0.117557,51.346205]}},{"id":"1808","type":"Feature","properties":{"layer":0},"geometry":{"type":"Point","coordinates":[-0.104452,51.433301]}},{"id":"1809","type":"Feature","properties":{"layer":0},"geometry":{"type":"Point","coordinates":[-0.055467,51.586586]}},{"id":"1810","type":"Feature","properties":{"layer":0},"geometry":{"type":"Point","coordinates":[-0.177596,51.518818]}},{"id":"1811","type":"Feature","properties":{"layer":0},"geometry":{"type":"Point","coordinates":[-0.129126,51.436907]}},{"id":"1812","type":"Feature","properties":{"layer":0},"geometry":{"type":"Point","coordinates":[0.039047,51.36786]}},{"id":"1813","type":"Feature","properties":{"layer":0},"geometry":{"type":"Point","coordinates":[-0.02756,51.570698]}},{"id":"1814","type":"Feature","properties":{"layer":0},"geometry":{"type":"Point","coordinates":[-0.099569,51.602296]}},{"id":"1815","type":"Feature","properties":{"layer":0},"geometry":{"type":"Point","coordinates":[-0.086789,51.513256]}},{"id":"1816","type":"Feature","properties":{"layer":0},"geometry":{"type":"Point","coordinates":[-0.110067,51.465882]}},{"id":"1817","type":"Feature","properties":{"layer":0},"geometry":{"type":"Point","coordinates":[-0.126075,51.60608]}},{"id":"1818","type":"Feature","properties":{"layer":0},"geometry":{"type":"Point","coordinates":[-0.031419,51.523379]}},{"id":"1819","type":"Feature","properties":{"layer":0},"geometry":{"type":"Point","coordinates":[-0.16989,51.500372]}},{"id":"1820","type":"Feature","properties":{"layer":0},"geometry":{"type":"Point","coordinates":[-0.216992,51.399801]}},{"id":"1821","type":"Feature","properties":{"layer":0},"geometry":{"type":"Point","coordinates":[0.239739,51.612227]}},{"id":"1822","type":"Feature","properties":{"layer":0},"geometry":{"type":"Point","coordinates":[-0.134991,51.491422]}},{"id":"1823","type":"Feature","properties":{"layer":0},"geometry":{"type":"Point","coordinates":[-0.086216,51.52671]}},{"id":"1824","type":"Feature","properties":{"layer":0},"geometry":{"type":"Point","coordinates":[-0.008452,51.496063]}},{"id":"1825","type":"Feature","properties":{"layer":0},"geometry":{"type":"Point","coordinates":[-0.210858,51.438344]}},{"id":"1826","type":"Feature","properties":{"layer":0},"geometry":{"type":"Point","coordinates":[-0.042421,51.537157]}},{"id":"1827","type":"Feature","properties":{"layer":0},"geometry":{"type":"Point","coordinates":[-0.096994,51.498415]}},{"id":"1828","type":"Feature","properties":{"layer":0},"geometry":{"type":"Point","coordinates":[-0.258655,51.386028]}},{"id":"1829","type":"Feature","properties":{"layer":0},"geometry":{"type":"Point","coordinates":[-0.115167,51.50818]}},{"id":"1830","type":"Feature","properties":{"layer":0},"geometry":{"type":"Point","coordinates":[-0.032496,51.539304]}},{"id":"1831","type":"Feature","properties":{"layer":0},"geometry":{"type":"Point","coordinates":[-0.068504,51.511629]}},{"id":"1832","type":"Feature","properties":{"layer":0},"geometry":{"type":"Point","coordinates":[-0.169217,51.491396]}},{"id":"1833","type":"Feature","properties":{"layer":0},"geometry":{"type":"Point","coordinates":[-0.046986,51.491088]}},{"id":"1834","type":"Feature","properties":{"layer":0},"geometry":{"type":"Point","coordinates":[-0.165329,51.436964]}},{"id":"1835","type":"Feature","properties":{"layer":0},"geometry":{"type":"Point","coordinates":[-0.049314,51.379463]}},{"id":"1836","type":"Feature","properties":{"layer":0},"geometry":{"type":"Point","coordinates":[-0.118056,51.551983]}},{"id":"1837","type":"Feature","properties":{"layer":0},"geometry":{"type":"Point","coordinates":[-0.171072,51.542202]}},{"id":"1838","type":"Feature","properties":{"layer":0},"geometry":{"type":"Point","coordinates":[-0.098773,51.531487]}},{"id":"1839","type":"Feature","properties":{"layer":0},"geometry":{"type":"Point","coordinates":[-0.177341,51.492233]}},{"id":"1840","type":"Feature","properties":{"layer":0},"geometry":{"type":"Point","coordinates":[0.019932,51.512028]}},{"id":"1841","type":"Feature","properties":{"layer":0},"geometry":{"type":"Point","coordinates":[0.044188,51.609838]}},{"id":"1842","type":"Feature","properties":{"layer":0},"geometry":{"type":"Point","coordinates":[0.037908,51.563309]}},{"id":"1843","type":"Feature","properties":{"layer":0},"geometry":{"type":"Point","coordinates":[-0.090675,51.564564]}},{"id":"1844","type":"Feature","properties":{"layer":0},"geometry":{"type":"Point","coordinates":[-0.111489,51.548448]}},{"id":"1845","type":"Feature","properties":{"layer":0},"geometry":{"type":"Point","coordinates":[-0.457646,51.529637]}},{"id":"1846","type":"Feature","properties":{"layer":0},"geometry":{"type":"Point","coordinates":[-0.06769,51.493286]}},{"id":"1847","type":"Feature","properties":{"layer":0},"geometry":{"type":"Point","coordinates":[-0.112857,51.395101]}},{"id":"1848","type":"Feature","properties":{"layer":0},"geometry":{"type":"Point","coordinates":[0.159136,51.510957]}},{"id":"1849","type":"Feature","properties":{"layer":0},"geometry":{"type":"Point","coordinates":[-0.388181,51.479771]}},{"id":"1850","type":"Feature","properties":{"layer":0},"geometry":{"type":"Point","coordinates":[-0.124527,51.396437]}},{"id":"1851","type":"Feature","properties":{"layer":0},"geometry":{"type":"Point","coordinates":[-0.1241,51.599447]}},{"id":"1852","type":"Feature","properties":{"layer":0},"geometry":{"type":"Point","coordinates":[-0.053206,51.539361]}},{"id":"1853","type":"Feature","properties":{"layer":0},"geometry":{"type":"Point","coordinates":[-0.144539,51.347334]}},{"id":"1854","type":"Feature","properties":{"layer":0},"geometry":{"type":"Point","coordinates":[0.181553,51.589758]}},{"id":"1855","type":"Feature","properties":{"layer":0},"geometry":{"type":"Point","coordinates":[0.073356,51.360539]}},{"id":"1856","type":"Feature","properties":{"layer":0},"geometry":{"type":"Point","coordinates":[-0.178667,51.608226]}},{"id":"1857","type":"Feature","properties":{"layer":0},"geometry":{"type":"Point","coordinates":[-0.097064,51.634738]}},{"id":"1858","type":"Feature","properties":{"layer":0},"geometry":{"type":"Point","coordinates":[-0.258529,51.446474]}},{"id":"1859","type":"Feature","properties":{"layer":0},"geometry":{"type":"Point","coordinates":[0.152642,51.489898]}},{"id":"1860","type":"Feature","properties":{"layer":0},"geometry":{"type":"Point","coordinates":[-0.080054,51.551947]}},{"id":"1861","type":"Feature","properties":{"layer":0},"geometry":{"type":"Point","coordinates":[-0.12586,51.541783]}},{"id":"1862","type":"Feature","properties":{"layer":0},"geometry":{"type":"Point","coordinates":[-0.10523,51.532029]}},{"id":"1863","type":"Feature","properties":{"layer":0},"geometry":{"type":"Point","coordinates":[-0.217492,51.404427]}},{"id":"1864","type":"Feature","properties":{"layer":0},"geometry":{"type":"Point","coordinates":[-0.136445,51.468306]}},{"id":"1865","type":"Feature","properties":{"layer":0},"geometry":{"type":"Point","coordinates":[0.009884,51.528121]}},{"id":"1866","type":"Feature","properties":{"layer":0},"geometry":{"type":"Point","coordinates":[-0.041283,51.569977]}},{"id":"1867","type":"Feature","properties":{"layer":0},"geometry":{"type":"Point","coordinates":[-0.194487,51.512235]}},{"id":"1868","type":"Feature","properties":{"layer":0},"geometry":{"type":"Point","coordinates":[-0.124418,51.470527]}},{"id":"1869","type":"Feature","properties":{"layer":0},"geometry":{"type":"Point","coordinates":[-0.107289,51.555776]}},{"id":"1870","type":"Feature","properties":{"layer":0},"geometry":{"type":"Point","coordinates":[-0.187161,51.57676]}},{"id":"1871","type":"Feature","properties":{"layer":0},"geometry":{"type":"Point","coordinates":[-0.027746,51.541023]}},{"id":"1872","type":"Feature","properties":{"layer":0},"geometry":{"type":"Point","coordinates":[-0.163775,51.5197]}},{"id":"1873","type":"Feature","properties":{"layer":0},"geometry":{"type":"Point","coordinates":[-0.196141,51.458584]}},{"id":"1874","type":"Feature","properties":{"layer":0},"geometry":{"type":"Point","coordinates":[-0.181422,51.435964]}},{"id":"1875","type":"Feature","properties":{"layer":0},"geometry":{"type":"Point","coordinates":[-0.045292,51.351792]}},{"id":"1876","type":"Feature","properties":{"layer":0},"geometry":{"type":"Point","coordinates":[-0.22102,51.573977]}},{"id":"1877","type":"Feature","properties":{"layer":0},"geometry":{"type":"Point","coordinates":[-0.329586,51.423564]}},{"id":"1878","type":"Feature","properties":{"layer":0},"geometry":{"type":"Point","coordinates":[0.029656,51.525721]}},{"id":"1879","type":"Feature","properties":{"layer":0},"geometry":{"type":"Point","coordinates":[-0.074966,51.594177]}},{"id":"1880","type":"Feature","properties":{"layer":0},"geometry":{"type":"Point","coordinates":[0.026499,51.503597]}},{"id":"1881","type":"Feature","properties":{"layer":0},"geometry":{"type":"Point","coordinates":[-0.098061,51.486531]}},{"id":"1882","type":"Feature","properties":{"layer":0},"geometry":{"type":"Point","coordinates":[-0.088804,51.503177]}},{"id":"1883","type":"Feature","properties":{"layer":0},"geometry":{"type":"Point","coordinates":[-0.241755,51.504664]}},{"id":"1884","type":"Feature","properties":{"layer":0},"geometry":{"type":"Point","coordinates":[-0.065267,51.536807]}},{"id":"1885","type":"Feature","properties":{"layer":0},"geometry":{"type":"Point","coordinates":[-0.053927,51.442617]}},{"id":"1886","type":"Feature","properties":{"layer":0},"geometry":{"type":"Point","coordinates":[-0.015159,51.482911]}},{"id":"1887","type":"Feature","properties":{"layer":0},"geometry":{"type":"Point","coordinates":[-0.111008,51.484523]}},{"id":"1888","type":"Feature","properties":{"layer":0},"geometry":{"type":"Point","coordinates":[-0.37678,51.597417]}},{"id":"1889","type":"Feature","properties":{"layer":0},"geometry":{"type":"Point","coordinates":[-0.154194,51.461656]}},{"id":"1890","type":"Feature","properties":{"layer":0},"geometry":{"type":"Point","coordinates":[-0.11027,51.607341]}},{"id":"1891","type":"Feature","properties":{"layer":0},"geometry":{"type":"Point","coordinates":[-0.142635,51.51604]}},{"id":"1892","type":"Feature","properties":{"layer":0},"geometry":{"type":"Point","coordinates":[-0.038303,51.44967]}},{"id":"1893","type":"Feature","properties":{"layer":0},"geometry":{"type":"Point","coordinates":[-0.168339,51.371297]}},{"id":"1894","type":"Feature","properties":{"layer":0},"geometry":{"type":"Point","coordinates":[-0.150163,51.4752]}},{"id":"1895","type":"Feature","properties":{"layer":0},"geometry":{"type":"Point","coordinates":[-0.12385,51.491863]}},{"id":"1896","type":"Feature","properties":{"layer":0},"geometry":{"type":"Point","coordinates":[-0.18323,51.537398]}},{"id":"1897","type":"Feature","properties":{"layer":0},"geometry":{"type":"Point","coordinates":[-0.11422,51.455529]}},{"id":"1898","type":"Feature","properties":{"layer":0},"geometry":{"type":"Point","coordinates":[0.141845,51.425139]}},{"id":"1899","type":"Feature","properties":{"layer":0},"geometry":{"type":"Point","coordinates":[-0.11061,51.437766]}},{"id":"1900","type":"Feature","properties":{"layer":0},"geometry":{"type":"Point","coordinates":[-0.208033,51.387125]}},{"id":"1901","type":"Feature","properties":{"layer":0},"geometry":{"type":"Point","coordinates":[-0.195649,51.46023]}},{"id":"1902","type":"Feature","properties":{"layer":0},"geometry":{"type":"Point","coordinates":[-0.170945,51.51174]}},{"id":"1903","type":"Feature","properties":{"layer":0},"geometry":{"type":"Point","coordinates":[-0.124976,51.410301]}},{"id":"1904","type":"Feature","properties":{"layer":0},"geometry":{"type":"Point","coordinates":[0.02037,51.512899]}},{"id":"1905","type":"Feature","properties":{"layer":0},"geometry":{"type":"Point","coordinates":[-0.116194,51.471416]}},{"id":"1906","type":"Feature","properties":{"layer":0},"geometry":{"type":"Point","coordinates":[-0.052049,51.473648]}},{"id":"1907","type":"Feature","properties":{"layer":0},"geometry":{"type":"Point","coordinates":[0.032199,51.353993]}},{"id":"1908","type":"Feature","properties":{"layer":0},"geometry":{"type":"Point","coordinates":[-0.083941,51.534683]}},{"id":"1909","type":"Feature","properties":{"layer":0},"geometry":{"type":"Point","coordinates":[-0.072414,51.517991]}},{"id":"1910","type":"Feature","properties":{"layer":0},"geometry":{"type":"Point","coordinates":[-0.050517,51.493153]}},{"id":"1911","type":"Feature","properties":{"layer":0},"geometry":{"type":"Point","coordinates":[-0.157871,51.491998]}},{"id":"1912","type":"Feature","properties":{"layer":0},"geometry":{"type":"Point","coordinates":[-0.195969,51.501127]}},{"id":"1913","type":"Feature","properties":{"layer":0},"geometry":{"type":"Point","coordinates":[-0.118534,51.538762]}},{"id":"1914","type":"Feature","properties":{"layer":0},"geometry":{"type":"Point","coordinates":[-0.013901,51.534116]}},{"id":"1915","type":"Feature","properties":{"layer":0},"geometry":{"type":"Point","coordinates":[0.00609,51.348863]}},{"id":"1916","type":"Feature","properties":{"layer":0},"geometry":{"type":"Point","coordinates":[-0.090013,51.462562]}},{"id":"1917","type":"Feature","properties":{"layer":0},"geometry":{"type":"Point","coordinates":[-0.114982,51.600952]}},{"id":"1918","type":"Feature","properties":{"layer":0},"geometry":{"type":"Point","coordinates":[-0.171402,51.515846]}},{"id":"1919","type":"Feature","properties":{"layer":0},"geometry":{"type":"Point","coordinates":[-0.16963,51.483111]}},{"id":"1920","type":"Feature","properties":{"layer":0},"geometry":{"type":"Point","coordinates":[-0.208264,51.483565]}},{"id":"1921","type":"Feature","properties":{"layer":0},"geometry":{"type":"Point","coordinates":[-0.144234,51.4965]}},{"id":"1922","type":"Feature","properties":{"layer":0},"geometry":{"type":"Point","coordinates":[-0.204606,51.472249]}},{"id":"1923","type":"Feature","properties":{"layer":0},"geometry":{"type":"Point","coordinates":[0.023611,51.465973]}},{"id":"1924","type":"Feature","properties":{"layer":0},"geometry":{"type":"Point","coordinates":[-0.122018,51.570251]}},{"id":"1925","type":"Feature","properties":{"layer":0},"geometry":{"type":"Point","coordinates":[-0.15479,51.435185]}},{"id":"1926","type":"Feature","properties":{"layer":0},"geometry":{"type":"Point","coordinates":[-0.163471,51.469381]}},{"id":"1927","type":"Feature","properties":{"layer":0},"geometry":{"type":"Point","coordinates":[-0.074362,51.496435]}},{"id":"1928","type":"Feature","properties":{"layer":0},"geometry":{"type":"Point","coordinates":[-0.139624,51.463618]}},{"id":"1929","type":"Feature","properties":{"layer":0},"geometry":{"type":"Point","coordinates":[-0.390909,51.42431]}},{"id":"1930","type":"Feature","properties":{"layer":0},"geometry":{"type":"Point","coordinates":[-0.076293,51.459086]}},{"id":"1931","type":"Feature","properties":{"layer":0},"geometry":{"type":"Point","coordinates":[-0.020117,51.48377]}},{"id":"1932","type":"Feature","properties":{"layer":0},"geometry":{"type":"Point","coordinates":[-0.097145,51.552908]}},{"id":"1933","type":"Feature","properties":{"layer":0},"geometry":{"type":"Point","coordinates":[0.010611,51.442432]}},{"id":"1934","type":"Feature","properties":{"layer":0},"geometry":{"type":"Point","coordinates":[-0.118341,51.5335]}},{"id":"1935","type":"Feature","properties":{"layer":0},"geometry":{"type":"Point","coordinates":[0.009787,51.462945]}},{"id":"1936","type":"Feature","properties":{"layer":0},"geometry":{"type":"Point","coordinates":[-0.149258,51.527868]}},{"id":"1937","type":"Feature","properties":{"layer":0},"geometry":{"type":"Point","coordinates":[-0.192194,51.505787]}},{"id":"1938","type":"Feature","properties":{"layer":0},"geometry":{"type":"Point","coordinates":[-0.130285,51.514566]}},{"id":"1939","type":"Feature","properties":{"layer":0},"geometry":{"type":"Point","coordinates":[0.143831,51.533422]}},{"id":"1940","type":"Feature","properties":{"layer":0},"geometry":{"type":"Point","coordinates":[-0.096961,51.484319]}},{"id":"1941","type":"Feature","properties":{"layer":0},"geometry":{"type":"Point","coordinates":[-0.124353,51.430508]}},{"id":"1942","type":"Feature","properties":{"layer":0},"geometry":{"type":"Point","coordinates":[0.004205,51.539635]}},{"id":"1943","type":"Feature","properties":{"layer":0},"geometry":{"type":"Point","coordinates":[-0.068088,51.447613]}},{"id":"1944","type":"Feature","properties":{"layer":0},"geometry":{"type":"Point","coordinates":[-0.140242,51.450246]}},{"id":"1945","type":"Feature","properties":{"layer":0},"geometry":{"type":"Point","coordinates":[-0.183555,51.558821]}},{"id":"1946","type":"Feature","properties":{"layer":0},"geometry":{"type":"Point","coordinates":[-0.177967,51.559825]}},{"id":"1947","type":"Feature","properties":{"layer":0},"geometry":{"type":"Point","coordinates":[-0.1176,51.389283]}},{"id":"1948","type":"Feature","properties":{"layer":0},"geometry":{"type":"Point","coordinates":[-0.265008,51.573289]}},{"id":"1949","type":"Feature","properties":{"layer":0},"geometry":{"type":"Point","coordinates":[0.037812,51.378166]}},{"id":"1950","type":"Feature","properties":{"layer":0},"geometry":{"type":"Point","coordinates":[-0.106245,51.409767]}},{"id":"1951","type":"Feature","properties":{"layer":0},"geometry":{"type":"Point","coordinates":[-0.164698,51.537115]}},{"id":"1952","type":"Feature","properties":{"layer":0},"geometry":{"type":"Point","coordinates":[-0.40539,51.503926]}},{"id":"1953","type":"Feature","properties":{"layer":0},"geometry":{"type":"Point","coordinates":[-0.167754,51.512691]}},{"id":"1954","type":"Feature","properties":{"layer":0},"geometry":{"type":"Point","coordinates":[-0.100271,51.560192]}},{"id":"1955","type":"Feature","properties":{"layer":0},"geometry":{"type":"Point","coordinates":[-0.039553,51.522022]}},{"id":"1956","type":"Feature","properties":{"layer":0},"geometry":{"type":"Point","coordinates":[-0.009512,51.453556]}},{"id":"1957","type":"Feature","properties":{"layer":0},"geometry":{"type":"Point","coordinates":[-0.074576,51.472188]}},{"id":"1958","type":"Feature","properties":{"layer":0},"geometry":{"type":"Point","coordinates":[-0.100766,51.521843]}},{"id":"1959","type":"Feature","properties":{"layer":0},"geometry":{"type":"Point","coordinates":[-0.345541,51.483094]}},{"id":"1960","type":"Feature","properties":{"layer":0},"geometry":{"type":"Point","coordinates":[-0.436961,51.457439]}},{"id":"1961","type":"Feature","properties":{"layer":0},"geometry":{"type":"Point","coordinates":[-0.129247,51.52488]}},{"id":"1962","type":"Feature","properties":{"layer":0},"geometry":{"type":"Point","coordinates":[-0.148644,51.485424]}},{"id":"1963","type":"Feature","properties":{"layer":0},"geometry":{"type":"Point","coordinates":[-0.150669,51.43488]}},{"id":"1964","type":"Feature","properties":{"layer":0},"geometry":{"type":"Point","coordinates":[-0.00316,51.555474]}},{"id":"1965","type":"Feature","properties":{"layer":0},"geometry":{"type":"Point","coordinates":[-0.085796,51.523203]}},{"id":"1966","type":"Feature","properties":{"layer":0},"geometry":{"type":"Point","coordinates":[-0.038716,51.459552]}},{"id":"1967","type":"Feature","properties":{"layer":0},"geometry":{"type":"Point","coordinates":[-0.042492,51.595222]}},{"id":"1968","type":"Feature","properties":{"layer":0},"geometry":{"type":"Point","coordinates":[-0.273555,51.436607]}},{"id":"1969","type":"Feature","properties":{"layer":0},"geometry":{"type":"Point","coordinates":[-0.418631,51.593193]}},{"id":"1970","type":"Feature","properties":{"layer":0},"geometry":{"type":"Point","coordinates":[-0.079671,51.517021]}},{"id":"1971","type":"Feature","properties":{"layer":0},"geometry":{"type":"Point","coordinates":[-0.14013,51.501463]}},{"id":"1972","type":"Feature","properties":{"layer":0},"geometry":{"type":"Point","coordinates":[-0.176454,51.428466]}},{"id":"1973","type":"Feature","properties":{"layer":0},"geometry":{"type":"Point","coordinates":[-0.14697,51.488569]}},{"id":"1974","type":"Feature","properties":{"layer":0},"geometry":{"type":"Point","coordinates":[-0.160236,51.569468]}},{"id":"1975","type":"Feature","properties":{"layer":0},"geometry":{"type":"Point","coordinates":[-0.156758,51.384405]}},{"id":"1976","type":"Feature","properties":{"layer":0},"geometry":{"type":"Point","coordinates":[-0.160167,51.527217]}},{"id":"1977","type":"Feature","properties":{"layer":0},"geometry":{"type":"Point","coordinates":[-0.041548,51.444508]}},{"id":"1978","type":"Feature","properties":{"layer":0},"geometry":{"type":"Point","coordinates":[-0.095602,51.55544]}},{"id":"1979","type":"Feature","properties":{"layer":0},"geometry":{"type":"Point","coordinates":[-0.019127,51.52157]}},{"id":"1980","type":"Feature","properties":{"layer":0},"geometry":{"type":"Point","coordinates":[-0.189302,51.576487]}},{"id":"1981","type":"Feature","properties":{"layer":0},"geometry":{"type":"Point","coordinates":[0.072872,51.423356]}},{"id":"1982","type":"Feature","properties":{"layer":0},"geometry":{"type":"Point","coordinates":[-0.187334,51.463598]}},{"id":"1983","type":"Feature","properties":{"layer":0},"geometry":{"type":"Point","coordinates":[-0.228978,51.406982]}},{"id":"1984","type":"Feature","properties":{"layer":0},"geometry":{"type":"Point","coordinates":[-0.131724,51.368971]}},{"id":"1985","type":"Feature","properties":{"layer":0},"geometry":{"type":"Point","coordinates":[-0.103052,51.576535]}},{"id":"1986","type":"Feature","properties":{"layer":0},"geometry":{"type":"Point","coordinates":[-0.043481,51.506796]}},{"id":"1987","type":"Feature","properties":{"layer":0},"geometry":{"type":"Point","coordinates":[-0.160555,51.449135]}},{"id":"1988","type":"Feature","properties":{"layer":0},"geometry":{"type":"Point","coordinates":[-0.079795,51.503127]}},{"id":"1989","type":"Feature","properties":{"layer":0},"geometry":{"type":"Point","coordinates":[-0.125949,51.471337]}},{"id":"1990","type":"Feature","properties":{"layer":0},"geometry":{"type":"Point","coordinates":[-0.221394,51.504115]}},{"id":"1991","type":"Feature","properties":{"layer":0},"geometry":{"type":"Point","coordinates":[-0.063325,51.564857]}},{"id":"1992","type":"Feature","properties":{"layer":0},"geometry":{"type":"Point","coordinates":[-0.132373,51.569384]}},{"id":"1993","type":"Feature","properties":{"layer":0},"geometry":{"type":"Point","coordinates":[-0.088661,51.494386]}},{"id":"1994","type":"Feature","properties":{"layer":0},"geometry":{"type":"Point","coordinates":[0.003306,51.487456]}},{"id":"1995","type":"Feature","properties":{"layer":0},"geometry":{"type":"Point","coordinates":[-0.233662,51.381749]}},{"id":"1996","type":"Feature","properties":{"layer":0},"geometry":{"type":"Point","coordinates":[-0.1679,51.604769]}},{"id":"1997","type":"Feature","properties":{"layer":0},"geometry":{"type":"Point","coordinates":[0.000821,51.528357]}},{"id":"1998","type":"Feature","properties":{"layer":0},"geometry":{"type":"Point","coordinates":[-0.129232,51.583707]}},{"id":"1999","type":"Feature","properties":{"layer":0},"geometry":{"type":"Point","coordinates":[0.04871,51.329128]}},{"id":"2000","type":"Feature","properties":{"layer":0},"geometry":{"type":"Point","coordinates":[-0.143179,51.51775]}},{"id":"2001","type":"Feature","properties":{"layer":0},"geometry":{"type":"Point","coordinates":[-0.150864,51.496575]}},{"id":"2002","type":"Feature","properties":{"layer":0},"geometry":{"type":"Point","coordinates":[-0.209288,51.539087]}},{"id":"2003","type":"Feature","properties":{"layer":0},"geometry":{"type":"Point","coordinates":[-0.095577,51.503992]}},{"id":"2004","type":"Feature","properties":{"layer":0},"geometry":{"type":"Point","coordinates":[-0.14288,51.60866]}},{"id":"2005","type":"Feature","properties":{"layer":0},"geometry":{"type":"Point","coordinates":[0.218995,51.593971]}},{"id":"2006","type":"Feature","properties":{"layer":0},"geometry":{"type":"Point","coordinates":[-0.115121,51.556487]}},{"id":"2007","type":"Feature","properties":{"layer":0},"geometry":{"type":"Point","coordinates":[-0.002879,51.338083]}},{"id":"2008","type":"Feature","properties":{"layer":0},"geometry":{"type":"Point","coordinates":[-0.045504,51.426186]}},{"id":"2009","type":"Feature","properties":{"layer":0},"geometry":{"type":"Point","coordinates":[-0.069098,51.543768]}},{"id":"2010","type":"Feature","properties":{"layer":0},"geometry":{"type":"Point","coordinates":[-0.001964,51.574462]}},{"id":"2011","type":"Feature","properties":{"layer":0},"geometry":{"type":"Point","coordinates":[-0.286184,51.389397]}},{"id":"2012","type":"Feature","properties":{"layer":0},"geometry":{"type":"Point","coordinates":[-0.293269,51.468632]}},{"id":"2013","type":"Feature","properties":{"layer":0},"geometry":{"type":"Point","coordinates":[-0.171606,51.494388]}},{"id":"2014","type":"Feature","properties":{"layer":0},"geometry":{"type":"Point","coordinates":[-0.067167,51.553899]}},{"id":"2015","type":"Feature","properties":{"layer":0},"geometry":{"type":"Point","coordinates":[-0.203089,51.581362]}},{"id":"2016","type":"Feature","properties":{"layer":0},"geometry":{"type":"Point","coordinates":[0.015803,51.484787]}},{"id":"2017","type":"Feature","properties":{"layer":0},"geometry":{"type":"Point","coordinates":[-0.117892,51.427623]}},{"id":"2018","type":"Feature","properties":{"layer":0},"geometry":{"type":"Point","coordinates":[0.054082,51.48995]}},{"id":"2019","type":"Feature","properties":{"layer":0},"geometry":{"type":"Point","coordinates":[-0.186155,51.505914]}},{"id":"2020","type":"Feature","properties":{"layer":0},"geometry":{"type":"Point","coordinates":[0.159149,51.530207]}},{"id":"2021","type":"Feature","properties":{"layer":0},"geometry":{"type":"Point","coordinates":[-0.180209,51.526493]}},{"id":"2022","type":"Feature","properties":{"layer":0},"geometry":{"type":"Point","coordinates":[-0.050077,51.471944]}},{"id":"2023","type":"Feature","properties":{"layer":0},"geometry":{"type":"Point","coordinates":[0.029813,51.522669]}},{"id":"2024","type":"Feature","properties":{"layer":0},"geometry":{"type":"Point","coordinates":[-0.172914,51.477326]}},{"id":"2025","type":"Feature","properties":{"layer":0},"geometry":{"type":"Point","coordinates":[-0.047377,51.508689]}},{"id":"2026","type":"Feature","properties":{"layer":0},"geometry":{"type":"Point","coordinates":[-0.080628,51.514513]}},{"id":"2027","type":"Feature","properties":{"layer":0},"geometry":{"type":"Point","coordinates":[0.083632,51.574991]}},{"id":"2028","type":"Feature","properties":{"layer":0},"geometry":{"type":"Point","coordinates":[-0.149153,51.599962]}},{"id":"2029","type":"Feature","properties":{"layer":0},"geometry":{"type":"Point","coordinates":[-0.109507,51.478504]}},{"id":"2030","type":"Feature","properties":{"layer":0},"geometry":{"type":"Point","coordinates":[-0.078443,51.349004]}},{"id":"2031","type":"Feature","properties":{"layer":0},"geometry":{"type":"Point","coordinates":[-0.049206,51.486484]}},{"id":"2032","type":"Feature","properties":{"layer":0},"geometry":{"type":"Point","coordinates":[-0.200573,51.579203]}},{"id":"2033","type":"Feature","properties":{"layer":0},"geometry":{"type":"Point","coordinates":[-0.14485,51.600762]}},{"id":"2034","type":"Feature","properties":{"layer":0},"geometry":{"type":"Point","coordinates":[-0.053744,51.547211]}},{"id":"2035","type":"Feature","properties":{"layer":0},"geometry":{"type":"Point","coordinates":[-0.0855,51.458853]}},{"id":"2036","type":"Feature","properties":{"layer":0},"geometry":{"type":"Point","coordinates":[-0.155291,51.513751]}},{"id":"2037","type":"Feature","properties":{"layer":0},"geometry":{"type":"Point","coordinates":[-0.071582,51.563038]}},{"id":"2038","type":"Feature","properties":{"layer":0},"geometry":{"type":"Point","coordinates":[-0.119903,51.584185]}},{"id":"2039","type":"Feature","properties":{"layer":0},"geometry":{"type":"Point","coordinates":[-0.284851,51.493797]}},{"id":"2040","type":"Feature","properties":{"layer":0},"geometry":{"type":"Point","coordinates":[-0.153153,51.43933]}},{"id":"2041","type":"Feature","properties":{"layer":0},"geometry":{"type":"Point","coordinates":[-0.221648,51.557338]}},{"id":"2042","type":"Feature","properties":{"layer":0},"geometry":{"type":"Point","coordinates":[-0.227137,51.591634]}},{"id":"2043","type":"Feature","properties":{"layer":0},"geometry":{"type":"Point","coordinates":[-0.206145,51.58239]}},{"id":"2044","type":"Feature","properties":{"layer":0},"geometry":{"type":"Point","coordinates":[-0.186485,51.556254]}},{"id":"2045","type":"Feature","properties":{"layer":0},"geometry":{"type":"Point","coordinates":[-0.087297,51.418857]}},{"id":"2046","type":"Feature","properties":{"layer":0},"geometry":{"type":"Point","coordinates":[0.16753,51.480843]}},{"id":"2047","type":"Feature","properties":{"layer":0},"geometry":{"type":"Point","coordinates":[-0.060365,51.495727]}},{"id":"2048","type":"Feature","properties":{"layer":0},"geometry":{"type":"Point","coordinates":[-0.03743,51.504413]}},{"id":"2049","type":"Feature","properties":{"layer":0},"geometry":{"type":"Point","coordinates":[-0.175049,51.553492]}},{"id":"2050","type":"Feature","properties":{"layer":0},"geometry":{"type":"Point","coordinates":[-0.18549,51.604694]}},{"id":"2051","type":"Feature","properties":{"layer":0},"geometry":{"type":"Point","coordinates":[-0.099429,51.496095]}},{"id":"2052","type":"Feature","properties":{"layer":0},"geometry":{"type":"Point","coordinates":[-0.184289,51.588994]}},{"id":"2053","type":"Feature","properties":{"layer":0},"geometry":{"type":"Point","coordinates":[-0.076008,51.513383]}},{"id":"2054","type":"Feature","properties":{"layer":0},"geometry":{"type":"Point","coordinates":[0.049149,51.50494]}},{"id":"2055","type":"Feature","properties":{"layer":0},"geometry":{"type":"Point","coordinates":[-0.257371,51.451257]}},{"id":"2056","type":"Feature","properties":{"layer":0},"geometry":{"type":"Point","coordinates":[-0.143022,51.567048]}},{"id":"2057","type":"Feature","properties":{"layer":0},"geometry":{"type":"Point","coordinates":[0.213822,51.567992]}},{"id":"2058","type":"Feature","properties":{"layer":0},"geometry":{"type":"Point","coordinates":[-0.06654,51.466994]}},{"id":"2059","type":"Feature","properties":{"layer":0},"geometry":{"type":"Point","coordinates":[-0.153085,51.503706]}},{"id":"2060","type":"Feature","properties":{"layer":0},"geometry":{"type":"Point","coordinates":[-0.073625,51.390588]}},{"id":"2061","type":"Feature","properties":{"layer":0},"geometry":{"type":"Point","coordinates":[-0.100112,51.542204]}},{"id":"2062","type":"Feature","properties":{"layer":0},"geometry":{"type":"Point","coordinates":[-0.015328,51.567447]}},{"id":"2063","type":"Feature","properties":{"layer":0},"geometry":{"type":"Point","coordinates":[-0.151281,51.508012]}},{"id":"2064","type":"Feature","properties":{"layer":0},"geometry":{"type":"Point","coordinates":[-0.084672,51.569778]}},{"id":"2065","type":"Feature","properties":{"layer":0},"geometry":{"type":"Point","coordinates":[-0.062402,51.518548]}},{"id":"2066","type":"Feature","properties":{"layer":0},"geometry":{"type":"Point","coordinates":[-0.051693,51.474058]}},{"id":"2067","type":"Feature","properties":{"layer":0},"geometry":{"type":"Point","coordinates":[0.03465,51.505204]}},{"id":"2068","type":"Feature","properties":{"layer":0},"geometry":{"type":"Point","coordinates":[-0.152511,51.493759]}},{"id":"2069","type":"Feature","properties":{"layer":0},"geometry":{"type":"Point","coordinates":[-0.123885,51.310392]}},{"id":"2070","type":"Feature","properties":{"layer":0},"geometry":{"type":"Point","coordinates":[0.179333,51.584688]}},{"id":"2071","type":"Feature","properties":{"layer":0},"geometry":{"type":"Point","coordinates":[-0.173162,51.572772]}},{"id":"2072","type":"Feature","properties":{"layer":0},"geometry":{"type":"Point","coordinates":[-0.059556,51.577375]}},{"id":"2073","type":"Feature","properties":{"layer":0},"geometry":{"type":"Point","coordinates":[-0.098198,51.469457]}},{"id":"2074","type":"Feature","properties":{"layer":0},"geometry":{"type":"Point","coordinates":[-0.007002,51.560376]}},{"id":"2075","type":"Feature","properties":{"layer":0},"geometry":{"type":"Point","coordinates":[-0.154334,51.523399]}},{"id":"2076","type":"Feature","properties":{"layer":0},"geometry":{"type":"Point","coordinates":[-0.133792,51.460918]}},{"id":"2077","type":"Feature","properties":{"layer":0},"geometry":{"type":"Point","coordinates":[-0.049722,51.425537]}},{"id":"2078","type":"Feature","properties":{"layer":0},"geometry":{"type":"Point","coordinates":[0.025368,51.478512]}},{"id":"2079","type":"Feature","properties":{"layer":0},"geometry":{"type":"Point","coordinates":[-0.020689,51.533527]}},{"id":"2080","type":"Feature","properties":{"layer":0},"geometry":{"type":"Point","coordinates":[-0.075891,51.385779]}},{"id":"2081","type":"Feature","properties":{"layer":0},"geometry":{"type":"Point","coordinates":[-0.10009,51.490484]}},{"id":"2082","type":"Feature","properties":{"layer":0},"geometry":{"type":"Point","coordinates":[-0.174314,51.505233]}},{"id":"2083","type":"Feature","properties":{"layer":0},"geometry":{"type":"Point","coordinates":[0.205441,51.590948]}},{"id":"2084","type":"Feature","properties":{"layer":0},"geometry":{"type":"Point","coordinates":[-0.091501,51.398237]}},{"id":"2085","type":"Feature","properties":{"layer":0},"geometry":{"type":"Point","coordinates":[-0.055641,51.499375]}},{"id":"2086","type":"Feature","properties":{"layer":0},"geometry":{"type":"Point","coordinates":[0.048665,51.399853]}},{"id":"2087","type":"Feature","properties":{"layer":0},"geometry":{"type":"Point","coordinates":[-0.039715,51.466031]}},{"id":"2088","type":"Feature","properties":{"layer":0},"geometry":{"type":"Point","coordinates":[-0.224916,51.569196]}},{"id":"2089","type":"Feature","properties":{"layer":0},"geometry":{"type":"Point","coordinates":[-0.140517,51.545399]}},{"id":"2090","type":"Feature","properties":{"layer":0},"geometry":{"type":"Point","coordinates":[0.034061,51.40268]}},{"id":"2091","type":"Feature","properties":{"layer":0},"geometry":{"type":"Point","coordinates":[-0.089545,51.502756]}},{"id":"2092","type":"Feature","properties":{"layer":0},"geometry":{"type":"Point","coordinates":[-0.195515,51.510994]}},{"id":"2093","type":"Feature","properties":{"layer":0},"geometry":{"type":"Point","coordinates":[-0.224965,51.587129]}},{"id":"2094","type":"Feature","properties":{"layer":0},"geometry":{"type":"Point","coordinates":[-0.024092,51.603373]}},{"id":"2095","type":"Feature","properties":{"layer":0},"geometry":{"type":"Point","coordinates":[-0.160315,51.555575]}},{"id":"2096","type":"Feature","properties":{"layer":0},"geometry":{"type":"Point","coordinates":[-0.175187,51.522197]}},{"id":"2097","type":"Feature","properties":{"layer":0},"geometry":{"type":"Point","coordinates":[-0.063644,51.563934]}},{"id":"2098","type":"Feature","properties":{"layer":0},"geometry":{"type":"Point","coordinates":[-0.098484,51.516269]}},{"id":"2099","type":"Feature","properties":{"layer":0},"geometry":{"type":"Point","coordinates":[-0.420254,51.471707]}},{"id":"2100","type":"Feature","properties":{"layer":0},"geometry":{"type":"Point","coordinates":[-0.120601,51.51925]}},{"id":"2101","type":"Feature","properties":{"layer":0},"geometry":{"type":"Point","coordinates":[-0.022544,51.454614]}},{"id":"2102","type":"Feature","properties":{"layer":0},"geometry":{"type":"Point","coordinates":[-0.206359,51.466218]}},{"id":"2103","type":"Feature","properties":{"layer":0},"geometry":{"type":"Point","coordinates":[-0.091971,51.45651]}},{"id":"2104","type":"Feature","properties":{"layer":0},"geometry":{"type":"Point","coordinates":[-0.207404,51.46343]}},{"id":"2105","type":"Feature","properties":{"layer":0},"geometry":{"type":"Point","coordinates":[-0.057438,51.364095]}},{"id":"2106","type":"Feature","properties":{"layer":0},"geometry":{"type":"Point","coordinates":[-0.198464,51.460295]}},{"id":"2107","type":"Feature","properties":{"layer":0},"geometry":{"type":"Point","coordinates":[-0.130358,51.47295]}},{"id":"2108","type":"Feature","properties":{"layer":0},"geometry":{"type":"Point","coordinates":[-0.129139,51.477771]}},{"id":"2109","type":"Feature","properties":{"layer":0},"geometry":{"type":"Point","coordinates":[-0.208043,51.490501]}},{"id":"2110","type":"Feature","properties":{"layer":0},"geometry":{"type":"Point","coordinates":[-0.077449,51.580197]}},{"id":"2111","type":"Feature","properties":{"layer":0},"geometry":{"type":"Point","coordinates":[-0.162259,51.439748]}},{"id":"2112","type":"Feature","properties":{"layer":0},"geometry":{"type":"Point","coordinates":[-0.091543,51.513214]}},{"id":"2113","type":"Feature","properties":{"layer":0},"geometry":{"type":"Point","coordinates":[0.042877,51.511776]}},{"id":"2114","type":"Feature","properties":{"layer":0},"geometry":{"type":"Point","coordinates":[0.000872,51.530939]}},{"id":"2115","type":"Feature","properties":{"layer":0},"geometry":{"type":"Point","coordinates":[-0.048061,51.42564]}},{"id":"2116","type":"Feature","properties":{"layer":0},"geometry":{"type":"Point","coordinates":[-0.150364,51.542837]}},{"id":"2117","type":"Feature","properties":{"layer":0},"geometry":{"type":"Point","coordinates":[-0.097076,51.505407]}},{"id":"2118","type":"Feature","properties":{"layer":0},"geometry":{"type":"Point","coordinates":[-0.188064,51.44487]}},{"id":"2119","type":"Feature","properties":{"layer":0},"geometry":{"type":"Point","coordinates":[-0.033416,51.600625]}},{"id":"2120","type":"Feature","properties":{"layer":0},"geometry":{"type":"Point","coordinates":[-0.125629,51.664052]}},{"id":"2121","type":"Feature","properties":{"layer":0},"geometry":{"type":"Point","coordinates":[-0.254279,51.475236]}},{"id":"2122","type":"Feature","properties":{"layer":0},"geometry":{"type":"Point","coordinates":[-0.126729,51.489805]}},{"id":"2123","type":"Feature","properties":{"layer":0},"geometry":{"type":"Point","coordinates":[-0.155805,51.49579]}},{"id":"2124","type":"Feature","properties":{"layer":0},"geometry":{"type":"Point","coordinates":[-0.046336,51.445189]}},{"id":"2125","type":"Feature","properties":{"layer":0},"geometry":{"type":"Point","coordinates":[0.052901,51.524994]}},{"id":"2126","type":"Feature","properties":{"layer":0},"geometry":{"type":"Point","coordinates":[-0.188549,51.547662]}},{"id":"2127","type":"Feature","properties":{"layer":0},"geometry":{"type":"Point","coordinates":[-0.008448,51.512392]}},{"id":"2128","type":"Feature","properties":{"layer":0},"geometry":{"type":"Point","coordinates":[-0.209922,51.504794]}},{"id":"2129","type":"Feature","properties":{"layer":0},"geometry":{"type":"Point","coordinates":[-0.025538,51.472243]}},{"id":"2130","type":"Feature","properties":{"layer":0},"geometry":{"type":"Point","coordinates":[-0.054959,51.485813]}},{"id":"2131","type":"Feature","properties":{"layer":0},"geometry":{"type":"Point","coordinates":[-0.09944,51.441149]}},{"id":"2132","type":"Feature","properties":{"layer":0},"geometry":{"type":"Point","coordinates":[-0.132251,51.489884]}},{"id":"2133","type":"Feature","properties":{"layer":0},"geometry":{"type":"Point","coordinates":[-0.236764,51.435353]}},{"id":"2134","type":"Feature","properties":{"layer":0},"geometry":{"type":"Point","coordinates":[-0.144508,51.555672]}},{"id":"2135","type":"Feature","properties":{"layer":0},"geometry":{"type":"Point","coordinates":[-0.018291,51.474571]}},{"id":"2136","type":"Feature","properties":{"layer":0},"geometry":{"type":"Point","coordinates":[-0.06536,51.618847]}},{"id":"2137","type":"Feature","properties":{"layer":0},"geometry":{"type":"Point","coordinates":[-0.085032,51.640312]}},{"id":"2138","type":"Feature","properties":{"layer":0},"geometry":{"type":"Point","coordinates":[0.14213,51.581398]}},{"id":"2139","type":"Feature","properties":{"layer":0},"geometry":{"type":"Point","coordinates":[-0.270915,51.544887]}},{"id":"2140","type":"Feature","properties":{"layer":0},"geometry":{"type":"Point","coordinates":[-0.086508,51.577015]}},{"id":"2141","type":"Feature","properties":{"layer":0},"geometry":{"type":"Point","coordinates":[-0.390108,51.484299]}},{"id":"2142","type":"Feature","properties":{"layer":0},"geometry":{"type":"Point","coordinates":[-0.126569,51.527845]}},{"id":"2143","type":"Feature","properties":{"layer":0},"geometry":{"type":"Point","coordinates":[0.226581,51.57448]}},{"id":"2144","type":"Feature","properties":{"layer":0},"geometry":{"type":"Point","coordinates":[-0.138801,51.477949]}},{"id":"2145","type":"Feature","properties":{"layer":0},"geometry":{"type":"Point","coordinates":[-0.071941,51.360995]}},{"id":"2146","type":"Feature","properties":{"layer":0},"geometry":{"type":"Point","coordinates":[-0.197372,51.503874]}},{"id":"2147","type":"Feature","properties":{"layer":0},"geometry":{"type":"Point","coordinates":[-0.03588,51.554035]}},{"id":"2148","type":"Feature","properties":{"layer":0},"geometry":{"type":"Point","coordinates":[-0.008766,51.537082]}},{"id":"2149","type":"Feature","properties":{"layer":0},"geometry":{"type":"Point","coordinates":[-0.258329,51.384696]}},{"id":"2150","type":"Feature","properties":{"layer":0},"geometry":{"type":"Point","coordinates":[-0.058966,51.434942]}},{"id":"2151","type":"Feature","properties":{"layer":0},"geometry":{"type":"Point","coordinates":[0.000783,51.490331]}},{"id":"2152","type":"Feature","properties":{"layer":0},"geometry":{"type":"Point","coordinates":[0.009746,51.449352]}},{"id":"2153","type":"Feature","properties":{"layer":0},"geometry":{"type":"Point","coordinates":[-0.105553,51.434243]}},{"id":"2154","type":"Feature","properties":{"layer":0},"geometry":{"type":"Point","coordinates":[-0.367748,51.479285]}},{"id":"2155","type":"Feature","properties":{"layer":0},"geometry":{"type":"Point","coordinates":[-0.132312,51.366893]}},{"id":"2156","type":"Feature","properties":{"layer":0},"geometry":{"type":"Point","coordinates":[-0.141344,51.656677]}},{"id":"2157","type":"Feature","properties":{"layer":0},"geometry":{"type":"Point","coordinates":[-0.010242,51.459021]}},{"id":"2158","type":"Feature","properties":{"layer":0},"geometry":{"type":"Point","coordinates":[-0.131731,51.3842]}},{"id":"2159","type":"Feature","properties":{"layer":0},"geometry":{"type":"Point","coordinates":[-0.038008,51.521065]}},{"id":"2160","type":"Feature","properties":{"layer":0},"geometry":{"type":"Point","coordinates":[-0.166289,51.460594]}},{"id":"2161","type":"Feature","properties":{"layer":0},"geometry":{"type":"Point","coordinates":[0.037077,51.499753]}},{"id":"2162","type":"Feature","properties":{"layer":0},"geometry":{"type":"Point","coordinates":[0.003745,51.414876]}},{"id":"2163","type":"Feature","properties":{"layer":0},"geometry":{"type":"Point","coordinates":[-0.096632,51.613444]}},{"id":"2164","type":"Feature","properties":{"layer":0},"geometry":{"type":"Point","coordinates":[-0.097601,51.443497]}},{"id":"2165","type":"Feature","properties":{"layer":0},"geometry":{"type":"Point","coordinates":[-0.361563,51.49436]}},{"id":"2166","type":"Feature","properties":{"layer":0},"geometry":{"type":"Point","coordinates":[-0.187149,51.519185]}},{"id":"2167","type":"Feature","properties":{"layer":0},"geometry":{"type":"Point","coordinates":[-0.105153,51.546904]}},{"id":"2168","type":"Feature","properties":{"layer":0},"geometry":{"type":"Point","coordinates":[-0.116494,51.529287]}},{"id":"2169","type":"Feature","properties":{"layer":0},"geometry":{"type":"Point","coordinates":[-0.064383,51.519306]}},{"id":"2170","type":"Feature","properties":{"layer":0},"geometry":{"type":"Point","coordinates":[-0.143743,51.558007]}},{"id":"2171","type":"Feature","properties":{"layer":0},"geometry":{"type":"Point","coordinates":[-0.236201,51.38994]}},{"id":"2172","type":"Feature","properties":{"layer":0},"geometry":{"type":"Point","coordinates":[-0.124475,51.502097]}},{"id":"2173","type":"Feature","properties":{"layer":0},"geometry":{"type":"Point","coordinates":[-0.11015,51.452966]}},{"id":"2174","type":"Feature","properties":{"layer":0},"geometry":{"type":"Point","coordinates":[-0.091663,51.578066]}},{"id":"2175","type":"Feature","properties":{"layer":0},"geometry":{"type":"Point","coordinates":[-0.162828,51.667358]}},{"id":"2176","type":"Feature","properties":{"layer":0},"geometry":{"type":"Point","coordinates":[-0.257303,51.47528]}},{"id":"2177","type":"Feature","properties":{"layer":0},"geometry":{"type":"Point","coordinates":[-0.112353,51.334445]}},{"id":"2178","type":"Feature","properties":{"layer":0},"geometry":{"type":"Point","coordinates":[-0.173855,51.490042]}},{"id":"2179","type":"Feature","properties":{"layer":0},"geometry":{"type":"Point","coordinates":[-0.04528,51.526978]}},{"id":"2180","type":"Feature","properties":{"layer":0},"geometry":{"type":"Point","coordinates":[-0.159702,51.603389]}},{"id":"2181","type":"Feature","properties":{"layer":0},"geometry":{"type":"Point","coordinates":[0.006528,51.537927]}},{"id":"2182","type":"Feature","properties":{"layer":0},"geometry":{"type":"Point","coordinates":[-0.180107,51.522939]}},{"id":"2183","type":"Feature","properties":{"layer":0},"geometry":{"type":"Point","coordinates":[-0.080322,51.59069]}},{"id":"2184","type":"Feature","properties":{"layer":0},"geometry":{"type":"Point","coordinates":[-0.102909,51.446266]}},{"id":"2185","type":"Feature","properties":{"layer":0},"geometry":{"type":"Point","coordinates":[0.153015,51.577293]}},{"id":"2186","type":"Feature","properties":{"layer":0},"geometry":{"type":"Point","coordinates":[-0.064135,51.591208]}},{"id":"2187","type":"Feature","properties":{"layer":0},"geometry":{"type":"Point","coordinates":[-0.300599,51.464925]}},{"id":"2188","type":"Feature","properties":{"layer":0},"geometry":{"type":"Point","coordinates":[-0.240358,51.552025]}},{"id":"2189","type":"Feature","properties":{"layer":0},"geometry":{"type":"Point","coordinates":[-0.124907,51.466499]}},{"id":"2190","type":"Feature","properties":{"layer":0},"geometry":{"type":"Point","coordinates":[-0.022461,51.530371]}},{"id":"2191","type":"Feature","properties":{"layer":0},"geometry":{"type":"Point","coordinates":[-0.102934,51.485591]}},{"id":"2192","type":"Feature","properties":{"layer":0},"geometry":{"type":"Point","coordinates":[-0.225284,51.441518]}},{"id":"2193","type":"Feature","properties":{"layer":0},"geometry":{"type":"Point","coordinates":[-0.410392,51.47905]}},{"id":"2194","type":"Feature","properties":{"layer":0},"geometry":{"type":"Point","coordinates":[-0.105841,51.423132]}},{"id":"2195","type":"Feature","properties":{"layer":0},"geometry":{"type":"Point","coordinates":[-0.173816,51.533607]}},{"id":"2196","type":"Feature","properties":{"layer":0},"geometry":{"type":"Point","coordinates":[-0.152532,51.462101]}},{"id":"2197","type":"Feature","properties":{"layer":0},"geometry":{"type":"Point","coordinates":[-0.219392,51.48238]}},{"id":"2198","type":"Feature","properties":{"layer":0},"geometry":{"type":"Point","coordinates":[-0.126842,51.329278]}},{"id":"2199","type":"Feature","properties":{"layer":0},"geometry":{"type":"Point","coordinates":[-0.111025,51.411642]}},{"id":"2200","type":"Feature","properties":{"layer":0},"geometry":{"type":"Point","coordinates":[-0.164016,51.449357]}},{"id":"2201","type":"Feature","properties":{"layer":0},"geometry":{"type":"Point","coordinates":[-0.261726,51.631268]}},{"id":"2202","type":"Feature","properties":{"layer":0},"geometry":{"type":"Point","coordinates":[-0.287687,51.430881]}},{"id":"2203","type":"Feature","properties":{"layer":0},"geometry":{"type":"Point","coordinates":[-0.076858,51.426211]}},{"id":"2204","type":"Feature","properties":{"layer":0},"geometry":{"type":"Point","coordinates":[-0.254363,51.404481]}},{"id":"2205","type":"Feature","properties":{"layer":0},"geometry":{"type":"Point","coordinates":[-0.100693,51.444389]}},{"id":"2206","type":"Feature","properties":{"layer":0},"geometry":{"type":"Point","coordinates":[-0.043533,51.547265]}},{"id":"2207","type":"Feature","properties":{"layer":0},"geometry":{"type":"Point","coordinates":[-0.080186,51.559662]}},{"id":"2208","type":"Feature","properties":{"layer":0},"geometry":{"type":"Point","coordinates":[-0.002326,51.601706]}},{"id":"2209","type":"Feature","properties":{"layer":0},"geometry":{"type":"Point","coordinates":[0.036561,51.553602]}},{"id":"2210","type":"Feature","properties":{"layer":0},"geometry":{"type":"Point","coordinates":[-0.132849,51.599621]}},{"id":"2211","type":"Feature","properties":{"layer":0},"geometry":{"type":"Point","coordinates":[-0.301699,51.540082]}},{"id":"2212","type":"Feature","properties":{"layer":0},"geometry":{"type":"Point","coordinates":[-0.135432,51.456635]}},{"id":"2213","type":"Feature","properties":{"layer":0},"geometry":{"type":"Point","coordinates":[-0.297007,51.524299]}},{"id":"2214","type":"Feature","properties":{"layer":0},"geometry":{"type":"Point","coordinates":[-0.080606,51.512042]}},{"id":"2215","type":"Feature","properties":{"layer":0},"geometry":{"type":"Point","coordinates":[-0.082577,51.636496]}},{"id":"2216","type":"Feature","properties":{"layer":0},"geometry":{"type":"Point","coordinates":[-0.020083,51.468583]}},{"id":"2217","type":"Feature","properties":{"layer":0},"geometry":{"type":"Point","coordinates":[0.000819,51.5634]}},{"id":"2218","type":"Feature","properties":{"layer":0},"geometry":{"type":"Point","coordinates":[-0.386355,51.594554]}},{"id":"2219","type":"Feature","properties":{"layer":0},"geometry":{"type":"Point","coordinates":[-0.159512,51.550345]}},{"id":"2220","type":"Feature","properties":{"layer":0},"geometry":{"type":"Point","coordinates":[-0.053871,51.484826]}},{"id":"2221","type":"Feature","properties":{"layer":0},"geometry":{"type":"Point","coordinates":[-0.156972,51.480144]}},{"id":"2222","type":"Feature","properties":{"layer":0},"geometry":{"type":"Point","coordinates":[-0.14355,51.646496]}},{"id":"2223","type":"Feature","properties":{"layer":0},"geometry":{"type":"Point","coordinates":[-0.103061,51.535717]}},{"id":"2224","type":"Feature","properties":{"layer":0},"geometry":{"type":"Point","coordinates":[-0.133202,51.632015]}},{"id":"2225","type":"Feature","properties":{"layer":0},"geometry":{"type":"Point","coordinates":[-0.153766,51.317753]}},{"id":"2226","type":"Feature","properties":{"layer":0},"geometry":{"type":"Point","coordinates":[-0.094874,51.430817]}},{"id":"2227","type":"Feature","properties":{"layer":0},"geometry":{"type":"Point","coordinates":[-0.16521,51.6044]}},{"id":"2228","type":"Feature","properties":{"layer":0},"geometry":{"type":"Point","coordinates":[-0.115392,51.460897]}},{"id":"2229","type":"Feature","properties":{"layer":0},"geometry":{"type":"Point","coordinates":[-0.106615,51.537907]}},{"id":"2230","type":"Feature","properties":{"layer":0},"geometry":{"type":"Point","coordinates":[-0.063381,51.558209]}},{"id":"2231","type":"Feature","properties":{"layer":0},"geometry":{"type":"Point","coordinates":[-0.192909,51.515074]}},{"id":"2232","type":"Feature","properties":{"layer":0},"geometry":{"type":"Point","coordinates":[0.004926,51.503899]}},{"id":"2233","type":"Feature","properties":{"layer":0},"geometry":{"type":"Point","coordinates":[-0.151274,51.504598]}},{"id":"2234","type":"Feature","properties":{"layer":0},"geometry":{"type":"Point","coordinates":[-0.321968,51.506209]}},{"id":"2235","type":"Feature","properties":{"layer":0},"geometry":{"type":"Point","coordinates":[-0.073614,51.574918]}},{"id":"2236","type":"Feature","properties":{"layer":0},"geometry":{"type":"Point","coordinates":[-0.057686,51.59657]}},{"id":"2237","type":"Feature","properties":{"layer":0},"geometry":{"type":"Point","coordinates":[-0.155818,51.508623]}},{"id":"2238","type":"Feature","properties":{"layer":0},"geometry":{"type":"Point","coordinates":[-0.223438,51.494776]}},{"id":"2239","type":"Feature","properties":{"layer":0},"geometry":{"type":"Point","coordinates":[-0.15764,51.467037]}},{"id":"2240","type":"Feature","properties":{"layer":0},"geometry":{"type":"Point","coordinates":[-0.14052,51.59301]}},{"id":"2241","type":"Feature","properties":{"layer":0},"geometry":{"type":"Point","coordinates":[-0.177929,51.410085]}},{"id":"2242","type":"Feature","properties":{"layer":0},"geometry":{"type":"Point","coordinates":[-0.115258,51.522836]}},{"id":"2243","type":"Feature","properties":{"layer":0},"geometry":{"type":"Point","coordinates":[-0.096323,51.558992]}},{"id":"2244","type":"Feature","properties":{"layer":0},"geometry":{"type":"Point","coordinates":[-0.093912,51.551087]}},{"id":"2245","type":"Feature","properties":{"layer":0},"geometry":{"type":"Point","coordinates":[-0.418938,51.549094]}},{"id":"2246","type":"Feature","properties":{"layer":0},"geometry":{"type":"Point","coordinates":[-0.018115,51.41592]}},{"id":"2247","type":"Feature","properties":{"layer":0},"geometry":{"type":"Point","coordinates":[-0.147277,51.513217]}},{"id":"2248","type":"Feature","properties":{"layer":0},"geometry":{"type":"Point","coordinates":[-0.124823,51.579622]}},{"id":"2249","type":"Feature","properties":{"layer":0},"geometry":{"type":"Point","coordinates":[-0.178639,51.472597]}},{"id":"2250","type":"Feature","properties":{"layer":0},"geometry":{"type":"Point","coordinates":[-0.112639,51.468496]}},{"id":"2251","type":"Feature","properties":{"layer":0},"geometry":{"type":"Point","coordinates":[-0.092339,51.419508]}},{"id":"2252","type":"Feature","properties":{"layer":0},"geometry":{"type":"Point","coordinates":[-0.071313,51.373669]}},{"id":"2253","type":"Feature","properties":{"layer":0},"geometry":{"type":"Point","coordinates":[-0.095745,51.504016]}},{"id":"2254","type":"Feature","properties":{"layer":0},"geometry":{"type":"Point","coordinates":[-0.124838,51.564387]}},{"id":"2255","type":"Feature","properties":{"layer":0},"geometry":{"type":"Point","coordinates":[-0.185299,51.48761]}},{"id":"2256","type":"Feature","properties":{"layer":0},"geometry":{"type":"Point","coordinates":[-0.139113,51.473158]}},{"id":"2257","type":"Feature","properties":{"layer":0},"geometry":{"type":"Point","coordinates":[-0.134765,51.355117]}},{"id":"2258","type":"Feature","properties":{"layer":0},"geometry":{"type":"Point","coordinates":[-0.267078,51.564694]}},{"id":"2259","type":"Feature","properties":{"layer":0},"geometry":{"type":"Point","coordinates":[-0.098731,51.546893]}},{"id":"2260","type":"Feature","properties":{"layer":0},"geometry":{"type":"Point","coordinates":[-0.005085,51.458647]}},{"id":"2261","type":"Feature","properties":{"layer":0},"geometry":{"type":"Point","coordinates":[-0.378991,51.552181]}},{"id":"2262","type":"Feature","properties":{"layer":0},"geometry":{"type":"Point","coordinates":[-0.156743,51.542119]}},{"id":"2263","type":"Feature","properties":{"layer":0},"geometry":{"type":"Point","coordinates":[-0.039648,51.509873]}},{"id":"2264","type":"Feature","properties":{"layer":0},"geometry":{"type":"Point","coordinates":[-0.081118,51.577035]}},{"id":"2265","type":"Feature","properties":{"layer":0},"geometry":{"type":"Point","coordinates":[0.128809,51.500095]}},{"id":"2266","type":"Feature","properties":{"layer":0},"geometry":{"type":"Point","coordinates":[-0.107392,51.523118]}},{"id":"2267","type":"Feature","properties":{"layer":0},"geometry":{"type":"Point","coordinates":[-0.239665,51.463085]}},{"id":"2268","type":"Feature","properties":{"layer":0},"geometry":{"type":"Point","coordinates":[-0.173093,51.480666]}},{"id":"2269","type":"Feature","properties":{"layer":0},"geometry":{"type":"Point","coordinates":[-0.09127,51.322172]}},{"id":"2270","type":"Feature","properties":{"layer":0},"geometry":{"type":"Point","coordinates":[-0.079298,51.677292]}},{"id":"2271","type":"Feature","properties":{"layer":0},"geometry":{"type":"Point","coordinates":[-0.035109,51.491956]}},{"id":"2272","type":"Feature","properties":{"layer":0},"geometry":{"type":"Point","coordinates":[-0.137766,51.493284]}},{"id":"2273","type":"Feature","properties":{"layer":0},"geometry":{"type":"Point","coordinates":[-0.149269,51.544688]}},{"id":"2274","type":"Feature","properties":{"layer":0},"geometry":{"type":"Point","coordinates":[-0.063589,51.470773]}},{"id":"2275","type":"Feature","properties":{"layer":0},"geometry":{"type":"Point","coordinates":[-0.025816,51.48982]}},{"id":"2276","type":"Feature","properties":{"layer":0},"geometry":{"type":"Point","coordinates":[-0.079142,51.440658]}},{"id":"2277","type":"Feature","properties":{"layer":0},"geometry":{"type":"Point","coordinates":[-0.09779,51.471729]}},{"id":"2278","type":"Feature","properties":{"layer":0},"geometry":{"type":"Point","coordinates":[-0.059359,51.484019]}},{"id":"2279","type":"Feature","properties":{"layer":0},"geometry":{"type":"Point","coordinates":[-0.122838,51.466425]}},{"id":"2280","type":"Feature","properties":{"layer":0},"geometry":{"type":"Point","coordinates":[-0.048503,51.506147]}},{"id":"2281","type":"Feature","properties":{"layer":0},"geometry":{"type":"Point","coordinates":[-0.305527,51.348376]}},{"id":"2282","type":"Feature","properties":{"layer":0},"geometry":{"type":"Point","coordinates":[-0.117342,51.507262]}},{"id":"2283","type":"Feature","properties":{"layer":0},"geometry":{"type":"Point","coordinates":[-0.066554,51.538543]}},{"id":"2284","type":"Feature","properties":{"layer":0},"geometry":{"type":"Point","coordinates":[-0.139731,51.50832]}},{"id":"2285","type":"Feature","properties":{"layer":0},"geometry":{"type":"Point","coordinates":[-0.126892,51.448646]}},{"id":"2286","type":"Feature","properties":{"layer":0},"geometry":{"type":"Point","coordinates":[-0.028856,51.434522]}},{"id":"2287","type":"Feature","properties":{"layer":0},"geometry":{"type":"Point","coordinates":[-0.275405,51.602739]}},{"id":"2288","type":"Feature","properties":{"layer":0},"geometry":{"type":"Point","coordinates":[-0.113156,51.458204]}},{"id":"2289","type":"Feature","properties":{"layer":0},"geometry":{"type":"Point","coordinates":[-0.127909,51.464155]}},{"id":"2290","type":"Feature","properties":{"layer":0},"geometry":{"type":"Point","coordinates":[-0.163921,51.526371]}},{"id":"2291","type":"Feature","properties":{"layer":0},"geometry":{"type":"Point","coordinates":[0.011437,51.508599]}},{"id":"2292","type":"Feature","properties":{"layer":0},"geometry":{"type":"Point","coordinates":[-0.147147,51.53178]}},{"id":"2293","type":"Feature","properties":{"layer":0},"geometry":{"type":"Point","coordinates":[-0.078768,51.489526]}},{"id":"2294","type":"Feature","properties":{"layer":0},"geometry":{"type":"Point","coordinates":[-0.090373,51.51155]}},{"id":"2295","type":"Feature","properties":{"layer":0},"geometry":{"type":"Point","coordinates":[-0.123647,51.574087]}},{"id":"2296","type":"Feature","properties":{"layer":0},"geometry":{"type":"Point","coordinates":[-0.059834,51.478772]}},{"id":"2297","type":"Feature","properties":{"layer":0},"geometry":{"type":"Point","coordinates":[-0.484989,51.516739]}},{"id":"2298","type":"Feature","properties":{"layer":0},"geometry":{"type":"Point","coordinates":[-0.079865,51.568564]}},{"id":"2299","type":"Feature","properties":{"layer":0},"geometry":{"type":"Point","coordinates":[-0.139814,51.503395]}},{"id":"2300","type":"Feature","properties":{"layer":0},"geometry":{"type":"Point","coordinates":[0.168341,51.578479]}},{"id":"2301","type":"Feature","properties":{"layer":0},"geometry":{"type":"Point","coordinates":[-0.151913,51.536016]}},{"id":"2302","type":"Feature","properties":{"layer":0},"geometry":{"type":"Point","coordinates":[-0.202885,51.521611]}},{"id":"2303","type":"Feature","properties":{"layer":0},"geometry":{"type":"Point","coordinates":[-0.041209,51.429495]}},{"id":"2304","type":"Feature","properties":{"layer":0},"geometry":{"type":"Point","coordinates":[-0.12681,51.558269]}},{"id":"2305","type":"Feature","properties":{"layer":0},"geometry":{"type":"Point","coordinates":[-0.092331,51.465038]}},{"id":"2306","type":"Feature","properties":{"layer":0},"geometry":{"type":"Point","coordinates":[-0.078978,51.49462]}},{"id":"2307","type":"Feature","properties":{"layer":0},"geometry":{"type":"Point","coordinates":[0.001017,51.505603]}},{"id":"2308","type":"Feature","properties":{"layer":0},"geometry":{"type":"Point","coordinates":[-0.111392,51.548544]}},{"id":"2309","type":"Feature","properties":{"layer":0},"geometry":{"type":"Point","coordinates":[0.018162,51.322538]}},{"id":"2310","type":"Feature","properties":{"layer":0},"geometry":{"type":"Point","coordinates":[-0.00008,51.495984]}},{"id":"2311","type":"Feature","properties":{"layer":0},"geometry":{"type":"Point","coordinates":[-0.179394,51.514976]}},{"id":"2312","type":"Feature","properties":{"layer":0},"geometry":{"type":"Point","coordinates":[-0.09476,51.378596]}},{"id":"2313","type":"Feature","properties":{"layer":0},"geometry":{"type":"Point","coordinates":[-0.011703,51.528803]}},{"id":"2314","type":"Feature","properties":{"layer":0},"geometry":{"type":"Point","coordinates":[-0.042022,51.447043]}},{"id":"2315","type":"Feature","properties":{"layer":0},"geometry":{"type":"Point","coordinates":[0.015295,51.459411]}},{"id":"2316","type":"Feature","properties":{"layer":0},"geometry":{"type":"Point","coordinates":[-0.055523,51.460707]}},{"id":"2317","type":"Feature","properties":{"layer":0},"geometry":{"type":"Point","coordinates":[-0.1073,51.407694]}},{"id":"2318","type":"Feature","properties":{"layer":0},"geometry":{"type":"Point","coordinates":[-0.185391,51.54695]}},{"id":"2319","type":"Feature","properties":{"layer":0},"geometry":{"type":"Point","coordinates":[-0.158015,51.534929]}},{"id":"2320","type":"Feature","properties":{"layer":0},"geometry":{"type":"Point","coordinates":[-0.052265,51.481815]}},{"id":"2321","type":"Feature","properties":{"layer":0},"geometry":{"type":"Point","coordinates":[-0.118804,51.530252]}},{"id":"2322","type":"Feature","properties":{"layer":0},"geometry":{"type":"Point","coordinates":[-0.165412,51.499681]}},{"id":"2323","type":"Feature","properties":{"layer":0},"geometry":{"type":"Point","coordinates":[-0.19014,51.570996]}},{"id":"2324","type":"Feature","properties":{"layer":0},"geometry":{"type":"Point","coordinates":[-0.076394,51.581732]}},{"id":"2325","type":"Feature","properties":{"layer":0},"geometry":{"type":"Point","coordinates":[-0.067891,51.488002]}},{"id":"2326","type":"Feature","properties":{"layer":0},"geometry":{"type":"Point","coordinates":[-0.175398,51.545625]}},{"id":"2327","type":"Feature","properties":{"layer":0},"geometry":{"type":"Point","coordinates":[-0.107603,51.488275]}},{"id":"2328","type":"Feature","properties":{"layer":0},"geometry":{"type":"Point","coordinates":[-0.09799,51.392932]}},{"id":"2329","type":"Feature","properties":{"layer":0},"geometry":{"type":"Point","coordinates":[-0.075656,51.516449]}},{"id":"2330","type":"Feature","properties":{"layer":0},"geometry":{"type":"Point","coordinates":[-0.209512,51.454856]}},{"id":"2331","type":"Feature","properties":{"layer":0},"geometry":{"type":"Point","coordinates":[-0.093679,51.509712]}},{"id":"2332","type":"Feature","properties":{"layer":0},"geometry":{"type":"Point","coordinates":[-0.061052,51.628093]}},{"id":"2333","type":"Feature","properties":{"layer":0},"geometry":{"type":"Point","coordinates":[-0.157518,51.622387]}},{"id":"2334","type":"Feature","properties":{"layer":0},"geometry":{"type":"Point","coordinates":[-0.011122,51.484652]}},{"id":"2335","type":"Feature","properties":{"layer":0},"geometry":{"type":"Point","coordinates":[-0.112052,51.616572]}},{"id":"2336","type":"Feature","properties":{"layer":0},"geometry":{"type":"Point","coordinates":[-0.126249,51.569972]}},{"id":"2337","type":"Feature","properties":{"layer":0},"geometry":{"type":"Point","coordinates":[-0.137093,51.538912]}},{"id":"2338","type":"Feature","properties":{"layer":0},"geometry":{"type":"Point","coordinates":[0.178852,51.556019]}},{"id":"2339","type":"Feature","properties":{"layer":0},"geometry":{"type":"Point","coordinates":[0.077735,51.56505]}},{"id":"2340","type":"Feature","properties":{"layer":0},"geometry":{"type":"Point","coordinates":[-0.110314,51.535792]}},{"id":"2341","type":"Feature","properties":{"layer":0},"geometry":{"type":"Point","coordinates":[-0.081817,51.470406]}},{"id":"2342","type":"Feature","properties":{"layer":0},"geometry":{"type":"Point","coordinates":[-0.044678,51.465623]}},{"id":"2343","type":"Feature","properties":{"layer":0},"geometry":{"type":"Point","coordinates":[-0.284977,51.50131]}},{"id":"2344","type":"Feature","properties":{"layer":0},"geometry":{"type":"Point","coordinates":[-0.121943,51.6195]}},{"id":"2345","type":"Feature","properties":{"layer":0},"geometry":{"type":"Point","coordinates":[-0.134509,51.490324]}},{"id":"2346","type":"Feature","properties":{"layer":0},"geometry":{"type":"Point","coordinates":[0.011835,51.499053]}},{"id":"2347","type":"Feature","properties":{"layer":0},"geometry":{"type":"Point","coordinates":[-0.126054,51.349893]}},{"id":"2348","type":"Feature","properties":{"layer":0},"geometry":{"type":"Point","coordinates":[-0.203058,51.546236]}},{"id":"2349","type":"Feature","properties":{"layer":0},"geometry":{"type":"Point","coordinates":[-0.20322,51.443655]}},{"id":"2350","type":"Feature","properties":{"layer":0},"geometry":{"type":"Point","coordinates":[-0.181109,51.470306]}},{"id":"2351","type":"Feature","properties":{"layer":0},"geometry":{"type":"Point","coordinates":[-0.056373,51.421987]}},{"id":"2352","type":"Feature","properties":{"layer":0},"geometry":{"type":"Point","coordinates":[-0.086494,51.506489]}},{"id":"2353","type":"Feature","properties":{"layer":0},"geometry":{"type":"Point","coordinates":[-0.101697,51.37989]}},{"id":"2354","type":"Feature","properties":{"layer":0},"geometry":{"type":"Point","coordinates":[-0.065901,51.423045]}},{"id":"2355","type":"Feature","properties":{"layer":0},"geometry":{"type":"Point","coordinates":[-0.016997,51.475143]}},{"id":"2356","type":"Feature","properties":{"layer":0},"geometry":{"type":"Point","coordinates":[-0.185451,51.554028]}},{"id":"2357","type":"Feature","properties":{"layer":0},"geometry":{"type":"Point","coordinates":[-0.257727,51.465947]}},{"id":"2358","type":"Feature","properties":{"layer":0},"geometry":{"type":"Point","coordinates":[0.064717,51.496333]}},{"id":"2359","type":"Feature","properties":{"layer":0},"geometry":{"type":"Point","coordinates":[-0.107024,51.415725]}},{"id":"2360","type":"Feature","properties":{"layer":0},"geometry":{"type":"Point","coordinates":[-0.071878,51.582322]}},{"id":"2361","type":"Feature","properties":{"layer":0},"geometry":{"type":"Point","coordinates":[-0.049872,51.520566]}},{"id":"2362","type":"Feature","properties":{"layer":0},"geometry":{"type":"Point","coordinates":[0.012733,51.541039]}},{"id":"2363","type":"Feature","properties":{"layer":0},"geometry":{"type":"Point","coordinates":[-0.133295,51.537456]}},{"id":"2364","type":"Feature","properties":{"layer":0},"geometry":{"type":"Point","coordinates":[-0.186601,51.505094]}},{"id":"2365","type":"Feature","properties":{"layer":0},"geometry":{"type":"Point","coordinates":[-0.153626,51.479085]}},{"id":"2366","type":"Feature","properties":{"layer":0},"geometry":{"type":"Point","coordinates":[-0.286721,51.627837]}},{"id":"2367","type":"Feature","properties":{"layer":0},"geometry":{"type":"Point","coordinates":[-0.141767,51.514882]}},{"id":"2368","type":"Feature","properties":{"layer":0},"geometry":{"type":"Point","coordinates":[-0.184018,51.49413]}},{"id":"2369","type":"Feature","properties":{"layer":0},"geometry":{"type":"Point","coordinates":[-0.143058,51.434836]}},{"id":"2370","type":"Feature","properties":{"layer":0},"geometry":{"type":"Point","coordinates":[-0.130423,51.515914]}},{"id":"2371","type":"Feature","properties":{"layer":0},"geometry":{"type":"Point","coordinates":[-0.111778,51.53604]}},{"id":"2372","type":"Feature","properties":{"layer":0},"geometry":{"type":"Point","coordinates":[-0.255079,51.458782]}},{"id":"2373","type":"Feature","properties":{"layer":0},"geometry":{"type":"Point","coordinates":[-0.103953,51.553428]}},{"id":"2374","type":"Feature","properties":{"layer":0},"geometry":{"type":"Point","coordinates":[0.151425,51.463492]}},{"id":"2375","type":"Feature","properties":{"layer":0},"geometry":{"type":"Point","coordinates":[0.178477,51.527303]}},{"id":"2376","type":"Feature","properties":{"layer":0},"geometry":{"type":"Point","coordinates":[0.060628,51.37249]}},{"id":"2377","type":"Feature","properties":{"layer":0},"geometry":{"type":"Point","coordinates":[-0.17031,51.590586]}},{"id":"2378","type":"Feature","properties":{"layer":0},"geometry":{"type":"Point","coordinates":[-0.111176,51.548101]}},{"id":"2379","type":"Feature","properties":{"layer":0},"geometry":{"type":"Point","coordinates":[-0.062105,51.5613]}},{"id":"2380","type":"Feature","properties":{"layer":0},"geometry":{"type":"Point","coordinates":[-0.021278,51.540149]}},{"id":"2381","type":"Feature","properties":{"layer":0},"geometry":{"type":"Point","coordinates":[-0.04752,51.472233]}},{"id":"2382","type":"Feature","properties":{"layer":0},"geometry":{"type":"Point","coordinates":[-0.032554,51.486498]}},{"id":"2383","type":"Feature","properties":{"layer":0},"geometry":{"type":"Point","coordinates":[-0.194152,51.478787]}},{"id":"2384","type":"Feature","properties":{"layer":0},"geometry":{"type":"Point","coordinates":[-0.142118,51.456029]}},{"id":"2385","type":"Feature","properties":{"layer":0},"geometry":{"type":"Point","coordinates":[-0.133057,51.559661]}},{"id":"2386","type":"Feature","properties":{"layer":0},"geometry":{"type":"Point","coordinates":[-0.095493,51.589207]}},{"id":"2387","type":"Feature","properties":{"layer":0},"geometry":{"type":"Point","coordinates":[0.020983,51.571865]}},{"id":"2388","type":"Feature","properties":{"layer":0},"geometry":{"type":"Point","coordinates":[-0.103021,51.566783]}},{"id":"2389","type":"Feature","properties":{"layer":0},"geometry":{"type":"Point","coordinates":[0.050519,51.546158]}},{"id":"2390","type":"Feature","properties":{"layer":0},"geometry":{"type":"Point","coordinates":[-0.202772,51.494485]}},{"id":"2391","type":"Feature","properties":{"layer":0},"geometry":{"type":"Point","coordinates":[-0.221142,51.555551]}},{"id":"2392","type":"Feature","properties":{"layer":0},"geometry":{"type":"Point","coordinates":[-0.166691,51.522506]}},{"id":"2393","type":"Feature","properties":{"layer":0},"geometry":{"type":"Point","coordinates":[0.174862,51.616889]}},{"id":"2394","type":"Feature","properties":{"layer":0},"geometry":{"type":"Point","coordinates":[-0.047525,51.463333]}},{"id":"2395","type":"Feature","properties":{"layer":0},"geometry":{"type":"Point","coordinates":[-0.18218,51.495909]}},{"id":"2396","type":"Feature","properties":{"layer":0},"geometry":{"type":"Point","coordinates":[-0.166515,51.493609]}},{"id":"2397","type":"Feature","properties":{"layer":0},"geometry":{"type":"Point","coordinates":[-0.124922,51.514598]}},{"id":"2398","type":"Feature","properties":{"layer":0},"geometry":{"type":"Point","coordinates":[-0.03871,51.532361]}},{"id":"2399","type":"Feature","properties":{"layer":0},"geometry":{"type":"Point","coordinates":[-0.226765,51.503756]}},{"id":"2400","type":"Feature","properties":{"layer":0},"geometry":{"type":"Point","coordinates":[-0.063018,51.464542]}},{"id":"2401","type":"Feature","properties":{"layer":0},"geometry":{"type":"Point","coordinates":[-0.068478,51.351425]}},{"id":"2402","type":"Feature","properties":{"layer":0},"geometry":{"type":"Point","coordinates":[-0.14008,51.454657]}},{"id":"2403","type":"Feature","properties":{"layer":0},"geometry":{"type":"Point","coordinates":[-0.188137,51.56156]}},{"id":"2404","type":"Feature","properties":{"layer":0},"geometry":{"type":"Point","coordinates":[-0.037751,51.474442]}},{"id":"2405","type":"Feature","properties":{"layer":0},"geometry":{"type":"Point","coordinates":[-0.05257,51.46667]}},{"id":"2406","type":"Feature","properties":{"layer":0},"geometry":{"type":"Point","coordinates":[-0.141508,51.559806]}},{"id":"2407","type":"Feature","properties":{"layer":0},"geometry":{"type":"Point","coordinates":[-0.088982,51.403967]}},{"id":"2408","type":"Feature","properties":{"layer":0},"geometry":{"type":"Point","coordinates":[-0.153145,51.537313]}},{"id":"2409","type":"Feature","properties":{"layer":0},"geometry":{"type":"Point","coordinates":[-0.145376,51.484593]}},{"id":"2410","type":"Feature","properties":{"layer":0},"geometry":{"type":"Point","coordinates":[-0.210026,51.554914]}},{"id":"2411","type":"Feature","properties":{"layer":0},"geometry":{"type":"Point","coordinates":[-0.047261,51.534797]}},{"id":"2412","type":"Feature","properties":{"layer":0},"geometry":{"type":"Point","coordinates":[0.012263,51.481533]}},{"id":"2413","type":"Feature","properties":{"layer":0},"geometry":{"type":"Point","coordinates":[-0.012027,51.497957]}},{"id":"2414","type":"Feature","properties":{"layer":0},"geometry":{"type":"Point","coordinates":[-0.300391,51.578343]}},{"id":"2415","type":"Feature","properties":{"layer":0},"geometry":{"type":"Point","coordinates":[-0.077334,51.556123]}},{"id":"2416","type":"Feature","properties":{"layer":0},"geometry":{"type":"Point","coordinates":[-0.266997,51.408901]}},{"id":"2417","type":"Feature","properties":{"layer":0},"geometry":{"type":"Point","coordinates":[-0.083905,51.481873]}},{"id":"2418","type":"Feature","properties":{"layer":0},"geometry":{"type":"Point","coordinates":[-0.08284,51.55056]}},{"id":"2419","type":"Feature","properties":{"layer":0},"geometry":{"type":"Point","coordinates":[0.161198,51.489548]}},{"id":"2420","type":"Feature","properties":{"layer":0},"geometry":{"type":"Point","coordinates":[0.06272,51.507616]}},{"id":"2421","type":"Feature","properties":{"layer":0},"geometry":{"type":"Point","coordinates":[-0.059512,51.453278]}},{"id":"2422","type":"Feature","properties":{"layer":0},"geometry":{"type":"Point","coordinates":[-0.095179,51.507808]}},{"id":"2423","type":"Feature","properties":{"layer":0},"geometry":{"type":"Point","coordinates":[-0.13623,51.556215]}},{"id":"2424","type":"Feature","properties":{"layer":0},"geometry":{"type":"Point","coordinates":[-0.100994,51.463329]}},{"id":"2425","type":"Feature","properties":{"layer":0},"geometry":{"type":"Point","coordinates":[-0.031527,51.525177]}},{"id":"2426","type":"Feature","properties":{"layer":0},"geometry":{"type":"Point","coordinates":[-0.174773,51.445362]}},{"id":"2427","type":"Feature","properties":{"layer":0},"geometry":{"type":"Point","coordinates":[-0.137945,51.546701]}},{"id":"2428","type":"Feature","properties":{"layer":0},"geometry":{"type":"Point","coordinates":[0.25167,51.550794]}},{"id":"2429","type":"Feature","properties":{"layer":0},"geometry":{"type":"Point","coordinates":[-0.11591,51.501934]}},{"id":"2430","type":"Feature","properties":{"layer":0},"geometry":{"type":"Point","coordinates":[-0.096479,51.610498]}},{"id":"2431","type":"Feature","properties":{"layer":0},"geometry":{"type":"Point","coordinates":[-0.150338,51.486178]}},{"id":"2432","type":"Feature","properties":{"layer":0},"geometry":{"type":"Point","coordinates":[-0.052584,51.491557]}},{"id":"2433","type":"Feature","properties":{"layer":0},"geometry":{"type":"Point","coordinates":[-0.259128,51.531836]}},{"id":"2434","type":"Feature","properties":{"layer":0},"geometry":{"type":"Point","coordinates":[-0.216033,51.487094]}},{"id":"2435","type":"Feature","properties":{"layer":0},"geometry":{"type":"Point","coordinates":[-0.003881,51.610305]}},{"id":"2436","type":"Feature","properties":{"layer":0},"geometry":{"type":"Point","coordinates":[-0.063913,51.553873]}},{"id":"2437","type":"Feature","properties":{"layer":0},"geometry":{"type":"Point","coordinates":[-0.089587,51.472029]}},{"id":"2438","type":"Feature","properties":{"layer":0},"geometry":{"type":"Point","coordinates":[-0.161232,51.560533]}},{"id":"2439","type":"Feature","properties":{"layer":0},"geometry":{"type":"Point","coordinates":[-0.115325,51.543983]}},{"id":"2440","type":"Feature","properties":{"layer":0},"geometry":{"type":"Point","coordinates":[-0.133609,51.513129]}},{"id":"2441","type":"Feature","properties":{"layer":0},"geometry":{"type":"Point","coordinates":[-0.098729,51.553771]}},{"id":"2442","type":"Feature","properties":{"layer":0},"geometry":{"type":"Point","coordinates":[-0.097324,51.583037]}},{"id":"2443","type":"Feature","properties":{"layer":0},"geometry":{"type":"Point","coordinates":[0.021177,51.464231]}},{"id":"2444","type":"Feature","properties":{"layer":0},"geometry":{"type":"Point","coordinates":[-0.133849,51.586386]}},{"id":"2445","type":"Feature","properties":{"layer":0},"geometry":{"type":"Point","coordinates":[0.084022,51.426571]}},{"id":"2446","type":"Feature","properties":{"layer":0},"geometry":{"type":"Point","coordinates":[-0.093477,51.649556]}},{"id":"2447","type":"Feature","properties":{"layer":0},"geometry":{"type":"Point","coordinates":[-0.104954,51.462972]}},{"id":"2448","type":"Feature","properties":{"layer":0},"geometry":{"type":"Point","coordinates":[-0.003055,51.553171]}},{"id":"2449","type":"Feature","properties":{"layer":0},"geometry":{"type":"Point","coordinates":[-0.099105,51.544933]}},{"id":"2450","type":"Feature","properties":{"layer":0},"geometry":{"type":"Point","coordinates":[-0.085498,51.417533]}},{"id":"2451","type":"Feature","properties":{"layer":0},"geometry":{"type":"Point","coordinates":[-0.046226,51.518825]}},{"id":"2452","type":"Feature","properties":{"layer":0},"geometry":{"type":"Point","coordinates":[-0.058531,51.544311]}},{"id":"2453","type":"Feature","properties":{"layer":0},"geometry":{"type":"Point","coordinates":[-0.087267,51.504684]}},{"id":"2454","type":"Feature","properties":{"layer":0},"geometry":{"type":"Point","coordinates":[-0.127957,51.566152]}},{"id":"2455","type":"Feature","properties":{"layer":0},"geometry":{"type":"Point","coordinates":[-0.405378,51.448526]}},{"id":"2456","type":"Feature","properties":{"layer":0},"geometry":{"type":"Point","coordinates":[-0.053808,51.467954]}},{"id":"2457","type":"Feature","properties":{"layer":0},"geometry":{"type":"Point","coordinates":[-0.145094,51.401877]}},{"id":"2458","type":"Feature","properties":{"layer":0},"geometry":{"type":"Point","coordinates":[-0.089649,51.404338]}},{"id":"2459","type":"Feature","properties":{"layer":0},"geometry":{"type":"Point","coordinates":[-0.080591,51.575068]}},{"id":"2460","type":"Feature","properties":{"layer":0},"geometry":{"type":"Point","coordinates":[-0.005217,51.513288]}},{"id":"2461","type":"Feature","properties":{"layer":0},"geometry":{"type":"Point","coordinates":[-0.091048,51.499611]}},{"id":"2462","type":"Feature","properties":{"layer":0},"geometry":{"type":"Point","coordinates":[-0.422154,51.475613]}},{"id":"2463","type":"Feature","properties":{"layer":0},"geometry":{"type":"Point","coordinates":[0.017747,51.531443]}},{"id":"2464","type":"Feature","properties":{"layer":0},"geometry":{"type":"Point","coordinates":[-0.090718,51.514459]}},{"id":"2465","type":"Feature","properties":{"layer":0},"geometry":{"type":"Point","coordinates":[-0.101952,51.502391]}},{"id":"2466","type":"Feature","properties":{"layer":0},"geometry":{"type":"Point","coordinates":[-0.07521,51.599168]}},{"id":"2467","type":"Feature","properties":{"layer":0},"geometry":{"type":"Point","coordinates":[-0.048854,51.467771]}},{"id":"2468","type":"Feature","properties":{"layer":0},"geometry":{"type":"Point","coordinates":[-0.099409,51.545524]}},{"id":"2469","type":"Feature","properties":{"layer":0},"geometry":{"type":"Point","coordinates":[-0.139234,51.450459]}},{"id":"2470","type":"Feature","properties":{"layer":0},"geometry":{"type":"Point","coordinates":[-0.143447,51.489323]}},{"id":"2471","type":"Feature","properties":{"layer":0},"geometry":{"type":"Point","coordinates":[-0.154775,51.510551]}},{"id":"2472","type":"Feature","properties":{"layer":0},"geometry":{"type":"Point","coordinates":[-0.054717,51.475871]}},{"id":"2473","type":"Feature","properties":{"layer":0},"geometry":{"type":"Point","coordinates":[0.009668,51.418125]}},{"id":"2474","type":"Feature","properties":{"layer":0},"geometry":{"type":"Point","coordinates":[-0.193985,51.49219]}},{"id":"2475","type":"Feature","properties":{"layer":0},"geometry":{"type":"Point","coordinates":[-0.078861,51.470232]}},{"id":"2476","type":"Feature","properties":{"layer":0},"geometry":{"type":"Point","coordinates":[0.325219,51.55152]}},{"id":"2477","type":"Feature","properties":{"layer":0},"geometry":{"type":"Point","coordinates":[-0.049534,51.43532]}},{"id":"2478","type":"Feature","properties":{"layer":0},"geometry":{"type":"Point","coordinates":[-0.147177,51.492014]}},{"id":"2479","type":"Feature","properties":{"layer":0},"geometry":{"type":"Point","coordinates":[-0.098693,51.503073]}},{"id":"2480","type":"Feature","properties":{"layer":0},"geometry":{"type":"Point","coordinates":[-0.009176,51.453]}},{"id":"2481","type":"Feature","properties":{"layer":0},"geometry":{"type":"Point","coordinates":[-0.078699,51.512753]}},{"id":"2482","type":"Feature","properties":{"layer":0},"geometry":{"type":"Point","coordinates":[-0.103473,51.509878]}},{"id":"2483","type":"Feature","properties":{"layer":0},"geometry":{"type":"Point","coordinates":[-0.126091,51.484839]}},{"id":"2484","type":"Feature","properties":{"layer":0},"geometry":{"type":"Point","coordinates":[-0.108764,51.494424]}},{"id":"2485","type":"Feature","properties":{"layer":0},"geometry":{"type":"Point","coordinates":[-0.215083,51.458917]}},{"id":"2486","type":"Feature","properties":{"layer":0},"geometry":{"type":"Point","coordinates":[-0.130594,51.517683]}},{"id":"2487","type":"Feature","properties":{"layer":0},"geometry":{"type":"Point","coordinates":[-0.206093,51.536115]}},{"id":"2488","type":"Feature","properties":{"layer":0},"geometry":{"type":"Point","coordinates":[-0.15459,51.521014]}},{"id":"2489","type":"Feature","properties":{"layer":0},"geometry":{"type":"Point","coordinates":[-0.081857,51.426995]}},{"id":"2490","type":"Feature","properties":{"layer":0},"geometry":{"type":"Point","coordinates":[-0.210103,51.521649]}},{"id":"2491","type":"Feature","properties":{"layer":0},"geometry":{"type":"Point","coordinates":[-0.085659,51.483108]}},{"id":"2492","type":"Feature","properties":{"layer":0},"geometry":{"type":"Point","coordinates":[-0.159036,51.47047]}},{"id":"2493","type":"Feature","properties":{"layer":0},"geometry":{"type":"Point","coordinates":[-0.17058,51.551925]}},{"id":"2494","type":"Feature","properties":{"layer":0},"geometry":{"type":"Point","coordinates":[-0.095017,51.574834]}},{"id":"2495","type":"Feature","properties":{"layer":0},"geometry":{"type":"Point","coordinates":[0.171554,51.478183]}},{"id":"2496","type":"Feature","properties":{"layer":0},"geometry":{"type":"Point","coordinates":[-0.083335,51.41402]}},{"id":"2497","type":"Feature","properties":{"layer":0},"geometry":{"type":"Point","coordinates":[-0.224533,51.497289]}},{"id":"2498","type":"Feature","properties":{"layer":0},"geometry":{"type":"Point","coordinates":[-0.06321,51.41756]}},{"id":"2499","type":"Feature","properties":{"layer":0},"geometry":{"type":"Point","coordinates":[-0.172568,51.459632]}}]}